{
    "Mangroves": {
        "f1-score": 0.879278217432309,
        "precision": 0.8865330283521318,
        "recall": 0.8721411800582201,
        "support": 11792147
    },
    "Mangroves > Not Mangroves": {
        "f1-score": 0.26968508048967216,
        "precision": 0.16661811707048868,
        "recall": 0.7070590812519342,
        "support": 575174
    },
    "Not Mangroves": {
        "f1-score": 0.921968377945982,
        "precision": 0.979680911452381,
        "recall": 0.8706772008495601,
        "support": 33833980
    },
    "Not Mangroves > Mangroves": {
        "f1-score": 0.18165360826728447,
        "precision": 0.1056651877822938,
        "recall": 0.646784147228803,
        "support": 408181
    },
    "accuracy": 0.8670677567281267,
    "accuracy_conf_interval": [
        8.155458742025991e-05,
        9.746767764860331e-05,
        0.00011586718822512537,
        0.00012829928996601866
    ],
    "cls_confidence_intervals": {
        "Mangroves": [
            0.00015271569094488336,
            0.000182513874543885,
            0.00021696802433023062,
            0.00024024785526695065
        ],
        "Mangroves > Not Mangroves": [
            0.000391165570746274,
            0.00046749056016018114,
            0.0005557413291700112,
            0.0006153702271496262
        ],
        "Not Mangroves": [
            4.219640726507151e-05,
            5.0429852585085466e-05,
            5.99497737363516e-05,
            6.63821528926125e-05
        ],
        "Not Mangroves > Mangroves": [
            0.0003189479163109499,
            0.0003811816560789401,
            0.0004531394176856789,
            0.0005017595268794212
        ]
    },
    "cohen_kappa": 0.7157189555440162,
    "confusion_matrix": [
        [
            10284417,
            535649,
            524548,
            447533
        ],
        [
            64602,
            406682,
            49054,
            54836
        ],
        [
            1197605,
            1445769,
            29458475,
            1732131
        ],
        [
            54091,
            52703,
            37382,
            264005
        ]
    ],
    "macro avg": {
        "f1-score": 0.5631463210338119,
        "precision": 0.5346243111643239,
        "recall": 0.7741654023471294,
        "support": 46609482
    },
    "producer_accuracy": [
        88.65330283521318,
        16.66181170704887,
        97.9680911452381,
        10.56651877822938
    ],
    "user_accuracy": [
        87.214118005822,
        70.70590812519342,
        87.06772008495601,
        64.67841472288029
    ],
    "weighted avg": {
        "f1-score": 0.8966351750461047,
        "precision": 0.9384270154735296,
        "recall": 0.8670677567281267,
        "support": 46609482
    }
}