{
    "Mangrove": {
        "f1-score": {
            "90th": [
                0.914112511238556,
                0.9429966876417717
            ],
            "95th": [
                0.9113149847094801,
                0.9449018838304553
            ],
            "99th": [
                0.9071260812952773,
                0.9486196115365612
            ],
            "mean": 0.9286531604401578,
            "median": 0.9289666603696548
        },
        "precision": {
            "90th": [
                0.9190841970870361,
                0.9552845528455285
            ],
            "95th": [
                0.9161663428110666,
                0.9582525679257786
            ],
            "99th": [
                0.90751372071798,
                0.9639329587009068
            ],
            "mean": 0.9378012411859079,
            "median": 0.9381443298969072
        },
        "producer_accuracy": {
            "90th": [
                91.9084197087036,
                95.52845528455285
            ],
            "95th": [
                91.61663428110667,
                95.82525679257787
            ],
            "99th": [
                90.75137207179799,
                96.39329587009068
            ],
            "mean": 93.78012411859079,
            "median": 93.81443298969072
        },
        "recall": {
            "90th": [
                0.8987814986737401,
                0.9402078284798948
            ],
            "95th": [
                0.8945179669849437,
                0.943809066061336
            ],
            "99th": [
                0.8868668916142151,
                0.9492216102248954
            ],
            "mean": 0.9198199246681996,
            "median": 0.9198396793587175
        },
        "support": {
            "90th": [
                470.0,
                520.0
            ],
            "95th": [
                464.0,
                526.0
            ],
            "99th": [
                454.0,
                536.0049999999999
            ],
            "mean": 494.8105,
            "median": 495.0
        },
        "user_accuracy": {
            "90th": [
                89.878149867374,
                94.02078284798948
            ],
            "95th": [
                89.45179669849436,
                94.38090660613359
            ],
            "99th": [
                88.6866891614215,
                94.92216102248953
            ],
            "mean": 91.98199246681996,
            "median": 91.98396793587175
        }
    },
    "Other": {
        "f1-score": {
            "90th": [
                0.9177321681824847,
                0.9449923555366945
            ],
            "95th": [
                0.914914914914915,
                0.9475792443047504
            ],
            "99th": [
                0.9106764781424975,
                0.9503827998833263
            ],
            "mean": 0.9314441071978856,
            "median": 0.9317269076305221
        },
        "precision": {
            "90th": [
                0.9021113243761996,
                0.9421235740808885
            ],
            "95th": [
                0.8989870616275111,
                0.9461553784860557
            ],
            "99th": [
                0.8919438639520478,
                0.9525617073298782
            ],
            "mean": 0.9229337199771122,
            "median": 0.9229287090558767
        },
        "producer_accuracy": {
            "90th": [
                90.21113243761995,
                94.21235740808886
            ],
            "95th": [
                89.8987061627511,
                94.61553784860557
            ],
            "99th": [
                89.19438639520477,
                95.25617073298783
            ],
            "mean": 92.2933719977112,
            "median": 92.29287090558766
        },
        "recall": {
            "90th": [
                0.9227651914127584,
                0.9569525650414801
            ],
            "95th": [
                0.9189723320158103,
                0.9602385685884692
            ],
            "99th": [
                0.9110636505361951,
                0.9665370638977144
            ],
            "mean": 0.9402453125781342,
            "median": 0.9405940594059405
        },
        "support": {
            "90th": [
                480.0,
                530.0
            ],
            "95th": [
                474.0,
                536.0
            ],
            "99th": [
                463.995,
                546.0
            ],
            "mean": 505.1895,
            "median": 505.0
        },
        "user_accuracy": {
            "90th": [
                92.27651914127583,
                95.695256504148
            ],
            "95th": [
                91.89723320158103,
                96.02385685884693
            ],
            "99th": [
                91.1063650536195,
                96.65370638977144
            ],
            "mean": 94.02453125781342,
            "median": 94.05940594059405
        }
    },
    "accuracy": {
        "90th": [
            0.916,
            0.944
        ],
        "95th": [
            0.914,
            0.946
        ],
        "99th": [
            0.91,
            0.949
        ],
        "mean": 0.9301395,
        "median": 0.9305000000000001
    },
    "cohen_kappa": {
        "90th": [
            0.8319812826779803,
            0.8879037541011181
        ],
        "95th": [
            0.8279829358385232,
            0.8917521548568276
        ],
        "99th": [
            0.8200459474921,
            0.8979903947068568
        ],
        "mean": 0.8601205358963796,
        "median": 0.8605516592426365
    },
    "macro avg": {
        "f1-score": {
            "90th": [
                0.91598193553954,
                0.9439495545991392
            ],
            "95th": [
                0.9139717826910152,
                0.9458755516090869
            ],
            "99th": [
                0.9099938775332144,
                0.9489913917866932
            ],
            "mean": 0.9300486338190217,
            "median": 0.9302606808302396
        },
        "precision": {
            "90th": [
                0.9165524517979277,
                0.9440159042544681
            ],
            "95th": [
                0.9142907334995728,
                0.9460642507533892
            ],
            "99th": [
                0.9105237907900314,
                0.949004808493732
            ],
            "mean": 0.9303674805815099,
            "median": 0.9308187659121958
        },
        "recall": {
            "90th": [
                0.9160175988594892,
                0.9439391818105453
            ],
            "95th": [
                0.9139769223542383,
                0.9454663272300149
            ],
            "99th": [
                0.9095573162941668,
                0.9490694686447118
            ],
            "mean": 0.9300326186231669,
            "median": 0.9302344554663876
        }
    },
    "weighted avg": {
        "f1-score": {
            "90th": [
                0.916,
                0.943987971030316
            ],
            "95th": [
                0.9139872390346618,
                0.9459715654350513
            ],
            "99th": [
                0.9100091645018061,
                0.9490028609395157
            ],
            "mean": 0.9301255762473081,
            "median": 0.9305380091816284
        },
        "precision": {
            "90th": [
                0.9164323529319498,
                0.9440556698002535
            ],
            "95th": [
                0.9144820695334036,
                0.9460322247610493
            ],
            "99th": [
                0.9106069442015793,
                0.9490571211974517
            ],
            "mean": 0.930413929798501,
            "median": 0.9309960526072727
        },