{
    "Mangrove": {
        "f1-score": 0.9286159162598195,
        "precision": 0.9377155609657132,
        "recall": 0.9196911811524991,
        "support": 25128
    },
    "Other": {
        "f1-score": 0.9313124673768053,
        "precision": 0.9226968013790462,
        "recall": 0.940090547186012,
        "support": 25622
    },
    "accuracy": 0.9299901477832513,
    "accuracy_conf_interval": [
        0.0018575673931405582,
        0.0022200195674118867,
        0.0026391048939131104,
        0.0029222706550625856
    ],
    "cls_confidence_intervals": {
        "Mangrove": [
            0.0025246709155388085,
            0.0030172896307658933,
            0.0035868800202472103,
            0.0039717383915183705
        ],
        "Other": [
            0.00271087965980296,
            0.0032398317885450013,
            0.003851432687402986,
            0.0042646765379827055
        ]
    },
    "cohen_kappa": 0.8599410745810404,
    "confusion_matrix": [
        [
            23110,
            2018
        ],
        [
            1535,
            24087
        ]
    ],
    "macro avg": {
        "f1-score": 0.9299641918183124,
        "precision": 0.9302061811723796,
        "recall": 0.9298908641692556,
        "support": 50750
    },
    "producer_accuracy": [
        93.77155609657132,
        92.26968013790461
    ],
    "user_accuracy": [
        91.96911811524991,
        94.0090547186012
    ],
    "weighted avg": {
        "f1-score": 0.9299773159193152,
        "precision": 0.9301330849434554,
        "recall": 0.9299901477832513,
        "support": 50750
    }
}