{
    "Mangroves": {
        "f1-score": 0.8829797828901503,
        "precision": 0.9008331639910587,
        "recall": 0.8658203125,
        "support": 5120
    },
    "Mangroves > Not Mangroves": {
        "f1-score": 0.19277108433734938,
        "precision": 0.11228070175438597,
        "recall": 0.6808510638297872,
        "support": 188
    },
    "Not Mangroves": {
        "f1-score": 0.9201984098037786,
        "precision": 0.979349429392128,
        "recall": 0.8677856504093004,
        "support": 14537
    },
    "Not Mangroves > Mangroves": {
        "f1-score": 0.1698268755152514,
        "precision": 0.09735349716446125,
        "recall": 0.6645161290322581,
        "support": 155
    },
    "accuracy": 0.86395,
    "accuracy_conf_interval": [
        0.003975780760529937,
        0.004751542860145534,
        0.005648517787826069,
        0.0062545819281507545
    ],
    "cls_confidence_intervals": {
        "Mangroves": [
            0.006987512167603995,
            0.00835092917591697,
            0.009927380091778848,
            0.01099254962952336
        ],
        "Mangroves > Not Mangroves": [
            0.015334930502746116,
            0.018327112064257554,
            0.021786821994755155,
            0.024124463839685962
        ],
        "Not Mangroves": [
            0.0020549626059251495,
            0.0024559309192763983,
            0.00291955053158878,
            0.003232807026394443
        ],
        "Not Mangroves > Mangroves": [
            0.014946367093781459,
            0.01786273140476321,
            0.021234777639335855,
            0.023513187257290347
        ]
    },
    "cohen_kappa": 0.7092561572020863,
    "confusion_matrix": [
        [
            4433,
            265,
            220,
            202
        ],
        [
            17,
            128,
            28,
            15
        ],
        [
            457,
            727,
            12615,
            738
        ],
        [
            14,
            20,
            18,
            103
        ]
    ],
    "macro avg": {
        "f1-score": 0.5414440381366324,
        "precision": 0.5224541980755084,
        "recall": 0.7697432889428365,
        "support": 20000
    },
    "producer_accuracy": [
        90.08331639910587,
        11.228070175438596,
        97.9349429392128,
        9.735349716446125
    ],
    "user_accuracy": [
        86.58203125,
        68.08510638297872,
        86.77856504093005,
        66.45161290322581
    ],
    "weighted avg": {
        "f1-score": 0.8980172450637692,
        "precision": 0.9442633509348951,
        "recall": 0.86395,
        "support": 20000
    }
}