{
    "Mangroves": {
        "f1-score": 0.8869385236929567,
        "precision": 0.9052242443938902,
        "recall": 0.8693769263782138,
        "support": 25631
    },
    "Mangroves > Not Mangroves": {
        "f1-score": 0.19155354449472098,
        "precision": 0.11146217307354749,
        "recall": 0.6806002143622722,
        "support": 933
    },
    "Not Mangroves": {
        "f1-score": 0.9196444872890329,
        "precision": 0.980640438588294,
        "recall": 0.8657921152867731,
        "support": 72723
    },
    "Not Mangroves > Mangroves": {
        "f1-score": 0.15369712625121085,
        "precision": 0.08684546615581099,
        "recall": 0.667601683029453,
        "support": 713
    },
    "accuracy": 0.86357,
    "accuracy_conf_interval": [
        0.001780112955620963,
        0.0021274520689128582,
        0.002529062918656612,
        0.002800421600915905
    ],
    "cls_confidence_intervals": {
        "Mangroves": [
            0.003061694279260647,
            0.0036590980410676024,
            0.004349846140656895,
            0.0048165678295685795
        ],
        "Mangroves > Not Mangroves": [
            0.006837895381994796,
            0.008172118871164513,
            0.009714814780516997,
            0.010757176881430838
        ],
        "Not Mangroves": [
            0.0008917819894857349,
            0.00106578823133661,
            0.0012669829484766844,
            0.0014029253249226807
        ],
        "Not Mangroves > Mangroves": [
            0.006238205283817508,
            0.007455416070903852,
            0.008862816043472437,
            0.009813761970883642
        ]
    },
    "cohen_kappa": 0.7091411364956342,
    "confusion_matrix": [
        [
            22283,
            1261,
            1040,
            1047
        ],
        [
            94,
            635,
            121,
            83
        ],
        [
            2174,
            3711,
            62963,
            3875
        ],
        [
            65,
            90,
            82,
            476
        ]
    ],
    "macro avg": {
        "f1-score": 0.5379584204319804,
        "precision": 0.5210430805528857,
        "recall": 0.770842734764178,
        "support": 100000
    },
    "producer_accuracy": [
        90.52242443938901,
        11.146217307354748,
        98.0640438588294,
        8.684546615581098
    ],
    "user_accuracy": [
        86.93769263782139,
        68.06002143622723,
        86.57921152867732,
        66.7601683029453
    ],
    "weighted avg": {
        "f1-score": 0.899007328579252,
        "precision": 0.9468283224836304,
        "recall": 0.86357,
        "support": 100000
    }
}