{
    "Mangroves": {
        "f1-score": 0.8842629482071713,
        "precision": 0.9025109281284944,
        "recall": 0.86673826027531,
        "support": 10243
    },
    "Mangroves > Not Mangroves": {
        "f1-score": 0.19359756097560973,
        "precision": 0.11283873833851621,
        "recall": 0.6809651474530831,
        "support": 373
    },
    "Not Mangroves": {
        "f1-score": 0.9199554801393982,
        "precision": 0.9798282094135022,
        "recall": 0.8669784716968154,
        "support": 29078
    },
    "Not Mangroves > Mangroves": {
        "f1-score": 0.15829650462032943,
        "precision": 0.09024278515803939,
        "recall": 0.6437908496732027,
        "support": 306
    },
    "accuracy": 0.863475,
    "accuracy_conf_interval": [
        0.0028154306162601487,
        0.0033647829316279824,
        0.00399997154627204,
        0.004429153042653161
    ],
    "cls_confidence_intervals": {
        "Mangroves": [
            0.0049047481821480185,
            0.005861772217689095,
            0.0069683312587834655,
            0.007716006286549932
        ],
        "Mangroves > Not Mangroves": [
            0.010936704960054876,
            0.013070696171772903,
            0.015538123510321869,
            0.017205304144476574
        ],
        "Not Mangroves": [
            0.0014374064501545653,
            0.0017178760014042367,
            0.0020421689200366693,
            0.002261285756950475
        ],
        "Not Mangroves > Mangroves": [
            0.010057405940920408,
            0.012019826612319512,
            0.014288875513624727,
            0.01582201666315528
        ]
    },
    "cohen_kappa": 0.708585077480683,
    "confusion_matrix": [
        [
            8878,
            511,
            427,
            427
        ],
        [
            35,
            254,
            52,
            32
        ],
        [
            898,
            1443,
            25210,
            1527
        ],
        [
            26,
            43,
            40,
            197
        ]
    ],
    "macro avg": {
        "f1-score": 0.5390281234856272,
        "precision": 0.521355165259638,
        "recall": 0.7646181822746028,
        "support": 40000
    },
    "producer_accuracy": [
        90.25109281284944,
        11.28387383385162,
        97.98282094135023,
        9.024278515803939
    ],
    "user_accuracy": [
        86.67382602753099,
        68.09651474530831,
        86.69784716968154,
        64.37908496732027
    ],
    "weighted avg": {
        "f1-score": 0.8982155362659301,
        "precision": 0.9451391812951153,
        "recall": 0.863475,
        "support": 40000
    }
}