{
    "Mangroves": {
        "f1-score": 0.8855022739966488,
        "precision": 0.9029371084533399,
        "recall": 0.8687279843444227,
        "support": 12775
    },
    "Mangroves > Not Mangroves": {
        "f1-score": 0.19258809234507898,
        "precision": 0.1121726822363765,
        "recall": 0.6802575107296137,
        "support": 466
    },
    "Not Mangroves": {
        "f1-score": 0.9189244423683289,
        "precision": 0.9802242292120834,
        "recall": 0.8648403583008188,
        "support": 36394
    },
    "Not Mangroves > Mangroves": {
        "f1-score": 0.1504142766093053,
        "precision": 0.0851063829787234,
        "recall": 0.6465753424657534,
        "support": 365
    },
    "accuracy": 0.86252,
    "accuracy_conf_interval": [
        0.0025255920087146303,
        0.0030183904494394363,
        0.0035881886465274934,
        0.003973187428343748
    ],
    "cls_confidence_intervals": {
        "Mangroves": [
            0.004379309125257866,
            0.005233808466771597,
            0.006221823330396847,
            0.006889400940954448
        ],
        "Mangroves > Not Mangroves": [
            0.009735663922859789,
            0.011635305663905601,
            0.013831766426989823,
            0.015315861537181863
        ],
        "Not Mangroves": [
            0.001274245538676994,
            0.0015228788145164077,
            0.0018103610397057297,
            0.0020046057864552716
        ],
        "Not Mangroves > Mangroves": [
            0.008690310198820593,
            0.010385980481517294,
            0.012346599245885357,
            0.013671341654242155
        ]
    },
    "cohen_kappa": 0.7067511417683117,
    "confusion_matrix": [
        [
            11098,
            621,
            526,
            530
        ],
        [
            46,
            317,
            62,
            41
        ],
        [
            1114,
            1839,
            31475,
            1966
        ],
        [
            33,
            49,
            47,
            236
        ]
    ],
    "macro avg": {
        "f1-score": 0.5368572713298405,
        "precision": 0.5201101007201309,
        "recall": 0.7651002989601522,
        "support": 50000
    },
    "producer_accuracy": [
        90.29371084533399,
        11.21726822363765,
        98.02242292120835,
        8.51063829787234
    ],
    "user_accuracy": [
        86.87279843444227,
        68.02575107296137,
        86.48403583008188,
        64.65753424657534
    ],
    "weighted avg": {
        "f1-score": 0.898005499357107,
        "precision": 0.9458527691629074,
        "recall": 0.86252,
        "support": 50000
    }
}