{
    "Mangroves": {
        "f1-score": 0.8733031674208145,
        "precision": 0.8921417565485362,
        "recall": 0.8552437223042836,
        "support": 677
    },
    "Mangroves > Not Mangroves": {
        "f1-score": 0.18543046357615894,
        "precision": 0.10852713178294573,
        "recall": 0.6363636363636364,
        "support": 22
    },
    "Not Mangroves": {
        "f1-score": 0.9226225634967513,
        "precision": 0.974422956955708,
        "recall": 0.876051598429613,
        "support": 1783
    },
    "Not Mangroves > Mangroves": {
        "f1-score": 0.17518248175182483,
        "precision": 0.10084033613445378,
        "recall": 0.6666666666666666,
        "support": 18
    },
    "accuracy": 0.8668,
    "accuracy_conf_interval": [
        0.011145136899939812,
        0.013319797758464653,
        0.015834249376134,
        0.017533203171856533
    ],
    "cls_confidence_intervals": {
        "Mangroves": [
            0.019969404067058796,
            0.02386587315331417,
            0.028371165534296947,
            0.03141528200793396
        ],
        "Mangroves > Not Mangroves": [
            0.04491301608465878,
            0.05367653141825074,
            0.06380934602271644,
            0.07065584237708517
        ],
        "Not Mangroves": [
            0.006466600144762624,
            0.007728375782765088,
            0.009187303864205437,
            0.010173066081394861
        ],
        "Not Mangroves > Mangroves": [
            0.04526952293946886,
            0.054102600586194496,
            0.06431584661522101,
            0.07121668852672541
        ]
    },
    "cohen_kappa": 0.7175570602592436,
    "confusion_matrix": [
        [
            579,
            39,
            34,
            25
        ],
        [
            2,
            14,
            4,
            2
        ],
        [
            66,
            75,
            1562,
            80
        ],
        [
            2,
            1,
            3,
            12
        ]
    ],
    "macro avg": {
        "f1-score": 0.5391346690613874,
        "precision": 0.518983045355411,
        "recall": 0.7585814059410498,
        "support": 2500
    },
    "producer_accuracy": [
        89.21417565485362,
        10.852713178294573,
        97.4422956955708,
        10.084033613445378
    ],
    "user_accuracy": [
        85.52437223042836,
        63.63636363636363,
        87.6051598429613,
        66.66666666666666
    ],
    "weighted avg": {
        "f1-score": 0.8973980119715228,
        "precision": 0.9382315297540125,
        "recall": 0.8668,
        "support": 2500
    }
}