{
    "Mangroves": {
        "f1-score": 0.882544731610338,
        "precision": 0.9013970110461339,
        "recall": 0.8644648699174327,
        "support": 6419
    },
    "Mangroves > Not Mangroves": {
        "f1-score": 0.18783865141481035,
        "precision": 0.10893854748603352,
        "recall": 0.6812227074235808,
        "support": 229
    },
    "Not Mangroves": {
        "f1-score": 0.9193279766252738,
        "precision": 0.9793326693227091,
        "recall": 0.8662518583778426,
        "support": 18161
    },
    "Not Mangroves > Mangroves": {
        "f1-score": 0.1650422352176738,
        "precision": 0.09421364985163205,
        "recall": 0.6649214659685864,
        "support": 191
    },
    "accuracy": 0.86256,
    "accuracy_conf_interval": [
        0.003571289642229764,
        0.004268126645591669,
        0.005073844430728873,
        0.0056182483396053605
    ],
    "cls_confidence_intervals": {
        "Mangroves": [
            0.006231572315659105,
            0.007447488865056004,
            0.008853392375296169,
            0.009803327179512496
        ],
        "Mangroves > Not Mangroves": [
            0.013502586168228414,
            0.01613723712788274,
            0.019183552299983055,
            0.021241873362212997
        ],
        "Not Mangroves": [
            0.001840875066733499,
            0.002200070201705889,
            0.002615389576517715,
            0.002896010775714895
        ],
        "Not Mangroves > Mangroves": [
            0.013048743738612869,
            0.015594840077854404,
            0.01853876397010243,
            0.020527901735134878
        ]
    },
    "cohen_kappa": 0.7069868817719971,
    "confusion_matrix": [
        [
            5549,
            325,
            277,
            268
        ],
        [
            23,
            156,
            34,
            16
        ],
        [
            567,
            925,
            15732,
            937
        ],
        [
            17,
            26,
            21,
            127
        ]
    ],
    "macro avg": {
        "f1-score": 0.538688398717024,
        "precision": 0.5209704694266272,
        "recall": 0.7692152254218606,
        "support": 25000
    },
    "producer_accuracy": [
        90.1397011046134,
        10.893854748603351,
        97.93326693227091,
        9.421364985163205
    ],
    "user_accuracy": [
        86.44648699174327,
        68.12227074235808,
        86.62518583778426,
        66.49214659685863
    ],
    "weighted avg": {
        "f1-score": 0.8974203253519568,
        "precision": 0.9445867902388326,
        "recall": 0.86256,
        "support": 25000
    }
}