{
    "Mangroves": {
        "f1-score": 0.883533072899424,
        "precision": 0.9016216216216216,
        "recall": 0.8661560431000909,
        "support": 7703
    },
    "Mangroves > Not Mangroves": {
        "f1-score": 0.1842629482071713,
        "precision": 0.10626076967260195,
        "recall": 0.6928838951310862,
        "support": 267
    },
    "Not Mangroves": {
        "f1-score": 0.9184091241409562,
        "precision": 0.980028085504759,
        "recall": 0.8640803411748521,
        "support": 21807
    },
    "Not Mangroves > Mangroves": {
        "f1-score": 0.16064690026954176,
        "precision": 0.09129901960784313,
        "recall": 0.6681614349775785,
        "support": 223
    },
    "accuracy": 0.8616333333333334,
    "accuracy_conf_interval": [
        0.003269340887421035,
        0.0039072610605763594,
        0.004644856260787203,
        0.0051432313960648
    ],
    "cls_confidence_intervals": {
        "Mangroves": [
            0.005677929253109854,
            0.006785817887862997,
            0.008066814121796318,
            0.00893235211769721
        ],
        "Mangroves > Not Mangroves": [
            0.012112571450121077,
            0.014476000025754457,
            0.017208714316330555,
            0.019055142891044135
        ],
        "Not Mangroves": [
            0.0016546921052783164,
            0.001977558857527744,
            0.0023508735398161448,
            0.00260311319001101
        ],
        "Not Mangroves > Mangroves": [
            0.011693037060036273,
            0.013974605266872619,
            0.016612668506027144,
            0.01839514366761804
        ]
    },
    "cohen_kappa": 0.705523354639352,
    "confusion_matrix": [
        [
            6672,
            386,
            321,
            324
        ],
        [
            28,
            185,
            38,
            16
        ],
        [
            681,
            1140,
            18843,
            1143
        ],
        [
            19,
            30,
            25,
            149
        ]
    ],
    "macro avg": {
        "f1-score": 0.5367130113792733,
        "precision": 0.5198023741017064,
        "recall": 0.7728204285959018,
        "support": 30000
    },
    "producer_accuracy": [
        90.16216216216216,
        10.626076967260195,
        98.00280855047589,
        9.129901960784313
    ],
    "user_accuracy": [
        86.61560431000909,
        69.28838951310861,
        86.40803411748522,
        66.81614349775785
    ],
    "weighted avg": {
        "f1-score": 0.8972875165539173,
        "precision": 0.9455131706276255,
        "recall": 0.8616333333333334,
        "support": 30000
    }
}