{
    "Mangroves": {
        "f1-score": 0.8737783322936162,
        "precision": 0.8735966735966736,
        "recall": 0.8739600665557404,
        "support": 4808
    },
    "Mangroves > Not Mangroves": {
        "f1-score": 0.21164021164021163,
        "precision": 0.12539184952978055,
        "recall": 0.6779661016949152,
        "support": 236
    },
    "Not Mangroves": {
        "f1-score": 0.9175159017851036,
        "precision": 0.9832160656698915,
        "recall": 0.8600461597640723,
        "support": 15598
    },
    "Not Mangroves > Mangroves": {
        "f1-score": 0.16612377850162866,
        "precision": 0.09532710280373832,
        "recall": 0.6455696202531646,
        "support": 158
    },
    "accuracy": 0.8595673076923077,
    "accuracy_conf_interval": [
        0.0039508108362773,
        0.00472170075555092,
        0.005613042224711043,
        0.006215299974143558
    ],
    "cls_confidence_intervals": {
        "Mangroves": [
            0.007857891848872905,
            0.009391139038896887,
            0.011163956102362116,
            0.012361805469568353
        ],
        "Mangroves > Not Mangroves": [
            0.015204072263592962,
            0.018170720510147686,
            0.02160090754522659,
            0.02391860148784747
        ],
        "Not Mangroves": [
            0.0018036171724326346,
            0.0021555424743707097,
            0.002562456104736609,
            0.0028373977468757303
        ],
        "Not Mangroves > Mangroves": [
            0.01472332660439484,
            0.017596170819886518,
            0.020917896944048768,
            0.02316230648740164
        ]
    },
    "cohen_kappa": 0.690370523694599,
    "confusion_matrix": [
        [
            4202,
            240,
            193,
            173
        ],
        [
            32,
            160,
            18,
            26
        ],
        [
            562,
            852,
            13415,
            769
        ],
        [
            14,
            24,
            18,
            102
        ]
    ],
    "macro avg": {
        "f1-score": 0.5422645560551401,
        "precision": 0.519382922900021,
        "recall": 0.7643854870669731,
        "support": 20800
    },
    "producer_accuracy": [
        87.35966735966736,
        12.539184952978054,
        98.32160656698915,
        9.532710280373832
    ],
    "user_accuracy": [
        87.39600665557404,
        67.79661016949152,
        86.00461597640722,
        64.55696202531645
    ],
    "weighted avg": {
        "f1-score": 0.8936891300318318,
        "precision": 0.9413995748896054,
        "recall": 0.8595673076923077,
        "support": 20800
    }
}