{
    "Mangroves": {
        "f1-score": 0.8748164248369852,
        "precision": 0.8719990631221455,
        "recall": 0.8776520509193777,
        "support": 8484
    },
    "Mangroves > Not Mangroves": {
        "f1-score": 0.21695951107715813,
        "precision": 0.12932604735883424,
        "recall": 0.6729857819905213,
        "support": 422
    },
    "Not Mangroves": {
        "f1-score": 0.9170808368529614,
        "precision": 0.9838981621986175,
        "recall": 0.858761634965601,
        "support": 27181
    },
    "Not Mangroves > Mangroves": {
        "f1-score": 0.18544809228039041,
        "precision": 0.10767645543534261,
        "recall": 0.6677316293929713,
        "support": 313
    },
    "accuracy": 0.8593681318681319,
    "accuracy_conf_interval": [
        0.002988303142203723,
        0.0035713866821459133,
        0.00424557702520407,
        0.004701111040783907
    ],
    "cls_confidence_intervals": {
        "Mangroves": [
            0.005929320480219302,
            0.0070862610617255075,
            0.008423973609092058,
            0.00932783343839378
        ],
        "Mangroves > Not Mangroves": [
            0.011743524505497599,
            0.014034943921204447,
            0.01668439762061549,
            0.018474569039136468
        ],
        "Not Mangroves": [
            0.0013401786308325672,
            0.001601676900263312,
            0.001904034274292611,
            0.0021083297972853804
        ],
        "Not Mangroves > Mangroves": [
            0.011538587077301453,
            0.013790018702140762,
            0.01639323651836121,
            0.01815216747526692
        ]
    },
    "cohen_kappa": 0.6925925394633392,
    "confusion_matrix": [
        [
            7446,
            409,
            323,
            306
        ],
        [
            66,
            284,
            28,
            44
        ],
        [
            998,
            1459,
            23342,
            1382
        ],
        [
            29,
            44,
            31,
            209
        ]
    ],
    "macro avg": {
        "f1-score": 0.5485762162618738,
        "precision": 0.5232249320287349,
        "recall": 0.7692827743171178,
        "support": 36400
    },
    "producer_accuracy": [
        87.19990631221455,
        12.932604735883423,
        98.38981621986174,
        10.767645543534261
    ],
    "user_accuracy": [
        87.76520509193777,
        67.29857819905213,
        85.8761634965601,
        66.77316293929712
    ],
    "weighted avg": {
        "f1-score": 0.8928219489388914,
        "precision": 0.9403751187029009,
        "recall": 0.8593681318681319,
        "support": 36400
    }
}