{
    "Mangroves": {
        "f1-score": 0.8767123287671232,
        "precision": 0.8750341810226961,
        "recall": 0.8783969256107603,
        "support": 3643
    },
    "Mangroves > Not Mangroves": {
        "f1-score": 0.2210708117443869,
        "precision": 0.1322314049586777,
        "recall": 0.6736842105263158,
        "support": 190
    },
    "Not Mangroves": {
        "f1-score": 0.9175791450955239,
        "precision": 0.983886814698369,
        "recall": 0.8596446046870976,
        "support": 11649
    },
    "Not Mangroves > Mangroves": {
        "f1-score": 0.17486338797814208,
        "precision": 0.10037641154328733,
        "recall": 0.6779661016949152,
        "support": 118
    },
    "accuracy": 0.8603846153846154,
    "accuracy_conf_interval": [
        0.004550870794542605,
        0.0054388455837216495,
        0.006465566433709921,
        0.00715929673775605
    ],
    "cls_confidence_intervals": {
        "Mangroves": [
            0.008967873979548074,
            0.010717703048728187,
            0.012740942909967691,
            0.014107996870264655
        ],
        "Mangroves > Not Mangroves": [
            0.017855640769159038,
            0.02133966823631202,
            0.02536807499520766,
            0.028089971453920927
        ],
        "Not Mangroves": [
            0.002046802297541095,
            0.0024461783555978943,
            0.002907956922726068,
            0.0032199694680829427
        ],
        "Not Mangroves > Mangroves": [
            0.01745665131609049,
            0.020862827182644733,
            0.024801218028348077,
            0.02746229292409358
        ]
    },
    "cohen_kappa": 0.6944424137470121,
    "confusion_matrix": [
        [
            3200,
            180,
            138,
            125
        ],
        [
            25,
            128,
            15,
            22
        ],
        [
            424,
            641,
            10014,
            570
        ],
        [
            8,
            19,
            11,
            80
        ]
    ],
    "macro avg": {
        "f1-score": 0.5475564183962941,
        "precision": 0.5228822030557576,
        "recall": 0.7724229606297722,
        "support": 15600
    },
    "producer_accuracy": [
        87.50341810226962,
        13.223140495867769,
        98.3886814698369,
        10.037641154328734
    ],
    "user_accuracy": [
        87.83969256107603,
        67.36842105263158,
        85.96446046870976,
        67.79661016949152
    ],
    "weighted avg": {
        "f1-score": 0.8939346031364899,
        "precision": 0.9414112441917462,
        "recall": 0.8603846153846154,
        "support": 15600
    }
}