{
    "Mangroves": {
        "f1-score": 0.875701739280179,
        "precision": 0.8735655878513021,
        "recall": 0.8778483634857064,
        "support": 14482
    },
    "Mangroves > Not Mangroves": {
        "f1-score": 0.22910630710942725,
        "precision": 0.13724966622162885,
        "recall": 0.692722371967655,
        "support": 742
    },
    "Not Mangroves": {
        "f1-score": 0.9191754038943072,
        "precision": 0.9844239811912225,
        "recall": 0.8620386454781359,
        "support": 46629
    },
    "Not Mangroves > Mangroves": {
        "f1-score": 0.19124967251768407,
        "precision": 0.11162079510703364,
        "recall": 0.6672760511882998,
        "support": 547
    },
    "accuracy": 0.8619871794871795,
    "accuracy_conf_interval": [
        0.0022644444547196174,
        0.0027062872751527135,
        0.0032171680362784814,
        0.0035623577397418376
    ],
    "cls_confidence_intervals": {
        "Mangroves": [
            0.0045180183348900145,
            0.005399582888039286,
            0.006418891902618131,
            0.007107614209766
        ],
        "Mangroves > Not Mangroves": [
            0.009221809648325537,
            0.011021187140681739,
            0.013101717366218598,
            0.01450748103212188
        ],
        "Not Mangroves": [
            0.001004992557505082,
            0.0012010886662865612,
            0.0014278247920651468,
            0.0015810248770506776
        ],
        "Not Mangroves > Mangroves": [
            0.00903112221867652,
            0.010793292407686575,
            0.01283080168872945,
            0.014207497148893553
        ]
    },
    "cohen_kappa": 0.6971571365337956,
    "confusion_matrix": [
        [
            12713,
            679,
            531,
            559
        ],
        [
            103,
            514,
            51,
            74
        ],
        [
            1679,
            2482,
            40196,
            2272
        ],
        [
            58,
            70,
            54,
            365
        ]
    ],
    "macro avg": {
        "f1-score": 0.5538082807003994,
        "precision": 0.5267150075927968,
        "recall": 0.7749713580299493,
        "support": 62400
    },
    "producer_accuracy": [
        87.35655878513022,
        13.724966622162885,
        98.44239811912226,
        11.162079510703364
    ],
    "user_accuracy": [
        87.78483634857064,
        69.2722371967655,
        86.2038645478136,
        66.72760511882998
    ],
    "weighted avg": {
        "f1-score": 0.8944992459484866,
        "precision": 0.9409708091264114,
        "recall": 0.8619871794871795,
        "support": 62400
    }
}