{
    "Mangroves": {
        "f1-score": 0.8746288353678653,
        "precision": 0.8729008890352321,
        "recall": 0.8763636363636363,
        "support": 6050
    },
    "Mangroves > Not Mangroves": {
        "f1-score": 0.2117021276595745,
        "precision": 0.12571067593177512,
        "recall": 0.67003367003367,
        "support": 297
    },
    "Not Mangroves": {
        "f1-score": 0.9175469886129783,
        "precision": 0.9838766623514181,
        "recall": 0.8595959076654157,
        "support": 19451
    },
    "Not Mangroves > Mangroves": {
        "f1-score": 0.16763378465506124,
        "precision": 0.09636767976278725,
        "recall": 0.6435643564356436,
        "support": 202
    },
    "accuracy": 0.8596538461538461,
    "accuracy_conf_interval": [
        0.0035328015076421613,
        0.004222128631084535,
        0.005019163117564778,
        0.005557699932754133
    ],
    "cls_confidence_intervals": {
        "Mangroves": [
            0.00700906646896385,
            0.008376689194615334,
            0.00995800297114986,
            0.011026458225565083
        ],
        "Mangroves > Not Mangroves": [
            0.013665233565101829,
            0.01633162060219487,
            0.019414630613833698,
            0.021497745486562633
        ],
        "Not Mangroves": [
            0.0015845058433893847,
            0.0018936777152702405,
            0.00225115769213248,
            0.0024926982170393984
        ],
        "Not Mangroves > Mangroves": [
            0.013176481375502756,
            0.015747502131698416,
            0.01872024488104965,
            0.02072885484682751
        ]
    },
    "cohen_kappa": 0.6919268798187548,
    "confusion_matrix": [
        [
            5302,
            308,
            229,
            211
        ],
        [
            41,
            199,
            22,
            35
        ],
        [
            710,
            1048,
            16720,
            973
        ],
        [
            21,
            28,
            23,
            130
        ]
    ],
    "macro avg": {
        "f1-score": 0.5428779340738699,
        "precision": 0.5197139767703032,
        "recall": 0.7623893926245915,
        "support": 26000
    },
    "producer_accuracy": [
        87.29008890352321,
        12.571067593177512,
        98.38766623514181,
        9.636767976278724
    ],
    "user_accuracy": [
        87.63636363636364,
        67.003367003367,
        85.95959076654157,
        64.35643564356435
    ],
    "weighted avg": {
        "f1-score": 0.8936710956116093,
        "precision": 0.9413552953894002,
        "recall": 0.8596538461538461,
        "support": 26000
    }
}