{
    "Mangroves": {
        "f1-score": 0.8768971332209106,
        "precision": 0.87248322147651,
        "recall": 0.8813559322033898,
        "support": 1180
    },
    "Mangroves > Not Mangroves": {
        "f1-score": 0.23772609819121449,
        "precision": 0.14241486068111456,
        "recall": 0.71875,
        "support": 64
    },
    "Not Mangroves": {
        "f1-score": 0.9180952380952381,
        "precision": 0.98482194979568,
        "recall": 0.8598369011213048,
        "support": 3924
    },
    "Not Mangroves > Mangroves": {
        "f1-score": 0.1443298969072165,
        "precision": 0.08108108108108109,
        "recall": 0.65625,
        "support": 32
    },
    "accuracy": 0.8617307692307692,
    "accuracy_conf_interval": [
        0.007850381271381265,
        0.009382162982870292,
        0.01115328558677948,
        0.012349990048880283
    ],
    "cls_confidence_intervals": {
        "Mangroves": [
            0.015844112906512553,
            0.01893564713217354,
            0.022510233580594056,
            0.024925494694391703
        ],
        "Mangroves > Not Mangroves": [
            0.03189031910251977,
            0.038112820390816315,
            0.04530758750540919,
            0.05016891663689087
        ],
        "Not Mangroves": [
            0.003425602927116628,
            0.004094013254358897,
            0.004866862695232771,
            0.005389058263390794
        ],
        "Not Mangroves > Mangroves": [
            0.027815849495286305,
            0.033243332323634855,
            0.03951885934391287,
            0.04375908030356017
        ]
    },
    "cohen_kappa": 0.6925545372792836,
    "confusion_matrix": [
        [
            1040,
            51,
            43,
            46
        ],
        [
            4,
            46,
            4,
            10
        ],
        [
            144,
            224,
            3374,
            182
        ],
        [
            4,
            2,
            5,
            21
        ]
    ],
    "macro avg": {
        "f1-score": 0.5442620916036448,
        "precision": 0.5202002782585964,
        "recall": 0.7790482083311736,
        "support": 5200
    },
    "producer_accuracy": [
        87.24832214765101,
        14.241486068111456,
        98.482194979568,
        8.108108108108109
    ],
    "user_accuracy": [
        88.13559322033898,
        71.875,
        85.98369011213049,
        65.625
    ],
    "weighted avg": {
        "f1-score": 0.8956110304753188,
        "precision": 0.9434001303882147,
        "recall": 0.8617307692307692,
        "support": 5200
    }
}