{
    "Mangroves": {
        "f1-score": 0.8746087059240445,
        "precision": 0.8731132075471698,
        "recall": 0.8761093361732339,
        "support": 16902
    },
    "Mangroves > Not Mangroves": {
        "f1-score": 0.22872442149550584,
        "precision": 0.13740808823529413,
        "recall": 0.6818700114025086,
        "support": 877
    },
    "Not Mangroves": {
        "f1-score": 0.9194136322659037,
        "precision": 0.9841409691629956,
        "recall": 0.8626751498657644,
        "support": 54382
    },
    "Not Mangroves > Mangroves": {
        "f1-score": 0.18981377608256675,
        "precision": 0.1107909900471451,
        "recall": 0.6619718309859155,
        "support": 639
    },
    "accuracy": 0.8618543956043956,
    "accuracy_conf_interval": [
        0.002097314909869221,
        0.002506547087404679,
        0.002979721792680052,
        0.0032994344313796286
    ],
    "cls_confidence_intervals": {
        "Mangroves": [
            0.004191547697324634,
            0.00500941066265627,
            0.005955064716320974,
            0.006594020157986315
        ],
        "Mangroves > Not Mangroves": [
            0.008558708679396067,
            0.010228700616839203,
            0.012159628794507828,
            0.013464309995635278
        ],
        "Not Mangroves": [
            0.0009384005413901963,
            0.001121503086051698,
            0.0013332154033165594,
            0.0014762642663333576
        ],
        "Not Mangroves > Mangroves": [
            0.008330671989298549,
            0.009956168962820217,
            0.011835649838454646,
            0.01310556934901845
        ]
    },
    "cohen_kappa": 0.6967741708311367,
    "confusion_matrix": [
        [
            14808,
            799,
            632,
            663
        ],
        [
            126,
            598,
            59,
            94
        ],
        [
            1954,
            2876,
            46914,
            2638
        ],
        [
            72,
            79,
            65,
            423
        ]
    ],
    "macro avg": {
        "f1-score": 0.5531401339420051,
        "precision": 0.5263633137481512,
        "recall": 0.7706565821068556,
        "support": 72800
    },
    "producer_accuracy": [
        87.31132075471699,
        13.740808823529413,
        98.41409691629957,
        11.07909900471451
    ],
    "user_accuracy": [
        87.6109336173234,
        68.18700114025086,
        86.26751498657644,
        66.19718309859155
    ],
    "weighted avg": {
        "f1-score": 0.8942866870601771,
        "precision": 0.9404974719094337,
        "recall": 0.8618543956043956,
        "support": 72800
    }
}