{
    "Mangroves": {
        "f1-score": 0.8747982285501429,
        "precision": 0.8735689191981815,
        "recall": 0.8760310026111825,
        "support": 24127
    },
    "Mangroves > Not Mangroves": {
        "f1-score": 0.2321948636483982,
        "precision": 0.13940549992052137,
        "recall": 0.6943784639746635,
        "support": 1263
    },
    "Not Mangroves": {
        "f1-score": 0.9195813787616931,
        "precision": 0.9842908108584264,
        "recall": 0.8628553778040902,
        "support": 77699
    },
    "Not Mangroves > Mangroves": {
        "f1-score": 0.18789607097591887,
        "precision": 0.10979448250324014,
        "recall": 0.6509330406147091,
        "support": 911
    },
    "accuracy": 0.8620096153846154,
    "accuracy_conf_interval": [
        0.0017539113805278333,
        0.0020961379913625325,
        0.0024918375101401534,
        0.0027592020498547623
    ],
    "cls_confidence_intervals": {
        "Mangroves": [
            0.0035039390812451584,
            0.004187634511732019,
            0.004978157353232451,
            0.00551229440830031
        ],
        "Mangroves > Not Mangroves": [
            0.007161817379637476,
            0.008559245161030155,
            0.01017502103326544,
            0.01126676148747847
        ],
        "Not Mangroves": [
            0.0007813892700413211,
            0.000933855469073774,
            0.0011101445117050477,
            0.0012292587296991516
        ],
        "Not Mangroves > Mangroves": [
            0.006976573247949841,
            0.008337855832915665,
            0.009911838821782397,
            0.010975340841286946
        ]
    },
    "cohen_kappa": 0.6970807842105242,
    "confusion_matrix": [
        [
            21136,
            1160,
            904,
            927
        ],
        [
            170,
            877,
            81,
            135
        ],
        [
            2778,
            4132,
            67043,
            3746
        ],
        [
            111,
            122,
            85,
            593
        ]
    ],
    "macro avg": {
        "f1-score": 0.5536176354840383,
        "precision": 0.5267649281200923,
        "recall": 0.7710494712511613,
        "support": 104000
    },
    "producer_accuracy": [
        87.35689191981815,
        13.940549992052137,
        98.42908108584264,
        10.979448250324014
    ],
    "user_accuracy": [
        87.60310026111824,
        69.43784639746636,
        86.28553778040902,
        65.09330406147092
    ],
    "weighted avg": {
        "f1-score": 0.8944350561738564,
        "precision": 0.9406836629456103,
        "recall": 0.8620096153846154,
        "support": 104000
    }
}