{
    "Mangroves": {
        "f1-score": 0.8893398846400342,
        "precision": 0.9065766550522648,
        "recall": 0.8727463312368973,
        "support": 4770
    },
    "Mangroves > Not Mangroves": {
        "f1-score": 0.17159199237368924,
        "precision": 0.09719222462203024,
        "recall": 0.7317073170731707,
        "support": 123
    },
    "Not Mangroves": {
        "f1-score": 0.927673952064196,
        "precision": 0.9783238066958652,
        "recall": 0.8820104403694284,
        "support": 14942
    },
    "Not Mangroves > Mangroves": {
        "f1-score": 0.20408163265306126,
        "precision": 0.11869436201780416,
        "recall": 0.7272727272727273,
        "support": 165
    },
    "accuracy": 0.8776,
    "accuracy_conf_interval": [
        0.0038007374172915435,
        0.004542344718226479,
        0.005399828159932498,
        0.005979208863787917
    ],
    "cls_confidence_intervals": {
        "Mangroves": [
            0.007043246376318828,
            0.008417538352185916,
            0.010006563449282238,
            0.011080229055428402
        ],
        "Mangroves > Not Mangroves": [
            0.015964369145746147,
            0.01907936800345271,
            0.022681085432675926,
            0.025114678290259183
        ],
        "Not Mangroves": [
            0.002057674845872591,
            0.00245917237677456,
            0.0029234038968799616,
            0.0032370738428971245
        ],
        "Not Mangroves > Mangroves": [
            0.01668194133942733,
            0.019936954283705833,
            0.023700563000527856,
            0.026243541863245436
        ]
    },
    "cohen_kappa": 0.7226561463315115,
    "confusion_matrix": [
        [
            4163,
            226,
            266,
            115
        ],
        [
            11,
            90,
            11,
            11
        ],
        [
            406,
            592,
            13179,
            765
        ],
        [
            12,
            18,
            15,
            120
        ]
    ],
    "macro avg": {
        "f1-score": 0.5481718654327452,
        "precision": 0.5251967620969911,
        "recall": 0.803434203988056,
        "support": 20000
    },
    "producer_accuracy": [
        90.65766550522648,
        9.719222462203025,
        97.83238066958651,
        11.869436201780417
    ],
    "user_accuracy": [
        87.27463312368972,
        73.17073170731707,
        88.20104403694285,
        72.72727272727273
    ],
    "weighted avg": {
        "f1-score": 0.9079117362962951,
        "precision": 0.9487012088805185,
        "recall": 0.8776,
        "support": 20000
    }
}