{
    "Mangroves": {
        "f1-score": 0.8940723304087309,
        "precision": 0.9134236991692173,
        "recall": 0.8755238893545683,
        "support": 2386
    },
    "Mangroves > Not Mangroves": {
        "f1-score": 0.1634980988593156,
        "precision": 0.09247311827956989,
        "recall": 0.7049180327868853,
        "support": 61
    },
    "Not Mangroves": {
        "f1-score": 0.9272036046184173,
        "precision": 0.9783093151091963,
        "recall": 0.8811722199919712,
        "support": 7473
    },
    "Not Mangroves > Mangroves": {
        "f1-score": 0.20770519262981574,
        "precision": 0.11992263056092843,
        "recall": 0.775,
        "support": 80
    },
    "accuracy": 0.8779,
    "accuracy_conf_interval": [
        0.005369380787986637,
        0.006417064844179151,
        0.007628449534151746,
        0.008446952703052148
    ],
    "cls_confidence_intervals": {
        "Mangroves": [
            0.009643760499930628,
            0.01152546986577075,
            0.013701196320023394,
            0.01517128176208599
        ],
        "Mangroves > Not Mangroves": [
            0.02203204814692806,
            0.0263309843707189,
            0.03130162937947706,
            0.03466017330431365
        ],
        "Not Mangroves": [
            0.002911915577715422,
            0.0034800942270257484,
            0.0041370507902908134,
            0.0045809403600645055
        ],
        "Not Mangroves > Mangroves": [
            0.02343201175181147,
            0.028004111605823466,
            0.03329060206202484,
            0.0368625550729717
        ]
    },
    "cohen_kappa": 0.7235851168809353,
    "confusion_matrix": [
        [
            2089,
            105,
            133,
            59
        ],
        [
            6,
            43,
            6,
            6
        ],
        [
            186,
            312,
            6585,
            390
        ],
        [
            6,
            5,
            7,
            62
        ]
    ],
    "macro avg": {
        "f1-score": 0.5481198066290699,
        "precision": 0.526032190779728,
        "recall": 0.8091535355333561,
        "support": 10000
    },
    "producer_accuracy": [
        91.34236991692173,
        9.247311827956988,
        97.83093151091963,
        11.992263056092844
    ],
    "user_accuracy": [
        87.55238893545683,
        70.49180327868852,
        88.11722199919711,
        77.5
    ],
    "weighted avg": {
        "f1-score": 0.9088838917109467,
        "precision": 0.9505569128688703,
        "recall": 0.8779,
        "support": 10000
    }
}