{
    "Mangroves": {
        "f1-score": 0.9048625792811841,
        "precision": 0.9067796610169492,
        "recall": 0.9029535864978903,
        "support": 237
    },
    "Mangroves > Not Mangroves": {
        "f1-score": 0.22950819672131148,
        "precision": 0.1346153846153846,
        "recall": 0.7777777777777778,
        "support": 9
    },
    "Not Mangroves": {
        "f1-score": 0.930134086097389,
        "precision": 0.9821162444113264,
        "recall": 0.8833780160857909,
        "support": 746
    },
    "Not Mangroves > Mangroves": {
        "f1-score": 0.163265306122449,
        "precision": 0.0975609756097561,
        "recall": 0.5,
        "support": 8
    },
    "accuracy": 0.884,
    "accuracy_conf_interval": [
        0.016607297865697476,
        0.01984774622973601,
        0.023594514650655565,
        0.026126114935060667
    ],
    "cls_confidence_intervals": {
        "Mangroves": [
            0.031038024433758856,
            0.03709422432327278,
            0.04409670544552326,
            0.04882811160920601
        ],
        "Mangroves > Not Mangroves": [
            0.07762365881500856,
            0.09276973858379073,
            0.1102823933164451,
            0.12211526813580616
        ],
        "Not Mangroves": [
            0.00839060734913719,
            0.010027799027017618,
            0.011920801904566862,
            0.013199857902910946
        ],
        "Not Mangroves > Mangroves": [
            0.07599743256253833,
            0.0908261998918141,
            0.10797196211628922,
            0.11955693659228592
        ]
    },
    "cohen_kappa": 0.737975089562825,
    "confusion_matrix": [
        [
            214,
            6,
            11,
            6
        ],
        [
            1,
            7,
            1,
            0
        ],
        [
            19,
            37,
            659,
            31
        ],
        [
            2,
            2,
            0,
            4
        ]
    ],
    "macro avg": {
        "f1-score": 0.5569425420555834,
        "precision": 0.5302680664133541,
        "recall": 0.7660273450903647,
        "support": 1000
    },
    "producer_accuracy": [
        90.67796610169492,
        13.461538461538462,
        98.21162444113264,
        9.75609756097561
    ],
    "user_accuracy": [
        90.29535864978902,
        77.77777777777779,
        88.3378016085791,
        50.0
    ],
    "weighted avg": {
        "f1-score": 0.9117041557377643,
        "precision": 0.9495575242582829,
        "recall": 0.884,
        "support": 1000
    }
}