{
    "Mangroves": {
        "f1-score": 0.8905598762514502,
        "precision": 0.9086365629110039,
        "recall": 0.8731884057971014,
        "support": 11868
    },
    "Mangroves > Not Mangroves": {
        "f1-score": 0.18079519879969994,
        "precision": 0.1037451571244081,
        "recall": 0.7026239067055393,
        "support": 343
    },
    "Not Mangroves": {
        "f1-score": 0.9286427637038808,
        "precision": 0.9781320374540714,
        "recall": 0.8839202035078324,
        "support": 37345
    },
    "Not Mangroves > Mangroves": {
        "f1-score": 0.21293800539083557,
        "precision": 0.12519809825673534,
        "recall": 0.7117117117117117,
        "support": 444
    },
    "accuracy": 0.8786,
    "accuracy_conf_interval": [
        0.002395321367933747,
        0.002862701147042771,
        0.00340310901663758,
        0.0037682494690665044
    ],
    "cls_confidence_intervals": {
        "Mangroves": [
            0.004424635731424243,
            0.005287979288775315,
            0.006286220276962492,
            0.006960707431143017
        ],
        "Mangroves > Not Mangroves": [
            0.010375736099977714,
            0.012400269973144097,
            0.014741137263992727,
            0.016322804352403963
        ],
        "Not Mangroves": [
            0.0013056378464798468,
            0.0015603964506710366,
            0.0018549610867670996,
            0.0020539912462914666
        ],
        "Not Mangroves > Mangroves": [
            0.010803211983771115,
            0.012911155785482553,
            0.015348465806211402,
            0.016995296901298463
        ]
    },
    "cohen_kappa": 0.7246938183661615,
    "confusion_matrix": [
        [
            10363,
            531,
            661,
            313
        ],
        [
            38,
            241,
            36,
            28
        ],
        [
            976,
            1492,
            33010,
            1867
        ],
        [
            28,
            59,
            41,
            316
        ]
    ],
    "macro avg": {
        "f1-score": 0.5532339610364666,
        "precision": 0.5289279639365547,
        "recall": 0.7928610569305462,
        "support": 50000
    },
    "producer_accuracy": [
        90.8636562911004,
        10.37451571244081,
        97.81320374540714,
        12.519809825673534
    ],
    "user_accuracy": [
        87.31884057971014,
        70.26239067055393,
        88.39202035078324,
        71.17117117117117
    ],
    "weighted avg": {
        "f1-score": 0.9081177169891094,
        "precision": 0.9480642442373952,
        "recall": 0.8786,
        "support": 50000
    }
}