{
    "Mangroves": {
        "f1-score": 0.8988195615514335,
        "precision": 0.9181739879414298,
        "recall": 0.8802642444260942,
        "support": 1211
    },
    "Mangroves > Not Mangroves": {
        "f1-score": 0.18253968253968253,
        "precision": 0.1050228310502283,
        "recall": 0.696969696969697,
        "support": 33
    },
    "Not Mangroves": {
        "f1-score": 0.9307572979833592,
        "precision": 0.978067575577949,
        "recall": 0.8878127522195319,
        "support": 3717
    },
    "Not Mangroves > Mangroves": {
        "f1-score": 0.2105263157894737,
        "precision": 0.12195121951219512,
        "recall": 0.7692307692307693,
        "support": 39
    },
    "accuracy": 0.8838,
    "accuracy_conf_interval": [
        0.0074325682960333424,
        0.008882825524527653,
        0.0105596854449742,
        0.011692698904735382
    ],
    "cls_confidence_intervals": {
        "Mangroves": [
            0.013192767944201855,
            0.015766966567460756,
            0.018743383725603857,
            0.020754476400024872
        ],
        "Mangroves > Not Mangroves": [
            0.03397579514784178,
            0.0406052185913231,
            0.04827048944784838,
            0.05344972651306817
        ],
        "Not Mangroves": [
            0.004135224197561847,
            0.004942097211720256,
            0.005875044134340917,
            0.006505413676652174
        ],
        "Not Mangroves > Mangroves": [
            0.03421595691073206,
            0.04089224118599685,
            0.04861169487927177,
            0.053827541969322386
        ]
    },
    "cohen_kappa": 0.7367717616357301,
    "confusion_matrix": [
        [
            1066,
            49,
            66,
            30
        ],
        [
            2,
            23,
            5,
            3
        ],
        [
            91,
            143,
            3300,
            183
        ],
        [
            2,
            4,
            3,
            30
        ]
    ],
    "macro avg": {
        "f1-score": 0.5556607144659872,
        "precision": 0.5308039035204506,
        "recall": 0.808569365711523,
        "support": 5000
    },
    "producer_accuracy": [
        91.81739879414297,
        10.50228310502283,
        97.8067575577949,
        12.195121951219512
    ],
    "user_accuracy": [
        88.02642444260943,
        69.6969696969697,
        88.7812752219532,
        76.92307692307693
    ],
    "weighted avg": {
        "f1-score": 0.9124659402965061,
        "precision": 0.9511215457611882,
        "recall": 0.8838,
        "support": 5000
    }
}