{
    "Mangroves": {
        "f1-score": 0.8615180862511381,
        "precision": 0.8511612692181878,
        "recall": 0.8721300486006368,
        "support": 11934
    },
    "Mangroves > Not Mangroves": {
        "f1-score": 0.2122276879831342,
        "precision": 0.12678421494542402,
        "recall": 0.6508620689655172,
        "support": 464
    },
    "Not Mangroves": {
        "f1-score": 0.9274094762114754,
        "precision": 0.9841670133111481,
        "recall": 0.8768414713240062,
        "support": 43172
    },
    "Not Mangroves > Mangroves": {
        "f1-score": 0.1775923718712753,
        "precision": 0.10184552289815448,
        "recall": 0.6930232558139535,
        "support": 430
    },
    "accuracy": 0.8725535714285715,
    "accuracy_conf_interval": [
        0.002311052011623322,
        0.0027619889895010435,
        0.003283384870172159,
        0.003635679384139129
    ],
    "cls_confidence_intervals": {
        "Mangroves": [
            0.005278737168259756,
            0.006308734664505562,
            0.007499669269539776,
            0.008304354813481811
        ],
        "Mangroves > Not Mangroves": [
            0.011180631947834276,
            0.013362218669362916,
            0.015884678316130406,
            0.017589042942324655
        ],
        "Not Mangroves": [
            0.0010438364322540039,
            0.0012475118336694193,
            0.0014830115165559933,
            0.0016421329239117866
        ],
        "Not Mangroves > Mangroves": [
            0.009169658838648826,
            0.010958860563263232,
            0.013027625057348637,
            0.014425438904703642
        ]
    },
    "cohen_kappa": 0.6988471023277538,
    "confusion_matrix": [
        [
            10408,
            539,
            525,
            462
        ],
        [
            80,
            302,
            42,
            40
        ],
        [
            1689,
            1502,
            37855,
            2126
        ],
        [
            51,
            39,
            42,
            298
        ]
    ],
    "macro avg": {
        "f1-score": 0.5446869055792558,
        "precision": 0.5159895050932286,
        "recall": 0.7732142111760285,
        "support": 56000
    },
    "producer_accuracy": [
        85.11612692181878,
        12.678421494542402,
        98.41670133111481,
        10.184552289815448
    ],
    "user_accuracy": [
        87.21300486006368,
        65.08620689655173,
        87.68414713240062,
        69.30232558139535
    ],
    "weighted avg": {
        "f1-score": 0.9016842342044951,
        "precision": 0.9419435417160645,
        "recall": 0.8725535714285715,
        "support": 56000
    }
}