{
    "Mangroves": {
        "f1-score": 0.8607704515942866,
        "precision": 0.8510699001426534,
        "recall": 0.8706946876824285,
        "support": 10278
    },
    "Mangroves > Not Mangroves": {
        "f1-score": 0.20931190770498556,
        "precision": 0.12463199214916584,
        "recall": 0.6529562982005142,
        "support": 389
    },
    "Not Mangroves": {
        "f1-score": 0.926878827771736,
        "precision": 0.9836897096343094,
        "recall": 0.876271645021645,
        "support": 36960
    },
    "Not Mangroves > Mangroves": {
        "f1-score": 0.17955801104972377,
        "precision": 0.10305192231470471,
        "recall": 0.6970509383378016,
        "support": 373
    },
    "accuracy": 0.871875,
    "accuracy_conf_interval": [
        0.0025018846411880187,
        0.0029900572541027544,
        0.0035545068377854172,
        0.0039358916916250545
    ],
    "cls_confidence_intervals": {
        "Mangroves": [
            0.005693942346400946,
            0.006804955487162106,
            0.008089564431167198,
            0.008957543447386855
        ],
        "Mangroves > Not Mangroves": [
            0.011999188112692091,
            0.014340493110290547,
            0.017047627013763764,
            0.01887677154313756
        ],
        "Not Mangroves": [
            0.0011448470305199707,
            0.0013682318169628918,
            0.0016265204762875194,
            0.0018010398406960516
        ],
        "Not Mangroves > Mangroves": [
            0.009926517743894619,
            0.011863399254898448,
            0.014102918501996624,
            0.015616107182468366
        ]
    },
    "cohen_kappa": 0.6979500907116144,
    "confusion_matrix": [
        [
            8949,
            453,
            462,
            414
        ],
        [
            67,
            254,
            36,
            32
        ],
        [
            1458,
            1298,
            32387,
            1817
        ],
        [
            41,
            33,
            39,
            260
        ]
    ],
    "macro avg": {
        "f1-score": 0.544129799530183,
        "precision": 0.5156108810602084,
        "recall": 0.7742433923105974,
        "support": 48000
    },
    "producer_accuracy": [
        85.10699001426534,
        12.463199214916584,
        98.36897096343094,
        10.305192231470471
    ],
    "user_accuracy": [
        87.06946876824286,
        65.29562982005142,
        87.6271645021645,
        69.70509383378017
    ],
    "weighted avg": {
        "f1-score": 0.9011007842947548,
        "precision": 0.9414872565358268,
        "recall": 0.871875,
        "support": 48000
    }
}