{
    "Mangroves": {
        "f1-score": 0.8625159125101262,
        "precision": 0.8531852784614504,
        "recall": 0.8720528871467852,
        "support": 17093
    },
    "Mangroves > Not Mangroves": {
        "f1-score": 0.20773425880019833,
        "precision": 0.12348953728264073,
        "recall": 0.6536661466458659,
        "support": 641
    },
    "Not Mangroves": {
        "f1-score": 0.9274410066820494,
        "precision": 0.9844486934353092,
        "recall": 0.8766743424253235,
        "support": 61666
    },
    "Not Mangroves > Mangroves": {
        "f1-score": 0.1738228583281477,
        "precision": 0.09926557687751718,
        "recall": 0.6983333333333334,
        "support": 600
    },
    "accuracy": 0.8725625,
    "accuracy_conf_interval": [
        0.001933506998286242,
        0.0023107766564884357,
        0.0027469946987847224,
        0.003041736619255186
    ],
    "cls_confidence_intervals": {
        "Mangroves": [
            0.004391283193724427,
            0.005248118938841389,
            0.006238835269132876,
            0.006908238195005502
        ],
        "Mangroves > Not Mangroves": [
            0.009262869641246646,
            0.011070258839538674,
            0.013160052600063832,
            0.01457207541122948
        ],
        "Not Mangroves": [
            0.0008659211331704234,
            0.0010348813542768475,
            0.0012302416099311505,
            0.0013622417826705442
        ],
        "Not Mangroves > Mangroves": [
            0.007548034691619511,
            0.00902082194852088,
            0.010723732214313086,
            0.01187434725876728
        ]
    },
    "cohen_kappa": 0.6990708270141066,
    "confusion_matrix": [
        [
            14906,
            764,
            736,
            687
        ],
        [
            107,
            419,
            63,
            52
        ],
        [
            2395,
            2147,
            54061,
            3063
        ],
        [
            63,
            63,
            55,
            419
        ]
    ],
    "macro avg": {
        "f1-score": 0.5428785090801304,
        "precision": 0.5150972715142293,
        "recall": 0.775181677387827,
        "support": 80000
    },
    "producer_accuracy": [
        85.31852784614505,
        12.348953728264073,
        98.44486934353091,
        9.926557687751718
    ],
    "user_accuracy": [
        87.20528871467852,
        65.36661466458659,
        87.66743424253235,
        69.83333333333334
    ],
    "weighted avg": {
        "f1-score": 0.9021501623184833,
        "precision": 0.9428653154206004,
        "recall": 0.8725625,
        "support": 80000
    }
}