{
    "Mangroves": {
        "f1-score": 0.8571428571428571,
        "precision": 0.8495359062042013,
        "recall": 0.8648872679045093,
        "support": 6032
    },
    "Mangroves > Not Mangroves": {
        "f1-score": 0.2042553191489362,
        "precision": 0.12080536912751678,
        "recall": 0.6605504587155964,
        "support": 218
    },
    "Not Mangroves": {
        "f1-score": 0.9271611001964637,
        "precision": 0.9836894215737363,
        "recall": 0.87677659080353,
        "support": 21530
    },
    "Not Mangroves > Mangroves": {
        "f1-score": 0.17678255745433116,
        "precision": 0.1015572105619499,
        "recall": 0.6818181818181818,
        "support": 220
    },
    "accuracy": 0.871,
    "accuracy_conf_interval": [
        0.0032852525799831156,
        0.003926277473638357,
        0.004667462506927232,
        0.00516826320509539
    ],
    "cls_confidence_intervals": {
        "Mangroves": [
            0.00748223950811697,
            0.008942188680432476,
            0.01063025491092228,
            0.01177084020179377
        ],
        "Mangroves > Not Mangroves": [
            0.015480727011234223,
            0.018501356671962853,
            0.021993959717180333,
            0.024353826639624574
        ],
        "Not Mangroves": [
            0.0014995813917146937,
            0.0017921826388785365,
            0.00213050283091173,
            0.0023590975552584817
        ],
        "Not Mangroves > Mangroves": [
            0.012890037951880626,
            0.01540516730834514,
            0.018313285626757235,
            0.020278230436495133
        ]
    },
    "cohen_kappa": 0.6964815119859191,
    "confusion_matrix": [
        [
            5217,
            279,
            272,
            264
        ],
        [
            36,
            144,
            18,
            20
        ],
        [
            862,
            748,
            18877,
            1043
        ],
        [
            26,
            21,
            23,
            150
        ]
    ],
    "macro avg": {
        "f1-score": 0.541335458485647,
        "precision": 0.5138969768668511,
        "recall": 0.7710081248104543,
        "support": 28000
    },
    "producer_accuracy": [
        84.95359062042013,
        12.080536912751679,
        98.36894215737362,
        10.15572105619499
    ],
    "user_accuracy": [
        86.48872679045093,
        66.05504587155964,
        87.677659080353,
        68.18181818181817
    ],
    "weighted avg": {
        "f1-score": 0.9005530008474999,
        "precision": 0.9411397139107041,
        "recall": 0.871,
        "support": 28000
    }
}