{
    "Mangroves": {
        "f1-score": 0.8573893041978148,
        "precision": 0.849895496864906,
        "recall": 0.8650164378263392,
        "support": 5171
    },
    "Mangroves > Not Mangroves": {
        "f1-score": 0.19636963696369636,
        "precision": 0.11564625850340136,
        "recall": 0.6502732240437158,
        "support": 183
    },
    "Not Mangroves": {
        "f1-score": 0.9274905422446406,
        "precision": 0.983826837721165,
        "recall": 0.877256709135267,
        "support": 18445
    },
    "Not Mangroves > Mangroves": {
        "f1-score": 0.18741450068399454,
        "precision": 0.10864393338620143,
        "recall": 0.681592039800995,
        "support": 201
    },
    "accuracy": 0.87125,
    "accuracy_conf_interval": [
        0.0035455469576874407,
        0.0042373609982118195,
        0.005037270982568133,
        0.005577750701727804
    ],
    "cls_confidence_intervals": {
        "Mangroves": [
            0.008074335439713594,
            0.009649815525511368,
            0.011471464374715044,
            0.012702308191744557
        ],
        "Mangroves > Not Mangroves": [
            0.016349894805012616,
            0.019540118181600445,
            0.023228813960780123,
            0.025721175973739362
        ],
        "Not Mangroves": [
            0.001613085200352044,
            0.0019278335321280524,
            0.0022917612907440627,
            0.0025376584249440694
        ],
        "Not Mangroves > Mangroves": [
            0.014371915575677482,
            0.017176191785565773,
            0.02041863615324911,
            0.022609476942224333
        ]
    },
    "cohen_kappa": 0.6972793644159828,
    "confusion_matrix": [
        [
            4473,
            243,
            231,
            224
        ],
        [
            32,
            119,
            14,
            18
        ],
        [
            735,
            647,
            16181,
            882
        ],
        [
            23,
            20,
            21,
            137
        ]
    ],
    "macro avg": {
        "f1-score": 0.5421659960225366,
        "precision": 0.5145031316189185,
        "recall": 0.7685346027015793,
        "support": 24000
    },
    "producer_accuracy": [
        84.98954968649059,
        11.564625850340136,
        98.3826837721165,
        10.864393338620143
    ],
    "user_accuracy": [
        86.50164378263392,
        65.02732240437157,
        87.7256709135267,
        68.1592039800995
    ],
    "weighted avg": {
        "f1-score": 0.9006137125796306,
        "precision": 0.9410206804988361,
        "recall": 0.87125,
        "support": 24000
    }
}