{
    "Mangroves": {
        "f1-score": 0.8582159624413145,
        "precision": 0.8502934020323458,
        "recall": 0.8662875473899095,
        "support": 6858
    },
    "Mangroves > Not Mangroves": {
        "f1-score": 0.2121212121212121,
        "precision": 0.12671976828385229,
        "recall": 0.6505576208178439,
        "support": 269
    },
    "Not Mangroves": {
        "f1-score": 0.9268114541041008,
        "precision": 0.9836753305973552,
        "recall": 0.8761626254010804,
        "support": 24621
    },
    "Not Mangroves > Mangroves": {
        "f1-score": 0.17707267144319344,
        "precision": 0.10164512338425381,
        "recall": 0.6865079365079365,
        "support": 252
    },
    "accuracy": 0.87065625,
    "accuracy_conf_interval": [
        0.003076556845149386,
        0.0036768606198126813,
        0.004370961859267116,
        0.004839949183222815
    ],
    "cls_confidence_intervals": {
        "Mangroves": [
            0.007000085613495459,
            0.00836595597710433,
            0.009945243585027085,
            0.011012329806596515
        ],
        "Mangroves > Not Mangroves": [
            0.014680674460542734,
            0.01754519630650229,
            0.02085729969089303,
            0.023095207383048936
        ],
        "Not Mangroves": [
            0.001403371393797429,
            0.0016771999584408296,
            0.001993814236309762,
            0.002207742802437419
        ],
        "Not Mangroves > Mangroves": [
            0.0120124421363506,
            0.014356333284906816,
            0.017066457425424942,
            0.018897622385234483
        ]
    },
    "cohen_kappa": 0.695762592981277,
    "confusion_matrix": [
        [
            5941,
            317,
            305,
            295
        ],
        [
            45,
            175,
            26,
            23
        ],
        [
            974,
            864,
            21572,
            1211
        ],
        [
            27,
            25,
            27,
            173
        ]
    ],
    "macro avg": {
        "f1-score": 0.5435553250274552,
        "precision": 0.5155834060744519,
        "recall": 0.7698789325291926,
        "support": 32000
    },
    "producer_accuracy": [
        85.02934020323458,
        12.671976828385228,
        98.36753305973552,
        10.164512338425382
    ],
    "user_accuracy": [
        86.62875473899095,
        65.05576208178438,
        87.61626254010804,
        68.65079365079364
    ],
    "weighted avg": {
        "f1-score": 0.9001985250369966,
        "precision": 0.9409401454542656,
        "recall": 0.87065625,
        "support": 32000
    }
}