{
    "Mangroves": {
        "f1-score": 0.8550682544292768,
        "precision": 0.8435530085959886,
        "recall": 0.866902237926973,
        "support": 1698
    },
    "Mangroves > Not Mangroves": {
        "f1-score": 0.2005012531328321,
        "precision": 0.12012012012012012,
        "recall": 0.6060606060606061,
        "support": 66
    },
    "Not Mangroves": {
        "f1-score": 0.9290433290433292,
        "precision": 0.9861566484517305,
        "recall": 0.8781832927818329,
        "support": 6165
    },
    "Not Mangroves > Mangroves": {
        "f1-score": 0.2147117296222664,
        "precision": 0.125,
        "recall": 0.7605633802816901,
        "support": 71
    },
    "accuracy": 0.8725,
    "accuracy_conf_interval": [
        0.006115566102169118,
        0.007308847292836263,
        0.00868857866954515,
        0.009620829599753857
    ],
    "cls_confidence_intervals": {
        "Mangroves": [
            0.014262180536587385,
            0.017045045031531265,
            0.02026273210381013,
            0.022436844990485035
        ],
        "Mangroves > Not Mangroves": [
            0.02921738232932407,
            0.03491833497894828,
            0.04151006148007627,
            0.045963930737595186
        ],
        "Not Mangroves": [
            0.002586135364980632,
            0.0030907471435134386,
            0.003674204512441996,
            0.004068432464420751
        ],
        "Not Mangroves > Mangroves": [
            0.02609522270738742,
            0.03118697347956058,
            0.03707431030988579,
            0.04105224060064607
        ]
    },
    "cohen_kappa": 0.6993200432301134,
    "confusion_matrix": [
        [
            1472,
            74,
            68,
            84
        ],
        [
            15,
            40,
            3,
            8
        ],
        [
            251,
            214,
            5414,
            286
        ],
        [
            7,
            5,
            5,
            54
        ]
    ],
    "macro avg": {
        "f1-score": 0.5498311415569261,
        "precision": 0.5187074442919598,
        "recall": 0.7779273792627754,
        "support": 8000
    },
    "producer_accuracy": [
        84.35530085959886,
        12.012012012012011,
        98.61566484517304,
        12.5
    ],
    "user_accuracy": [
        86.6902237926973,
        60.60606060606061,
        87.8183292781833,
        76.05633802816901
    ],
    "weighted avg": {
        "f1-score": 0.9009919543853729,
        "precision": 0.9411014592786043,
        "recall": 0.8725,
        "support": 8000
    }
}