{
    "Mangroves": {
        "f1-score": 0.862395937128347,
        "precision": 0.8525579917381634,
        "recall": 0.8724635796045785,
        "support": 15376
    },
    "Mangroves > Not Mangroves": {
        "f1-score": 0.20590670714877177,
        "precision": 0.12221494102228048,
        "recall": 0.6532399299474606,
        "support": 571
    },
    "Not Mangroves": {
        "f1-score": 0.9272472525901427,
        "precision": 0.9844366639007508,
        "recall": 0.8763376932223543,
        "support": 55506
    },
    "Not Mangroves > Mangroves": {
        "f1-score": 0.17613244424005517,
        "precision": 0.10073645449763283,
        "recall": 0.70018281535649,
        "support": 547
    },
    "accuracy": 0.8724027777777777,
    "accuracy_conf_interval": [
        0.002039185478048675,
        0.002437075327424026,
        0.0028971354657642764,
        0.0032079869105887697
    ],
    "cls_confidence_intervals": {
        "Mangroves": [
            0.00463535561692591,
            0.00553981524949682,
            0.006585596699656934,
            0.007292205787602957
        ],
        "Mangroves > Not Mangroves": [
            0.009723168831427915,
            0.011620372505852874,
            0.013814014254406733,
            0.015296204625051232
        ],
        "Not Mangroves": [
            0.000913223890835296,
            0.0010914139183153537,
            0.0012974461375891706,
            0.0014366570965579657
        ],
        "Not Mangroves > Mangroves": [
            0.008005244790294587,
            0.009567243773766701,
            0.011373305098406335,
            0.012593616804243923
        ]
    },
    "cohen_kappa": 0.6987360281559516,
    "confusion_matrix": [
        [
            13415,
            689,
            664,
            608
        ],
        [
            98,
            373,
            54,
            46
        ],
        [
            2161,
            1938,
            48642,
            2765
        ],
        [
            61,
            52,
            51,
            383
        ]
    ],
    "macro avg": {
        "f1-score": 0.5429205852768292,
        "precision": 0.5149865127897069,
        "recall": 0.7755560045327208,
        "support": 72000
    },
    "producer_accuracy": [
        85.25579917381634,
        12.221494102228048,
        98.44366639007508,
        10.073645449763283
    ],
    "user_accuracy": [
        87.24635796045786,
        65.32399299474606,
        87.63376932223544,
        70.018281535649
    ],
    "weighted avg": {
        "f1-score": 0.9019708765046554,
        "precision": 0.9427216766579863,
        "recall": 0.8724027777777777,
        "support": 72000
    }
}