{
    "Mangroves": {
        "f1-score": 0.8620652213254189,
        "precision": 0.8514943514943515,
        "recall": 0.8729018544308437,
        "support": 13643
    },
    "Mangroves > Not Mangroves": {
        "f1-score": 0.20902021772939344,
        "precision": 0.12444444444444444,
        "recall": 0.6524271844660194,
        "support": 515
    },
    "Not Mangroves": {
        "f1-score": 0.9273374201568998,
        "precision": 0.9845033564683127,
        "recall": 0.8764459210339728,
        "support": 49363
    },
    "Not Mangroves > Mangroves": {
        "f1-score": 0.17515592515592515,
        "precision": 0.10002968239833779,
        "recall": 0.7035490605427975,
        "support": 479
    },
    "accuracy": 0.87259375,
    "accuracy_conf_interval": [
        0.0021615001829275657,
        0.002583256316181725,
        0.0030709118452568467,
        0.0034004088243616585
    ],
    "cls_confidence_intervals": {
        "Mangroves": [
            0.004931277677371847,
            0.005893478199785867,
            0.007006022553827077,
            0.00775774171196303
        ],
        "Mangroves > Not Mangroves": [
            0.010418173281443175,
            0.012450987580261356,
            0.01480142911326988,
            0.016389565284221582
        ],
        "Not Mangroves": [
            0.0009663101375770883,
            0.0011548584571043252,
            0.0013728674515576928,
            0.0015201708261883464
        ],
        "Not Mangroves > Mangroves": [
            0.008477579682499993,
            0.010131741571768283,
            0.012044366256234746,
            0.0133366802322256
        ]
    },
    "cohen_kappa": 0.698858760707824,
    "confusion_matrix": [
        [
            11909,
            611,
            587,
            536
        ],
        [
            86,
            336,
            50,
            43
        ],
        [
            1936,
            1710,
            43264,
            2453
        ],
        [
            55,
            43,
            44,
            337
        ]
    ],
    "macro avg": {
        "f1-score": 0.5433946960919094,
        "precision": 0.5151179587013617,
        "recall": 0.7763310051184084,
        "support": 64000
    },
    "producer_accuracy": [
        85.14943514943515,
        12.444444444444445,
        98.45033564683126,
        10.002968239833779
    ],
    "user_accuracy": [
        87.29018544308437,
        65.24271844660194,
        87.64459210339727,
        70.35490605427975
    ],
    "weighted avg": {
        "f1-score": 0.9020134060316884,
        "precision": 0.9426090582740695,
        "recall": 0.87259375,
        "support": 64000
    }
}