{
    "Mangroves": {
        "f1-score": 0.8673563218390805,
        "precision": 0.8647719459087784,
        "recall": 0.8699561909153793,
        "support": 4337
    },
    "Mangroves > Not Mangroves": {
        "f1-score": 0.2972972972972973,
        "precision": 0.19001919385796545,
        "recall": 0.6827586206896552,
        "support": 290
    },
    "Not Mangroves": {
        "f1-score": 0.9278790350409386,
        "precision": 0.9824619677140769,
        "recall": 0.8790418449833571,
        "support": 16824
    },
    "Not Mangroves > Mangroves": {
        "f1-score": 0.16576297443841984,
        "precision": 0.09369527145359019,
        "recall": 0.7181208053691275,
        "support": 149
    },
    "accuracy": 0.8734722222222222,
    "accuracy_conf_interval": [
        0.0037096630295499595,
        0.004433499718242634,
        0.00527043588954354,
        0.005835933302584692
    ],
    "cls_confidence_intervals": {
        "Mangroves": [
            0.008490542436989039,
            0.010147233644206412,
            0.012062782852551501,
            0.013357072858190074
        ],
        "Mangroves > Not Mangroves": [
            0.01993178014276878,
            0.023820907975504152,
            0.028317712032104425,
            0.03135609315142893
        ],
        "Not Mangroves": [
            0.0017546100941935,
            0.002096973039401988,
            0.002492830194799302,
            0.002760301245743433
        ],
        "Not Mangroves > Mangroves": [
            0.014141867241084237,
            0.016901255971051892,
            0.020091799190076996,
            0.022247571635364227
        ]
    },
    "cohen_kappa": 0.695571728652699,
    "confusion_matrix": [
        [
            3773,
            174,
            201,
            189
        ],
        [
            16,
            198,
            52,
            24
        ],
        [
            559,
            654,
            14789,
            822
        ],
        [
            15,
            16,
            11,
            107
        ]
    ],
    "macro avg": {
        "f1-score": 0.5645739071539341,
        "precision": 0.5327370947336026,
        "recall": 0.7874693654893798,
        "support": 21600
    },
    "producer_accuracy": [
        86.47719459087784,
        19.001919385796544,
        98.2461967714077,
        9.369527145359019
    ],
    "user_accuracy": [
        86.99561909153793,
        68.27586206896552,
        87.90418449833571,
        71.81208053691275
    ],
    "weighted avg": {
        "f1-score": 0.9020035255903881,
        "precision": 0.9420612146246943,
        "recall": 0.8734722222222222,
        "support": 21600
    }
}