{
    "Mangroves": {
        "f1-score": 0.8729016786570745,
        "precision": 0.8678474114441417,
        "recall": 0.8780151619572708,
        "support": 1451
    },
    "Mangroves > Not Mangroves": {
        "f1-score": 0.2889908256880734,
        "precision": 0.1826086956521739,
        "recall": 0.6923076923076923,
        "support": 91
    },
    "Not Mangroves": {
        "f1-score": 0.9280738090755035,
        "precision": 0.9836360007982439,
        "recall": 0.8784530386740331,
        "support": 5611
    },
    "Not Mangroves > Mangroves": {
        "f1-score": 0.16548463356973994,
        "precision": 0.09308510638297872,
        "recall": 0.7446808510638298,
        "support": 47
    },
    "accuracy": 0.8751388888888889,
    "accuracy_conf_interval": [
        0.0063889529381518425,
        0.007635577901693665,
        0.009076988015788899,
        0.010050913768555948
    ],
    "cls_confidence_intervals": {
        "Mangroves": [
            0.014495738427166477,
            0.017324175193442863,
            0.020594555204449937,
            0.022804271428103363
        ],
        "Mangroves > Not Mangroves": [
            0.03411222395940921,
            0.040768267658806125,
            0.04846431818623381,
            0.05366435232638766
        ],
        "Not Mangroves": [
            0.002939297729686003,
            0.0035128192379174183,
            0.0041759534818099926,
            0.0046240171601157854
        ],
        "Not Mangroves > Mangroves": [
            0.024573855054976335,
            0.02936875360228879,
            0.03491285504761882,
            0.038658869537706676
        ]
    },
    "cohen_kappa": 0.6995564084606936,
    "confusion_matrix": [
        [
            1274,
            47,
            64,
            66
        ],
        [
            6,
            63,
            14,
            8
        ],
        [
            184,
            231,
            4929,
            267
        ],
        [
            4,
            4,
            4,
            35
        ]
    ],
    "macro avg": {
        "f1-score": 0.5638627367475978,
        "precision": 0.5317943035693845,
        "recall": 0.7983641860007066,
        "support": 7200
    },
    "producer_accuracy": [
        86.78474114441417,
        18.26086956521739,
        98.36360007982438,
        9.308510638297872
    ],
    "user_accuracy": [
        87.80151619572707,
        69.23076923076923,
        87.84530386740332,
        74.46808510638297
    ],
    "weighted avg": {
        "f1-score": 0.9038997807457579,
        "precision": 0.9443639702484367,
        "recall": 0.8751388888888889,
        "support": 7200
    }
}