{
    "Mangroves": {
        "f1-score": 0.8687483870967742,
        "precision": 0.8668245957359151,
        "recall": 0.8706807366025243,
        "support": 9666
    },
    "Mangroves > Not Mangroves": {
        "f1-score": 0.3102529960053262,
        "precision": 0.19880546075085323,
        "recall": 0.706060606060606,
        "support": 660
    },
    "Not Mangroves": {
        "f1-score": 0.9290924512298558,
        "precision": 0.9828034811735502,
        "recall": 0.880947913036485,
        "support": 37303
    },
    "Not Mangroves > Mangroves": {
        "f1-score": 0.18396390142311697,
        "precision": 0.10557768924302789,
        "recall": 0.7142857142857143,
        "support": 371
    },
    "accuracy": 0.8751875,
    "accuracy_conf_interval": [
        0.002474017820451473,
        0.0029567530049298095,
        0.003514915561982886,
        0.003892052424856586
    ],
    "cls_confidence_intervals": {
        "Mangroves": [
            0.005655021003102691,
            0.006758439735415412,
            0.008034267644651996,
            0.008896313529271309
        ],
        "Mangroves > Not Mangroves": [
            0.013519112726455285,
            0.01615698838039778,
            0.01920703210526879,
            0.021267872459911363
        ],
        "Not Mangroves": [
            0.0011659604206982345,
            0.0013934648930295974,
            0.0016565169391627357,
            0.001834254808171613
        ],
        "Not Mangroves > Mangroves": [
            0.010059221597770666,
            0.012021996543677138,
            0.014291455074881497,
            0.015824873001370927
        ]
    },
    "cohen_kappa": 0.700566699450244,
    "confusion_matrix": [
        [
            8416,
            422,
            440,
            388
        ],
        [
            41,
            466,
            105,
            48
        ],
        [
            1221,
            1411,
            32862,
            1809
        ],
        [
            31,
            45,
            30,
            265
        ]
    ],
    "macro avg": {
        "f1-score": 0.5730144339387683,
        "precision": 0.5385028067258365,
        "recall": 0.7929937424963325,
        "support": 48000
    },
    "producer_accuracy": [
        86.6824595735915,
        19.880546075085324,
        98.28034811735502,
        10.557768924302788
    ],
    "user_accuracy": [
        87.06807366025244,
        70.60606060606061,
        88.0947913036485,
        71.42857142857143
    ],
    "weighted avg": {
        "f1-score": 0.9026724000561712,
        "precision": 0.9418880359876046,
        "recall": 0.8751875,
        "support": 48000
    }
}