{
    "Mangroves": {
        "f1-score": 0.8665576873440591,
        "precision": 0.8651434461432743,
        "recall": 0.8679765598069631,
        "support": 5802
    },
    "Mangroves > Not Mangroves": {
        "f1-score": 0.3052749719416386,
        "precision": 0.19624819624819625,
        "recall": 0.6868686868686869,
        "support": 396
    },
    "Not Mangroves": {
        "f1-score": 0.9289617486338798,
        "precision": 0.9825120821085148,
        "recall": 0.8809470627652446,
        "support": 22385
    },
    "Not Mangroves > Mangroves": {
        "f1-score": 0.17826336975273144,
        "precision": 0.10183968462549277,
        "recall": 0.7142857142857143,
        "support": 217
    },
    "accuracy": 0.8744097222222222,
    "accuracy_conf_interval": [
        0.003202455498876423,
        0.003827324864510847,
        0.00454983006852565,
        0.005038009260427544
    ],
    "cls_confidence_intervals": {
        "Mangroves": [
            0.007342181873205646,
            0.008774802726514066,
            0.010431270588151926,
            0.011550505629799129
        ],
        "Mangroves > Not Mangroves": [
            0.017495487570845222,
            0.020909241243205267,
            0.02485639392687157,
            0.02752338898340285
        ],
        "Not Mangroves": [
            0.0015173904456730431,
            0.0018134666301946128,
            0.0021558047185476774,
            0.0023871142377051534
        ],
        "Not Mangroves > Mangroves": [
            0.012713700480672399,
            0.015194422525681648,
            0.018062757390223592,
            0.02000082148788707
        ]
    },
    "cohen_kappa": 0.6984944284482635,
    "confusion_matrix": [
        [
            5036,
            249,
            267,
            250
        ],
        [
            25,
            272,
            68,
            31
        ],
        [
            740,
            839,
            19720,
            1086
        ],
        [
            20,
            26,
            16,
            155
        ]
    ],
    "macro avg": {
        "f1-score": 0.5697644444180773,
        "precision": 0.5364358522813696,
        "recall": 0.7875195059316522,
        "support": 28800
    },
    "producer_accuracy": [
        86.51434461432743,
        19.624819624819626,
        98.25120821085149,
        10.183968462549277
    ],
    "user_accuracy": [
        86.7976559806963,
        68.68686868686868,
        88.09470627652446,
        71.42857142857143
    ],
    "weighted avg": {
        "f1-score": 0.9021579335161412,
        "precision": 0.9414204420069583,
        "recall": 0.8744097222222222,
        "support": 28800
    }
}