{
    "Mangroves": {
        "f1-score": 0.8668644215669168,
        "precision": 0.8664108824555284,
        "recall": 0.86731843575419,
        "support": 2864
    },
    "Mangroves > Not Mangroves": {
        "f1-score": 0.2766439909297052,
        "precision": 0.17329545454545456,
        "recall": 0.6853932584269663,
        "support": 178
    },
    "Not Mangroves": {
        "f1-score": 0.9271933530488663,
        "precision": 0.9828821656050956,
        "recall": 0.87747667703243,
        "support": 11255
    },
    "Not Mangroves > Mangroves": {
        "f1-score": 0.16742081447963802,
        "precision": 0.09475032010243278,
        "recall": 0.7184466019417476,
        "support": 103
    },
    "accuracy": 0.8719444444444444,
    "accuracy_conf_interval": [
        0.004566739319921596,
        0.005457810406735567,
        0.00648811135086422,
        0.007184260637437634
    ],
    "cls_confidence_intervals": {
        "Mangroves": [
            0.010420234471237449,
            0.012453450953430121,
            0.0148043575109654,
            0.016392807887678426
        ],
        "Mangroves > Not Mangroves": [
            0.023395173322390696,
            0.027960085190174247,
            0.03323826453729898,
            0.03680460193400487
        ],
        "Not Mangroves": [
            0.0021221651217984243,
            0.0025362461211737267,
            0.00301502727670142,
            0.003338528057463375
        ],
        "Not Mangroves > Mangroves": [
            0.017186714552330763,
            0.020540219830834327,
            0.02441771030910407,
            0.02703763630793498
        ]
    },
    "cohen_kappa": 0.690708237671179,
    "confusion_matrix": [
        [
            2484,
            116,
            136,
            128
        ],
        [
            9,
            122,
            29,
            18
        ],
        [
            365,
            453,
            9876,
            561
        ],
        [
            9,
            13,
            7,
            74
        ]
    ],
    "macro avg": {
        "f1-score": 0.5595306450062815,
        "precision": 0.5293347056771278,
        "recall": 0.7871587432888335,
        "support": 14400
    },
    "producer_accuracy": [
        86.64108824555285,
        17.329545454545457,
        98.28821656050955,
        9.475032010243279
    ],
    "user_accuracy": [
        86.73184357541899,
        68.53932584269663,
        87.74766770324301,
        71.84466019417476
    ],
    "weighted avg": {
        "f1-score": 0.9017186018201063,
        "precision": 0.9433573204942794,
        "recall": 0.8719444444444444,
        "support": 14400
    }
}