{
    "Mangroves": {
        "f1-score": 0.8666536381994658,
        "precision": 0.8661458333333333,
        "recall": 0.8671620388476079,
        "support": 7671
    },
    "Mangroves > Not Mangroves": {
        "f1-score": 0.3095536086775136,
        "precision": 0.19850187265917604,
        "recall": 0.7026515151515151,
        "support": 528
    },
    "Not Mangroves": {
        "f1-score": 0.9293982908994803,
        "precision": 0.9823450536352801,
        "recall": 0.8818671214097035,
        "support": 29907
    },
    "Not Mangroves > Mangroves": {
        "f1-score": 0.1819764910753156,
        "precision": 0.10434348477284074,
        "recall": 0.7108843537414966,
        "support": 294
    },
    "accuracy": 0.87515625,
    "accuracy_conf_interval": [
        0.002766332874737337,
        0.0033061051429787687,
        0.0039302168281329245,
        0.004351913912696543
    ],
    "cls_confidence_intervals": {
        "Mangroves": [
            0.006371984278522893,
            0.007615298284088336,
            0.009052880103023379,
            0.010024219169871382
        ],
        "Mangroves > Not Mangroves": [
            0.015131178599930057,
            0.01808360369259934,
            0.021497345205998192,
            0.023803927309646068
        ],
        "Not Mangroves": [
            0.0013181144197144754,
            0.001575307477219739,
            0.0018726869499602,
            0.002073619026136187
        ],
        "Not Mangroves > Mangroves": [
            0.011202289360623749,
            0.013388101918794236,
            0.015915447689178863,
            0.017623113750249556
        ]
    },
    "cohen_kappa": 0.6987707335291384,
    "confusion_matrix": [
        [
            6652,
            338,
            363,
            318
        ],
        [
            35,
            371,
            86,
            36
        ],
        [
            970,
            1123,
            26374,
            1440
        ],
        [
            23,
            37,
            25,
            209
        ]
    ],
    "macro avg": {
        "f1-score": 0.5718955072129439,
        "precision": 0.5378340611001575,
        "recall": 0.7906412572875807,
        "support": 38400
    },
    "producer_accuracy": [
        86.61458333333333,
        19.850187265917604,
        98.23450536352802,
        10.434348477284074
    ],
    "user_accuracy": [
        86.71620388476079,
        70.26515151515152,
        88.18671214097034,
        71.08843537414967
    ],
    "weighted avg": {
        "f1-score": 0.9026187536019982,
        "precision": 0.9416324005171244,
        "recall": 0.87515625,
        "support": 38400
    }
}