{
    "Mangroves": {
        "f1-score": 0.8668453976764968,
        "precision": 0.871196111580727,
        "recall": 0.8625379223768177,
        "support": 19118
    },
    "Mangroves > Not Mangroves": {
        "f1-score": 0.17762167586552935,
        "precision": 0.10276756338300755,
        "recall": 0.6539408866995073,
        "support": 812
    },
    "Not Mangroves": {
        "f1-score": 0.9232643493816118,
        "precision": 0.983975675897773,
        "recall": 0.8696094237947913,
        "support": 68847
    },
    "Not Mangroves > Mangroves": {
        "f1-score": 0.1944191136239285,
        "precision": 0.11437768240343348,
        "recall": 0.6476306196840826,
        "support": 823
    },
    "accuracy": 0.8641071428571429,
    "accuracy_conf_interval": [
        0.0018774654586075333,
        0.0022438001822382716,
        0.002667374706436313,
        0.002953573709272827
    ],
    "cls_confidence_intervals": {
        "Mangroves": [
            0.003993134471360133,
            0.004772282660893817,
            0.0056731727550421406,
            0.006281882278115332
        ],
        "Mangroves > Not Mangroves": [
            0.00692795614574724,
            0.008279752466868653,
            0.009842766963165286,
            0.01089885783904139
        ],
        "Not Mangroves": [
            0.0008348595929889451,
            0.0009977590257672759,
            0.001186111494917221,
            0.0013133766767752918
        ],
        "Not Mangroves > Mangroves": [
            0.007646202788553149,
            0.009138144796075717,
            0.010863202742273684,
            0.012028782435650687
        ]
    },
    "cohen_kappa": 0.6855332015447061,
    "confusion_matrix": [
        [
            16490,
            1032,
            819,
            777
        ],
        [
            136,
            531,
            71,
            74
        ],
        [
            2204,
            3497,
            59870,
            3276
        ],
        [
            98,
            107,
            85,
            533
        ]
    ],
    "macro avg": {
        "f1-score": 0.5405376341368916,
        "precision": 0.5180792583162352,
        "recall": 0.7584297131387997,
        "support": 89600
    },
    "producer_accuracy": [
        87.1196111580727,
        10.276756338300755,
        98.3975675897773,
        11.437768240343347
    ],
    "user_accuracy": [
        86.25379223768176,
        65.39408866995073,
        86.96094237947914,
        64.76306196840827
    ],
    "weighted avg": {
        "f1-score": 0.8977741819862768,
        "precision": 0.9439384008238765,
        "recall": 0.8641071428571429,
        "support": 89600
    }
}