{
    "Mangroves": {
        "f1-score": 0.8669246298788695,
        "precision": 0.8708805137738719,
        "recall": 0.8630045218556356,
        "support": 11942
    },
    "Mangroves > Not Mangroves": {
        "f1-score": 0.1776350989834136,
        "precision": 0.10297766749379653,
        "recall": 0.6459143968871596,
        "support": 514
    },
    "Not Mangroves": {
        "f1-score": 0.9236691135648634,
        "precision": 0.9840176646863993,
        "recall": 0.8702950270848349,
        "support": 43013
    },
    "Not Mangroves > Mangroves": {
        "f1-score": 0.20169046925094727,
        "precision": 0.1193103448275862,
        "recall": 0.6516007532956686,
        "support": 531
    },
    "accuracy": 0.8646071428571429,
    "accuracy_conf_interval": [
        0.0023711395834412207,
        0.002833800965576093,
        0.003368753188669539,
        0.003730207393462408
    ],
    "cls_confidence_intervals": {
        "Mangroves": [
            0.005055373491341862,
            0.006041787831115884,
            0.007182329411479598,
            0.007952965614428053
        ],
        "Mangroves > Not Mangroves": [
            0.008778483244044559,
            0.010491358023370327,
            0.012471869486965747,
            0.013810052908314004
        ],
        "Not Mangroves": [
            0.0010544688233931892,
            0.0012602188377138115,
            0.001498117291772031,
            0.0016588594904600172
        ],
        "Not Mangroves > Mangroves": [
            0.009871777245951494,
            0.011797977684185933,
            0.014025146940894502,
            0.015529991033265158
        ]
    },
    "cohen_kappa": 0.6866897736943276,
    "confusion_matrix": [
        [
            10306,
            631,
            520,
            485
        ],
        [
            97,
            332,
            41,
            44
        ],
        [
            1365,
            2189,
            37434,
            2025
        ],
        [
            66,
            72,
            47,
            346
        ]
    ],
    "macro avg": {
        "f1-score": 0.5424798279195234,
        "precision": 0.5192965476954134,
        "recall": 0.7577036747808247,
        "support": 56000
    },
    "producer_accuracy": [
        87.08805137738719,
        10.297766749379653,
        98.40176646863993,
        11.931034482758621
    ],
    "user_accuracy": [
        86.30045218556356,
        64.59143968871595,
        87.02950270848349,
        65.16007532956685
    ],
    "weighted avg": {
        "f1-score": 0.8978749212826546,
        "precision": 0.9436052003721239,
        "recall": 0.8646071428571429,
        "support": 56000
    }
}