{
    "Mangroves": {
        "f1-score": 0.8664421997755332,
        "precision": 0.8693693693693694,
        "recall": 0.8635346756152126,
        "support": 3576
    },
    "Mangroves > Not Mangroves": {
        "f1-score": 0.203125,
        "precision": 0.1195097037793667,
        "recall": 0.6763005780346821,
        "support": 173
    },
    "Not Mangroves": {
        "f1-score": 0.9225514403292181,
        "precision": 0.9829007365836548,
        "recall": 0.8691842431761787,
        "support": 12896
    },
    "Not Mangroves > Mangroves": {
        "f1-score": 0.1941176470588235,
        "precision": 0.11445086705202312,
        "recall": 0.6387096774193548,
        "support": 155
    },
    "accuracy": 0.8638690476190476,
    "accuracy_conf_interval": [
        0.004339019534923057,
        0.005185657492956824,
        0.006164582631933368,
        0.006826018536647249
    ],
    "cls_confidence_intervals": {
        "Mangroves": [
            0.009273251714527333,
            0.011082666683215593,
            0.013174802740761394,
            0.014588408185049098
        ],
        "Mangroves > Not Mangroves": [
            0.017002640571904606,
            0.020320228976178675,
            0.02415619056862057,
            0.026748056509459685
        ],
        "Not Mangroves": [
            0.001990942765505371,
            0.0023794194026771514,
            0.002828595514407022,
            0.0031320928871974747
        ],
        "Not Mangroves > Mangroves": [
            0.017752179024989243,
            0.021216018834743243,
            0.025221083614771305,
            0.027927208466141617
        ]
    },
    "cohen_kappa": 0.6855035329775594,
    "confusion_matrix": [
        [
            3088,
            176,
            168,
            144
        ],
        [
            31,
            117,
            14,
            11
        ],
        [
            415,
            661,
            11209,
            611
        ],
        [
            18,
            25,
            13,
            99
        ]
    ],
    "macro avg": {
        "f1-score": 0.5465590717908937,
        "precision": 0.5215576691961035,
        "recall": 0.761932293561357,
        "support": 16800
    },
    "producer_accuracy": [
        86.93693693693693,
        11.95097037793667,
        98.29007365836549,
        11.445086705202312
    ],
    "user_accuracy": [
        86.35346756152126,
        67.63005780346822,
        86.91842431761788,
        63.87096774193548
    ],
    "weighted avg": {
        "f1-score": 0.896479139355775,
        "precision": 0.9418314182734864,
        "recall": 0.8638690476190476,
        "support": 16800
    }
}