{
    "Mangroves": {
        "f1-score": 0.8654763017668506,
        "precision": 0.8696223933871877,
        "recall": 0.8613695571269073,
        "support": 10748
    },
    "Mangroves > Not Mangroves": {
        "f1-score": 0.18020154119739185,
        "precision": 0.10450326572705397,
        "recall": 0.6537634408602151,
        "support": 465
    },
    "Not Mangroves": {
        "f1-score": 0.9238129180831232,
        "precision": 0.9837678451522495,
        "recall": 0.8707460141088917,
        "support": 38699
    },
    "Not Mangroves > Mangroves": {
        "f1-score": 0.20584415584415588,
        "precision": 0.12229938271604938,
        "recall": 0.6495901639344263,
        "support": 488
    },
    "accuracy": 0.8646031746031746,
    "accuracy_conf_interval": [
        0.0024994314695861984,
        0.0029871254148713102,
        0.003551021539107221,
        0.0039320324338612146
    ],
    "cls_confidence_intervals": {
        "Mangroves": [
            0.005352016905508157,
            0.0063963128870707245,
            0.007603780115752443,
            0.008419636351348198
        ],
        "Mangroves > Not Mangroves": [
            0.009301841216869895,
            0.011116834625039632,
            0.013215420753235889,
            0.014633384353368495
        ],
        "Not Mangroves": [
            0.0011197702911718119,
            0.0013382620553028972,
            0.0015908931575794648,
            0.001761589848306875
        ],
        "Not Mangroves > Mangroves": [
            0.010553868627345264,
            0.012613160066827266,
            0.014994215793728333,
            0.01660303723082365
        ]
    },
    "cohen_kappa": 0.6866423163905062,
    "confusion_matrix": [
        [
            9258,
            568,
            479,
            443
        ],
        [
            89,
            304,
            35,
            37
        ],
        [
            1236,
            1971,
            33697,
            1795
        ],
        [
            63,
            66,
            42,
            317
        ]
    ],
    "macro avg": {
        "f1-score": 0.5438337292228803,
        "precision": 0.5200482217456351,
        "recall": 0.7588672940076101,
        "support": 50400
    },
    "producer_accuracy": [
        86.96223933871877,
        10.450326572705396,
        98.37678451522494,
        12.229938271604938
    ],
    "user_accuracy": [
        86.13695571269074,
        65.3763440860215,
        87.07460141088917,
        64.95901639344262
    ],
    "weighted avg": {
        "f1-score": 0.8975599419245562,
        "precision": 0.9429724095436689,
        "recall": 0.8646031746031746,
        "support": 50400
    }
}