{
    "Mangroves": {
        "f1-score": 0.8676546211023327,
        "precision": 0.8721804511278195,
        "recall": 0.8631755185564134,
        "support": 21502
    },
    "Mangroves > Not Mangroves": {
        "f1-score": 0.17778439547349614,
        "precision": 0.10270084293824187,
        "recall": 0.6611295681063123,
        "support": 903
    },
    "Not Mangroves": {
        "f1-score": 0.9235775699654026,
        "precision": 0.9839858690257218,
        "recall": 0.8701573654518931,
        "support": 77463
    },
    "Not Mangroves > Mangroves": {
        "f1-score": 0.19488349356363044,
        "precision": 0.1148895292987512,
        "recall": 0.6416309012875536,
        "support": 932
    },
    "accuracy": 0.8646825396825397,
    "accuracy_conf_interval": [
        0.0017669279710906313,
        0.0021116944044741693,
        0.002510330593073885,
        0.0027796793691547738
    ],
    "cls_confidence_intervals": {
        "Mangroves": [
            0.0037537025083606373,
            0.004486132266089542,
            0.005333004173463589,
            0.005905214921689296
        ],
        "Mangroves > Not Mangroves": [
            0.006529791594963274,
            0.007803897272029279,
            0.009277081961136847,
            0.010272477021344664
        ],
        "Not Mangroves": [
            0.0007865717439840947,
            0.0009400491574444059,
            0.0011175074167578908,
            0.001237411646023759
        ],
        "Not Mangroves > Mangroves": [
            0.00724890562131053,
            0.008663326230346732,
            0.010298750059544838,
            0.011403766160354371
        ]
    },
    "cohen_kappa": 0.6865659362725446,
    "confusion_matrix": [
        [
            18560,
            1155,
            920,
            867
        ],
        [
            147,
            597,
            77,
            82
        ],
        [
            2462,
            3938,
            67405,
            3658
        ],
        [
            111,
            123,
            100,
            598
        ]
    ],
    "macro avg": {
        "f1-score": 0.5409750200262154,
        "precision": 0.5184391730976337,
        "recall": 0.7590233383505431,
        "support": 100800
    },
    "producer_accuracy": [
        87.21804511278195,
        10.270084293824187,
        98.39858690257218,
        11.48895292987512
    ],
    "user_accuracy": [
        86.31755185564134,
        66.11295681063123,
        87.01573654518931,
        64.16309012875536
    ],
    "weighted avg": {
        "f1-score": 0.8982298580385537,
        "precision": 0.9442057275294597,
        "recall": 0.8646825396825397,
        "support": 100800
    }
}