{
    "Mangroves": {
        "f1-score": 0.8738664468260512,
        "precision": 0.867430441898527,
        "recall": 0.8803986710963455,
        "support": 1204
    },
    "Mangroves > Not Mangroves": {
        "f1-score": 0.20224719101123595,
        "precision": 0.12040133779264214,
        "recall": 0.631578947368421,
        "support": 57
    },
    "Not Mangroves": {
        "f1-score": 0.9240662874103389,
        "precision": 0.9826407154129405,
        "recall": 0.8720821661998133,
        "support": 4284
    },
    "Not Mangroves > Mangroves": {
        "f1-score": 0.22289156626506026,
        "precision": 0.13357400722021662,
        "recall": 0.6727272727272727,
        "support": 55
    },
    "accuracy": 0.8694642857142857,
    "accuracy_conf_interval": [
        0.007383127753750913,
        0.008823738047165726,
        0.010489443698926603,
        0.011614920490656926
    ],
    "cls_confidence_intervals": {
        "Mangroves": [
            0.015909168406678,
            0.019013396388468832,
            0.02260265999241448,
            0.025027838103188565
        ],
        "Mangroves > Not Mangroves": [
            0.030864993524625302,
            0.0368874312855278,
            0.04385087494657132,
            0.04855590444727639
        ],
        "Not Mangroves": [
            0.003473770164686378,
            0.00415157897730811,
            0.004935295416901989,
            0.005464833551762717
        ],
        "Not Mangroves > Mangroves": [
            0.03352205832247369,
            0.040062947751249044,
            0.047625851153270546,
            0.052735921019501295
        ]
    },
    "cohen_kappa": 0.6983049033707514,
    "confusion_matrix": [
        [
            1060,
            57,
            54,
            33
        ],
        [
            10,
            36,
            5,
            6
        ],
        [
            148,
            199,
            3736,
            201
        ],
        [
            4,
            7,
            7,
            37
        ]
    ],
    "macro avg": {
        "f1-score": 0.5557678728781716,
        "precision": 0.5260116255810816,
        "recall": 0.7641967643479631,
        "support": 5600
    },
    "producer_accuracy": [
        86.7430441898527,
        12.040133779264215,
        98.26407154129406,
        13.357400722021662
    ],
    "user_accuracy": [
        88.03986710963456,
        63.1578947368421,
        87.20821661998133,
        67.27272727272727
    ],
    "weighted avg": {
        "f1-score": 0.8990396970136922,
        "precision": 0.9407550934868136,
        "recall": 0.8694642857142857,
        "support": 5600
    }
}