{
    "Mangroves": {
        "f1-score": 0.8645059288537549,
        "precision": 0.8685799004553637,
        "recall": 0.860469995803609,
        "support": 9532
    },
    "Mangroves > Not Mangroves": {
        "f1-score": 0.17525083612040135,
        "precision": 0.10147172734314484,
        "recall": 0.6421568627450981,
        "support": 408
    },
    "Not Mangroves": {
        "f1-score": 0.9239018227200593,
        "precision": 0.9838228055783429,
        "recall": 0.8708609271523179,
        "support": 34428
    },
    "Not Mangroves > Mangroves": {
        "f1-score": 0.20571010248901905,
        "precision": 0.12217391304347826,
        "recall": 0.6504629629629629,
        "support": 432
    },
    "accuracy": 0.8644419642857143,
    "accuracy_conf_interval": [
        0.0026523778677698226,
        0.00316991501270052,
        0.0037683173365266388,
        0.004172643231003746
    ],
    "cls_confidence_intervals": {
        "Mangroves": [
            0.005701966175901702,
            0.0068145449419313026,
            0.008100964140153029,
            0.008970166301113655
        ],
        "Mangroves > Not Mangroves": [
            0.009745500077111564,
            0.01164706106776748,
            0.013845740963213381,
            0.015331335487163315
        ],
        "Not Mangroves": [
            0.0011851737835287554,
            0.001416427204705098,
            0.0016838139729402441,
            0.0018644807082342618
        ],
        "Not Mangroves > Mangroves": [
            0.011198849633885625,
            0.013383991025863308,
            0.015910560760337505,
            0.01761770247282007
        ]
    },
    "cohen_kappa": 0.6857543696491175,
    "confusion_matrix": [
        [
            8202,
            508,
            423,
            399
        ],
        [
            80,
            262,
            33,
            33
        ],
        [
            1105,
            1754,
            29982,
            1587
        ],
        [
            56,
            58,
            37,
            281
        ]
    ],
    "macro avg": {
        "f1-score": 0.5423421725458086,
        "precision": 0.5190120866050825,
        "recall": 0.755987687165997,
        "support": 44800
    },
    "producer_accuracy": [
        86.85799004553637,
        10.147172734314484,
        98.38228055783429,
        12.217391304347826
    ],
    "user_accuracy": [
        86.04699958036089,
        64.2156862745098,
        87.08609271523179,
        65.04629629629629
    ],
    "weighted avg": {
        "f1-score": 0.8975207940145663,
        "precision": 0.9429583651067522,
        "recall": 0.8644419642857143,
        "support": 44800
    }
}