{
    "Mangroves": {
        "f1-score": 0.8679768203577728,
        "precision": 0.8727042431918937,
        "recall": 0.8633003383034707,
        "support": 23943
    },
    "Mangroves > Not Mangroves": {
        "f1-score": 0.1765258215962441,
        "precision": 0.10179455445544554,
        "recall": 0.6639757820383451,
        "support": 991
    },
    "Not Mangroves": {
        "f1-score": 0.9237240571128997,
        "precision": 0.9841891518919132,
        "recall": 0.8702584603941986,
        "support": 86048
    },
    "Not Mangroves > Mangroves": {
        "f1-score": 0.19286346210557356,
        "precision": 0.11346287300485773,
        "recall": 0.6424361493123772,
        "support": 1018
    },
    "accuracy": 0.864875,
    "accuracy_conf_interval": [
        0.0016752489792964892,
        0.0020021268289153165,
        0.0023800793425370853,
        0.002635452662551794
    ],
    "cls_confidence_intervals": {
        "Mangroves": [
            0.003551793114706191,
            0.0042448259175756915,
            0.005046145095893552,
            0.0055875769731353496
        ],
        "Mangroves > Not Mangroves": [
            0.006167984717014932,
            0.007371493930091017,
            0.00876305145771024,
            0.00970329303042593
        ],
        "Not Mangroves": [
            0.0007416610775034016,
            0.0008863754340894313,
            0.001053701408892028,
            0.0011667594999748637
        ],
        "Not Mangroves > Mangroves": [
            0.006851051214470857,
            0.00818784169534322,
            0.009733505688851889,
            0.010777873252033422
        ]
    },
    "cohen_kappa": 0.6871237134149193,
    "confusion_matrix": [
        [
            20670,
            1300,
            1010,
            963
        ],
        [
            156,
            658,
            86,
            91
        ],
        [
            2740,
            4368,
            74884,
            4056
        ],
        [
            119,
            138,
            107,
            654
        ]
    ],
    "macro avg": {
        "f1-score": 0.5402725402931225,
        "precision": 0.5180377056360276,
        "recall": 0.7599926825120978,
        "support": 112000
    },
    "producer_accuracy": [
        87.27042431918936,
        10.179455445544553,
        98.41891518919132,
        11.346287300485773
    ],
    "user_accuracy": [
        86.33003383034708,
        66.39757820383451,
        87.02584603941986,
        64.24361493123773
    ],
    "weighted avg": {
        "f1-score": 0.8985522211598419,
        "precision": 0.9446343700439567,
        "recall": 0.864875,
        "support": 112000
    }
}