{
    "Mangroves": {
        "f1-score": 0.865910607071381,
        "precision": 0.8704107292539816,
        "recall": 0.8614567778330845,
        "support": 6027
    },
    "Mangroves > Not Mangroves": {
        "f1-score": 0.18893528183716077,
        "precision": 0.11029859841560025,
        "recall": 0.6581818181818182,
        "support": 275
    },
    "Not Mangroves": {
        "f1-score": 0.9232064167945736,
        "precision": 0.9831795412602162,
        "recall": 0.870129264081385,
        "support": 21429
    },
    "Not Mangroves > Mangroves": {
        "f1-score": 0.2073027090694935,
        "precision": 0.1231630510846746,
        "recall": 0.654275092936803,
        "support": 269
    },
    "accuracy": 0.8641071428571429,
    "accuracy_conf_interval": [
        0.0033585123126834092,
        0.004013831788328952,
        0.004771544932044112,
        0.005283513272392193
    ],
    "cls_confidence_intervals": {
        "Mangroves": [
            0.007131571896754766,
            0.008523098120511793,
            0.010132050316730857,
            0.011219180179041034
        ],
        "Mangroves > Not Mangroves": [
            0.01268226114902978,
            0.015156848690303884,
            0.018018090534902068,
            0.01995136205152246
        ],
        "Not Mangroves": [
            0.0015314497770633545,
            0.001830269245758643,
            0.002175779256437571,
            0.002409231966355765
        ],
        "Not Mangroves > Mangroves": [
            0.014256974547267641,
            0.017038823239417425,
            0.02025533578971561,
            0.022428655080457632
        ]
    },
    "cohen_kappa": 0.6873938968702196,
    "confusion_matrix": [
        [
            5192,
            317,
            273,
            245
        ],
        [
            51,
            181,
            22,
            21
        ],
        [
            688,
            1108,
            18646,
            987
        ],
        [
            34,
            35,
            24,
            176
        ]
    ],
    "macro avg": {
        "f1-score": 0.5463387536931522,
        "precision": 0.5217629800036181,
        "recall": 0.7610107382582727,
        "support": 28000
    },
    "producer_accuracy": [
        87.04107292539815,
        11.029859841560025,
        98.31795412602162,
        12.316305108467459
    ],
    "user_accuracy": [
        86.14567778330844,
        65.81818181818181,
        87.0129264081385,
        65.4275092936803
    ],
    "weighted avg": {
        "f1-score": 0.8967841130555372,
        "precision": 0.9420708153637496,
        "recall": 0.8641071428571429,
        "support": 28000
    }
}