overall accuracy,0.889
cohen kappa,0.7312810630617981
""
Confidence Interval,90%,95%,98%,99%
Overall Accuracy,0.011519701350295501,0.013767447955231209,0.016366404967188122,0.018122457002294142
""
class,f1-score,precision,recall,support
Mangroves,0.8022598870056497,0.8304093567251462,0.7759562841530054,366
Mangroves > Not Mangroves,0.551470588235294,0.43859649122807015,0.7425742574257426,101
Not Mangroves,0.9454545454545454,0.9609856262833676,0.9304174950298211,1509
Not Mangroves > Mangroves,0.6,0.5769230769230769,0.625,24
""
macro avg,0.7247962551738723,0.7017286377899152,0.7684870091521423,2000
weighted (pixel) avg,0.8952082785733709,0.906100767041597,0.889,2000
""
Confidence Interval,90%,95%,98%,99%
Mangroves,0.03327958146087655,0.03977315833129148,0.04728135658770876,0.052354463517720426
Mangroves > Not Mangroves,0.06223231126419895,0.07437520126696948,0.08841541783267291,0.09790205064733738
Not Mangroves,0.008307866436585123,0.009928913546162708,0.011803249266611792,0.01306969232096928
Not Mangroves > Mangroves,0.15890069553759179,0.18990570930102435,0.22575525646499325,0.24997792346767492
""
Point Count Confusion Matrix
,Mangroves,Mangroves > Not Mangroves,Not Mangroves,Not Mangroves > Mangroves,User Acc
Mangroves,284,38,37,7,77.59562841530054
Mangroves > Not Mangroves,13,75,13,0,74.25742574257426
Not Mangroves,43,58,1404,4,93.04174950298211
Not Mangroves > Mangroves,2,0,7,15,62.5
Producer,83.04093567251462,43.859649122807014,96.09856262833677,57.692307692307686
""
