{
    "Mangroves": {
        "f1-score": 0.8745318352059925,
        "precision": 0.8384201077199281,
        "recall": 0.913894324853229,
        "support": 511
    },
    "Mangroves > Not Mangroves": {
        "f1-score": 0.1967213114754098,
        "precision": 0.2857142857142857,
        "recall": 0.15,
        "support": 40
    },
    "Not Mangroves": {
        "f1-score": 0.9358889623265036,
        "precision": 0.945260347129506,
        "recall": 0.9267015706806283,
        "support": 764
    },
    "Not Mangroves > Mangroves": {
        "f1-score": 0.5925925925925926,
        "precision": 0.6666666666666666,
        "recall": 0.5333333333333333,
        "support": 60
    },
    "accuracy": 0.8821818181818182,
    "accuracy_conf_interval": [
        0.014258627010192025,
        0.017040798134131934,
        0.020257683496187454,
        0.022431254686765507
    ],
    "cls_confidence_intervals": {
        "Mangroves": [
            0.02557647861249769,
            0.03056701102469236,
            0.03633731412629245,
            0.04023616757331954
        ],
        "Mangroves > Not Mangroves": [
            0.1616725024744944,
            0.19321835661585918,
            0.22969325046681222,
            0.25433844901475344
        ],
        "Not Mangroves": [
            0.013631061546185706,
            0.016290780872270722,
            0.019366081343056524,
            0.021443987066560442
        ],
        "Not Mangroves > Mangroves": [
            0.11158786606012255,
            0.13336110821819525,
            0.1585364194634668,
            0.1755467648994611
        ]
    },
    "cohen_kappa": 0.7837466821741249,
    "confusion_matrix": [
        [
            467,
            8,
            29,
            7
        ],
        [
            26,
            6,
            8,
            0
        ],
        [
            41,
            6,
            708,
            9
        ],
        [
            23,
            1,
            4,
            32
        ]
    ],
    "macro avg": {
        "f1-score": 0.6499336754001246,
        "precision": 0.6840153518075965,
        "recall": 0.6309823072167976,
        "support": 1375
    },
    "producer_accuracy": [
        83.84201077199282,
        28.57142857142857,
        94.5260347129506,
        66.66666666666666
    ],
    "user_accuracy": [
        91.3894324853229,
        15.0,
        92.67015706806284,
        53.333333333333336
    ],
    "weighted avg": {
        "f1-score": 0.8766031585616604,
        "precision": 0.8742110194039252,
        "recall": 0.8821818181818182,
        "support": 1375
    }
}