{
    "Mangroves": {
        "f1-score": 0.8606925720327783,
        "precision": 0.8823848238482385,
        "recall": 0.8400412796697626,
        "support": 1938
    },
    "Mangroves > Not Mangroves": {
        "f1-score": 0.5478841870824053,
        "precision": 0.45387453874538747,
        "recall": 0.6910112359550562,
        "support": 178
    },
    "Not Mangroves": {
        "f1-score": 0.9506688250830706,
        "precision": 0.9617307360799862,
        "recall": 0.9398584905660378,
        "support": 5936
    },
    "Not Mangroves > Mangroves": {
        "f1-score": 0.3393501805054152,
        "precision": 0.22815533980582525,
        "recall": 0.6619718309859155,
        "support": 71
    },
    "accuracy": 0.9081620091099347,
    "accuracy_conf_interval": [
        0.005255069615847286,
        0.006280449053085781,
        0.007466044027392791,
        0.008267121712735364
    ],
    "cls_confidence_intervals": {
        "Mangroves": [
            0.01230003534753746,
            0.01470004224461794,
            0.017475050219367246,
            0.01935005560771137
        ],
        "Mangroves > Not Mangroves": [
            0.049599046217839914,
            0.0592769088944916,
            0.07046693761437013,
            0.07802776783050426
        ],
        "Not Mangroves": [
            0.004130895586425588,
            0.00493692399353302,
            0.005868894339250988,
            0.006498604032303669
        ],
        "Not Mangroves > Mangroves": [
            0.04795020945898338,
            0.05730634789000453,
            0.06812438295087274,
            0.07543386610010801
        ]
    },
    "cohen_kappa": 0.7828815626444491,
    "confusion_matrix": [
        [
            1628,
            51,
            188,
            71
        ],
        [
            37,
            123,
            18,
            0
        ],
        [
            172,
            97,
            5579,
            88
        ],
        [
            8,
            0,
            16,
            47
        ]
    ],
    "macro avg": {
        "f1-score": 0.6746489411759173,
        "precision": 0.6315363596198593,
        "recall": 0.783220709294193,
        "support": 8123
    },
    "producer_accuracy": [
        88.23848238482384,
        45.38745387453875,
        96.17307360799862,
        22.815533980582526
    ],
    "user_accuracy": [
        84.00412796697626,
        69.10112359550563,
        93.98584905660378,
        66.19718309859155
    ],
    "weighted avg": {
        "f1-score": 0.915032573976263,
        "precision": 0.925259649761366,
        "recall": 0.9081620091099347,
        "support": 8123
    }
}