overall accuracy,0.9395
cohen kappa,0.8343919518594589
""
Confidence Interval,90%,95%,98%,99%
Overall Accuracy,0.0035692692015780107,0.004265711972617623,0.005070973926632174,0.0056150698415068714
""
class,f1-score,precision,recall,support
Mangroves,0.8830203442879498,0.891390205371248,0.8748062015503876,2580
Mangroves > Not Mangroves,0.5558912386706948,0.467005076142132,0.6865671641791045,134
Not Mangroves,0.9671570490201401,0.9716404886561955,0.9627147952015562,9253
Not Mangroves > Mangroves,0.25,0.1650485436893204,0.5151515151515151,33
""
macro avg,0.6640171579946962,0.6237710784647239,0.7598099190206409,12000
weighted (pixel) avg,0.942503007402345,0.9465334544615324,0.9395,12000
""
Confidence Interval,90%,95%,98%,99%
Mangroves,0.010140991588392212,0.012119721654419961,0.014407628293264547,0.015953511157348724
Mangroves > Not Mangroves,0.058295236965534486,0.06966991734905341,0.08282189154249717,0.09170836059212133
Not Mangroves,0.0028432085684641194,0.0033979809720668746,0.00403943656373256,0.004472852504047212
Not Mangroves > Mangroves,0.05998762905990308,0.07169253229110369,0.0852263266521794,0.09437078230155486
""
Point Count Confusion Matrix
,Mangroves,Mangroves > Not Mangroves,Not Mangroves,Not Mangroves > Mangroves,User Acc
Mangroves,2257,41,241,41,87.48062015503876
Mangroves > Not Mangroves,32,92,10,0,68.65671641791045
Not Mangroves,236,64,8908,45,96.27147952015562
Not Mangroves > Mangroves,7,0,9,17,51.515151515151516
Producer,89.13902053712481,46.7005076142132,97.16404886561955,16.50485436893204
""
