{
    "Mangroves": {
        "f1-score": 0.8814463544754001,
        "precision": 0.9056029232643118,
        "recall": 0.8585450346420324,
        "support": 1732
    },
    "Mangroves > Not Mangroves": {
        "f1-score": 0.5929411764705882,
        "precision": 0.525,
        "recall": 0.6810810810810811,
        "support": 185
    },
    "Not Mangroves": {
        "f1-score": 0.9644722198441914,
        "precision": 0.9715419110037944,
        "recall": 0.9575046744858066,
        "support": 5883
    },
    "Not Mangroves > Mangroves": {
        "f1-score": 0.32592592592592595,
        "precision": 0.22564102564102564,
        "recall": 0.5866666666666667,
        "support": 75
    },
    "accuracy": 0.9257142857142857,
    "accuracy_conf_interval": [
        0.004846293380876532,
        0.005791911601535369,
        0.006885282669172148,
        0.0076240469040618625
    ],
    "cls_confidence_intervals": {
        "Mangroves": [
            0.011833288481252473,
            0.014142222819057833,
            0.016811928147145282,
            0.01861578309855572
        ],
        "Mangroves > Not Mangroves": [
            0.05286456752873327,
            0.06317960509531537,
            0.07510636728167593,
            0.0831649903805682
        ],
        "Not Mangroves": [
            0.003581280840112209,
            0.004280067345499958,
            0.005088039242354542,
            0.005633966199688719
        ],
        "Not Mangroves > Mangroves": [
            0.04909154980898157,
            0.058670388796099926,
            0.06974592137495553,
            0.07722938933364175
        ]
    },
    "cohen_kappa": 0.8157472724697039,
    "confusion_matrix": [
        [
            1487,
            47,
            132,
            66
        ],
        [
            41,
            126,
            18,
            0
        ],
        [
            98,
            67,
            5633,
            85
        ],
        [
            16,
            0,
            15,
            44
        ]
    ],
    "macro avg": {
        "f1-score": 0.6911964191790264,
        "precision": 0.6569464649772829,
        "recall": 0.7709493642188967,
        "support": 7875
    },
    "producer_accuracy": [
        90.56029232643118,
        52.5,
        97.15419110037944,
        22.564102564102566
    ],
    "user_accuracy": [
        85.85450346420323,
        68.10810810810811,
        95.75046744858065,
        58.666666666666664
    ],
    "weighted avg": {
        "f1-score": 0.9314023768109555,
        "precision": 0.9394455114225,
        "recall": 0.9257142857142857,
        "support": 7875
    }
}