{
    "Mangroves": {
        "f1-score": 0.8780189544481809,
        "precision": 0.8804414469650521,
        "recall": 0.875609756097561,
        "support": 1640
    },
    "Mangroves > Not Mangroves": {
        "f1-score": 0.635036496350365,
        "precision": 0.5667752442996743,
        "recall": 0.7219917012448133,
        "support": 241
    },
    "Not Mangroves": {
        "f1-score": 0.9486474094452086,
        "precision": 0.9652437602052718,
        "recall": 0.9326121253098941,
        "support": 4437
    },
    "Not Mangroves > Mangroves": {
        "f1-score": 0.5617977528089888,
        "precision": 0.4646840148698885,
        "recall": 0.7102272727272727,
        "support": 176
    },
    "accuracy": 0.90437326763166,
    "accuracy_conf_interval": [
        0.005984821778583178,
        0.00715259188172136,
        0.008502826063474883,
        0.009415146456551586
    ],
    "cls_confidence_intervals": {
        "Mangroves": [
            0.013175206540102652,
            0.01574597854792756,
            0.01871843368197511,
            0.02072684931308832
        ],
        "Mangroves > Not Mangroves": [
            0.04638063918240649,
            0.055430519998485805,
            0.06589444469207752,
            0.07296466407963949
        ],
        "Not Mangroves": [
            0.004587773834515527,
            0.00548294921686002,
            0.006517995752695841,
            0.007217351520152476
        ],
        "Not Mangroves > Mangroves": [
            0.04987141384933313,
            0.05960242142969081,
            0.07085389894447938,
            0.07845624861663382
        ]
    },
    "cohen_kappa": 0.8018725736873408,
    "confusion_matrix": [
        [
            1436,
            34,
            112,
            58
        ],
        [
            46,
            174,
            21,
            0
        ],
        [
            115,
            98,
            4138,
            86
        ],
        [
            34,
            1,
            16,
            125
        ]
    ],
    "macro avg": {
        "f1-score": 0.7558751532631858,
        "precision": 0.7192861165849717,
        "recall": 0.8101102138448852,
        "support": 6494
    },
    "producer_accuracy": [
        88.04414469650521,
        56.67752442996743,
        96.52437602052719,
        46.468401486988846
    ],
    "user_accuracy": [
        87.5609756097561,
        72.19917012448133,
        93.26121253098941,
        71.02272727272727
    ],
    "weighted avg": {
        "f1-score": 0.9086879952445684,
        "precision": 0.9154739386428701,
        "recall": 0.90437326763166,
        "support": 6494
    }
}