{
    "Mangroves": {
        "f1-score": 0.8755129958960328,
        "precision": 0.8922969675845243,
        "recall": 0.8593487747566297,
        "support": 2979
    },
    "Mangroves > Not Mangroves": {
        "f1-score": 0.611111111111111,
        "precision": 0.520460358056266,
        "recall": 0.74,
        "support": 550
    },
    "Not Mangroves": {
        "f1-score": 0.9445108190627906,
        "precision": 0.959541469993257,
        "recall": 0.9299437981963142,
        "support": 7651
    },
    "Not Mangroves > Mangroves": {
        "f1-score": 0.5,
        "precision": 0.40716612377850164,
        "recall": 0.6476683937823834,
        "support": 193
    },
    "accuracy": 0.8974764793809901,
    "accuracy_conf_interval": [
        0.004664763410724557,
        0.0055749611494025205,
        0.006627377284748915,
        0.007338469268091073
    ],
    "cls_confidence_intervals": {
        "Mangroves": [
            0.009491770917695132,
            0.011343823779684428,
            0.013485259901359549,
            0.014932176199788686
        ],
        "Mangroves > Not Mangroves": [
            0.029298578975194483,
            0.03501537487279341,
            0.04162542012939217,
            0.046091666924391324
        ],
        "Not Mangroves": [
            0.003752538827411405,
            0.004484741525442899,
            0.0053313508950418136,
            0.0059033842528789186
        ],
        "Not Mangroves > Mangroves": [
            0.045986142983902877,
            0.05495904893198149,
            0.06533397143444739,
            0.0723440542063838
        ]
    },
    "cohen_kappa": 0.791419117225383,
    "confusion_matrix": [
        [
            2560,
            128,
            217,
            74
        ],
        [
            86,
            407,
            57,
            0
        ],
        [
            183,
            245,
            7115,
            108
        ],
        [
            40,
            2,
            26,
            125
        ]
    ],
    "macro avg": {
        "f1-score": 0.7327837315174837,
        "precision": 0.6948662298531373,
        "recall": 0.7942402416838319,
        "support": 11373
    },
    "producer_accuracy": [
        89.22969675845242,
        52.0460358056266,
        95.9541469993257,
        40.71661237785016
    ],
    "user_accuracy": [
        85.93487747566297,
        74.0,
        92.99437981963142,
        64.76683937823834
    ],
    "weighted avg": {
        "f1-score": 0.9027711775727427,
        "precision": 0.9113198551106044,
        "recall": 0.8974764793809901,
        "support": 11373
    }
}