{
    "Mangroves": {
        "f1-score": 0.7555555555555555,
        "precision": 0.8360655737704918,
        "recall": 0.6891891891891891,
        "support": 148
    },
    "Mangroves > Not Mangroves": {
        "f1-score": 0.22222222222222224,
        "precision": 0.12790697674418605,
        "recall": 0.8461538461538461,
        "support": 13
    },
    "Not Mangroves": {
        "f1-score": 0.9199084668192219,
        "precision": 0.9710144927536232,
        "recall": 0.8739130434782608,
        "support": 460
    },
    "Not Mangroves > Mangroves": {
        "f1-score": 0.0,
        "precision": 0.0,
        "recall": 0.0,
        "support": 6
    },
    "accuracy": 0.8213716108452951,
    "accuracy_conf_interval": [
        0.025087371595625158,
        0.029982468492332506,
        0.03564242427915038,
        0.039466718729703
    ],
    "cls_confidence_intervals": {
        "Mangroves": [
            0.05496917079836688,
            0.06569486266146285,
            0.07809644387816758,
            0.0864758906462113
        ],
        "Mangroves > Not Mangroves": [
            0.05906403944581453,
            0.07058873006938811,
            0.08391415360289504,
            0.09291781815256189
        ],
        "Not Mangroves": [
            0.013522188506313993,
            0.016160664312424043,
            0.019211401963238787,
            0.02127271118676226
        ],
        "Not Mangroves > Mangroves": [
            0.0,
            0.0,
            0.0,
            0.0
        ]
    },
    "cohen_kappa": 0.6172766166171622,
    "confusion_matrix": [
        [
            102,
            35,
            7,
            4
        ],
        [
            1,
            11,
            1,
            0
        ],
        [
            17,
            40,
            402,
            1
        ],
        [
            2,
            0,
            4,
            0
        ]
    ],
    "macro avg": {
        "f1-score": 0.47442156114924994,
        "precision": 0.48374676081707524,
        "recall": 0.602314019705324,
        "support": 627
    },
    "producer_accuracy": [
        83.60655737704919,
        12.790697674418606,
        97.10144927536231,
        0.0
    ],
    "user_accuracy": [
        68.91891891891892,
        84.61538461538461,
        87.39130434782608,
        0.0
    ],
    "weighted avg": {
        "f1-score": 0.8578453043827005,
        "precision": 0.9123878186321753,
        "recall": 0.8213716108452951,
        "support": 627
    }
}