{
    "Mangroves": {
        "f1-score": 0.8908501440922189,
        "precision": 0.8956899674031148,
        "recall": 0.8860623432461483,
        "support": 2791
    },
    "Mangroves > Not Mangroves": {
        "f1-score": 0.6689814814814815,
        "precision": 0.6122881355932204,
        "recall": 0.7372448979591837,
        "support": 392
    },
    "Not Mangroves": {
        "f1-score": 0.9545424114614715,
        "precision": 0.9645514815315924,
        "recall": 0.9447389345348529,
        "support": 7546
    },
    "Not Mangroves > Mangroves": {
        "f1-score": 0.5895404120443739,
        "precision": 0.5054347826086957,
        "recall": 0.7072243346007605,
        "support": 263
    },
    "accuracy": 0.9167576419213974,
    "accuracy_conf_interval": [
        0.004321205744789959,
        0.005164367841334341,
        0.006139274015463784,
        0.0067979944033890825
    ],
    "cls_confidence_intervals": {
        "Mangroves": [
            0.0095400915013597,
            0.011401572769917693,
            0.01355391048668787,
            0.0150081927277488
        ],
        "Mangroves > Not Mangroves": [
            0.03677945726878592,
            0.0439559367358661,
            0.05225374111967755,
            0.057860365703333944
        ],
        "Not Mangroves": [
            0.0035273942095171546,
            0.004215666250398551,
            0.005011480797667666,
            0.005549193329606256
        ],
        "Not Mangroves > Mangroves": [
            0.04274292967390715,
            0.0510830135127183,
            0.0607262354513437,
            0.06724192595041492
        ]
    },
    "cohen_kappa": 0.8237468123190284,
    "confusion_matrix": [
        [
            2473,
            56,
            184,
            78
        ],
        [
            66,
            289,
            37,
            0
        ],
        [
            187,
            126,
            7129,
            104
        ],
        [
            35,
            1,
            41,
            186
        ]
    ],
    "macro avg": {
        "f1-score": 0.7759786122698864,
        "precision": 0.7444910917841558,
        "recall": 0.8188176275852364,
        "support": 10992
    },
    "producer_accuracy": [
        89.56899674031148,
        61.228813559322035,
        96.45514815315924,
        50.54347826086957
    ],
    "user_accuracy": [
        88.60623432461483,
        73.72448979591837,
        94.47389345348529,
        70.72243346007605
    ],
    "weighted avg": {
        "f1-score": 0.9194532076199108,
        "precision": 0.9235191480747924,
        "recall": 0.9167576419213974,
        "support": 10992
    }
}