{
    "Mangroves": {
        "f1-score": 0.8893820416524412,
        "precision": 0.8973475714777817,
        "recall": 0.8815566835871405,
        "support": 2955
    },
    "Mangroves > Not Mangroves": {
        "f1-score": 0.672686230248307,
        "precision": 0.6157024793388429,
        "recall": 0.7412935323383084,
        "support": 402
    },
    "Not Mangroves": {
        "f1-score": 0.9592138150420357,
        "precision": 0.9666819326768948,
        "recall": 0.9518602029312289,
        "support": 8870
    },
    "Not Mangroves > Mangroves": {
        "f1-score": 0.5849056603773585,
        "precision": 0.5013477088948787,
        "recall": 0.7018867924528301,
        "support": 265
    },
    "accuracy": 0.9231508165225745,
    "accuracy_conf_interval": [
        0.003908263332425832,
        0.004670851299728433,
        0.005552593636922066,
        0.0061483654863772235
    ],
    "cls_confidence_intervals": {
        "Mangroves": [
            0.009238155967572895,
            0.0110407229856359,
            0.013124941100271249,
            0.01453319658313297
        ],
        "Mangroves > Not Mangroves": [
            0.03626105284345379,
            0.04333638022754233,
            0.05151722751539472,
            0.05704482703421389
        ],
        "Not Mangroves": [
            0.0031493356967310445,
            0.003763840222922468,
            0.0044743610813313016,
            0.0049544427424183515
        ],
        "Not Mangroves > Mangroves": [
            0.04257212414541435,
            0.05087888007622691,
            0.060483566621228925,
            0.06697321969217623
        ]
    },
    "cohen_kappa": 0.8279640873425631,
    "confusion_matrix": [
        [
            2605,
            57,
            213,
            80
        ],
        [
            67,
            298,
            37,
            0
        ],
        [
            194,
            128,
            8443,
            105
        ],
        [
            37,
            1,
            41,
            186
        ]
    ],
    "macro avg": {
        "f1-score": 0.7765469368300356,
        "precision": 0.7452699230970995,
        "recall": 0.819149302827377,
        "support": 12492
    },
    "producer_accuracy": [
        89.73475714777817,
        61.57024793388429,
        96.66819326768949,
        50.13477088948787
    ],
    "user_accuracy": [
        88.15566835871405,
        74.12935323383084,
        95.18602029312288,
        70.18867924528301
    ],
    "weighted avg": {
        "f1-score": 0.9255339687052224,
        "precision": 0.9291146618725792,
        "recall": 0.9231508165225745,
        "support": 12492
    }
}