{
    "Mangroves": {
        "f1-score": 0.8805302402651201,
        "precision": 0.8904155495978552,
        "recall": 0.8708620124549328,
        "support": 3051
    },
    "Mangroves > Not Mangroves": {
        "f1-score": 0.6541617819460727,
        "precision": 0.5824634655532359,
        "recall": 0.7459893048128342,
        "support": 374
    },
    "Not Mangroves": {
        "f1-score": 0.9569440654843111,
        "precision": 0.9657451261152109,
        "recall": 0.9483019684187757,
        "support": 9246
    },
    "Not Mangroves > Mangroves": {
        "f1-score": 0.48380952380952374,
        "precision": 0.38837920489296635,
        "recall": 0.6414141414141414,
        "support": 198
    },
    "accuracy": 0.9193410521408035,
    "accuracy_conf_interval": [
        0.003936733815066341,
        0.0047048769984939206,
        0.005593042554332059,
        0.006193154416384855
    ],
    "cls_confidence_intervals": {
        "Mangroves": [
            0.0093781089401126,
            0.011207983855256521,
            0.013323776725891683,
            0.01475336650334787
        ],
        "Mangroves > Not Mangroves": [
            0.03695367861074532,
            0.044164152486012694,
            0.05250126290429061,
            0.05813444561934324
        ],
        "Not Mangroves": [
            0.003130525811833037,
            0.0037413601165809467,
            0.004447637281445717,
            0.0049248515820300215
        ],
        "Not Mangroves > Mangroves": [
            0.04420171065673014,
            0.05282643468731163,
            0.06279877184767148,
            0.06953683749656327
        ]
    },
    "cohen_kappa": 0.8152893919439952,
    "confusion_matrix": [
        [
            2657,
            64,
            249,
            81
        ],
        [
            65,
            279,
            30,
            0
        ],
        [
            224,
            135,
            8768,
            119
        ],
        [
            38,
            1,
            32,
            127
        ]
    ],
    "macro avg": {
        "f1-score": 0.7438614028762569,
        "precision": 0.7067508365398171,
        "recall": 0.801641856775171,
        "support": 12869
    },
    "producer_accuracy": [
        89.04155495978551,
        58.24634655532359,
        96.57451261152109,
        38.837920489296636
    ],
    "user_accuracy": [
        87.08620124549327,
        74.59893048128342,
        94.83019684187757,
        64.14141414141415
    ],
    "weighted avg": {
        "f1-score": 0.9227487283144719,
        "precision": 0.9278636798950978,
        "recall": 0.9193410521408035,
        "support": 12869
    }
}