{
    "Mangroves": {
        "f1-score": 0.8399122807017544,
        "precision": 0.8804597701149425,
        "recall": 0.8029350104821803,
        "support": 477
    },
    "Mangroves > Not Mangroves": {
        "f1-score": 0.4357142857142857,
        "precision": 0.2975609756097561,
        "recall": 0.8133333333333334,
        "support": 75
    },
    "Not Mangroves": {
        "f1-score": 0.9314851485148514,
        "precision": 0.9686985172981878,
        "recall": 0.897025171624714,
        "support": 1311
    },
    "Not Mangroves > Mangroves": {
        "f1-score": 0.13793103448275862,
        "precision": 0.10526315789473684,
        "recall": 0.2,
        "support": 10
    },
    "accuracy": 0.8659903897490657,
    "accuracy_conf_interval": [
        0.01290920411266876,
        0.015428073207823642,
        0.018340515599096472,
        0.020308382079686223
    ],
    "cls_confidence_intervals": {
        "Mangroves": [
            0.02551003305875018,
            0.03048760048484778,
            0.03624291282127313,
            0.04013163737291187
        ],
        "Mangroves > Not Mangroves": [
            0.05236718391530627,
            0.06258517102073188,
            0.07439971861138026,
            0.08238252103749402
        ],
        "Not Mangroves": [
            0.00819617602824208,
            0.009795429887411267,
            0.01164456716207564,
            0.012893984239551567
        ],
        "Not Mangroves > Mangroves": [
            0.11546567670087361,
            0.13799556483762943,
            0.16404574799575336,
            0.18164722310259385
        ]
    },
    "cohen_kappa": 0.7223980891813773,
    "confusion_matrix": [
        [
            383,
            64,
            25,
            5
        ],
        [
            6,
            61,
            8,
            0
        ],
        [
            43,
            80,
            1176,
            12
        ],
        [
            3,
            0,
            5,
            2
        ]
    ],
    "macro avg": {
        "f1-score": 0.5862606873534125,
        "precision": 0.5629956052294057,
        "recall": 0.6783233788600569,
        "support": 1873
    },
    "producer_accuracy": [
        88.04597701149424,
        29.756097560975608,
        96.86985172981878,
        10.526315789473683
    ],
    "user_accuracy": [
        80.29350104821803,
        81.33333333333333,
        89.7025171624714,
        20.0
    ],
    "weighted avg": {
        "f1-score": 0.8840753173364154,
        "precision": 0.9147425367177953,
        "recall": 0.8659903897490657,
        "support": 1873
    }
}