{
    "Mangroves": {
        "f1-score": 0.8795397339086659,
        "precision": 0.8972853998532648,
        "recall": 0.8624823695345557,
        "support": 1418
    },
    "Mangroves > Not Mangroves": {
        "f1-score": 0.1333333333333333,
        "precision": 0.078125,
        "recall": 0.45454545454545453,
        "support": 11
    },
    "Not Mangroves": {
        "f1-score": 0.9649324819428452,
        "precision": 0.9697033452556281,
        "recall": 0.9602083333333333,
        "support": 4800
    },
    "Not Mangroves > Mangroves": {
        "f1-score": 0.17582417582417584,
        "precision": 0.11428571428571428,
        "recall": 0.38095238095238093,
        "support": 21
    },
    "accuracy": 0.9352,
    "accuracy_conf_interval": [
        0.00510673816859255,
        0.006103174884415486,
        0.007255304837085757,
        0.008033771021322427
    ],
    "cls_confidence_intervals": {
        "Mangroves": [
            0.013485818508107181,
            0.01611719772920127,
            0.019159729953591303,
            0.021215494970071056
        ],
        "Mangroves > Not Mangroves": [
            0.05501547855703315,
            0.06575020608035669,
            0.07816223477919954,
            0.08654874065679606
        ],
        "Not Mangroves": [
            0.0040773381123248445,
            0.0048729162805833505,
            0.005792803537632249,
            0.006414348981584207
        ],
        "Not Mangroves > Mangroves": [
            0.06236452606079173,
            0.07453321407265354,
            0.08860325958636875,
            0.09811004709563577
        ]
    },
    "cohen_kappa": 0.823152655256773,
    "confusion_matrix": [
        [
            1223,
            28,
            133,
            34
        ],
        [
            4,
            5,
            2,
            0
        ],
        [
            132,
            31,
            4609,
            28
        ],
        [
            4,
            0,
            9,
            8
        ]
    ],
    "macro avg": {
        "f1-score": 0.538407431252255,
        "precision": 0.5148498648486518,
        "recall": 0.6645471345914311,
        "support": 6250
    },
    "producer_accuracy": [
        89.72853998532648,
        7.8125,
        96.9703345255628,
        11.428571428571429
    ],
    "user_accuracy": [
        86.24823695345557,
        45.45454545454545,
        96.02083333333333,
        38.095238095238095
    ],
    "weighted avg": {
        "f1-score": 0.9414435568587392,
        "precision": 0.9488297806750311,
        "recall": 0.9352,
        "support": 6250
    }
}