{
    "Mangroves": {
        "f1-score": 0.888043736629427,
        "precision": 0.9067961165048544,
        "recall": 0.8700512342803912,
        "support": 2147
    },
    "Mangroves > Not Mangroves": {
        "f1-score": 0.4827586206896552,
        "precision": 0.3798449612403101,
        "recall": 0.6621621621621622,
        "support": 74
    },
    "Not Mangroves": {
        "f1-score": 0.9655813953488371,
        "precision": 0.9677280550774526,
        "recall": 0.9634442381836356,
        "support": 7003
    },
    "Not Mangroves > Mangroves": {
        "f1-score": 0.22608695652173913,
        "precision": 0.14606741573033707,
        "recall": 0.5,
        "support": 26
    },
    "accuracy": 0.9380540540540541,
    "accuracy_conf_interval": [
        0.004110487753616285,
        0.004912534144565805,
        0.0058399002841011865,
        0.006466499027030498
    ],
    "cls_confidence_intervals": {
        "Mangroves": [
            0.010504661631564162,
            0.012554351706015706,
            0.014924305854600304,
            0.016525626225265575
        ],
        "Mangroves > Not Mangroves": [
            0.07008132691007482,
            0.08375573216082112,
            0.09956676323199655,
            0.1102498923341421
        ],
        "Not Mangroves": [
            0.0034709982485152746,
            0.004148266199445085,
            0.004931357267707677,
            0.005460472854371592
        ],
        "Not Mangroves > Mangroves": [
            0.06139560882539991,
            0.07337523981572185,
            0.08722668814828159,
            0.0965857748594706
        ]
    },
    "cohen_kappa": 0.8359203246865978,
    "confusion_matrix": [
        [
            1868,
            35,
            207,
            37
        ],
        [
            16,
            49,
            9,
            0
        ],
        [
            172,
            45,
            6747,
            39
        ],
        [
            4,
            0,
            9,
            13
        ]
    ],
    "macro avg": {
        "f1-score": 0.6406176772974146,
        "precision": 0.6001091371382385,
        "recall": 0.7489144086565472,
        "support": 9250
    },
    "producer_accuracy": [
        90.67961165048544,
        37.98449612403101,
        96.77280550774526,
        14.606741573033707
    ],
    "user_accuracy": [
        87.00512342803913,
        66.21621621621621,
        96.34442381836355,
        50.0
    ],
    "weighted avg": {
        "f1-score": 0.9416431149158796,
        "precision": 0.9465726607334157,
        "recall": 0.9380540540540541,
        "support": 9250
    }
}