{
    "Mangroves": {
        "f1-score": 0.8515831134564645,
        "precision": 0.8699460916442049,
        "recall": 0.8339793281653747,
        "support": 1548
    },
    "Mangroves > Not Mangroves": {
        "f1-score": 0.5509325681492109,
        "precision": 0.4549763033175355,
        "recall": 0.6981818181818182,
        "support": 275
    },
    "Not Mangroves": {
        "f1-score": 0.9476664918720503,
        "precision": 0.9580152671755725,
        "recall": 0.937538908487238,
        "support": 4819
    },
    "Not Mangroves > Mangroves": {
        "f1-score": 0.5526315789473685,
        "precision": 0.5080645161290323,
        "recall": 0.6057692307692307,
        "support": 104
    },
    "accuracy": 0.898903053661429,
    "accuracy_conf_interval": [
        0.006019301904980291,
        0.007193799837659372,
        0.00855181307231956,
        0.009469389582225093
    ],
    "cls_confidence_intervals": {
        "Mangroves": [
            0.01431972811691089,
            0.017113821408015456,
            0.02034449177585511,
            0.02252737715953055
        ],
        "Mangroves > Not Mangroves": [
            0.039754811994528134,
            0.047511848481265335,
            0.056480921919055224,
            0.06254110667431866
        ],
        "Not Mangroves": [
            0.004789485489526642,
            0.005724019243580621,
            0.006804573896705535,
            0.007534678392060206
        ],
        "Not Mangroves > Mangroves": [
            0.07362859488149574,
            0.08799514998032419,
            0.10460647931334457,
            0.1158303504843043
        ]
    },
    "cohen_kappa": 0.7739837435118428,
    "confusion_matrix": [
        [
            1291,
            95,
            142,
            20
        ],
        [
            43,
            192,
            40,
            0
        ],
        [
            126,
            134,
            4518,
            41
        ],
        [
            24,
            1,
            16,
            63
        ]
    ],
    "macro avg": {
        "f1-score": 0.7257034381062736,
        "precision": 0.6977505445665864,
        "recall": 0.7688673214009154,
        "support": 6746
    },
    "producer_accuracy": [
        86.9946091644205,
        45.497630331753555,
        95.80152671755725,
        50.806451612903224
    ],
    "user_accuracy": [
        83.39793281653746,
        69.81818181818183,
        93.7538908487238,
        60.57692307692307
    ],
    "weighted avg": {
        "f1-score": 0.9033554142326679,
        "precision": 0.9103630767082798,
        "recall": 0.898903053661429,
        "support": 6746
    }
}