{
    "Mangroves": {
        "f1-score": 0.8774193548387097,
        "precision": 0.8880597014925373,
        "recall": 0.8670309653916212,
        "support": 2745
    },
    "Mangroves > Not Mangroves": {
        "f1-score": 0.6586826347305389,
        "precision": 0.588865096359743,
        "recall": 0.7472826086956522,
        "support": 368
    },
    "Not Mangroves": {
        "f1-score": 0.9579258058915446,
        "precision": 0.9667094965541408,
        "recall": 0.9493002982335398,
        "support": 8718
    },
    "Not Mangroves > Mangroves": {
        "f1-score": 0.44543429844098,
        "precision": 0.34965034965034963,
        "recall": 0.6134969325153374,
        "support": 163
    },
    "accuracy": 0.9197098549274637,
    "accuracy_conf_interval": [
        0.00406928743246982,
        0.00486329473636637,
        0.005781365681496756,
        0.0064016838876659364
    ],
    "cls_confidence_intervals": {
        "Mangroves": [
            0.00998828125409646,
            0.011937214181725038,
            0.014190667879295581,
            0.01571327172900541
        ],
        "Mangroves > Not Mangroves": [
            0.037340960809712186,
            0.044627001943314565,
            0.053051487004042316,
            0.05874370663966917
        ],
        "Not Mangroves": [
            0.0031797265523622487,
            0.003800161001603663,
            0.004517538333539049,
            0.005002252747008904
        ],
        "Not Mangroves > Mangroves": [
            0.046243561082985385,
            0.0552666949528362,
            0.06569969348985119,
            0.07274901682567214
        ]
    },
    "cohen_kappa": 0.812636808999178,
    "confusion_matrix": [
        [
            2380,
            62,
            227,
            76
        ],
        [
            64,
            275,
            29,
            0
        ],
        [
            203,
            129,
            8276,
            110
        ],
        [
            33,
            1,
            29,
            100
        ]
    ],
    "macro avg": {
        "f1-score": 0.7348655234754433,
        "precision": 0.6983211610141927,
        "recall": 0.7942777012090376,
        "support": 11994
    },
    "producer_accuracy": [
        88.80597014925374,
        58.886509635974306,
        96.67094965541409,
        34.96503496503497
    ],
    "user_accuracy": [
        86.70309653916212,
        74.72826086956522,
        94.93002982335398,
        61.34969325153374
    ],
    "weighted avg": {
        "f1-score": 0.9233545360197983,
        "precision": 0.9287304180431389,
        "recall": 0.9197098549274637,
        "support": 11994
    }
}