{
    "Mangroves": {
        "f1-score": 0.8643626904496471,
        "precision": 0.8760828625235405,
        "recall": 0.8529519618628529,
        "support": 2727
    },
    "Mangroves > Not Mangroves": {
        "f1-score": 0.5948372615039282,
        "precision": 0.5165692007797271,
        "recall": 0.701058201058201,
        "support": 378
    },
    "Not Mangroves": {
        "f1-score": 0.9522855796418473,
        "precision": 0.9640982824427481,
        "recall": 0.9407588454376163,
        "support": 8592
    },
    "Not Mangroves > Mangroves": {
        "f1-score": 0.47443762781186094,
        "precision": 0.3659305993690852,
        "recall": 0.6744186046511628,
        "support": 172
    },
    "accuracy": 0.9090909090909091,
    "accuracy_conf_interval": [
        0.004327569965077429,
        0.005171973860702293,
        0.006148315865018543,
        0.006808006408475468
    ],
    "cls_confidence_intervals": {
        "Mangroves": [
            0.010486966099504965,
            0.01253320338721325,
            0.014899165251125958,
            0.016497788132148056
        ],
        "Mangroves > Not Mangroves": [
            0.03618400025191843,
            0.04324429298400008,
            0.05140775645546948,
            0.056923610152408266
        ],
        "Not Mangroves": [
            0.0033322415917987607,
            0.003982435073125348,
            0.004734221285909215,
            0.0052421849431956115
        ],
        "Not Mangroves > Mangroves": [
            0.04436923880342726,
            0.053026651252876485,
            0.06303678439755216,
            0.06980038787368435
        ]
    },
    "cohen_kappa": 0.7912499443758119,
    "confusion_matrix": [
        [
            2326,
            88,
            235,
            78
        ],
        [
            67,
            265,
            46,
            0
        ],
        [
            227,
            159,
            8083,
            123
        ],
        [
            35,
            1,
            20,
            116
        ]
    ],
    "macro avg": {
        "f1-score": 0.721480789851821,
        "precision": 0.6806702362787752,
        "recall": 0.7922969032524582,
        "support": 11869
    },
    "producer_accuracy": [
        87.60828625235405,
        51.656920077972714,
        96.4098282442748,
        36.59305993690852
    ],
    "user_accuracy": [
        85.2951961862853,
        70.1058201058201,
        94.07588454376163,
        67.44186046511628
    ],
    "weighted avg": {
        "f1-score": 0.9137759300674924,
        "precision": 0.9209548934060162,
        "recall": 0.9090909090909091,
        "support": 11869
    }
}