{
    "Mangroves": {
        "f1-score": 0.8707251312615297,
        "precision": 0.8861929520508377,
        "recall": 0.8557880055788005,
        "support": 3585
    },
    "Mangroves > Not Mangroves": {
        "f1-score": 0.6082234290147401,
        "precision": 0.5137614678899083,
        "recall": 0.7452471482889734,
        "support": 526
    },
    "Not Mangroves": {
        "f1-score": 0.9508516765093464,
        "precision": 0.9628348324602155,
        "recall": 0.9391631315079059,
        "support": 10372
    },
    "Not Mangroves > Mangroves": {
        "f1-score": 0.5217391304347826,
        "precision": 0.4306930693069307,
        "recall": 0.6615969581749049,
        "support": 263
    },
    "accuracy": 0.9070256340702564,
    "accuracy_conf_interval": [
        0.0039219145440139635,
        0.004687166162358152,
        0.00557198834606862,
        0.006169841172900016
    ],
    "cls_confidence_intervals": {
        "Mangroves": [
            0.008851747995271105,
            0.010578918335811809,
            0.012575959042061997,
            0.013925310870609423
        ],
        "Mangroves > Not Mangroves": [
            0.02967474730642586,
            0.03546494190280164,
            0.042159854404861134,
            0.046683443933279715
        ],
        "Not Mangroves": [
            0.003084337663712768,
            0.003686159646876235,
            0.004382016314908994,
            0.004852189739255452
        ],
        "Not Mangroves > Mangroves": [
            0.040402695698253895,
            0.04828614851742538,
            0.05740139083959243,
            0.06356033835457015
        ]
    },
    "cohen_kappa": 0.7970043858484724,
    "confusion_matrix": [
        [
            3068,
            141,
            278,
            98
        ],
        [
            78,
            392,
            56,
            0
        ],
        [
            270,
            229,
            9741,
            132
        ],
        [
            46,
            1,
            42,
            174
        ]
    ],
    "macro avg": {
        "f1-score": 0.7378848418050997,
        "precision": 0.698370580426973,
        "recall": 0.8004488108876462,
        "support": 14746
    },
    "producer_accuracy": [
        88.61929520508377,
        51.37614678899083,
        96.28348324602155,
        43.06930693069307
    ],
    "user_accuracy": [
        85.57880055788006,
        74.52471482889734,
        93.91631315079059,
        66.15969581749049
    ],
    "weighted avg": {
        "f1-score": 0.9114964125385614,
        "precision": 0.9186922165141342,
        "recall": 0.9070256340702564,
        "support": 14746
    }
}