{
    "Mangroves": {
        "f1-score": 0.877257525083612,
        "precision": 0.8930881852230167,
        "recall": 0.8619783108774236,
        "support": 3043
    },
    "Mangroves > Not Mangroves": {
        "f1-score": 0.6103216155572176,
        "precision": 0.5190839694656488,
        "recall": 0.7404718693284936,
        "support": 551
    },
    "Not Mangroves": {
        "f1-score": 0.9438454924267478,
        "precision": 0.9592632428072062,
        "recall": 0.9289155057935164,
        "support": 7681
    },
    "Not Mangroves > Mangroves": {
        "f1-score": 0.5321428571428571,
        "precision": 0.4421364985163205,
        "recall": 0.6681614349775785,
        "support": 223
    },
    "accuracy": 0.8971125413115324,
    "accuracy_conf_interval": [
        0.004646622382383229,
        0.005553280408214103,
        0.0066016037505810515,
        0.007309930333261422
    ],
    "cls_confidence_intervals": {
        "Mangroves": [
            0.009350867379958112,
            0.011175426868730428,
            0.013285073777623418,
            0.01471051087822679
        ],
        "Mangroves > Not Mangroves": [
            0.0292271191765581,
            0.034929971698813345,
            0.041523894927670967,
            0.04597924846068287
        ],
        "Not Mangroves": [
            0.0037590481614391217,
            0.004492520973427243,
            0.005340598912288509,
            0.005913624546654228
        ],
        "Not Mangroves > Mangroves": [
            0.04436812293520145,
            0.053025317654265144,
            0.06303519904818256,
            0.06979863242245106
        ]
    },
    "cohen_kappa": 0.7927363286179001,
    "confusion_matrix": [
        [
            2623,
            129,
            217,
            74
        ],
        [
            86,
            408,
            57,
            0
        ],
        [
            185,
            247,
            7135,
            114
        ],
        [
            43,
            2,
            29,
            149
        ]
    ],
    "macro avg": {
        "f1-score": 0.7408918725526086,
        "precision": 0.703392974003048,
        "recall": 0.799881780244253,
        "support": 11498
    },
    "producer_accuracy": [
        89.30881852230166,
        51.908396946564885,
        95.92632428072062,
        44.21364985163205
    ],
    "user_accuracy": [
        86.19783108774236,
        74.04718693284936,
        92.89155057935164,
        66.81614349775785
    ],
    "weighted avg": {
        "f1-score": 0.9022549089819242,
        "precision": 0.9106261977718302,
        "recall": 0.8971125413115324,
        "support": 11498
    }
}