{
    "Mangroves": {
        "f1-score": 0.8327192336035373,
        "precision": 0.8925750394944708,
        "recall": 0.7803867403314917,
        "support": 724
    },
    "Mangroves > Not Mangroves": {
        "f1-score": 0.4347826086956521,
        "precision": 0.2976190476190476,
        "recall": 0.8064516129032258,
        "support": 93
    },
    "Not Mangroves": {
        "f1-score": 0.951921142627238,
        "precision": 0.9688779688779688,
        "recall": 0.9355476472914195,
        "support": 2529
    },
    "Not Mangroves > Mangroves": {
        "f1-score": 0.3835616438356165,
        "precision": 0.30434782608695654,
        "recall": 0.5185185185185185,
        "support": 27
    },
    "accuracy": 0.8953453898606581,
    "accuracy_conf_interval": [
        0.008643908488463848,
        0.010330524778895818,
        0.012280674864707785,
        0.013598343841607761
    ],
    "cls_confidence_intervals": {
        "Mangroves": [
            0.02018445201412532,
            0.02412288167541807,
            0.02867669097128781,
            0.03175358914417276
        ],
        "Mangroves > Not Mangroves": [
            0.04723460650504333,
            0.05645111509139326,
            0.06710770314436035,
            0.07430810047744622
        ],
        "Not Mangroves": [
            0.005762879316955555,
            0.006887343573922493,
            0.008187505371040515,
            0.009065993071795935
        ],
        "Not Mangroves > Mangroves": [
            0.11126180661504435,
            0.13297142741797985,
            0.158073176471374,
            0.17503381772366736
        ]
    },
    "cohen_kappa": 0.7476509222203312,
    "confusion_matrix": [
        [
            565,
            86,
            60,
            13
        ],
        [
            8,
            75,
            10,
            0
        ],
        [
            53,
            91,
            2366,
            19
        ],
        [
            7,
            0,
            6,
            14
        ]
    ],
    "macro avg": {
        "f1-score": 0.650746157190511,
        "precision": 0.6158549705196109,
        "recall": 0.7602261297611639,
        "support": 3373
    },
    "producer_accuracy": [
        89.25750394944708,
        29.761904761904763,
        96.88779688779688,
        30.434782608695656
    ],
    "user_accuracy": [
        78.03867403314916,
        80.64516129032258,
        93.55476472914195,
        51.85185185185185
    ],
    "weighted avg": {
        "f1-score": 0.907526902408984,
        "precision": 0.9286725984640675,
        "recall": 0.8953453898606581,
        "support": 3373
    }
}