{
    "Mangroves": {
        "f1-score": 0.9005497251374313,
        "precision": 0.9307851239669421,
        "recall": 0.872216844143272,
        "support": 1033
    },
    "Mangroves > Not Mangroves": {
        "f1-score": 0.624,
        "precision": 0.5098039215686274,
        "recall": 0.8041237113402062,
        "support": 97
    },
    "Not Mangroves": {
        "f1-score": 0.9665503199534613,
        "precision": 0.9790807307012375,
        "recall": 0.9543365881677197,
        "support": 3482
    },
    "Not Mangroves > Mangroves": {
        "f1-score": 0.1788617886178862,
        "precision": 0.1,
        "recall": 0.8461538461538461,
        "support": 13
    },
    "accuracy": 0.9325405405405406,
    "accuracy_conf_interval": [
        0.006048438491358267,
        0.007228621611623296,
        0.008593208344429734,
        0.009515226407136788
    ],
    "cls_confidence_intervals": {
        "Mangroves": [
            0.01337921426521732,
            0.01598979265843046,
            0.019008273925583147,
            0.02104778829528091
        ],
        "Mangroves > Not Mangroves": [
            0.06628032585211642,
            0.07921307235984647,
            0.09416656050940932,
            0.10427026871857341
        ],
        "Not Mangroves": [
            0.004028751090491848,
            0.004814848864246356,
            0.005723774415150005,
            0.0063379133008957134
        ],
        "Not Mangroves > Mangroves": [
            0.04691035939088314,
            0.05606360024764083,
            0.0666470349882669,
            0.07379800440760885
        ]
    },
    "cohen_kappa": 0.8313563182711814,
    "confusion_matrix": [
        [
            901,
            26,
            62,
            44
        ],
        [
            12,
            78,
            7,
            0
        ],
        [
            55,
            49,
            3323,
            55
        ],
        [
            0,
            0,
            2,
            11
        ]
    ],
    "macro avg": {
        "f1-score": 0.6674904584271947,
        "precision": 0.6299174440592018,
        "recall": 0.8692077474512611,
        "support": 4625
    },
    "producer_accuracy": [
        93.07851239669421,
        50.98039215686274,
        97.90807307012375,
        10.0
    ],
    "user_accuracy": [
        87.2216844143272,
        80.41237113402062,
        95.43365881677197,
        84.61538461538461
    ],
    "weighted avg": {
        "f1-score": 0.9424106558696111,
        "precision": 0.9559807822165874,
        "recall": 0.9325405405405406,
        "support": 4625
    }
}