overall accuracy,0.952
cohen kappa,0.8800444900080846
""
Confidence Interval,90%,95%,98%,99%
Overall Accuracy,0.006149520596699453,0.007349427054592029,0.00873681889653032,0.009674245816758896
""
class,f1-score,precision,recall,support
Mangroves,0.9168591224018476,0.9352179034157833,0.89920724801812,883
Mangroves > Not Mangroves,0.2857142857142857,0.16666666666666666,1.0,2
Not Mangroves,0.97101755870531,0.968763191219924,0.9732824427480916,2358
Not Mangroves > Mangroves,0.2222222222222222,0.15,0.42857142857142855,7
""
macro avg,0.5989532972609164,0.5551619403255935,0.82526527983441,3250
weighted (pixel) avg,0.9542686131184421,0.9573921067526311,0.952,3250
""
Confidence Interval,90%,95%,98%,99%
Mangroves,0.013853959338439624,0.01655717091667175,0.01968275930400264,0.021794643349496483
Mangroves > Not Mangroves,0.17643590799389341,0.21086242662684823,0.2506680887962022,0.2775638064781982
Not Mangroves,0.005861428366458472,0.007005121706255247,0.008327517130395269,0.0092210275521115
Not Mangroves > Mangroves,0.13094349926590476,0.15649345034217885,0.1860355812741208,0.20599648055245995
""
Point Count Confusion Matrix
,Mangroves,Mangroves > Not Mangroves,Not Mangroves,Not Mangroves > Mangroves,User Acc
Mangroves,794,7,71,11,89.920724801812
Mangroves > Not Mangroves,0,2,0,0,100.0
Not Mangroves,54,3,2295,6,97.32824427480917
Not Mangroves > Mangroves,1,0,3,3,42.857142857142854
Producer,93.52179034157832,16.666666666666664,96.87631912199241,15.0
""
