{
    "Mangroves": {
        "f1-score": 0.8899145299145298,
        "precision": 0.897276801103068,
        "recall": 0.8826720922346558,
        "support": 2949
    },
    "Mangroves > Not Mangroves": {
        "f1-score": 0.672686230248307,
        "precision": 0.6157024793388429,
        "recall": 0.7412935323383084,
        "support": 402
    },
    "Not Mangroves": {
        "f1-score": 0.9582748948106592,
        "precision": 0.9661795899127975,
        "recall": 0.9504984929283561,
        "support": 8626
    },
    "Not Mangroves > Mangroves": {
        "f1-score": 0.5849056603773585,
        "precision": 0.5013477088948787,
        "recall": 0.7018867924528301,
        "support": 265
    },
    "accuracy": 0.9219081849371018,
    "accuracy_conf_interval": [
        0.003977079335046812,
        0.004753094815055947,
        0.005650362713816508,
        0.006256624807573644
    ],
    "cls_confidence_intervals": {
        "Mangroves": [
            0.009244160366062557,
            0.011047898974074764,
            0.013133471739588879,
            0.014542642527098415
        ],
        "Mangroves > Not Mangroves": [
            0.03626105284345379,
            0.04333638022754233,
            0.05151722751539472,
            0.05704482703421389
        ],
        "Not Mangroves": [
            0.0032181827193094783,
            0.0038461208108820596,
            0.004572174229262857,
            0.005062750863303936
        ],
        "Not Mangroves > Mangroves": [
            0.04257212414541435,
            0.05087888007622691,
            0.060483566621228925,
            0.06697321969217623
        ]
    },
    "cohen_kappa": 0.8274310114913364,
    "confusion_matrix": [
        [
            2603,
            57,
            209,
            80
        ],
        [
            67,
            298,
            37,
            0
        ],
        [
            194,
            128,
            8199,
            105
        ],
        [
            37,
            1,
            41,
            186
        ]
    ],
    "macro avg": {
        "f1-score": 0.7764453288377137,
        "precision": 0.7451266448123968,
        "recall": 0.8190877274885375,
        "support": 12242
    },
    "producer_accuracy": [
        89.72768011030679,
        61.57024793388429,
        96.61795899127975,
        50.13477088948787
    ],
    "user_accuracy": [
        88.26720922346558,
        74.12935323383084,
        95.0498492928356,
        70.18867924528301
    ],
    "weighted avg": {
        "f1-score": 0.9243470883772679,
        "precision": 0.9280104532422886,
        "recall": 0.9219081849371018,
        "support": 12242
    }
}