overall accuracy,0.8886
cohen kappa,0.7636451836404786
""
Confidence Interval,90%,95%,98%,99%
Overall Accuracy,0.007297172213727726,0.008721010694455088,0.010367323937796099,0.01147969775086435
""
class,f1-score,precision,recall,support
Mangroves,0.8388429752066116,0.8500837520938024,0.8278955954323002,1226
Mangroves > Not Mangroves,0.5232067510548523,0.43661971830985913,0.6526315789473685,190
Not Mangroves,0.9426565242832065,0.9543838862559242,0.9312138728323699,3460
Not Mangroves > Mangroves,0.6074074074074075,0.5616438356164384,0.6612903225806451,124
""
macro avg,0.7280284144880195,0.700682798069006,0.7682578424481709,5000
weighted (pixel) avg,0.8929481725684282,0.8993945017215621,0.8886,5000
""
Confidence Interval,90%,95%,98%,99%
Mangroves,0.016943256847182803,0.02024925818321847,0.024071822228009715,0.02665463577178758
Mangroves > Not Mangroves,0.04826554026672688,0.05768320666023456,0.06857238342772783,0.07592993529765571
Not Mangroves,0.005889295142623891,0.007038425902160261,0.008367108342874187,0.009264866748761976
Not Mangroves > Mangroves,0.06734594906723959,0.08048662205596926,0.09568052519918796,0.10594667597163301
""
Point Count Confusion Matrix
,Mangroves,Mangroves > Not Mangroves,Not Mangroves,Not Mangroves > Mangroves,User Acc
Mangroves,1015,70,107,34,82.78955954323001
Mangroves > Not Mangroves,43,124,23,0,65.26315789473685
Not Mangroves,118,90,3222,30,93.12138728323698
Not Mangroves > Mangroves,18,0,24,82,66.12903225806451
Producer,85.00837520938023,43.66197183098591,95.43838862559242,56.16438356164384
""
