{
    "Mangroves": {
        "f1-score": 0.8839709136895353,
        "precision": 0.9036845507433743,
        "recall": 0.8650990099009901,
        "support": 1616
    },
    "Mangroves > Not Mangroves": {
        "f1-score": 0.12658227848101264,
        "precision": 0.07462686567164178,
        "recall": 0.4166666666666667,
        "support": 12
    },
    "Not Mangroves": {
        "f1-score": 0.9653943543092938,
        "precision": 0.96875588179936,
        "recall": 0.9620560747663551,
        "support": 5350
    },
    "Not Mangroves > Mangroves": {
        "f1-score": 0.18947368421052632,
        "precision": 0.1232876712328767,
        "recall": 0.4090909090909091,
        "support": 22
    },
    "accuracy": 0.937,
    "accuracy_conf_interval": [
        0.004762499007873911,
        0.005691767106971259,
        0.006766233346552569,
        0.007492224048972372
    ],
    "cls_confidence_intervals": {
        "Mangroves": [
            0.012301415773957597,
            0.01470169202253469,
            0.017477011434951954,
            0.019352227254152806
        ],
        "Mangroves > Not Mangroves": [
            0.052651711252391875,
            0.06292521588700492,
            0.07480395562077627,
            0.0828301311165677
        ],
        "Not Mangroves": [
            0.003914400446843277,
            0.004678185899885868,
            0.0055613128299663635,
            0.006158020215155887
        ],
        "Not Mangroves > Mangroves": [
            0.0631060212827356,
            0.07541939128912303,
            0.08965672535900851,
            0.09927654567649868
        ]
    },
    "cohen_kappa": 0.8291935501005694,
    "confusion_matrix": [
        [
            1398,
            29,
            155,
            34
        ],
        [
            5,
            5,
            2,
            0
        ],
        [
            140,
            33,
            5147,
            30
        ],
        [
            4,
            0,
            9,
            9
        ]
    ],
    "macro avg": {
        "f1-score": 0.541355307672592,
        "precision": 0.5175887423618132,
        "recall": 0.6632281651062303,
        "support": 7000
    },
    "producer_accuracy": [
        90.36845507433743,
        7.462686567164178,
        96.875588179936,
        12.32876712328767
    ],
    "user_accuracy": [
        86.50990099009901,
        41.66666666666667,
        96.2056074766355,
        40.909090909090914
    ],
    "weighted avg": {
        "f1-score": 0.942720600067345,
        "precision": 0.9495437218261502,
        "recall": 0.937,
        "support": 7000
    }
}