{
    "Mangroves": {
        "f1-score": 0.8623853211009174,
        "precision": 0.912621359223301,
        "recall": 0.8173913043478261,
        "support": 690
    },
    "Mangroves > Not Mangroves": {
        "f1-score": 0.5304347826086956,
        "precision": 0.44525547445255476,
        "recall": 0.6559139784946236,
        "support": 93
    },
    "Not Mangroves": {
        "f1-score": 0.8864185596906718,
        "precision": 0.9225352112676056,
        "recall": 0.8530232558139534,
        "support": 1075
    },
    "Not Mangroves > Mangroves": {
        "f1-score": 0.15827338129496402,
        "precision": 0.08870967741935484,
        "recall": 0.7333333333333333,
        "support": 15
    },
    "accuracy": 0.8291510945008008,
    "accuracy_conf_interval": [
        0.014262573615158763,
        0.017045514808360474,
        0.020263290562999952,
        0.022437463370188787
    ],
    "cls_confidence_intervals": {
        "Mangroves": [
            0.018629344217832043,
            0.02226433821155537,
            0.026467300016797965,
            0.029307139074394313
        ],
        "Mangroves > Not Mangroves": [
            0.06963614340221747,
            0.0832236835782599,
            0.09893427690680898,
            0.10954954266934212
        ],
        "Not Mangroves": [
            0.013905746304193138,
            0.016619062656230824,
            0.0197563346882744,
            0.021876113088303843
        ],
        "Not Mangroves > Mangroves": [
            0.041874234867861834,
            0.05004481728110317,
            0.059492053196413465,
            0.06587532070675826
        ]
    },
    "cohen_kappa": 0.7001037748216464,
    "confusion_matrix": [
        [
            564,
            13,
            60,
            53
        ],
        [
            17,
            61,
            15,
            0
        ],
        [
            35,
            63,
            917,
            60
        ],
        [
            2,
            0,
            2,
            11
        ]
    ],
    "macro avg": {
        "f1-score": 0.6093780111738122,
        "precision": 0.5922804305907041,
        "recall": 0.7649154679974342,
        "support": 1873
    },
    "producer_accuracy": [
        91.2621359223301,
        44.52554744525548,
        92.25352112676056,
        8.870967741935484
    ],
    "user_accuracy": [
        81.73913043478261,
        65.59139784946237,
        85.30232558139534,
        73.33333333333333
    ],
    "weighted avg": {
        "f1-score": 0.8540578530321079,
        "precision": 0.8885069376733217,
        "recall": 0.8291510945008008,
        "support": 1873
    }
}