overall accuracy,0.896
cohen kappa,0.7358929726963999
""
Confidence Interval,90%,95%,98%,99%
Overall Accuracy,0.010554150029464448,0.012613496376677023,0.014994615590641565,0.01660347992440139
""
class,f1-score,precision,recall,support
Mangroves,0.8025974025974025,0.8262032085561497,0.7803030303030303,396
Mangroves > Not Mangroves,0.551470588235294,0.43859649122807015,0.7425742574257426,101
Not Mangroves,0.948943661971831,0.9630732578916021,0.9352226720647774,1729
Not Mangroves > Mangroves,0.6,0.5769230769230769,0.625,24
""
macro avg,0.7257529132011319,0.7011990086497246,0.7707749899483876,2250
weighted (pixel) avg,0.9016225299509476,0.9113220146413352,0.896,2250
""
Confidence Interval,90%,95%,98%,99%
Mangroves,0.032134560372745063,0.0384047184942563,0.045654588822253664,0.050553149854684315
Mangroves > Not Mangroves,0.06223231126419895,0.07437520126696948,0.08841541783267291,0.09790205064733738
Not Mangroves,0.007547770015994609,0.009020505628871606,0.010723356181260635,0.011873930878820788
Not Mangroves > Mangroves,0.15890069553759179,0.18990570930102435,0.22575525646499325,0.24997792346767492
""
Point Count Confusion Matrix
,Mangroves,Mangroves > Not Mangroves,Not Mangroves,Not Mangroves > Mangroves,User Acc
Mangroves,309,38,42,7,78.03030303030303
Mangroves > Not Mangroves,13,75,13,0,74.25742574257426
Not Mangroves,50,58,1617,4,93.52226720647774
Not Mangroves > Mangroves,2,0,7,15,62.5
Producer,82.62032085561498,43.859649122807014,96.30732578916022,57.692307692307686
""
