{
    "Mangroves": {
        "f1-score": 0.8811881188118811,
        "precision": 0.8476190476190476,
        "recall": 0.9175257731958762,
        "support": 97
    },
    "Mangroves > Not Mangroves": {
        "f1-score": 0.0,
        "precision": 0.0,
        "recall": 0.0,
        "support": 0
    },
    "Not Mangroves": {
        "f1-score": 0.9723618090452262,
        "precision": 0.9847328244274809,
        "recall": 0.9602977667493796,
        "support": 403
    },
    "Not Mangroves > Mangroves": {
        "f1-score": 0.0,
        "precision": 0.0,
        "recall": 0.0,
        "support": 0
    },
    "accuracy": 0.952,
    "accuracy_conf_interval": [
        0.01567826276090563,
        0.018737435982545753,
        0.022274605020067145,
        0.024664584099473492
    ],
    "cls_confidence_intervals": {
        "Mangroves": [
            0.05751947243790234,
            0.0687427841331028,
            0.08171973828067833,
            0.0904879505425537
        ],
        "Mangroves > Not Mangroves": [
            0.0,
            0.0,
            0.0,
            0.0
        ],
        "Not Mangroves": [
            0.01014346021609462,
            0.012122671965576497,
            0.014411135550914918,
            0.015957394730197635
        ],
        "Not Mangroves > Mangroves": [
            0.0,
            0.0,
            0.0,
            0.0
        ]
    },
    "cohen_kappa": 0.8526450218576551,
    "confusion_matrix": [
        [
            89,
            1,
            6,
            1
        ],
        [
            0,
            0,
            0,
            0
        ],
        [
            16,
            0,
            387,
            0
        ],
        [
            0,
            0,
            0,
            0
        ]
    ],
    "macro avg": {
        "f1-score": 0.4633874819642768,
        "precision": 0.4580879680116321,
        "recall": 0.46945588498631396,
        "support": 500
    },
    "producer_accuracy": [
        84.76190476190476,
        0.0,
        98.47328244274809,
        0.0
    ],
    "user_accuracy": [
        91.75257731958763,
        NaN,
        96.02977667493796,
        NaN
    ],
    "weighted avg": {
        "f1-score": 0.9546741131399572,
        "precision": 0.9581327517266449,
        "recall": 0.952,
        "support": 500
    }
}