{
    "Mangroves": {
        "f1-score": 0.8619337979094075,
        "precision": 0.8815144766146993,
        "recall": 0.8432040903280784,
        "support": 2347
    },
    "Mangroves > Not Mangroves": {
        "f1-score": 0.5707317073170732,
        "precision": 0.4746450304259635,
        "recall": 0.7155963302752294,
        "support": 327
    },
    "Not Mangroves": {
        "f1-score": 0.9522238163558107,
        "precision": 0.9602141203703703,
        "recall": 0.9443653955606147,
        "support": 7028
    },
    "Not Mangroves > Mangroves": {
        "f1-score": 0.5472636815920398,
        "precision": 0.4845814977973568,
        "recall": 0.6285714285714286,
        "support": 175
    },
    "accuracy": 0.9071580439404677,
    "accuracy_conf_interval": [
        0.00478900113599069,
        0.005723440382037655,
        0.0068038857602794565,
        0.007533916421253647
    ],
    "cls_confidence_intervals": {
        "Mangroves": [
            0.01118621199177013,
            0.013368887502359423,
            0.015892606061478295,
            0.017597821304126182
        ],
        "Mangroves > Not Mangroves": [
            0.03688342814036244,
            0.04408019460677462,
            0.05240145583356371,
            0.05802392963544823
        ],
        "Not Mangroves": [
            0.0038555870204181144,
            0.004607896682938722,
            0.005477754730228175,
            0.0060654966540724
        ],
        "Not Mangroves > Mangroves": [
            0.05439942831499943,
            0.06501395091304811,
            0.07728699266704188,
            0.0855795884467674
        ]
    },
    "cohen_kappa": 0.7918248706744437,
    "confusion_matrix": [
        [
            1979,
            119,
            200,
            49
        ],
        [
            53,
            234,
            40,
            0
        ],
        [
            183,
            140,
            6637,
            68
        ],
        [
            30,
            0,
            35,
            110
        ]
    ],
    "macro avg": {
        "f1-score": 0.7330382507935828,
        "precision": 0.7002387813020974,
        "recall": 0.7829343111838378,
        "support": 9877
    },
    "producer_accuracy": [
        88.15144766146993,
        47.46450304259635,
        96.02141203703704,
        48.458149779735685
    ],
    "user_accuracy": [
        84.32040903280785,
        71.55963302752293,
        94.43653955606148,
        62.857142857142854
    ],
    "weighted avg": {
        "f1-score": 0.910963654714317,
        "precision": 0.917010225943251,
        "recall": 0.9071580439404677,
        "support": 9877
    }
}