{
    "Mangroves": {
        "f1-score": 0.8805154236626317,
        "precision": 0.8916567813364966,
        "recall": 0.8696490551484767,
        "support": 2593
    },
    "Mangroves > Not Mangroves": {
        "f1-score": 0.6497175141242938,
        "precision": 0.5867346938775511,
        "recall": 0.7278481012658228,
        "support": 316
    },
    "Not Mangroves": {
        "f1-score": 0.9605351991652856,
        "precision": 0.9685604654041342,
        "recall": 0.9526418310202094,
        "support": 8214
    },
    "Not Mangroves > Mangroves": {
        "f1-score": 0.3835616438356164,
        "precision": 0.28688524590163933,
        "recall": 0.5785123966942148,
        "support": 121
    },
    "accuracy": 0.9231590181430096,
    "accuracy_conf_interval": [
        0.004119249907667729,
        0.004923005987212653,
        0.0058523489541864706,
        0.0064802833913309415
    ],
    "cls_confidence_intervals": {
        "Mangroves": [
            0.010136059670370604,
            0.012113827410930722,
            0.01440062136095336,
            0.015945752408265953
        ],
        "Mangroves > Not Mangroves": [
            0.04078835333607904,
            0.04874705642604568,
            0.05794930687381961,
            0.06416704366285605
        ],
        "Not Mangroves": [
            0.003183951673073444,
            0.0038052105361121654,
            0.004523541096500687,
            0.005008899583249687
        ],
        "Not Mangroves > Mangroves": [
            0.047487876814648014,
            0.05675380399799397,
            0.06746753230373773,
            0.07470653791572676
        ]
    },
    "cohen_kappa": 0.8179230020681827,
    "confusion_matrix": [
        [
            2255,
            58,
            206,
            74
        ],
        [
            63,
            230,
            23,
            0
        ],
        [
            186,
            103,
            7825,
            100
        ],
        [
            25,
            1,
            25,
            70
        ]
    ],
    "macro avg": {
        "f1-score": 0.7185824451969569,
        "precision": 0.6834592966299553,
        "recall": 0.7821628460321809,
        "support": 11244
    },
    "producer_accuracy": [
        89.16567813364966,
        58.673469387755105,
        96.85604654041342,
        28.688524590163933
    ],
    "user_accuracy": [
        86.96490551484767,
        72.78481012658227,
        95.26418310202094,
        57.85123966942148
    ],
    "weighted avg": {
        "f1-score": 0.9271375233785348,
        "precision": 0.9327590692684542,
        "recall": 0.9231590181430096,
        "support": 11244
    }
}