{
    "Mangroves": {
        "f1-score": 0.824884792626728,
        "precision": 0.817351598173516,
        "recall": 0.8325581395348837,
        "support": 215
    },
    "Mangroves > Not Mangroves": {
        "f1-score": 0.37499999999999994,
        "precision": 0.36,
        "recall": 0.391304347826087,
        "support": 23
    },
    "Not Mangroves": {
        "f1-score": 0.9758342922899885,
        "precision": 0.9780853517877739,
        "recall": 0.9735935706084959,
        "support": 871
    },
    "Not Mangroves > Mangroves": {
        "f1-score": 0.26666666666666666,
        "precision": 0.2857142857142857,
        "recall": 0.25,
        "support": 16
    },
    "accuracy": 0.9244444444444444,
    "accuracy_conf_interval": [
        0.012922340990717748,
        0.015443773379150481,
        0.018359179578275826,
        0.0203290486317389
    ],
    "cls_confidence_intervals": {
        "Mangroves": [
            0.04281876992364464,
            0.05117365185996555,
            0.0608339840988366,
            0.0673612356115873
        ],
        "Mangroves > Not Mangroves": [
            0.15744,
            0.18816,
            0.22368000000000002,
            0.24768
        ],
        "Not Mangroves": [
            0.008154360893666977,
            0.009745455702187362,
            0.011585159074539058,
            0.01282820189369561
        ],
        "Not Mangroves > Mangroves": [
            0.19800756825068103,
            0.23664319132398465,
            0.281315630502492,
            0.31149971102851043
        ]
    },
    "cohen_kappa": 0.7932807879217612,
    "confusion_matrix": [
        [
            179,
            13,
            19,
            4
        ],
        [
            14,
            9,
            0,
            0
        ],
        [
            14,
            3,
            848,
            6
        ],
        [
            12,
            0,
            0,
            4
        ]
    ],
    "macro avg": {
        "f1-score": 0.6105964378958457,
        "precision": 0.6102878089188939,
        "recall": 0.6118640144923666,
        "support": 1125
    },
    "producer_accuracy": [
        81.7351598173516,
        36.0,
        97.80853517877739,
        28.57142857142857
    ],
    "user_accuracy": [
        83.25581395348837,
        39.130434782608695,
        97.35935706084959,
        25.0
    ],
    "weighted avg": {
        "f1-score": 0.9246165028142161,
        "precision": 0.9248838787430094,
        "recall": 0.9244444444444444,
        "support": 1125
    }
}