{
    "Mangroves": {
        "f1-score": 0.8521266073194858,
        "precision": 0.8710819009100101,
        "recall": 0.8339787028073572,
        "support": 2066
    },
    "Mangroves > Not Mangroves": {
        "f1-score": 0.5593719332679097,
        "precision": 0.46266233766233766,
        "recall": 0.707196029776675,
        "support": 403
    },
    "Not Mangroves": {
        "f1-score": 0.9378786508725924,
        "precision": 0.9570031371101679,
        "recall": 0.9195035460992907,
        "support": 5640
    },
    "Not Mangroves > Mangroves": {
        "f1-score": 0.41711229946524064,
        "precision": 0.33191489361702126,
        "recall": 0.5611510791366906,
        "support": 139
    },
    "accuracy": 0.8816682832201745,
    "accuracy_conf_interval": [
        0.0058327412867367565,
        0.006970837147563441,
        0.008286760486644295,
        0.009175897877915142
    ],
    "cls_confidence_intervals": {
        "Mangroves": [
            0.01235711664155283,
            0.014768261352099724,
            0.01755614742366957,
            0.01943985422878433
        ],
        "Mangroves > Not Mangroves": [
            0.03294649405585932,
            0.03937507826188065,
            0.04680812875009281,
            0.051830460161046976
        ],
        "Not Mangroves": [
            0.004519176862985862,
            0.005400967470397738,
            0.00642053786021772,
            0.007109436772258247
        ],
        "Not Mangroves > Mangroves": [
            0.0503777981749253,
            0.06020761245295951,
            0.07157333521193657,
            0.07925287761665079
        ]
    },
    "cohen_kappa": 0.7567879254414718,
    "confusion_matrix": [
        [
            1723,
            114,
            169,
            60
        ],
        [
            73,
            285,
            45,
            0
        ],
        [
            142,
            215,
            5186,
            97
        ],
        [
            40,
            2,
            19,
            78
        ]
    ],
    "macro avg": {
        "f1-score": 0.6916223727313071,
        "precision": 0.6556655673248842,
        "recall": 0.7554573394550034,
        "support": 8248
    },
    "producer_accuracy": [
        87.10819009100102,
        46.26623376623377,
        95.70031371101679,
        33.191489361702125
    ],
    "user_accuracy": [
        83.39787028073572,
        70.71960297766749,
        91.95035460992908,
        56.11510791366906
    ],
    "weighted avg": {
        "f1-score": 0.8891288385519053,
        "precision": 0.9007931611144661,
        "recall": 0.8816682832201745,
        "support": 8248
    }
}