{
    "Mangroves": {
        "f1-score": 0.8442673206621704,
        "precision": 0.870417193426043,
        "recall": 0.8196428571428571,
        "support": 1680
    },
    "Mangroves > Not Mangroves": {
        "f1-score": 0.5562130177514792,
        "precision": 0.45965770171149145,
        "recall": 0.704119850187266,
        "support": 267
    },
    "Not Mangroves": {
        "f1-score": 0.9445732349841939,
        "precision": 0.9540229885057471,
        "recall": 0.9353088480801336,
        "support": 4792
    },
    "Not Mangroves > Mangroves": {
        "f1-score": 0.5644171779141104,
        "precision": 0.48936170212765956,
        "recall": 0.6666666666666666,
        "support": 138
    },
    "accuracy": 0.8926857641413407,
    "accuracy_conf_interval": [
        0.006120999008297338,
        0.007315340278209014,
        0.00869629737154439,
        0.009629376488662886
    ],
    "cls_confidence_intervals": {
        "Mangroves": [
            0.013847712233053816,
            0.016549704863893584,
            0.01967388384330207,
            0.021784815586145638
        ],
        "Mangroves > Not Mangroves": [
            0.04041419638570602,
            0.04829989324145354,
            0.05741773023091161,
            0.06357843089946436
        ],
        "Not Mangroves": [
            0.005011146864714974,
            0.0059889316188057005,
            0.007119495240723104,
            0.007883389579856483
        ],
        "Not Mangroves > Mangroves": [
            0.05979110839364319,
            0.07145766612898821,
            0.08494712351048088,
            0.09406162174121917
        ]
    },
    "cohen_kappa": 0.7691757727127975,
    "confusion_matrix": [
        [
            1377,
            105,
            157,
            41
        ],
        [
            47,
            188,
            32,
            0
        ],
        [
            139,
            116,
            4482,
            55
        ],
        [
            19,
            0,
            27,
            92
        ]
    ],
    "macro avg": {
        "f1-score": 0.7273676878279884,
        "precision": 0.6933648964427354,
        "recall": 0.7814345555192308,
        "support": 6877
    },
    "producer_accuracy": [
        87.0417193426043,
        45.965770171149146,
        95.40229885057471,
        48.93617021276596
    ],
    "user_accuracy": [
        81.96428571428571,
        70.4119850187266,
        93.53088480801335,
        66.66666666666666
    ],
    "weighted avg": {
        "f1-score": 0.8973625835463858,
        "precision": 0.9050806408500621,
        "recall": 0.8926857641413407,
        "support": 6877
    }
}