{
    "Mangroves": {
        "f1-score": 0.8955479452054795,
        "precision": 0.9111498257839721,
        "recall": 0.8804713804713805,
        "support": 1188
    },
    "Mangroves > Not Mangroves": {
        "f1-score": 0.6531791907514451,
        "precision": 0.5736040609137056,
        "recall": 0.7583892617449665,
        "support": 149
    },
    "Not Mangroves": {
        "f1-score": 0.9664141414141414,
        "precision": 0.978772378516624,
        "recall": 0.9543640897755611,
        "support": 4010
    },
    "Not Mangroves > Mangroves": {
        "f1-score": 0.21621621621621623,
        "precision": 0.13333333333333333,
        "recall": 0.5714285714285714,
        "support": 28
    },
    "accuracy": 0.9306046511627907,
    "accuracy_conf_interval": [
        0.005684632645251527,
        0.006793829258959142,
        0.008076337843558573,
        0.008942897698017647
    ],
    "cls_confidence_intervals": {
        "Mangroves": [
            0.013771997782395127,
            0.01645921686188686,
            0.019566313922549174,
            0.02166570382840209
        ],
        "Mangroves > Not Mangroves": [
            0.057786098506855704,
            0.06906143480087633,
            0.08209854239083768,
            0.09090739887054129
        ],
        "Not Mangroves": [
            0.0037804803866055094,
            0.004518135096187073,
            0.005371048354140755,
            0.005947341096001351
        ],
        "Not Mangroves > Mangroves": [
            0.050891897048402364,
            0.06082202330174916,
            0.07230373178218141,
            0.0800616429176086
        ]
    },
    "cohen_kappa": 0.830310872935292,
    "confusion_matrix": [
        [
            1046,
            27,
            71,
            44
        ],
        [
            26,
            113,
            10,
            0
        ],
        [
            66,
            57,
            3827,
            60
        ],
        [
            10,
            0,
            2,
            16
        ]
    ],
    "macro avg": {
        "f1-score": 0.6828393733968207,
        "precision": 0.6492148996369088,
        "recall": 0.7911633258551198,
        "support": 5375
    },
    "producer_accuracy": [
        91.1149825783972,
        57.360406091370564,
        97.8772378516624,
        13.333333333333334
    ],
    "user_accuracy": [
        88.04713804713805,
        75.83892617449665,
        95.43640897755611,
        57.14285714285714
    ],
    "weighted avg": {
        "f1-score": 0.9381598919908533,
        "precision": 0.9481904314962786,
        "recall": 0.9306046511627907,
        "support": 5375
    }
}