{
    "Mangroves": {
        "f1-score": 0.8595771536762385,
        "precision": 0.8878748370273793,
        "recall": 0.8330275229357799,
        "support": 1635
    },
    "Mangroves > Not Mangroves": {
        "f1-score": 0.5620608899297423,
        "precision": 0.46875,
        "recall": 0.7017543859649122,
        "support": 171
    },
    "Not Mangroves": {
        "f1-score": 0.9499545040946314,
        "precision": 0.9605397669188305,
        "recall": 0.9396,
        "support": 5000
    },
    "Not Mangroves > Mangroves": {
        "f1-score": 0.3397683397683398,
        "precision": 0.22916666666666666,
        "recall": 0.6567164179104478,
        "support": 67
    },
    "accuracy": 0.9055725301906009,
    "accuracy_conf_interval": [
        0.005784708413101103,
        0.006913432005901319,
        0.008218518660076569,
        0.009100333966951736
    ],
    "cls_confidence_intervals": {
        "Mangroves": [
            0.013211696420270416,
            0.015789588404713426,
            0.018770276011725654,
            0.020784254124571754
        ],
        "Mangroves > Not Mangroves": [
            0.05114980440074404,
            0.061130254039913616,
            0.07267014893520343,
            0.08046737521580466
        ],
        "Not Mangroves": [
            0.004565438685732221,
            0.005456255990265337,
            0.006486263498631753,
            0.00718221451779825
        ],
        "Not Mangroves > Mangroves": [
            0.04974497316638208,
            0.05945130939396883,
            0.07067426065711602,
            0.07825733583491816
        ]
    },
    "cohen_kappa": 0.7793803060271983,
    "confusion_matrix": [
        [
            1362,
            47,
            160,
            66
        ],
        [
            34,
            120,
            17,
            0
        ],
        [
            131,
            89,
            4698,
            82
        ],
        [
            7,
            0,
            16,
            44
        ]
    ],
    "macro avg": {
        "f1-score": 0.677840221867238,
        "precision": 0.6365828176532191,
        "recall": 0.782774581702785,
        "support": 6873
    },
    "producer_accuracy": [
        88.78748370273793,
        46.875,
        96.05397669188305,
        22.916666666666664
    ],
    "user_accuracy": [
        83.30275229357798,
        70.17543859649122,
        93.96,
        65.67164179104478
    ],
    "weighted avg": {
        "f1-score": 0.9128558209917461,
        "precision": 0.9238883471265219,
        "recall": 0.9055725301906009,
        "support": 6873
    }
}