{
    "Mangroves": {
        "f1-score": 0.8833467417538214,
        "precision": 0.8791032826261009,
        "recall": 0.8876313662085691,
        "support": 1237
    },
    "Mangroves > Not Mangroves": {
        "f1-score": 0.5298013245033113,
        "precision": 0.5369127516778524,
        "recall": 0.5228758169934641,
        "support": 153
    },
    "Not Mangroves": {
        "f1-score": 0.9652038742078202,
        "precision": 0.9674017257909875,
        "recall": 0.9630159866380339,
        "support": 4191
    },
    "Not Mangroves > Mangroves": {
        "f1-score": 0.3232323232323232,
        "precision": 0.2909090909090909,
        "recall": 0.36363636363636365,
        "support": 44
    },
    "accuracy": 0.9297777777777778,
    "accuracy_conf_interval": [
        0.005587395968701003,
        0.00667761957234998,
        0.00793819061406911,
        0.008789927804419872
    ],
    "cls_confidence_intervals": {
        "Mangroves": [
            0.015128289760189437,
            0.01808015117681177,
            0.021493240939781336,
            0.023799382671517533
        ],
        "Mangroves > Not Mangroves": [
            0.06699370310961245,
            0.08006564517978074,
            0.09518007819841282,
            0.10539253294073178
        ],
        "Not Mangroves": [
            0.0045089189776190385,
            0.005388708046422753,
            0.006405964157227048,
            0.00709329936722995
        ],
        "Not Mangroves > Mangroves": [
            0.10043662455606708,
            0.12003401471334847,
            0.14269349708270507,
            0.15800395814308116
        ]
    },
    "cohen_kappa": 0.8234581535337808,
    "confusion_matrix": [
        [
            1098,
            29,
            97,
            13
        ],
        [
            43,
            80,
            30,
            0
        ],
        [
            89,
            40,
            4036,
            26
        ],
        [
            19,
            0,
            9,
            16
        ]
    ],
    "macro avg": {
        "f1-score": 0.675396065924319,
        "precision": 0.668581712751008,
        "recall": 0.6842898833691077,
        "support": 5625
    },
    "producer_accuracy": [
        87.9103282626101,
        53.691275167785236,
        96.74017257909875,
        29.09090909090909
    ],
    "user_accuracy": [
        88.76313662085691,
        52.28758169934641,
        96.30159866380339,
        36.36363636363637
    ],
    "weighted avg": {
        "f1-score": 0.9303379877734543,
        "precision": 0.930982941227596,
        "recall": 0.9297777777777778,
        "support": 5625
    }
}