{
    "Mangroves": {
        "f1-score": 0.8435191403626594,
        "precision": 0.9022988505747126,
        "recall": 0.7919293820933165,
        "support": 793
    },
    "Mangroves > Not Mangroves": {
        "f1-score": 0.43103448275862066,
        "precision": 0.29411764705882354,
        "recall": 0.8064516129032258,
        "support": 93
    },
    "Not Mangroves": {
        "f1-score": 0.9511181476350683,
        "precision": 0.9666130329847143,
        "recall": 0.9361121932216595,
        "support": 2567
    },
    "Not Mangroves > Mangroves": {
        "f1-score": 0.5094339622641509,
        "precision": 0.4426229508196721,
        "recall": 0.6,
        "support": 45
    },
    "accuracy": 0.8956546598056032,
    "accuracy_conf_interval": [
        0.008476972416662489,
        0.010131015815035657,
        0.012043503494404634,
        0.013335724899383672
    ],
    "cls_confidence_intervals": {
        "Mangroves": [
            0.018457134068694786,
            0.022058526082098646,
            0.026222635597596862,
            0.029036223108068627
        ],
        "Mangroves > Not Mangroves": [
            0.046795108830539535,
            0.05592586177308384,
            0.0664832948629007,
            0.07361669559926343
        ],
        "Not Mangroves": [
            0.005908919768823733,
            0.0070618797237161695,
            0.008394989671560549,
            0.009295739636320265
        ],
        "Not Mangroves > Mangroves": [
            0.10429666848819337,
            0.12464723794930428,
            0.14817758388871377,
            0.16407646628020667
        ]
    },
    "cohen_kappa": 0.7580066466340185,
    "confusion_matrix": [
        [
            628,
            89,
            62,
            14
        ],
        [
            8,
            75,
            10,
            0
        ],
        [
            53,
            91,
            2403,
            20
        ],
        [
            7,
            0,
            11,
            27
        ]
    ],
    "macro avg": {
        "f1-score": 0.6837764332551248,
        "precision": 0.6514131203594806,
        "recall": 0.7836232970545505,
        "support": 3498
    },
    "producer_accuracy": [
        90.22988505747126,
        29.411764705882355,
        96.66130329847144,
        44.26229508196721
    ],
    "user_accuracy": [
        79.19293820933166,
        80.64516129032258,
        93.61121932216595,
        60.0
    ],
    "weighted avg": {
        "f1-score": 0.9072160373028153,
        "precision": 0.9274126981534776,
        "recall": 0.8956546598056032,
        "support": 3498
    }
}