{
    "Mangroves": {
        "f1-score": 0.8711180124223602,
        "precision": 0.8843001261034048,
        "recall": 0.8583231334149327,
        "support": 3268
    },
    "Mangroves > Not Mangroves": {
        "f1-score": 0.6057479734708916,
        "precision": 0.5150375939849624,
        "recall": 0.7352415026833632,
        "support": 559
    },
    "Not Mangroves": {
        "f1-score": 0.9448175182481753,
        "precision": 0.9596678529062871,
        "recall": 0.9304197814836113,
        "support": 8695
    },
    "Not Mangroves > Mangroves": {
        "f1-score": 0.5261324041811847,
        "precision": 0.4339080459770115,
        "recall": 0.668141592920354,
        "support": 226
    },
    "accuracy": 0.8987292124254785,
    "accuracy_conf_interval": [
        0.004382070330390379,
        0.005237108443637282,
        0.006225746262079015,
        0.006893744788053158
    ],
    "cls_confidence_intervals": {
        "Mangroves": [
            0.009314156803735941,
            0.011131553253245394,
            0.0132329178979907,
            0.014652758874169959
        ],
        "Mangroves > Not Mangroves": [
            0.029014554355188907,
            0.034675930814737965,
            0.041221897346091566,
            0.04564484770511426
        ],
        "Not Mangroves": [
            0.0035141169070701224,
            0.0041997982547911225,
            0.004992617313093528,
            0.005528305866000559
        ],
        "Not Mangroves > Mangroves": [
            0.043570903816898786,
            0.05207254358604977,
            0.0619025645691306,
            0.0685444706387798
        ]
    },
    "cohen_kappa": 0.7898712476424835,
    "confusion_matrix": [
        [
            2805,
            130,
            253,
            80
        ],
        [
            90,
            411,
            58,
            0
        ],
        [
            233,
            255,
            8090,
            117
        ],
        [
            44,
            2,
            29,
            151
        ]
    ],
    "macro avg": {
        "f1-score": 0.7369539770806529,
        "precision": 0.6982284047429164,
        "recall": 0.7980315026255653,
        "support": 12748
    },
    "producer_accuracy": [
        88.43001261034048,
        51.50375939849624,
        95.9667852906287,
        43.39080459770115
    ],
    "user_accuracy": [
        85.83231334149328,
        73.52415026833631,
        93.04197814836112,
        66.8141592920354
    ],
    "weighted avg": {
        "f1-score": 0.9036335916441272,
        "precision": 0.9115291831310394,
        "recall": 0.8987292124254785,
        "support": 12748
    }
}