{
    "Mangroves": {
        "f1-score": 0.8619545802500638,
        "precision": 0.8751295336787565,
        "recall": 0.8491704374057315,
        "support": 1989
    },
    "Mangroves > Not Mangroves": {
        "f1-score": 0.5972222222222222,
        "precision": 0.5256723716381418,
        "recall": 0.6913183279742765,
        "support": 311
    },
    "Not Mangroves": {
        "f1-score": 0.9492060852938732,
        "precision": 0.9628942486085343,
        "recall": 0.9359016393442623,
        "support": 6100
    },
    "Not Mangroves > Mangroves": {
        "f1-score": 0.36874999999999997,
        "precision": 0.2610619469026549,
        "recall": 0.6276595744680851,
        "support": 94
    },
    "accuracy": 0.9032258064516129,
    "accuracy_conf_interval": [
        0.005260968105649693,
        0.006287498467727683,
        0.007474424198880358,
        0.008276401044253787
    ],
    "cls_confidence_intervals": {
        "Mangroves": [
            0.012340456645729178,
            0.014748350625383653,
            0.017532478039359138,
            0.019413645210964198
        ],
        "Mangroves > Not Mangroves": [
            0.040492909323385,
            0.04839396480111866,
            0.05752956019724821,
            0.06370225978922762
        ],
        "Not Mangroves": [
            0.004025900475280927,
            0.004811442031433304,
            0.005719724455734489,
            0.006333428796478533
        ],
        "Not Mangroves > Mangroves": [
            0.047914331220289624,
            0.05726346901937053,
            0.06807340959955784,
            0.07537742350508979
        ]
    },
    "cohen_kappa": 0.7817689315561583,
    "confusion_matrix": [
        [
            1689,
            62,
            165,
            73
        ],
        [
            53,
            215,
            43,
            0
        ],
        [
            165,
            132,
            5709,
            94
        ],
        [
            23,
            0,
            12,
            59
        ]
    ],
    "macro avg": {
        "f1-score": 0.6942832219415398,
        "precision": 0.6561895252070218,
        "recall": 0.7760124947980889,
        "support": 8494
    },
    "producer_accuracy": [
        87.51295336787564,
        52.567237163814184,
        96.28942486085343,
        26.10619469026549
    ],
    "user_accuracy": [
        84.91704374057315,
        69.13183279742765,
        93.59016393442623,
        62.76595744680851
    ],
    "weighted avg": {
        "f1-score": 0.9094635497434795,
        "precision": 0.9185673992921377,
        "recall": 0.9032258064516129,
        "support": 8494
    }
}