{
    "Mangroves": {
        "f1-score": 0.9092896174863387,
        "precision": 0.9203539823008849,
        "recall": 0.8984881209503239,
        "support": 926
    },
    "Mangroves > Not Mangroves": {
        "f1-score": 0.25,
        "precision": 0.15384615384615385,
        "recall": 0.6666666666666666,
        "support": 3
    },
    "Not Mangroves": {
        "f1-score": 0.9720888888888889,
        "precision": 0.9726076129491285,
        "recall": 0.9715707178393745,
        "support": 2814
    },
    "Not Mangroves > Mangroves": {
        "f1-score": 0.20689655172413793,
        "precision": 0.13636363636363635,
        "recall": 0.42857142857142855,
        "support": 7
    },
    "accuracy": 0.9522666666666667,
    "accuracy_conf_interval": [
        0.0057097670106088395,
        0.006823867890727638,
        0.008112047033364999,
        0.00898243834595781
    ],
    "cls_confidence_intervals": {
        "Mangroves": [
            0.014767912608966255,
            0.017649456532666988,
            0.02098124169444596,
            0.023232447884837158
        ],
        "Mangroves > Not Mangroves": [
            0.16411193267143154,
            0.1961337731926865,
            0.2331590262953875,
            0.2581760892026179
        ],
        "Not Mangroves": [
            0.005048904979473803,
            0.006034057170590643,
            0.007173139391569489,
            0.00794278954087952
        ],
        "Not Mangroves > Mangroves": [
            0.1199906081974639,
            0.14340340979696906,
            0.1704744616463969,
            0.1887657128960103
        ]
    },
    "cohen_kappa": 0.8737076553762722,
    "confusion_matrix": [
        [
            832,
            7,
            74,
            13
        ],
        [
            1,
            2,
            0,
            0
        ],
        [
            70,
            4,
            2734,
            6
        ],
        [
            1,
            0,
            3,
            3
        ]
    ],
    "macro avg": {
        "f1-score": 0.5845687645248414,
        "precision": 0.5457928463649508,
        "recall": 0.7413242335069483,
        "support": 3750
    },
    "producer_accuracy": [
        92.03539823008849,
        15.384615384615385,
        97.26076129491284,
        13.636363636363635
    ],
    "user_accuracy": [
        89.8488120950324,
        66.66666666666666,
        97.15707178393745,
        42.857142857142854
    ],
    "weighted avg": {
        "f1-score": 0.9545756253300672,
        "precision": 0.9574884518308134,
        "recall": 0.9522666666666667,
        "support": 3750
    }
}