{
    "Mangroves": {
        "f1-score": 0.8710654550243646,
        "precision": 0.8846976993044409,
        "recall": 0.8578469520103761,
        "support": 3855
    },
    "Mangroves > Not Mangroves": {
        "f1-score": 0.5947850599013389,
        "precision": 0.5017835909631391,
        "recall": 0.7301038062283737,
        "support": 578
    },
    "Not Mangroves": {
        "f1-score": 0.9473935231554348,
        "precision": 0.9609133126934984,
        "recall": 0.9342488947417928,
        "support": 10631
    },
    "Not Mangroves > Mangroves": {
        "f1-score": 0.5475880052151239,
        "precision": 0.4585152838427948,
        "recall": 0.6796116504854369,
        "support": 309
    },
    "accuracy": 0.9022962336564105,
    "accuracy_conf_interval": [
        0.003927306166341061,
        0.004693609808553951,
        0.005579648394862605,
        0.006178323115341425
    ],
    "cls_confidence_intervals": {
        "Mangroves": [
            0.008567234116656407,
            0.010238889554052779,
            0.012171741153542335,
            0.01347772196400825
        ],
        "Mangroves > Not Mangroves": [
            0.028275682166233655,
            0.03379288844257193,
            0.04017215819958806,
            0.04448247560297734
        ],
        "Not Mangroves": [
            0.0031262530977075593,
            0.003736253702138303,
            0.00444156690101135,
            0.004918129873222868
        ],
        "Not Mangroves > Mangroves": [
            0.0381839734004467,
            0.04563450479565581,
            0.05424918172136635,
            0.06006990937387347
        ]
    },
    "cohen_kappa": 0.7927443765726161,
    "confusion_matrix": [
        [
            3307,
            151,
            298,
            99
        ],
        [
            97,
            422,
            59,
            0
        ],
        [
            284,
            266,
            9932,
            149
        ],
        [
            50,
            2,
            47,
            210
        ]
    ],
    "macro avg": {
        "f1-score": 0.7402080108240656,
        "precision": 0.7014774717009683,
        "recall": 0.8004528258664949,
        "support": 15373
    },
    "producer_accuracy": [
        88.46976993044409,
        50.178359096313905,
        96.09133126934985,
        45.851528384279476
    ],
    "user_accuracy": [
        85.78469520103761,
        73.01038062283737,
        93.42488947417928,
        67.96116504854369
    ],
    "weighted avg": {
        "f1-score": 0.9069594960007025,
        "precision": 0.9144403302118858,
        "recall": 0.9022962336564105,
        "support": 15373
    }
}