{
    "Mangroves": {
        "f1-score": 0.9260042283298097,
        "precision": 0.9087136929460581,
        "recall": 0.9439655172413793,
        "support": 232
    },
    "Mangroves > Not Mangroves": {
        "f1-score": 0.0,
        "precision": 0.0,
        "recall": 0.0,
        "support": 1
    },
    "Not Mangroves": {
        "f1-score": 0.9884220972543831,
        "precision": 0.9920318725099602,
        "recall": 0.984838497033619,
        "support": 1517
    },
    "Not Mangroves > Mangroves": {
        "f1-score": 0.0,
        "precision": 0.0,
        "recall": 0.0,
        "support": 0
    },
    "accuracy": 0.9788571428571429,
    "accuracy_conf_interval": [
        0.005639833963190893,
        0.006740289370642774,
        0.008012690935509013,
        0.008872421722580796
    ],
    "cls_confidence_intervals": {
        "Mangroves": [
            0.030426477878425628,
            0.03636335161080136,
            0.0432278618638608,
            0.047866044467279344
        ],
        "Mangroves > Not Mangroves": [
            0.0,
            0.0,
            0.0,
            0.0
        ],
        "Not Mangroves": [
            0.0037572691965411177,
            0.00449039489342719,
            0.00533807148045171,
            0.005910825931143954
        ],
        "Not Mangroves > Mangroves": [
            0.0,
            0.0,
            0.0,
            0.0
        ]
    },
    "cohen_kappa": 0.9103165721124014,
    "confusion_matrix": [
        [
            219,
            1,
            12,
            0
        ],
        [
            1,
            0,
            0,
            0
        ],
        [
            21,
            1,
            1494,
            1
        ],
        [
            0,
            0,
            0,
            0
        ]
    ],
    "macro avg": {
        "f1-score": 0.47860658139604817,
        "precision": 0.47518639136400453,
        "recall": 0.4822010035687496,
        "support": 1750
    },
    "producer_accuracy": [
        90.87136929460581,
        0.0,
        99.20318725099602,
        0.0
    ],
    "user_accuracy": [
        94.39655172413794,
        0.0,
        98.4838497033619,
        NaN
    ],
    "weighted avg": {
        "f1-score": 0.9795824585756657,
        "precision": 0.9804193870634828,
        "recall": 0.9788571428571429,
        "support": 1750
    }
}