{
    "Mangroves": {
        "f1-score": 0.8491823137492429,
        "precision": 0.8654320987654321,
        "recall": 0.8335315101070154,
        "support": 1682
    },
    "Mangroves > Not Mangroves": {
        "f1-score": 0.5697940503432495,
        "precision": 0.47609942638623326,
        "recall": 0.7094017094017094,
        "support": 351
    },
    "Not Mangroves": {
        "f1-score": 0.9444774935554233,
        "precision": 0.9570022101667671,
        "recall": 0.9322763750244666,
        "support": 5109
    },
    "Not Mangroves > Mangroves": {
        "f1-score": 0.5470085470085471,
        "precision": 0.5,
        "recall": 0.6037735849056604,
        "support": 106
    },
    "accuracy": 0.8937637969094923,
    "accuracy_conf_interval": [
        0.005935842998784822,
        0.0070940562668403975,
        0.008433240358029656,
        0.009338094473698075
    ],
    "cls_confidence_intervals": {
        "Mangroves": [
            0.013905082818210871,
            0.016618269709569092,
            0.019755392052702034,
            0.02187506931157564
        ],
        "Mangroves > Not Mangroves": [
            0.035815108379249054,
            0.04280342220934643,
            0.050883660075396527,
            0.056343280255160104
        ],
        "Not Mangroves": [
            0.004715628288997233,
            0.0056357508819723035,
            0.006699642630099728,
            0.0074184884058615015
        ],
        "Not Mangroves > Mangroves": [
            0.07247844507162113,
            0.08662058069535207,
            0.102972425010291,
            0.1140209684663308
        ]
    },
    "cohen_kappa": 0.7692295287427281,
    "confusion_matrix": [
        [
            1402,
            101,
            156,
            23
        ],
        [
            60,
            249,
            42,
            0
        ],
        [
            134,
            171,
            4763,
            41
        ],
        [
            24,
            2,
            16,
            64
        ]
    ],
    "macro avg": {
        "f1-score": 0.7276156011641157,
        "precision": 0.6996334338296082,
        "recall": 0.769745794859713,
        "support": 7248
    },
    "producer_accuracy": [
        86.54320987654322,
        47.60994263862332,
        95.70022101667671,
        50.0
    ],
    "user_accuracy": [
        83.35315101070154,
        70.94017094017094,
        93.22763750244665,
        60.37735849056604
    ],
    "weighted avg": {
        "f1-score": 0.8984051854241545,
        "precision": 0.9057797986378363,
        "recall": 0.8937637969094923,
        "support": 7248
    }
}