{
    "Mangroves": {
        "f1-score": 0.8587570621468927,
        "precision": 0.8685714285714285,
        "recall": 0.8491620111731844,
        "support": 2506
    },
    "Mangroves > Not Mangroves": {
        "f1-score": 0.5978898007033998,
        "precision": 0.5236139630390144,
        "recall": 0.6967213114754098,
        "support": 366
    },
    "Not Mangroves": {
        "f1-score": 0.9511939285493922,
        "precision": 0.9635,
        "recall": 0.9391982454002681,
        "support": 8207
    },
    "Not Mangroves > Mangroves": {
        "f1-score": 0.4661016949152542,
        "precision": 0.3583061889250814,
        "recall": 0.6666666666666666,
        "support": 165
    },
    "accuracy": 0.9072394165777303,
    "accuracy_conf_interval": [
        0.004486690587715839,
        0.005362142409709174,
        0.006374383578888967,
        0.00705833031482126
    ],
    "cls_confidence_intervals": {
        "Mangroves": [
            0.011194597137959724,
            0.013378908774634794,
            0.01590451910454034,
            0.01761101257069274
        ],
        "Mangroves > Not Mangroves": [
            0.037116283979900216,
            0.04435848573207587,
            0.052732281508028965,
            0.0583902516269162
        ],
        "Not Mangroves": [
            0.0034385167659908185,
            0.004109446866671954,
            0.004885209795584517,
            0.005409373936741654
        ],
        "Not Mangroves > Mangroves": [
            0.044881332304485815,
            0.05363866543706842,
            0.06376433187161705,
            0.07060599838144721
        ]
    },
    "cohen_kappa": 0.7844327491204106,
    "confusion_matrix": [
        [
            2128,
            76,
            227,
            75
        ],
        [
            65,
            255,
            46,
            0
        ],
        [
            222,
            155,
            7708,
            122
        ],
        [
            35,
            1,
            19,
            110
        ]
    ],
    "macro avg": {
        "f1-score": 0.7184856215787347,
        "precision": 0.6784978951338811,
        "recall": 0.7879370586788822,
        "support": 11244
    },
    "producer_accuracy": [
        86.85714285714286,
        52.361396303901444,
        96.35000000000001,
        35.83061889250814
    ],
    "user_accuracy": [
        84.91620111731844,
        69.67213114754098,
        93.91982454002681,
        66.66666666666666
    ],
    "weighted avg": {
        "f1-score": 0.911973338319409,
        "precision": 0.9191433414838953,
        "recall": 0.9072394165777303,
        "support": 11244
    }
}