{
    "Mangroves": {
        "f1-score": 0.8682301332883414,
        "precision": 0.8909279778393352,
        "recall": 0.8466600855544587,
        "support": 3039
    },
    "Mangroves > Not Mangroves": {
        "f1-score": 0.5920577617328521,
        "precision": 0.4947209653092006,
        "recall": 0.7370786516853932,
        "support": 445
    },
    "Not Mangroves": {
        "f1-score": 0.9480620619421314,
        "precision": 0.9599660317845444,
        "recall": 0.9364497041420118,
        "support": 8450
    },
    "Not Mangroves > Mangroves": {
        "f1-score": 0.4638783269961978,
        "precision": 0.3663663663663664,
        "recall": 0.6321243523316062,
        "support": 193
    },
    "accuracy": 0.9017893955636184,
    "accuracy_conf_interval": [
        0.004431991443002337,
        0.0052967702611491346,
        0.006296670769631369,
        0.0069722792213085544
    ],
    "cls_confidence_intervals": {
        "Mangroves": [
            0.009513125687809076,
            0.011369345334210848,
            0.013515599300362896,
            0.01496577089911428
        ],
        "Mangroves > Not Mangroves": [
            0.03184438609229856,
            0.03805792484201535,
            0.0452423290213754,
            0.05009665616959164
        ],
        "Not Mangroves": [
            0.003541142886671434,
            0.00423209759626586,
            0.005031013979234416,
            0.005570822346105061
        ],
        "Not Mangroves > Mangroves": [
            0.043301071252817666,
            0.05175006076556258,
            0.061519204889673884,
            0.06811997794650584
        ]
    },
    "cohen_kappa": 0.7884541894882131,
    "confusion_matrix": [
        [
            2573,
            134,
            240,
            92
        ],
        [
            62,
            328,
            55,
            0
        ],
        [
            217,
            201,
            7913,
            119
        ],
        [
            36,
            0,
            35,
            122
        ]
    ],
    "macro avg": {
        "f1-score": 0.7180570709898807,
        "precision": 0.6779953353248617,
        "recall": 0.7880781984283675,
        "support": 12127
    },
    "producer_accuracy": [
        89.09279778393352,
        49.47209653092006,
        95.99660317845445,
        36.63663663663664
    ],
    "user_accuracy": [
        84.66600855544587,
        73.70786516853933,
        93.64497041420118,
        63.212435233160626
    ],
    "weighted avg": {
        "f1-score": 0.9072870470483767,
        "precision": 0.9161460073805924,
        "recall": 0.9017893955636184,
        "support": 12127
    }
}