{
    "Mangroves": {
        "f1-score": 0.8847682119205298,
        "precision": 0.8859416445623343,
        "recall": 0.8835978835978836,
        "support": 1890
    },
    "Mangroves > Not Mangroves": {
        "f1-score": 0.6605783866057838,
        "precision": 0.5977961432506887,
        "recall": 0.7380952380952381,
        "support": 294
    },
    "Not Mangroves": {
        "f1-score": 0.9512810559006212,
        "precision": 0.9653338585779003,
        "recall": 0.9376315286014922,
        "support": 5227
    },
    "Not Mangroves > Mangroves": {
        "f1-score": 0.5816733067729083,
        "precision": 0.4965986394557823,
        "recall": 0.7019230769230769,
        "support": 208
    },
    "accuracy": 0.9100931880824256,
    "accuracy_conf_interval": [
        0.005374450807057648,
        0.006423124135264019,
        0.007635652671002636,
        0.008454928708663862
    ],
    "cls_confidence_intervals": {
        "Mangroves": [
            0.012007546627704188,
            0.014350482555061102,
            0.017059502221067536,
            0.018889920914315125
        ],
        "Mangroves > Not Mangroves": [
            0.04220755599572092,
            0.05044317667781281,
            0.05996561309148156,
            0.06639969174936584
        ],
        "Not Mangroves": [
            0.004210481738608862,
            0.005032039151020348,
            0.0059819649091211275,
            0.006623806637567601
        ],
        "Not Mangroves > Mangroves": [
            0.04782226459440807,
            0.05715343817380476,
            0.0679426076249822,
            0.07523258698388587
        ]
    },
    "cohen_kappa": 0.8121383205120535,
    "confusion_matrix": [
        [
            1670,
            39,
            123,
            58
        ],
        [
            51,
            217,
            26,
            0
        ],
        [
            130,
            106,
            4901,
            90
        ],
        [
            34,
            1,
            27,
            146
        ]
    ],
    "macro avg": {
        "f1-score": 0.7695752402999608,
        "precision": 0.7364175714616763,
        "recall": 0.8153119318044226,
        "support": 7619
    },
    "producer_accuracy": [
        88.59416445623343,
        59.77961432506888,
        96.53338585779004,
        49.65986394557823
    ],
    "user_accuracy": [
        88.35978835978835,
        73.80952380952381,
        93.76315286014922,
        70.1923076923077
    ],
    "weighted avg": {
        "f1-score": 0.9134736964422121,
        "precision": 0.9186605027079673,
        "recall": 0.9100931880824256,
        "support": 7619
    }
}