{
    "Mangroves": {
        "f1-score": 0.8521892447840141,
        "precision": 0.8693045563549161,
        "recall": 0.8357348703170029,
        "support": 1735
    },
    "Mangroves > Not Mangroves": {
        "f1-score": 0.5955176093916756,
        "precision": 0.5036101083032491,
        "recall": 0.7284595300261096,
        "support": 383
    },
    "Not Mangroves": {
        "f1-score": 0.9441604404246952,
        "precision": 0.9560023890105515,
        "recall": 0.9326082734511556,
        "support": 5149
    },
    "Not Mangroves > Mangroves": {
        "f1-score": 0.5470085470085471,
        "precision": 0.5,
        "recall": 0.6037735849056604,
        "support": 106
    },
    "accuracy": 0.8944798589447986,
    "accuracy_conf_interval": [
        0.0058677917965965845,
        0.007012726781298357,
        0.008336557857359782,
        0.009231038314158042
    ],
    "cls_confidence_intervals": {
        "Mangroves": [
            0.013535117382468896,
            0.016176115896121366,
            0.01922977042753203,
            0.021293050516323023
        ],
        "Mangroves > Not Mangroves": [
            0.03483755356733849,
            0.04163512499511186,
            0.04949481695847481,
            0.054805419636422756
        ],
        "Not Mangroves": [
            0.004745765725800183,
            0.005671768794248999,
            0.006742459842142943,
            0.007465899739368581
        ],
        "Not Mangroves > Mangroves": [
            0.07247844507162113,
            0.08662058069535207,
            0.102972425010291,
            0.1140209684663308
        ]
    },
    "cohen_kappa": 0.7739695669929811,
    "confusion_matrix": [
        [
            1450,
            101,
            161,
            23
        ],
        [
            60,
            279,
            44,
            0
        ],
        [
            134,
            172,
            4802,
            41
        ],
        [
            24,
            2,
            16,
            64
        ]
    ],
    "macro avg": {
        "f1-score": 0.7347189604022331,
        "precision": 0.7072292634171792,
        "recall": 0.7751440646749821,
        "support": 7373
    },
    "producer_accuracy": [
        86.93045563549161,
        50.361010830324915,
        95.60023890105515,
        50.0
    ],
    "user_accuracy": [
        83.5734870317003,
        72.84595300261097,
        93.26082734511556,
        60.37735849056604
    ],
    "weighted avg": {
        "f1-score": 0.8986974905502425,
        "precision": 0.9055448769525639,
        "recall": 0.8944798589447986,
        "support": 7373
    }
}