overall accuracy,0.92928
cohen kappa,0.8121883824968342
""
Confidence Interval,90%,95%,98%,99%
Overall Accuracy,0.0037603932350897557,0.004494128500473123,0.0053425099010726415,0.005915740577153397
""
class,f1-score,precision,recall,support
Mangroves,0.8756034162643892,0.8858001502629602,0.8656387665198237,2724
Mangroves > Not Mangroves,0.4742268041237113,0.3817427385892116,0.6258503401360545,147
Not Mangroves,0.9632906725654395,0.9723551302498671,0.9543936547693592,9582
Not Mangroves > Mangroves,0.17573221757322177,0.109375,0.44680851063829785,47
""
macro avg,0.6222132776316904,0.5873182547755097,0.7231728180158838,12500
weighted (pixel) avg,0.9354692547886694,0.9433026619954515,0.92928,12500
""
Confidence Interval,90%,95%,98%,99%
Mangroves,0.010109751100980915,0.012082385462147922,0.014363243942247276,0.015904364536909
Mangroves > Not Mangroves,0.051322207953577434,0.06133629731037303,0.07291508812916794,0.0807385954391645
Not Mangroves,0.002772580580815475,0.003313571913657519,0.0039390931422561325,0.004361742621038979
Not Mangroves > Mangroves,0.03694023956105489,0.04414809118272414,0.05248216962027921,0.05811330369970831
""
Point Count Confusion Matrix
,Mangroves,Mangroves > Not Mangroves,Not Mangroves,Not Mangroves > Mangroves,User Acc
Mangroves,2358,49,241,76,86.56387665198237
Mangroves > Not Mangroves,45,92,10,0,62.585034013605444
Not Mangroves,242,100,9145,95,95.43936547693592
Not Mangroves > Mangroves,17,0,9,21,44.680851063829785
Producer,88.58001502629602,38.17427385892116,97.2355130249867,10.9375
""
