{
    "Mangroves": {
        "f1-score": 0.7973977695167287,
        "precision": 0.8218390804597702,
        "recall": 0.7743682310469314,
        "support": 554
    },
    "Mangroves > Not Mangroves": {
        "f1-score": 0.574468085106383,
        "precision": 0.45188284518828453,
        "recall": 0.7883211678832117,
        "support": 137
    },
    "Not Mangroves": {
        "f1-score": 0.9428706326723324,
        "precision": 0.9619460500963392,
        "recall": 0.924537037037037,
        "support": 2160
    },
    "Not Mangroves > Mangroves": {
        "f1-score": 0.48387096774193544,
        "precision": 0.39473684210526316,
        "recall": 0.625,
        "support": 24
    },
    "accuracy": 0.8866086956521739,
    "accuracy_conf_interval": [
        0.009697969016484568,
        0.01159025565384741,
        0.013778212078298198,
        0.015256561013737917
    ],
    "cls_confidence_intervals": {
        "Mangroves": [
            0.02746680940547047,
            0.03282618685044032,
            0.03902296702118671,
            0.0432099806500694
        ],
        "Mangroves > Not Mangroves": [
            0.05279521006249358,
            0.06309671446493136,
            0.07500782893025004,
            0.08305587924465455
        ],
        "Not Mangroves": [
            0.006886608628202975,
            0.008230337141023067,
            0.0097840232339713,
            0.010833811134611997
        ],
        "Not Mangroves > Mangroves": [
            0.13004031135626837,
            0.15541403064529635,
            0.18475239357323495,
            0.20457561176778807
        ]
    },
    "cohen_kappa": 0.7290105712621964,
    "confusion_matrix": [
        [
            429,
            56,
            57,
            12
        ],
        [
            14,
            108,
            15,
            0
        ],
        [
            77,
            75,
            1997,
            11
        ],
        [
            2,
            0,
            7,
            15
        ]
    ],
    "macro avg": {
        "f1-score": 0.6996518637593448,
        "precision": 0.6576012044624143,
        "recall": 0.7780566089917951,
        "support": 2875
    },
    "producer_accuracy": [
        82.18390804597702,
        45.18828451882845,
        96.19460500963392,
        39.473684210526315
    ],
    "user_accuracy": [
        77.43682310469315,
        78.83211678832117,
        92.45370370370371,
        62.5
    ],
    "weighted avg": {
        "f1-score": 0.8934518127895257,
        "precision": 0.905907461837957,
        "recall": 0.8866086956521739,
        "support": 2875
    }
}