{
    "Mangroves": {
        "f1-score": 0.8719464758051967,
        "precision": 0.8789209535759097,
        "recall": 0.8650818153751157,
        "support": 3239
    },
    "Mangroves > Not Mangroves": {
        "f1-score": 0.640083945435467,
        "precision": 0.5733082706766918,
        "recall": 0.7244655581947743,
        "support": 421
    },
    "Not Mangroves": {
        "f1-score": 0.9550617776006376,
        "precision": 0.9642857142857143,
        "recall": 0.946012633241216,
        "support": 10132
    },
    "Not Mangroves > Mangroves": {
        "f1-score": 0.481203007518797,
        "precision": 0.3855421686746988,
        "recall": 0.64,
        "support": 200
    },
    "accuracy": 0.9162378502001144,
    "accuracy_conf_interval": [
        0.003840890904522549,
        0.004590333032234266,
        0.005456875492400939,
        0.006042377154675718
    ],
    "cls_confidence_intervals": {
        "Mangroves": [
            0.009475324601678086,
            0.011324168426395761,
            0.013461894098725573,
            0.014906303336786258
        ],
        "Mangroves > Not Mangroves": [
            0.035167317945373776,
            0.04202923364203208,
            0.04996332366629324,
            0.05532419530430753
        ],
        "Not Mangroves": [
            0.0030526323800798474,
            0.003648267966436891,
            0.004336971613162223,
            0.004802311915003663
        ],
        "Not Mangroves > Mangroves": [
            0.04380833939150169,
            0.05235630805325812,
            0.06223989681841399,
            0.0689179973354112
        ]
    },
    "cohen_kappa": 0.8058132088412613,
    "confusion_matrix": [
        [
            2802,
            71,
            283,
            83
        ],
        [
            77,
            305,
            39,
            0
        ],
        [
            271,
            155,
            9585,
            121
        ],
        [
            38,
            1,
            33,
            128
        ]
    ],
    "macro avg": {
        "f1-score": 0.7370738015900246,
        "precision": 0.7005142768032536,
        "recall": 0.7938900017027766,
        "support": 13992
    },
    "producer_accuracy": [
        87.89209535759097,
        57.330827067669176,
        96.42857142857143,
        38.55421686746988
    ],
    "user_accuracy": [
        86.50818153751158,
        72.44655581947742,
        94.6012633241216,
        64.0
    ],
    "weighted avg": {
        "f1-score": 0.9195709339847615,
        "precision": 0.924488210510653,
        "recall": 0.9162378502001144,
        "support": 13992
    }
}