{
    "Mangroves": {
        "f1-score": 0.8680383114579638,
        "precision": 0.8776901004304161,
        "recall": 0.8585964912280701,
        "support": 2850
    },
    "Mangroves > Not Mangroves": {
        "f1-score": 0.6523143164693218,
        "precision": 0.5952848722986247,
        "recall": 0.7214285714285714,
        "support": 420
    },
    "Not Mangroves": {
        "f1-score": 0.9551602222346932,
        "precision": 0.9641966915930206,
        "recall": 0.9462915601023018,
        "support": 8993
    },
    "Not Mangroves > Mangroves": {
        "f1-score": 0.3333333333333333,
        "precision": 0.23770491803278687,
        "recall": 0.5576923076923077,
        "support": 104
    },
    "accuracy": 0.9151774884773995,
    "accuracy_conf_interval": [
        0.00410884629896332,
        0.004910572406078114,
        0.005837568217429595,
        0.006463916738613028
    ],
    "cls_confidence_intervals": {
        "Mangroves": [
            0.010176510102724573,
            0.012162170610573272,
            0.014458090572773329,
            0.016009387844530123
        ],
        "Mangroves > Not Mangroves": [
            0.03567977434006052,
            0.04264168152836501,
            0.05069138671484208,
            0.05613037670570496
        ],
        "Not Mangroves": [
            0.003243443109444707,
            0.0038763100576290404,
            0.004608062466467175,
            0.005102489769736186
        ],
        "Not Mangroves > Mangroves": [
            0.04469197811536803,
            0.05341236408909837,
            0.06349531037122409,
            0.07030811191320092
        ]
    },
    "cohen_kappa": 0.8015924016198389,
    "confusion_matrix": [
        [
            2447,
            65,
            255,
            83
        ],
        [
            78,
            303,
            39,
            0
        ],
        [
            239,
            141,
            8510,
            103
        ],
        [
            24,
            0,
            22,
            58
        ]
    ],
    "macro avg": {
        "f1-score": 0.7022115458738281,
        "precision": 0.668719145588712,
        "recall": 0.7710022326128128,
        "support": 12367
    },
    "producer_accuracy": [
        87.7690100430416,
        59.52848722986247,
        96.41966915930206,
        23.770491803278688
    ],
    "user_accuracy": [
        85.85964912280701,
        72.14285714285714,
        94.62915601023018,
        55.769230769230774
    ],
    "weighted avg": {
        "f1-score": 0.9195685085950978,
        "precision": 0.9256229151421973,
        "recall": 0.9151774884773995,
        "support": 12367
    }
}