{
    "Mangroves": {
        "f1-score": 0.8879866252686889,
        "precision": 0.9063871282301317,
        "recall": 0.8703183520599251,
        "support": 2136
    },
    "Mangroves > Not Mangroves": {
        "f1-score": 0.4827586206896552,
        "precision": 0.3798449612403101,
        "recall": 0.6621621621621622,
        "support": 74
    },
    "Not Mangroves": {
        "f1-score": 0.9645053723601333,
        "precision": 0.9668697073243203,
        "recall": 0.9621525724423418,
        "support": 6764
    },
    "Not Mangroves > Mangroves": {
        "f1-score": 0.22608695652173913,
        "precision": 0.14606741573033707,
        "recall": 0.5,
        "support": 26
    },
    "accuracy": 0.9365555555555556,
    "accuracy_conf_interval": [
        0.004213918821381844,
        0.005036146884090497,
        0.005986848081597377,
        0.006629213755588511
    ],
    "cls_confidence_intervals": {
        "Mangroves": [
            0.01054837757340115,
            0.012606597587723327,
            0.014986414479283344,
            0.016594398865472544
        ],
        "Mangroves > Not Mangroves": [
            0.07008132691007482,
            0.08375573216082112,
            0.09956676323199655,
            0.1102498923341421
        ],
        "Not Mangroves": [
            0.0035776731847176777,
            0.004275755757345517,
            0.005082913731946457,
            0.005628290741811957
        ],
        "Not Mangroves > Mangroves": [
            0.06139560882539991,
            0.07337523981572185,
            0.08722668814828159,
            0.0965857748594706
        ]
    },
    "cohen_kappa": 0.8346456996941959,
    "confusion_matrix": [
        [
            1859,
            35,
            205,
            37
        ],
        [
            16,
            49,
            9,
            0
        ],
        [
            172,
            45,
            6508,
            39
        ],
        [
            4,
            0,
            9,
            13
        ]
    ],
    "macro avg": {
        "f1-score": 0.6403343937100542,
        "precision": 0.5997923031312749,
        "recall": 0.7486582716661072,
        "support": 9000
    },
    "producer_accuracy": [
        90.63871282301317,
        37.98449612403101,
        96.68697073243203,
        14.606741573033707
    ],
    "user_accuracy": [
        87.03183520599251,
        66.21621621621621,
        96.21525724423418,
        50.0
    ],
    "weighted avg": {
        "f1-score": 0.9402506854464957,
        "precision": 0.9453173206868928,
        "recall": 0.9365555555555556,
        "support": 9000
    }
}