{
    "Mangroves": {
        "f1-score": 0.8548747209129248,
        "precision": 0.8627941912869304,
        "recall": 0.8470993117010817,
        "support": 2034
    },
    "Mangroves > Not Mangroves": {
        "f1-score": 0.6089108910891089,
        "precision": 0.5382932166301969,
        "recall": 0.7008547008547008,
        "support": 351
    },
    "Not Mangroves": {
        "f1-score": 0.9523947330342932,
        "precision": 0.966661771185196,
        "recall": 0.9385427064023956,
        "support": 7013
    },
    "Not Mangroves > Mangroves": {
        "f1-score": 0.3730886850152905,
        "precision": 0.26406926406926406,
        "recall": 0.6354166666666666,
        "support": 96
    },
    "accuracy": 0.9070992205603539,
    "accuracy_conf_interval": [
        0.004886032035463645,
        0.005839404139944357,
        0.006941740635750179,
        0.0076865625923757345
    ],
    "cls_confidence_intervals": {
        "Mangroves": [
            0.012626839811055219,
            0.015090613432724529,
            0.017939351682779672,
            0.01986417482470882
        ],
        "Mangroves > Not Mangroves": [
            0.03824532265175905,
            0.045707824632590086,
            0.05433634254792597,
            0.06016642222045022
        ],
        "Not Mangroves": [
            0.0035678839040511764,
            0.004264056373134333,
            0.005069005790511733,
            0.005612890531982949
        ],
        "Not Mangroves > Mangroves": [
            0.04756803992819631,
            0.05684960869467364,
            0.06758142258091306,
            0.07483264817972347
        ]
    },
    "cohen_kappa": 0.7804483571830736,
    "confusion_matrix": [
        [
            1723,
            66,
            172,
            73
        ],
        [
            62,
            246,
            43,
            0
        ],
        [
            189,
            145,
            6582,
            97
        ],
        [
            23,
            0,
            12,
            61
        ]
    ],
    "macro avg": {
        "f1-score": 0.6973172575129043,
        "precision": 0.6579546107928967,
        "recall": 0.7804783464062112,
        "support": 9494
    },
    "producer_accuracy": [
        86.27941912869304,
        53.82932166301969,
        96.6661771185196,
        26.406926406926406
    ],
    "user_accuracy": [
        84.70993117010816,
        70.08547008547008,
        93.85427064023956,
        63.541666666666664
    ],
    "weighted avg": {
        "f1-score": 0.9129454056920301,
        "precision": 0.9214676590254103,
        "recall": 0.9070992205603539,
        "support": 9494
    }
}