{
    "Mangroves": {
        "f1-score": 0.857328990228013,
        "precision": 0.8861952861952862,
        "recall": 0.8302839116719243,
        "support": 1585
    },
    "Mangroves > Not Mangroves": {
        "f1-score": 0.5441176470588236,
        "precision": 0.4493927125506073,
        "recall": 0.6894409937888198,
        "support": 161
    },
    "Not Mangroves": {
        "f1-score": 0.9483755651351067,
        "precision": 0.9597786763141094,
        "recall": 0.9372402327514547,
        "support": 4812
    },
    "Not Mangroves > Mangroves": {
        "f1-score": 0.3424124513618677,
        "precision": 0.22916666666666666,
        "recall": 0.676923076923077,
        "support": 65
    },
    "accuracy": 0.9030650762494338,
    "accuracy_conf_interval": [
        0.005962331664566111,
        0.007125713452774132,
        0.008470873645389657,
        0.009379765667427174
    ],
    "cls_confidence_intervals": {
        "Mangroves": [
            0.013515292976463904,
            0.01615242331333491,
            0.019201605265342012,
            0.021261863341022483
        ],
        "Mangroves > Not Mangroves": [
            0.05190741025193121,
            0.06203568542303974,
            0.07374650358963399,
            0.08165921856706253
        ],
        "Not Mangroves": [
            0.004700616855439409,
            0.005617810388208074,
            0.006678315410471844,
            0.007394872857947364
        ],
        "Not Mangroves > Mangroves": [
            0.04974497316638208,
            0.05945130939396883,
            0.07067426065711602,
            0.07825733583491816
        ]
    },
    "cohen_kappa": 0.7743904474071647,
    "confusion_matrix": [
        [
            1316,
            47,
            156,
            66
        ],
        [
            33,
            111,
            17,
            0
        ],
        [
            131,
            89,
            4510,
            82
        ],
        [
            5,
            0,
            16,
            44
        ]
    ],
    "macro avg": {
        "f1-score": 0.6730586634459528,
        "precision": 0.6311333354316674,
        "recall": 0.7834720537838189,
        "support": 6623
    },
    "producer_accuracy": [
        88.61952861952862,
        44.93927125506073,
        95.97786763141094,
        22.916666666666664
    ],
    "user_accuracy": [
        83.02839116719242,
        68.94409937888199,
        93.72402327514547,
        67.6923076923077
    ],
    "weighted avg": {
        "f1-score": 0.9108122330449232,
        "precision": 0.9225913602743475,
        "recall": 0.9030650762494338,
        "support": 6623
    }
}