{
    "Mangroves": {
        "f1-score": 0.8539114043355325,
        "precision": 0.866571018651363,
        "recall": 0.8416163492800743,
        "support": 2153
    },
    "Mangroves > Not Mangroves": {
        "f1-score": 0.6549560853199499,
        "precision": 0.5852017937219731,
        "recall": 0.7435897435897436,
        "support": 351
    },
    "Not Mangroves": {
        "f1-score": 0.9566798727024743,
        "precision": 0.9665354330708661,
        "recall": 0.947023273755947,
        "support": 7777
    },
    "Not Mangroves > Mangroves": {
        "f1-score": 0.35135135135135137,
        "precision": 0.24761904761904763,
        "recall": 0.6046511627906976,
        "support": 86
    },
    "accuracy": 0.9154046493681876,
    "accuracy_conf_interval": [
        0.004482260602005107,
        0.005356848036542689,
        0.006368089757726768,
        0.007051361190959254
    ],
    "cls_confidence_intervals": {
        "Mangroves": [
            0.012195342369913337,
            0.014574921368920819,
            0.017326309586523217,
            0.019185355679497813
        ],
        "Mangroves > Not Mangroves": [
            0.03826023893354888,
            0.045725651408387684,
            0.05435753458242006,
            0.060189888078387876
        ],
        "Not Mangroves": [
            0.003378841789099981,
            0.004038127991851197,
            0.004800427663782291,
            0.005315495009681678
        ],
        "Not Mangroves > Mangroves": [
            0.048847812646479215,
            0.05837909316286541,
            0.06939963625993695,
            0.07684594916336365
        ]
    },
    "cohen_kappa": 0.7911713877395583,
    "confusion_matrix": [
        [
            1812,
            61,
            211,
            69
        ],
        [
            62,
            261,
            28,
            0
        ],
        [
            199,
            124,
            7365,
            89
        ],
        [
            18,
            0,
            16,
            52
        ]
    ],
    "macro avg": {
        "f1-score": 0.704224678427327,
        "precision": 0.6664818232658125,
        "recall": 0.7842201323541156,
        "support": 10367
    },
    "producer_accuracy": [
        86.6571018651363,
        58.52017937219731,
        96.65354330708661,
        24.761904761904763
    ],
    "user_accuracy": [
        84.16163492800743,
        74.35897435897436,
        94.70232737559469,
        60.46511627906976
    ],
    "weighted avg": {
        "f1-score": 0.9200999735415322,
        "precision": 0.9269002154760451,
        "recall": 0.9154046493681876,
        "support": 10367
    }
}