{
    "Mangroves": {
        "f1-score": 0.8558172733761598,
        "precision": 0.8855243722304283,
        "recall": 0.8280386740331491,
        "support": 1448
    },
    "Mangroves > Not Mangroves": {
        "f1-score": 0.5441176470588236,
        "precision": 0.4493927125506073,
        "recall": 0.6894409937888198,
        "support": 161
    },
    "Not Mangroves": {
        "f1-score": 0.9375085839857162,
        "precision": 0.9528196538246789,
        "recall": 0.9226818058934847,
        "support": 3699
    },
    "Not Mangroves > Mangroves": {
        "f1-score": 0.34509803921568627,
        "precision": 0.23157894736842105,
        "recall": 0.676923076923077,
        "support": 65
    },
    "accuracy": 0.887213847012842,
    "accuracy_conf_interval": [
        0.007077460842835729,
        0.00845842881216953,
        0.010055173026711738,
        0.01113405425275377
    ],
    "cls_confidence_intervals": {
        "Mangroves": [
            0.014190290690964407,
            0.01695912789895746,
            0.020160595920699433,
            0.022323749989444006
        ],
        "Mangroves > Not Mangroves": [
            0.05190741025193121,
            0.06203568542303974,
            0.07374650358963399,
            0.08165921856706253
        ],
        "Not Mangroves": [
            0.005809877456414045,
            0.00694351208205581,
            0.008254277117954102,
            0.00913992916923673
        ],
        "Not Mangroves > Mangroves": [
            0.050189886406304667,
            0.059983034973388506,
            0.07130636300407919,
            0.07895726032211345
        ]
    },
    "cohen_kappa": 0.7607016064701533,
    "confusion_matrix": [
        [
            1199,
            47,
            136,
            66
        ],
        [
            33,
            111,
            17,
            0
        ],
        [
            117,
            89,
            3413,
            80
        ],
        [
            5,
            0,
            16,
            44
        ]
    ],
    "macro avg": {
        "f1-score": 0.6706353859090964,
        "precision": 0.6298289214935339,
        "recall": 0.7792711376596326,
        "support": 5373
    },
    "producer_accuracy": [
        88.55243722304283,
        44.93927125506073,
        95.28196538246789,
        23.157894736842106
    ],
    "user_accuracy": [
        82.80386740331491,
        68.94409937888199,
        92.26818058934847,
        67.6923076923077
    ],
    "weighted avg": {
        "f1-score": 0.8965386148775978,
        "precision": 0.9108736364762223,
        "recall": 0.887213847012842,
        "support": 5373
    }
}