{
    "Mangroves": {
        "f1-score": 0.8637640449438203,
        "precision": 0.9165424739195231,
        "recall": 0.8167330677290837,
        "support": 753
    },
    "Mangroves > Not Mangroves": {
        "f1-score": 0.5236051502145922,
        "precision": 0.4357142857142857,
        "recall": 0.6559139784946236,
        "support": 93
    },
    "Not Mangroves": {
        "f1-score": 0.9159322033898305,
        "precision": 0.9394993045897079,
        "recall": 0.8935185185185185,
        "support": 1512
    },
    "Not Mangroves > Mangroves": {
        "f1-score": 0.15827338129496402,
        "precision": 0.08870967741935484,
        "recall": 0.7333333333333333,
        "support": 15
    },
    "accuracy": 0.8588284871470713,
    "accuracy_conf_interval": [
        0.011722540290147734,
        0.014009865224810706,
        0.01665458468051477,
        0.018441557285720216
    ],
    "cls_confidence_intervals": {
        "Mangroves": [
            0.01751022147372537,
            0.020926850053964465,
            0.024877326849865922,
            0.027546567928177716
        ],
        "Mangroves > Not Mangroves": [
            0.06872745429419697,
            0.08213768927843053,
            0.09764327347895058,
            0.10812001956038304
        ],
        "Not Mangroves": [
            0.01031081084817575,
            0.012322676379527117,
            0.014648895900152135,
            0.01622066584652039
        ],
        "Not Mangroves > Mangroves": [
            0.041874234867861834,
            0.05004481728110317,
            0.059492053196413465,
            0.06587532070675826
        ]
    },
    "cohen_kappa": 0.7293060649089294,
    "confusion_matrix": [
        [
            615,
            15,
            70,
            53
        ],
        [
            17,
            61,
            15,
            0
        ],
        [
            37,
            64,
            1351,
            60
        ],
        [
            2,
            0,
            2,
            11
        ]
    ],
    "macro avg": {
        "f1-score": 0.6153936949608018,
        "precision": 0.5951164354107179,
        "recall": 0.7748747245188898,
        "support": 2373
    },
    "producer_accuracy": [
        91.65424739195231,
        43.57142857142857,
        93.94993045897078,
        8.870967741935484
    ],
    "user_accuracy": [
        81.67330677290838,
        65.59139784946237,
        89.35185185185185,
        73.33333333333333
    ],
    "weighted avg": {
        "f1-score": 0.8792133152370425,
        "precision": 0.9070929225173864,
        "recall": 0.8588284871470713,
        "support": 2373
    }
}