{
    "Mangroves": {
        "f1-score": 0.8765840220385676,
        "precision": 0.8933183604716451,
        "recall": 0.8604651162790697,
        "support": 3698
    },
    "Mangroves > Not Mangroves": {
        "f1-score": 0.6151419558359621,
        "precision": 0.5241935483870968,
        "recall": 0.7442748091603053,
        "support": 524
    },
    "Not Mangroves": {
        "f1-score": 0.9501998914170081,
        "precision": 0.9610623003194888,
        "recall": 0.9395802830649097,
        "support": 10245
    },
    "Not Mangroves > Mangroves": {
        "f1-score": 0.5490753911806543,
        "precision": 0.455188679245283,
        "recall": 0.6917562724014337,
        "support": 279
    },
    "accuracy": 0.9081106740811068,
    "accuracy_conf_interval": [
        0.003901293789029278,
        0.004662521845425234,
        0.00554269178563306,
        0.006137401204692401
    ],
    "cls_confidence_intervals": {
        "Mangroves": [
            0.008482910038493757,
            0.010138111997224246,
            0.012051939262006374,
            0.01334506579226457
        ],
        "Mangroves > Not Mangroves": [
            0.030027444937147322,
            0.03588645858341997,
            0.04266094311192272,
            0.04723829752307323
        ],
        "Not Mangroves": [
            0.003169987914121009,
            0.0037885221412665717,
            0.0045037023414036285,
            0.0049869322063610996
        ],
        "Not Mangroves > Mangroves": [
            0.039662465524351966,
            0.047401483187640155,
            0.05634972236081713,
            0.062395829910261026
        ]
    },
    "cohen_kappa": 0.8024636993188188,
    "confusion_matrix": [
        [
            3182,
            134,
            290,
            92
        ],
        [
            79,
            390,
            55,
            0
        ],
        [
            261,
            219,
            9626,
            139
        ],
        [
            40,
            1,
            45,
            193
        ]
    ],
    "macro avg": {
        "f1-score": 0.747750315118048,
        "precision": 0.7084407221058784,
        "recall": 0.8090191202264296,
        "support": 14746
    },
    "producer_accuracy": [
        89.33183604716451,
        52.41935483870967,
        96.10623003194888,
        45.5188679245283
    ],
    "user_accuracy": [
        86.04651162790698,
        74.42748091603053,
        93.95802830649097,
        69.17562724014337
    ],
    "weighted avg": {
        "f1-score": 0.9122427790630218,
        "precision": 0.918978002486205,
        "recall": 0.9081106740811068,
        "support": 14746
    }
}