{
    "Mangroves": {
        "f1-score": 0.8910021945866861,
        "precision": 0.8890510948905109,
        "recall": 0.8929618768328446,
        "support": 1364
    },
    "Mangroves > Not Mangroves": {
        "f1-score": 0.6036745406824148,
        "precision": 0.6084656084656085,
        "recall": 0.5989583333333334,
        "support": 192
    },
    "Not Mangroves": {
        "f1-score": 0.963807285546416,
        "precision": 0.9656227925594537,
        "recall": 0.9619985925404645,
        "support": 4263
    },
    "Not Mangroves > Mangroves": {
        "f1-score": 0.432,
        "precision": 0.391304347826087,
        "recall": 0.48214285714285715,
        "support": 56
    },
    "accuracy": 0.929531914893617,
    "accuracy_conf_interval": [
        0.005476061292456626,
        0.006544561056838406,
        0.00778001390940484,
        0.008614779350328106
    ],
    "cls_confidence_intervals": {
        "Mangroves": [
            0.013915808236800505,
            0.01663108789276158,
            0.019770629994966572,
            0.02189194222618616
        ],
        "Mangroves > Not Mangroves": [
            0.05822586134289145,
            0.0695870050195532,
            0.08272332739569335,
            0.09159922089308534
        ],
        "Not Mangroves": [
            0.00458502564484836,
            0.005479664795062674,
            0.006514091312497975,
            0.007213028148602908
        ],
        "Not Mangroves > Mangroves": [
            0.09635555099957992,
            0.11515663412144918,
            0.1368953864811105,
            0.15158373267007086
        ]
    },
    "cohen_kappa": 0.8322798112679832,
    "confusion_matrix": [
        [
            1218,
            29,
            103,
            14
        ],
        [
            44,
            115,
            33,
            0
        ],
        [
            89,
            45,
            4101,
            28
        ],
        [
            19,
            0,
            10,
            27
        ]
    ],
    "macro avg": {
        "f1-score": 0.7226210052038792,
        "precision": 0.713610960935415,
        "recall": 0.7340154149623749,
        "support": 5875
    },
    "producer_accuracy": [
        88.9051094890511,
        60.84656084656085,
        96.56227925594537,
        39.130434782608695
    ],
    "user_accuracy": [
        89.29618768328446,
        59.895833333333336,
        96.19985925404644,
        48.214285714285715
    ],
    "weighted avg": {
        "f1-score": 0.930065525704108,
        "precision": 0.9306985699430238,
        "recall": 0.929531914893617,
        "support": 5875
    }
}