{
    "Mangroves": {
        "f1-score": 0.8373310074138682,
        "precision": 0.8719346049046321,
        "recall": 0.8053691275167785,
        "support": 1192
    },
    "Mangroves > Not Mangroves": {
        "f1-score": 0.5195246179966043,
        "precision": 0.4146341463414634,
        "recall": 0.6954545454545454,
        "support": 220
    },
    "Not Mangroves": {
        "f1-score": 0.948780487804878,
        "precision": 0.9583641290958365,
        "recall": 0.9393866215889881,
        "support": 4141
    },
    "Not Mangroves > Mangroves": {
        "f1-score": 0.4875,
        "precision": 0.42391304347826086,
        "recall": 0.5735294117647058,
        "support": 68
    },
    "accuracy": 0.8969934175413627,
    "accuracy_conf_interval": [
        0.006649120025874141,
        0.007946509299215436,
        0.009446615646516311,
        0.010460201016314199
    ],
    "cls_confidence_intervals": {
        "Mangroves": [
            0.01651612048681326,
            0.01973877814277682,
            0.023464976057484693,
            0.025982677351206226
        ],
        "Mangroves > Not Mangroves": [
            0.04206073811830827,
            0.0502677114096855,
            0.059757024277840416,
            0.06616872216172887
        ],
        "Not Mangroves": [
            0.005142016004417541,
            0.006145336200401452,
            0.007305425177007848,
            0.008089269080120278
        ],
        "Not Mangroves > Mangroves": [
            0.08449525974400986,
            0.10098213969406056,
            0.12004509463630669,
            0.1329254695972838
        ]
    },
    "cohen_kappa": 0.7568955773201467,
    "confusion_matrix": [
        [
            960,
            92,
            122,
            18
        ],
        [
            33,
            153,
            34,
            0
        ],
        [
            92,
            124,
            3890,
            35
        ],
        [
            16,
            0,
            13,
            39
        ]
    ],
    "macro avg": {
        "f1-score": 0.6982840283038376,
        "precision": 0.6672114809550482,
        "recall": 0.7534349265812545,
        "support": 5621
    },
    "producer_accuracy": [
        87.19346049046321,
        41.46341463414634,
        95.83641290958364,
        42.391304347826086
    ],
    "user_accuracy": [
        80.53691275167785,
        69.54545454545455,
        93.93866215889881,
        57.35294117647059
    ],
    "weighted avg": {
        "f1-score": 0.902765340116809,
        "precision": 0.9122891846261917,
        "recall": 0.8969934175413627,
        "support": 5621
    }
}