{
    "Mangroves": {
        "f1-score": 0.8370957901159244,
        "precision": 0.8596491228070176,
        "recall": 0.8156956004756243,
        "support": 841
    },
    "Mangroves > Not Mangroves": {
        "f1-score": 0.5018181818181818,
        "precision": 0.4233128834355828,
        "recall": 0.6160714285714286,
        "support": 112
    },
    "Not Mangroves": {
        "f1-score": 0.953261600537996,
        "precision": 0.9698939445774889,
        "recall": 0.9371900826446281,
        "support": 3025
    },
    "Not Mangroves > Mangroves": {
        "f1-score": 0.08955223880597013,
        "precision": 0.05263157894736842,
        "recall": 0.3,
        "support": 20
    },
    "accuracy": 0.8994497248624312,
    "accuracy_conf_interval": [
        0.007800142403071974,
        0.009322121408549433,
        0.011081909633632744,
        0.012270955731662009
    ],
    "cls_confidence_intervals": {
        "Mangroves": [
            0.020165573618294005,
            0.02410031969015625,
            0.028649869835746973,
            0.03172389020438935
        ],
        "Mangroves > Not Mangroves": [
            0.06346743013416889,
            0.075851318940836,
            0.09017019037354483,
            0.0998451035037535
        ],
        "Not Mangroves": [
            0.005183444975834606,
            0.006194848873558432,
            0.0073642846303016065,
            0.008154443925398346
        ],
        "Not Mangroves > Mangroves": [
            0.03429841682505271,
            0.040990790839697144,
            0.048728848294129774,
            0.053957265493070734
        ]
    },
    "cohen_kappa": 0.7508329489827953,
    "confusion_matrix": [
        [
            686,
            32,
            75,
            48
        ],
        [
            32,
            69,
            11,
            0
        ],
        [
            68,
            62,
            2835,
            60
        ],
        [
            12,
            0,
            2,
            6
        ]
    ],
    "macro avg": {
        "f1-score": 0.5954319528195181,
        "precision": 0.5763718824418644,
        "recall": 0.6672392779229203,
        "support": 3998
    },
    "producer_accuracy": [
        85.96491228070175,
        42.331288343558285,
        96.98939445774889,
        5.263157894736842
    ],
    "user_accuracy": [
        81.56956004756243,
        61.60714285714286,
        93.71900826446281,
        30.0
    ],
    "weighted avg": {
        "f1-score": 0.911858074600972,
        "precision": 0.9268028437096895,
        "recall": 0.8994497248624312,
        "support": 3998
    }
}