{
    "Mangroves": {
        "f1-score": 0.890179806362379,
        "precision": 0.9064788732394367,
        "recall": 0.8744565217391305,
        "support": 1840
    },
    "Mangroves > Not Mangroves": {
        "f1-score": 0.15053763440860213,
        "precision": 0.0958904109589041,
        "recall": 0.35,
        "support": 20
    },
    "Not Mangroves": {
        "f1-score": 0.9663132694938441,
        "precision": 0.9696293754289637,
        "recall": 0.9630197682344922,
        "support": 5868
    },
    "Not Mangroves > Mangroves": {
        "f1-score": 0.1875,
        "precision": 0.12162162162162163,
        "recall": 0.4090909090909091,
        "support": 22
    },
    "accuracy": 0.9388387096774193,
    "accuracy_conf_interval": [
        0.0044640269755187615,
        0.00533505662927852,
        0.006342184666438241,
        0.0070226765834380525
    ],
    "cls_confidence_intervals": {
        "Mangroves": [
            0.011333873942604327,
            0.01354536154116127,
            0.016102394076992734,
            0.017830118763365346
        ],
        "Mangroves > Not Mangroves": [
            0.05651718802023076,
            0.06754493202417823,
            0.08029576102874249,
            0.08891118603182645
        ],
        "Not Mangroves": [
            0.0036864964517449726,
            0.00440581283257326,
            0.005237522397905967,
            0.005799488320428067
        ],
        "Not Mangroves > Mangroves": [
            0.0623123602273532,
            0.07447086954000749,
            0.08852914593276401,
            0.09802798133327517
        ]
    },
    "cohen_kappa": 0.8374176820519212,
    "confusion_matrix": [
        [
            1609,
            30,
            166,
            35
        ],
        [
            11,
            7,
            2,
            0
        ],
        [
            151,
            36,
            5651,
            30
        ],
        [
            4,
            0,
            9,
            9
        ]
    ],
    "macro avg": {
        "f1-score": 0.5486326775662063,
        "precision": 0.5234050703122315,
        "recall": 0.649141799766133,
        "support": 7750
    },
    "producer_accuracy": [
        90.64788732394366,
        9.58904109589041,
        96.96293754289637,
        12.162162162162163
    ],
    "user_accuracy": [
        87.44565217391305,
        35.0,
        96.30197682344922,
        40.909090909090914
    ],
    "weighted avg": {
        "f1-score": 0.943921659585139,
        "precision": 0.9499741658932356,
        "recall": 0.9388387096774193,
        "support": 7750
    }
}