{
    "Mangroves": {
        "f1-score": 0.9104704097116845,
        "precision": 0.9230769230769231,
        "recall": 0.8982035928143712,
        "support": 334
    },
    "Mangroves > Not Mangroves": {
        "f1-score": 0.28571428571428575,
        "precision": 0.2,
        "recall": 0.5,
        "support": 2
    },
    "Not Mangroves": {
        "f1-score": 0.9837642814191221,
        "precision": 0.9837642814191221,
        "recall": 0.9837642814191221,
        "support": 1663
    },
    "Not Mangroves > Mangroves": {
        "f1-score": 0.0,
        "precision": 0.0,
        "recall": 0.0,
        "support": 1
    },
    "accuracy": 0.9685,
    "accuracy_conf_interval": [
        0.006405218356933662,
        0.0076550170607255965,
        0.009100096811985021,
        0.010076502049322469
    ],
    "cls_confidence_intervals": {
        "Mangroves": [
            0.02424093897603166,
            0.028970878288428082,
            0.034439870618386444,
            0.03813513570619615
        ],
        "Mangroves > Not Mangroves": [
            0.2933721186479724,
            0.3506154588719671,
            0.41680307100596087,
            0.46152443055595666
        ],
        "Not Mangroves": [
            0.005082518942980381,
            0.006074229956244846,
            0.007220895815331883,
            0.007995670044444746
        ],
        "Not Mangroves > Mangroves": [
            0.0,
            0.0,
            0.0,
            0.0
        ]
    },
    "cohen_kappa": 0.8880859499904074,
    "confusion_matrix": [
        [
            300,
            3,
            26,
            5
        ],
        [
            1,
            1,
            0,
            0
        ],
        [
            24,
            1,
            1636,
            2
        ],
        [
            0,
            0,
            1,
            0
        ]
    ],
    "macro avg": {
        "f1-score": 0.5449872442112731,
        "precision": 0.5267103011240113,
        "recall": 0.5954919685583733,
        "support": 2000
    },
    "producer_accuracy": [
        92.3076923076923,
        20.0,
        98.37642814191221,
        0.0
    ],
    "user_accuracy": [
        89.82035928143712,
        50.0,
        98.37642814191221,
        0.0
    ],
    "weighted avg": {
        "f1-score": 0.9703342727075656,
        "precision": 0.9723538461538461,
        "recall": 0.9685,
        "support": 2000
    }
}