overall accuracy,0.933
cohen kappa,0.8204412455392268
""
Confidence Interval,90%,95%,98%,99%
Overall Accuracy,0.005293543010120912,0.006326429451120115,0.007520704398525443,0.00832764693055607
""
class,f1-score,precision,recall,support
Mangroves,0.8783339422725611,0.8963460104399702,0.8610315186246418,1396
Mangroves > Not Mangroves,0.13513513513513514,0.07936507936507936,0.45454545454545453,11
Not Mangroves,0.963508463398549,0.9684047724259832,0.9586614173228346,4572
Not Mangroves > Mangroves,0.17582417582417584,0.11428571428571428,0.38095238095238093,21
""
macro avg,0.5382004291576052,0.5146003941291868,0.663797692861328,6000
weighted (pixel) avg,0.939415612041576,0.9470197776631348,0.933,6000
""
Confidence Interval,90%,95%,98%,99%
Mangroves,0.01365086951054824,0.016314453805289363,0.019394223146083783,0.021475148376350284
Mangroves > Not Mangroves,0.05585113752003884,0.06674892045077813,0.07934948196444543,0.08786337487908549
Not Mangroves,0.004264084257488813,0.0050961006979744344,0.006058119707285935,0.006708132551415328
Not Mangroves > Mangroves,0.06236452606079173,0.07453321407265354,0.08860325958636875,0.09811004709563577
""
Point Count Confusion Matrix
,Mangroves,Mangroves > Not Mangroves,Not Mangroves,Not Mangroves > Mangroves,User Acc
Mangroves,1202,28,132,34,86.10315186246417
Mangroves > Not Mangroves,4,5,2,0,45.45454545454545
Not Mangroves,131,30,4383,28,95.86614173228347
Not Mangroves > Mangroves,4,0,9,8,38.095238095238095
Producer,89.63460104399702,7.936507936507936,96.84047724259833,11.428571428571429
""
