{
    "Mangroves": {
        "f1-score": 0.883633197910621,
        "precision": 0.8934859154929577,
        "recall": 0.8739954075774972,
        "support": 3484
    },
    "Mangroves > Not Mangroves": {
        "f1-score": 0.6614481409001957,
        "precision": 0.5940246045694201,
        "recall": 0.7461368653421634,
        "support": 453
    },
    "Not Mangroves": {
        "f1-score": 0.9561895311337137,
        "precision": 0.9643714971977582,
        "recall": 0.9481452327068779,
        "support": 10163
    },
    "Not Mangroves > Mangroves": {
        "f1-score": 0.5654135338345865,
        "precision": 0.4723618090452261,
        "recall": 0.704119850187266,
        "support": 267
    },
    "accuracy": 0.9192594139347114,
    "accuracy_conf_interval": [
        0.0037275698809083276,
        0.004454900589378245,
        0.0052958767210465885,
        0.005864103837038712
    ],
    "cls_confidence_intervals": {
        "Mangroves": [
            0.008666453874406595,
            0.010357469264534713,
            0.012312705809370347,
            0.013633811582907938
        ],
        "Mangroves > Not Mangroves": [
            0.03376290358287518,
            0.04035078720880205,
            0.04796802765127999,
            0.05311481173403536
        ],
        "Not Mangroves": [
            0.003041155343442489,
            0.0036345515080166333,
            0.004320665823305488,
            0.004784256576879038
        ],
        "Not Mangroves > Mangroves": [
            0.04104004345328919,
            0.04904785681002855,
            0.05830689100375843,
            0.06456299518871104
        ]
    },
    "cohen_kappa": 0.8200722232254365,
    "confusion_matrix": [
        [
            3045,
            77,
            275,
            87
        ],
        [
            75,
            338,
            40,
            0
        ],
        [
            251,
            153,
            9636,
            123
        ],
        [
            37,
            1,
            41,
            188
        ]
    ],
    "macro avg": {
        "f1-score": 0.7666711009447793,
        "precision": 0.7310609565763405,
        "recall": 0.8180993389534511,
        "support": 14367
    },
    "producer_accuracy": [
        89.34859154929578,
        59.40246045694201,
        96.43714971977582,
        47.23618090452261
    ],
    "user_accuracy": [
        87.39954075774972,
        74.61368653421634,
        94.81452327068779,
        70.4119850187266
    ],
    "weighted avg": {
        "f1-score": 0.9220389564832018,
        "precision": 0.926360841127814,
        "recall": 0.9192594139347114,
        "support": 14367
    }
}