{
    "Mangroves": {
        "f1-score": 0.9189189189189189,
        "precision": 0.9368541905855339,
        "recall": 0.901657458563536,
        "support": 905
    },
    "Mangroves > Not Mangroves": {
        "f1-score": 0.2857142857142857,
        "precision": 0.16666666666666666,
        "recall": 1.0,
        "support": 2
    },
    "Not Mangroves": {
        "f1-score": 0.9735674319891955,
        "precision": 0.9715055833654216,
        "recall": 0.9756380510440835,
        "support": 2586
    },
    "Not Mangroves > Mangroves": {
        "f1-score": 0.2222222222222222,
        "precision": 0.15,
        "recall": 0.42857142857142855,
        "support": 7
    },
    "accuracy": 0.9554285714285714,
    "accuracy_conf_interval": [
        0.005720542481564309,
        0.006836745892601247,
        0.008127356086612707,
        0.008999390001485315
    ],
    "cls_confidence_intervals": {
        "Mangroves": [
            0.013515839928063883,
            0.0161530769871983,
            0.01920238233682247,
            0.021262723789271232
        ],
        "Mangroves > Not Mangroves": [
            0.17643590799389341,
            0.21086242662684823,
            0.2506680887962022,
            0.2775638064781982
        ],
        "Not Mangroves": [
            0.005354395028133713,
            0.006399155033623218,
            0.007607158789970458,
            0.008423377544259134
        ],
        "Not Mangroves > Mangroves": [
            0.13094349926590476,
            0.15649345034217885,
            0.1860355812741208,
            0.20599648055245995
        ]
    },
    "cohen_kappa": 0.8849494251580207,
    "confusion_matrix": [
        [
            816,
            7,
            71,
            11
        ],
        [
            0,
            2,
            0,
            0
        ],
        [
            54,
            3,
            2523,
            6
        ],
        [
            1,
            0,
            3,
            3
        ]
    ],
    "macro avg": {
        "f1-score": 0.6001057147111556,
        "precision": 0.5562566101544055,
        "recall": 0.8264667345447619,
        "support": 3500
    },
    "producer_accuracy": [
        93.68541905855339,
        16.666666666666664,
        97.15055833654216,
        15.0
    ],
    "user_accuracy": [
        90.1657458563536,
        100.0,
        97.56380510440835,
        42.857142857142854
    ],
    "weighted avg": {
        "f1-score": 0.9575411385350473,
        "precision": 0.9604428041132064,
        "recall": 0.9554285714285714,
        "support": 3500
    }
}