overall accuracy,0.972
cohen kappa,0.8983818519665531
""
Confidence Interval,90%,95%,98%,99%
Overall Accuracy,0.009879281593314368,0.01180694629444888,0.014035808605135659,0.015541796652896995
""
class,f1-score,precision,recall,support
Mangroves,0.9333333333333333,0.9572649572649573,0.9105691056910569,123
Mangroves > Not Mangroves,0.0,0.0,0.0,0
Not Mangroves,0.9840510366826155,0.9778129952456418,0.9903691813804173,623
Not Mangroves > Mangroves,0.0,0.0,0.0,4
""
macro avg,0.4793460925039872,0.48376948812764975,0.47523457176786854,750
weighted (pixel) avg,0.9704850611376925,0.9692281143754995,0.972,750
""
Confidence Interval,90%,95%,98%,99%
Mangroves,0.03066613681580584,0.036649773267670396,0.04356835291513879,0.04824306889315797
Mangroves > Not Mangroves,0.0,0.0,0.0,0.0
Not Mangroves,0.009616264693407945,0.011492609023829007,0.013662132155878363,0.015128026164019818
Not Mangroves > Mangroves,0.0,0.0,0.0,0.0
""
Point Count Confusion Matrix
,Mangroves,Mangroves > Not Mangroves,Not Mangroves,Not Mangroves > Mangroves,User Acc
Mangroves,112,0,10,1,91.05691056910568
Mangroves > Not Mangroves,0,0,0,0,nan
Not Mangroves,5,1,617,0,99.03691813804173
Not Mangroves > Mangroves,0,0,4,0,0.0
Producer,95.72649572649573,0.0,97.78129952456418,0.0
""
