{
    "Mangroves": {
        "f1-score": 0.8767565821353577,
        "precision": 0.8869281045751634,
        "recall": 0.8668157138294474,
        "support": 3131
    },
    "Mangroves > Not Mangroves": {
        "f1-score": 0.6545064377682404,
        "precision": 0.595703125,
        "recall": 0.7261904761904762,
        "support": 420
    },
    "Not Mangroves": {
        "f1-score": 0.9554458074451702,
        "precision": 0.963169164882227,
        "recall": 0.9478453271520387,
        "support": 9491
    },
    "Not Mangroves > Mangroves": {
        "f1-score": 0.4830188679245283,
        "precision": 0.3878787878787879,
        "recall": 0.64,
        "support": 200
    },
    "accuracy": 0.9170064944872376,
    "accuracy_conf_interval": [
        0.003931654227397241,
        0.004698806271767435,
        0.005585825823070471,
        0.006185163357734685
    ],
    "cls_confidence_intervals": {
        "Mangroves": [
            0.009388683078231125,
            0.011220621239837197,
            0.01333879973919422,
            0.014770001427948966
        ],
        "Mangroves > Not Mangroves": [
            0.035569191938277976,
            0.04250952207257613,
            0.05053427879035835,
            0.05595641170777878
        ],
        "Not Mangroves": [
            0.003196152393087689,
            0.0038197918844218724,
            0.004540875046277022,
            0.005028093398881853
        ],
        "Not Mangroves > Mangroves": [
            0.043989964122968815,
            0.05257337175671883,
            0.062497936833242285,
            0.06920372404710948
        ]
    },
    "cohen_kappa": 0.8106137153597002,
    "confusion_matrix": [
        [
            2714,
            64,
            272,
            81
        ],
        [
            76,
            305,
            39,
            0
        ],
        [
            232,
            142,
            8996,
            121
        ],
        [
            38,
            1,
            33,
            128
        ]
    ],
    "macro avg": {
        "f1-score": 0.7424319238183241,
        "precision": 0.7084197955840446,
        "recall": 0.7952128792929907,
        "support": 13242
    },
    "producer_accuracy": [
        88.69281045751633,
        59.5703125,
        96.3169164882227,
        38.78787878787879
    ],
    "user_accuracy": [
        86.68157138294474,
        72.61904761904762,
        94.78453271520387,
        64.0
    ],
    "weighted avg": {
        "f1-score": 0.9201599074592571,
        "precision": 0.9247984828120988,
        "recall": 0.9170064944872376,
        "support": 13242
    }
}