{
    "Mangroves": {
        "f1-score": 0.9055944055944056,
        "precision": 0.9239001189060642,
        "recall": 0.888,
        "support": 875
    },
    "Mangroves > Not Mangroves": {
        "f1-score": 0.0,
        "precision": 0.0,
        "recall": 0.0,
        "support": 1
    },
    "Not Mangroves": {
        "f1-score": 0.9668649107901445,
        "precision": 0.9714041826717883,
        "recall": 0.962367864693446,
        "support": 2365
    },
    "Not Mangroves > Mangroves": {
        "f1-score": 0.39999999999999997,
        "precision": 0.2692307692307692,
        "recall": 0.7777777777777778,
        "support": 9
    },
    "accuracy": 0.9415384615384615,
    "accuracy_conf_interval": [
        0.006749262511676723,
        0.008066191782247791,
        0.009588891251345589,
        0.010617742243979237
    ],
    "cls_confidence_intervals": {
        "Mangroves": [
            0.014995133988743664,
            0.017921013791425355,
            0.02130406231327606,
            0.02358990590912113
        ],
        "Mangroves > Not Mangroves": [
            0.0,
            0.0,
            0.0,
            0.0
        ],
        "Not Mangroves": [
            0.005646885026468513,
            0.0067487162511452965,
            0.008022708604677827,
            0.008883514248956564
        ],
        "Not Mangroves > Mangroves": [
            0.14266243965622613,
            0.1704990132476849,
            0.2026850514628091,
            0.22443237458113627
        ]
    },
    "cohen_kappa": 0.8558978949657842,
    "confusion_matrix": [
        [
            777,
            23,
            66,
            9
        ],
        [
            1,
            0,
            0,
            0
        ],
        [
            62,
            17,
            2276,
            10
        ],
        [
            1,
            0,
            1,
            7
        ]
    ],
    "macro avg": {
        "f1-score": 0.5681148290961375,
        "precision": 0.5411337677021554,
        "recall": 0.6570364106178059,
        "support": 3250
    },
    "producer_accuracy": [
        92.39001189060642,
        0.0,
        97.14041826717883,
        26.923076923076923
    ],
    "user_accuracy": [
        88.8,
        0.0,
        96.23678646934461,
        77.77777777777779
    ],
    "weighted avg": {
        "f1-score": 0.9485017288965527,
        "precision": 0.9563712532260501,
        "recall": 0.9415384615384615,
        "support": 3250
    }
}