{
    "Mangroves": {
        "f1-score": 0.8734040251027915,
        "precision": 0.8858647936786654,
        "recall": 0.861288945795988,
        "support": 2343
    },
    "Mangroves > Not Mangroves": {
        "f1-score": 0.6330708661417324,
        "precision": 0.5677966101694916,
        "recall": 0.7153024911032029,
        "support": 281
    },
    "Not Mangroves": {
        "f1-score": 0.9608595548733692,
        "precision": 0.9690402476780186,
        "recall": 0.9528158295281582,
        "support": 7884
    },
    "Not Mangroves > Mangroves": {
        "f1-score": 0.3854748603351955,
        "precision": 0.2863070539419087,
        "recall": 0.5897435897435898,
        "support": 117
    },
    "accuracy": 0.9223529411764706,
    "accuracy_conf_interval": [
        0.004257850926430332,
        0.005088651107197226,
        0.006049263816208948,
        0.006698326457433084
    ],
    "cls_confidence_intervals": {
        "Mangroves": [
            0.010925983073438268,
            0.013057882209718905,
            0.015522890586043394,
            0.017188436786262643
        ],
        "Mangroves > Not Mangroves": [
            0.04318000607787373,
            0.051605373117458844,
            0.06134720375697914,
            0.06792952175665501
        ],
        "Not Mangroves": [
            0.0032263138498185738,
            0.00385583850344171,
            0.0045837263841934615,
            0.005075542519836537
        ],
        "Not Mangroves > Mangroves": [
            0.04775370288679909,
            0.05707149857202818,
            0.06784519983307433,
            0.07512472771215954
        ]
    },
    "cohen_kappa": 0.8107137532641722,
    "confusion_matrix": [
        [
            2018,
            57,
            195,
            73
        ],
        [
            58,
            201,
            22,
            0
        ],
        [
            178,
            95,
            7512,
            99
        ],
        [
            24,
            1,
            23,
            69
        ]
    ],
    "macro avg": {
        "f1-score": 0.7132023266132721,
        "precision": 0.6772521763670211,
        "recall": 0.7797877140427347,
        "support": 10625
    },
    "producer_accuracy": [
        88.58647936786654,
        56.779661016949156,
        96.90402476780186,
        28.63070539419087
    ],
    "user_accuracy": [
        86.1288945795988,
        71.53024911032028,
        95.28158295281582,
        58.97435897435898
    ],
    "weighted avg": {
        "f1-score": 0.9265690196218849,
        "precision": 0.9325687808989591,
        "recall": 0.9223529411764706,
        "support": 10625
    }
}