{
    "Mangroves": {
        "f1-score": 0.8703990102072379,
        "precision": 0.8837939698492462,
        "recall": 0.8574040219378428,
        "support": 3282
    },
    "Mangroves > Not Mangroves": {
        "f1-score": 0.6044117647058824,
        "precision": 0.5150375939849624,
        "recall": 0.7313167259786477,
        "support": 562
    },
    "Not Mangroves": {
        "f1-score": 0.947502210433245,
        "precision": 0.9613141960080736,
        "recall": 0.9340814992373067,
        "support": 9178
    },
    "Not Mangroves > Mangroves": {
        "f1-score": 0.5261324041811847,
        "precision": 0.4339080459770115,
        "recall": 0.668141592920354,
        "support": 226
    },
    "accuracy": 0.901947463768116,
    "accuracy_conf_interval": [
        0.004237295238075157,
        0.005064084552821529,
        0.0060200596979970225,
        0.006665988850142626
    ],
    "cls_confidence_intervals": {
        "Mangroves": [
            0.009314234505888606,
            0.011131646116793702,
            0.013233028291902718,
            0.014652881112922322
        ],
        "Mangroves > Not Mangroves": [
            0.029014554355188907,
            0.034675930814737965,
            0.041221897346091566,
            0.04564484770511426
        ],
        "Not Mangroves": [
            0.00334902666511241,
            0.004002495282695319,
            0.004758068371775559,
            0.005268590729262207
        ],
        "Not Mangroves > Mangroves": [
            0.043570903816898786,
            0.05207254358604977,
            0.0619025645691306,
            0.0685444706387798
        ]
    },
    "cohen_kappa": 0.7918661189819132,
    "confusion_matrix": [
        [
            2814,
            130,
            258,
            80
        ],
        [
            93,
            411,
            58,
            0
        ],
        [
            233,
            255,
            8573,
            117
        ],
        [
            44,
            2,
            29,
            151
        ]
    ],
    "macro avg": {
        "f1-score": 0.7371113473818874,
        "precision": 0.6985134514548235,
        "recall": 0.7977359600185377,
        "support": 13248
    },
    "producer_accuracy": [
        88.37939698492463,
        51.50375939849624,
        96.13141960080736,
        43.39080459770115
    ],
    "user_accuracy": [
        85.74040219378428,
        73.13167259786478,
        93.40814992373066,
        66.8141592920354
    ],
    "weighted avg": {
        "f1-score": 0.9066583766580715,
        "precision": 0.9141808458799576,
        "recall": 0.901947463768116,
        "support": 13248
    }
}