{
    "Mangroves": {
        "f1-score": 0.842358604091456,
        "precision": 0.8951406649616368,
        "recall": 0.7954545454545454,
        "support": 440
    },
    "Mangroves > Not Mangroves": {
        "f1-score": 0.3091787439613527,
        "precision": 0.19161676646706588,
        "recall": 0.8,
        "support": 40
    },
    "Not Mangroves": {
        "f1-score": 0.9366053169734152,
        "precision": 0.9719864176570459,
        "recall": 0.9037095501183899,
        "support": 1267
    },
    "Not Mangroves > Mangroves": {
        "f1-score": 0.08,
        "precision": 0.05555555555555555,
        "recall": 0.14285714285714285,
        "support": 7
    },
    "accuracy": 0.87115165336374,
    "accuracy_conf_interval": [
        0.013119441918603522,
        0.0156793330246725,
        0.01863920711606476,
        0.020639122042681153
    ],
    "cls_confidence_intervals": {
        "Mangroves": [
            0.02540999985013198,
            0.030368048601377245,
            0.03610079247000458,
            0.039974268056914945
        ],
        "Mangroves > Not Mangroves": [
            0.04994718478333223,
            0.05969297693617755,
            0.07096154911290495,
            0.07857544923231534
        ],
        "Not Mangroves": [
            0.007884708203732625,
            0.009423187853241432,
            0.011202054947985988,
            0.012403992174164742
        ],
        "Not Mangroves > Mangroves": [
            0.08854408432913234,
            0.10582097883237768,
            0.1257973881017551,
            0.13929496193241553
        ]
    },
    "cohen_kappa": 0.7178908353876898,
    "confusion_matrix": [
        [
            350,
            63,
            22,
            5
        ],
        [
            1,
            32,
            7,
            0
        ],
        [
            38,
            72,
            1145,
            12
        ],
        [
            2,
            0,
            4,
            1
        ]
    ],
    "macro avg": {
        "f1-score": 0.542035666256556,
        "precision": 0.528574851160326,
        "recall": 0.6605053096075195,
        "support": 1754
    },
    "producer_accuracy": [
        89.51406649616368,
        19.16167664670659,
        97.19864176570458,
        5.555555555555555
    ],
    "user_accuracy": [
        79.54545454545455,
        80.0,
        90.37095501183899,
        14.285714285714285
    ],
    "weighted avg": {
        "f1-score": 0.8952359590444765,
        "precision": 0.9312555549043152,
        "recall": 0.87115165336374,
        "support": 1754
    }
}