{
    "Mangroves": {
        "f1-score": 0.8548888357638058,
        "precision": 0.8662790697674418,
        "recall": 0.8437942425672487,
        "support": 2119
    },
    "Mangroves > Not Mangroves": {
        "f1-score": 0.6557788944723618,
        "precision": 0.5865168539325842,
        "recall": 0.7435897435897436,
        "support": 351
    },
    "Not Mangroves": {
        "f1-score": 0.9562834224598931,
        "precision": 0.966752263819435,
        "recall": 0.9460388837455364,
        "support": 7561
    },
    "Not Mangroves > Mangroves": {
        "f1-score": 0.3525423728813559,
        "precision": 0.24880382775119617,
        "recall": 0.6046511627906976,
        "support": 86
    },
    "accuracy": 0.9146980330137392,
    "accuracy_conf_interval": [
        0.004554454507976814,
        0.005443128558313753,
        0.006470657929015839,
        0.007164934530841573
    ],
    "cls_confidence_intervals": {
        "Mangroves": [
            0.012286200741360834,
            0.014683508203089777,
            0.017455394955713868,
            0.019328291410189605
        ],
        "Mangroves > Not Mangroves": [
            0.038285383061321385,
            0.04575570170743288,
            0.05439325764199929,
            0.06022944408427389
        ],
        "Not Mangroves": [
            0.0034181882199392473,
            0.0040851517750493446,
            0.004856328385645394,
            0.0053773936630751576
        ],
        "Not Mangroves > Mangroves": [
            0.04904287447595765,
            0.05861221583712012,
            0.06967676678596423,
            0.07715281472437241
        ]
    },
    "cohen_kappa": 0.7914347751359136,
    "confusion_matrix": [
        [
            1788,
            61,
            202,
            68
        ],
        [
            62,
            261,
            28,
            0
        ],
        [
            196,
            123,
            7153,
            89
        ],
        [
            18,
            0,
            16,
            52
        ]
    ],
    "macro avg": {
        "f1-score": 0.7048733813943542,
        "precision": 0.6670880038176643,
        "recall": 0.7845185081733066,
        "support": 10117
    },
    "producer_accuracy": [
        86.62790697674419,
        58.651685393258425,
        96.6752263819435,
        24.880382775119617
    ],
    "user_accuracy": [
        84.37942425672486,
        74.35897435897436,
        94.60388837455363,
        60.46511627906976
    ],
    "weighted avg": {
        "f1-score": 0.9194885278472227,
        "precision": 0.9264133399716219,
        "recall": 0.9146980330137392,
        "support": 10117
    }
}