{
    "Mangroves": {
        "f1-score": 0.8781074578989574,
        "precision": 0.8809332260659695,
        "recall": 0.8752997601918465,
        "support": 1251
    },
    "Mangroves > Not Mangroves": {
        "f1-score": 0.5736842105263158,
        "precision": 0.5,
        "recall": 0.6728395061728395,
        "support": 162
    },
    "Not Mangroves": {
        "f1-score": 0.9470690472428503,
        "precision": 0.9673983214977405,
        "recall": 0.9275766016713092,
        "support": 3231
    },
    "Not Mangroves > Mangroves": {
        "f1-score": 0.4983164983164984,
        "precision": 0.387434554973822,
        "recall": 0.6981132075471698,
        "support": 106
    },
    "accuracy": 0.9,
    "accuracy_conf_interval": [
        0.007138686301082514,
        0.008531600701293737,
        0.010142157976537962,
        0.01123037235170298
    ],
    "cls_confidence_intervals": {
        "Mangroves": [
            0.01506520592454997,
            0.018004758300071914,
            0.021403615734269167,
            0.023700141027645685
        ],
        "Mangroves > Not Mangroves": [
            0.055537407841244904,
            0.06637397522490245,
            0.07890375626225649,
            0.08736982453073894
        ],
        "Not Mangroves": [
            0.005232699393935724,
            0.006253713909825621,
            0.007434261943823316,
            0.008231929534362298
        ],
        "Not Mangroves > Mangroves": [
            0.05780994922289076,
            0.06908993931516212,
            0.0821324278593509,
            0.09094492011893791
        ]
    },
    "cohen_kappa": 0.7938049078681488,
    "confusion_matrix": [
        [
            1095,
            25,
            78,
            53
        ],
        [
            36,
            109,
            17,
            0
        ],
        [
            87,
            83,
            2997,
            64
        ],
        [
            25,
            1,
            6,
            74
        ]
    ],
    "macro avg": {
        "f1-score": 0.7242943034961554,
        "precision": 0.6839415256343829,
        "recall": 0.7934572688957913,
        "support": 4750
    },
    "producer_accuracy": [
        88.09332260659694,
        50.0,
        96.73983214977405,
        38.7434554973822
    ],
    "user_accuracy": [
        87.52997601918466,
        67.28395061728395,
        92.75766016713092,
        69.81132075471697
    ],
    "weighted avg": {
        "f1-score": 0.9061580868210647,
        "precision": 0.9157430537673583,
        "recall": 0.9,
        "support": 4750
    }
}