{
    "Mangroves": {
        "f1-score": 0.8827626233313987,
        "precision": 0.8968160377358491,
        "recall": 0.8691428571428571,
        "support": 1750
    },
    "Mangroves > Not Mangroves": {
        "f1-score": 0.47826086956521735,
        "precision": 0.35772357723577236,
        "recall": 0.7213114754098361,
        "support": 61
    },
    "Not Mangroves": {
        "f1-score": 0.9694184995480567,
        "precision": 0.9733777038269551,
        "recall": 0.9654913728432108,
        "support": 6665
    },
    "Not Mangroves > Mangroves": {
        "f1-score": 0.2553191489361702,
        "precision": 0.17142857142857143,
        "recall": 0.5,
        "support": 24
    },
    "accuracy": 0.9425882352941176,
    "accuracy_conf_interval": [
        0.0041380510181166855,
        0.004945475607017503,
        0.005879060287934073,
        0.006509860748012836
    ],
    "cls_confidence_intervals": {
        "Mangroves": [
            0.012114031748692872,
            0.014477745260632946,
            0.017210789008813655,
            0.019057440190016837
        ],
        "Mangroves > Not Mangroves": [
            0.07088038450062004,
            0.08471070342757028,
            0.10070200968685653,
            0.1115069463485364
        ],
        "Not Mangroves": [
            0.0032469359510609256,
            0.0038804844293167163,
            0.004613024857299974,
            0.00510798460593731
        ],
        "Not Mangroves > Mangroves": [
            0.07387566577817824,
            0.08829042983245693,
            0.10495750077021665,
            0.11621903518762187
        ]
    },
    "cohen_kappa": 0.8354653945407354,
    "confusion_matrix": [
        [
            1521,
            30,
            168,
            31
        ],
        [
            16,
            44,
            1,
            0
        ],
        [
            154,
            49,
            6435,
            27
        ],
        [
            5,
            0,
            7,
            12
        ]
    ],
    "macro avg": {
        "f1-score": 0.6464402853452107,
        "precision": 0.599836472556787,
        "recall": 0.763986426348976,
        "support": 8500
    },
    "producer_accuracy": [
        89.68160377358491,
        35.77235772357724,
        97.33777038269551,
        17.142857142857142
    ],
    "user_accuracy": [
        86.91428571428571,
        72.1311475409836,
        96.54913728432109,
        50.0
    ],
    "weighted avg": {
        "f1-score": 0.9460365250512579,
        "precision": 0.9509324571729482,
        "recall": 0.9425882352941176,
        "support": 8500
    }
}