{
    "Mangroves": {
        "f1-score": 0.8918238993710692,
        "precision": 0.9328947368421052,
        "recall": 0.8542168674698796,
        "support": 830
    },
    "Mangroves > Not Mangroves": {
        "f1-score": 0.6446280991735537,
        "precision": 0.5165562913907285,
        "recall": 0.8571428571428571,
        "support": 91
    },
    "Not Mangroves": {
        "f1-score": 0.9643041903776514,
        "precision": 0.9786489324466223,
        "recall": 0.9503738953093134,
        "support": 2942
    },
    "Not Mangroves > Mangroves": {
        "f1-score": 0.1680672268907563,
        "precision": 0.09345794392523364,
        "recall": 0.8333333333333334,
        "support": 12
    },
    "accuracy": 0.9272258064516129,
    "accuracy_conf_interval": [
        0.00684367615733585,
        0.008179027602669675,
        0.00972302771133691,
        0.01076627102800396
    ],
    "cls_confidence_intervals": {
        "Mangroves": [
            0.014884411400063661,
            0.017788686795198034,
            0.021146755220822155,
            0.023415720373270884
        ],
        "Mangroves > Not Mangroves": [
            0.0666940604022458,
            0.07970753560268401,
            0.0947543663031907,
            0.10492114380353305
        ],
        "Not Mangroves": [
            0.004435187540042484,
            0.005300589986880042,
            0.006301211566035969,
            0.006977307227627811
        ],
        "Not Mangroves > Mangroves": [
            0.046148123760290254,
            0.055152635713517625,
            0.06556410265943677,
            0.07259887762289566
        ]
    },
    "cohen_kappa": 0.8167911977957605,
    "confusion_matrix": [
        [
            709,
            25,
            52,
            44
        ],
        [
            6,
            78,
            7,
            0
        ],
        [
            45,
            48,
            2796,
            53
        ],
        [
            0,
            0,
            2,
            10
        ]
    ],
    "macro avg": {
        "f1-score": 0.6672058539532576,
        "precision": 0.6303894761511724,
        "recall": 0.8737667383138459,
        "support": 3875
    },
    "producer_accuracy": [
        93.28947368421052,
        51.65562913907284,
        97.86489324466223,
        9.345794392523365
    ],
    "user_accuracy": [
        85.42168674698796,
        85.71428571428571,
        95.03738953093134,
        83.33333333333334
    ],
    "weighted avg": {
        "f1-score": 0.9388063815010375,
        "precision": 0.9552557183691791,
        "recall": 0.9272258064516129,
        "support": 3875
    }
}