{
    "Mangroves": {
        "f1-score": 0.8921544209215442,
        "precision": 0.908675799086758,
        "recall": 0.8762230919765166,
        "support": 2044
    },
    "Mangroves > Not Mangroves": {
        "f1-score": 0.2162162162162162,
        "precision": 0.14634146341463414,
        "recall": 0.41379310344827586,
        "support": 29
    },
    "Not Mangroves": {
        "f1-score": 0.964274061990212,
        "precision": 0.9675888034048126,
        "recall": 0.9609819541537962,
        "support": 6151
    },
    "Not Mangroves > Mangroves": {
        "f1-score": 0.2280701754385965,
        "precision": 0.14772727272727273,
        "recall": 0.5,
        "support": 26
    },
    "accuracy": 0.9366060606060606,
    "accuracy_conf_interval": [
        0.004399661111412139,
        0.005258131572175483,
        0.0062507380424331,
        0.006921418089904463
    ],
    "cls_confidence_intervals": {
        "Mangroves": [
            0.010641380125709038,
            0.012717746979505923,
            0.015118546154208573,
            0.01674070775873739
        ],
        "Mangroves > Not Mangroves": [
            0.06401219396028975,
            0.07650237814766336,
            0.0909441536143141,
            0.10070211001069973
        ],
        "Not Mangroves": [
            0.0037157949071767345,
            0.004440828059796585,
            0.005279147642513288,
            0.005845579792997546
        ],
        "Not Mangroves > Mangroves": [
            0.06203290900319723,
            0.07413689124772353,
            0.08813212071795705,
            0.09758835684649321
        ]
    },
    "cohen_kappa": 0.8368878037970561,
    "confusion_matrix": [
        [
            1791,
            32,
            185,
            36
        ],
        [
            13,
            12,
            4,
            0
        ],
        [
            163,
            38,
            5911,
            39
        ],
        [
            4,
            0,
            9,
            13
        ]
    ],
    "macro avg": {
        "f1-score": 0.5751787186416422,
        "precision": 0.5425833346583694,
        "recall": 0.6877495373946472,
        "support": 8250
    },
    "producer_accuracy": [
        90.8675799086758,
        14.634146341463413,
        96.75888034048126,
        14.772727272727273
    ],
    "user_accuracy": [
        87.62230919765166,
        41.37931034482759,
        96.09819541537962,
        50.0
    ],
    "weighted avg": {
        "f1-score": 0.9414561801814672,
        "precision": 0.9475220454068204,
        "recall": 0.9366060606060606,
        "support": 8250
    }
}