{
    "Mangroves": {
        "f1-score": 0.854591836734694,
        "precision": 0.907859078590786,
        "recall": 0.8072289156626506,
        "support": 415
    },
    "Mangroves > Not Mangroves": {
        "f1-score": 0.5467625899280575,
        "precision": 0.41304347826086957,
        "recall": 0.8085106382978723,
        "support": 47
    },
    "Not Mangroves": {
        "f1-score": 0.9627006610009443,
        "precision": 0.9831243972999035,
        "recall": 0.9431082331174838,
        "support": 2162
    },
    "Not Mangroves > Mangroves": {
        "f1-score": 0.0,
        "precision": 0.0,
        "recall": 0.0,
        "support": 1
    },
    "accuracy": 0.9188571428571428,
    "accuracy_conf_interval": [
        0.00874034025823581,
        0.010445772503745237,
        0.012417678537615513,
        0.013750047479419752
    ],
    "cls_confidence_intervals": {
        "Mangroves": [
            0.024692562451804803,
            0.02951062341801062,
            0.03508150641018609,
            0.03884561654003439
        ],
        "Mangroves > Not Mangroves": [
            0.08418811492621911,
            0.10061506418011552,
            0.11960872425493325,
            0.13244227835953984
        ],
        "Not Mangroves": [
            0.004638455078918357,
            0.005543519484560964,
            0.006590000203585227,
            0.007297081770493514
        ],
        "Not Mangroves > Mangroves": [
            0.0,
            0.0,
            0.0,
            0.0
        ]
    },
    "cohen_kappa": 0.7513992338227762,
    "confusion_matrix": [
        [
            335,
            11,
            29,
            40
        ],
        [
            4,
            38,
            5,
            0
        ],
        [
            30,
            43,
            2039,
            50
        ],
        [
            0,
            0,
            1,
            0
        ]
    ],
    "macro avg": {
        "f1-score": 0.5910137719159239,
        "precision": 0.5760067385378898,
        "recall": 0.6397119467695016,
        "support": 2625
    },
    "producer_accuracy": [
        90.78590785907859,
        41.30434782608695,
        98.31243972999036,
        0.0
    ],
    "user_accuracy": [
        80.72289156626506,
        80.85106382978722,
        94.31082331174838,
        0.0
    ],
    "weighted avg": {
        "f1-score": 0.9377951554497365,
        "precision": 0.9606436221165062,
        "recall": 0.9188571428571428,
        "support": 2625
    }
}