{
    "Mangroves": {
        "f1-score": 0.8796238244514107,
        "precision": 0.8840579710144928,
        "recall": 0.8752339363693076,
        "support": 1603
    },
    "Mangroves > Not Mangroves": {
        "f1-score": 0.6105263157894737,
        "precision": 0.5390334572490706,
        "recall": 0.7038834951456311,
        "support": 206
    },
    "Not Mangroves": {
        "f1-score": 0.9502545118000926,
        "precision": 0.9661256175017643,
        "recall": 0.9348964261324835,
        "support": 4393
    },
    "Not Mangroves > Mangroves": {
        "f1-score": 0.5623582766439909,
        "precision": 0.4626865671641791,
        "recall": 0.7167630057803468,
        "support": 173
    },
    "accuracy": 0.9065098039215687,
    "accuracy_conf_interval": [
        0.005979612505608865,
        0.007146366165239863,
        0.008495425084188206,
        0.009406951380774922
    ],
    "cls_confidence_intervals": {
        "Mangroves": [
            0.013180024116917764,
            0.015751736139730986,
            0.018725278166108774,
            0.020734428183931605
        ],
        "Mangroves > Not Mangroves": [
            0.04984369980782123,
            0.05956929977032294,
            0.07081452472696553,
            0.07841264969766999
        ],
        "Not Mangroves": [
            0.004550412713196522,
            0.005438298120649502,
            0.00646491562301701,
            0.007158576097589651
        ],
        "Not Mangroves > Mangroves": [
            0.04994979907892247,
            0.059696101338224415,
            0.07096526332554229,
            0.07857956196562194
        ]
    },
    "cohen_kappa": 0.8033409828230421,
    "confusion_matrix": [
        [
            1403,
            33,
            109,
            58
        ],
        [
            41,
            145,
            20,
            0
        ],
        [
            110,
            90,
            4107,
            86
        ],
        [
            33,
            1,
            15,
            124
        ]
    ],
    "macro avg": {
        "f1-score": 0.750690732171242,
        "precision": 0.7129759032323768,
        "recall": 0.8076942158569421,
        "support": 6375
    },
    "producer_accuracy": [
        88.40579710144928,
        53.90334572490706,
        96.61256175017643,
        46.26865671641791
    ],
    "user_accuracy": [
        87.52339363693076,
        70.3883495145631,
        93.48964261324835,
        71.67630057803468
    ],
    "weighted avg": {
        "f1-score": 0.9109900335443857,
        "precision": 0.9180267346720304,
        "recall": 0.9065098039215687,
        "support": 6375
    }
}