{
    "Mangroves": {
        "f1-score": 0.9022639425731641,
        "precision": 0.920045045045045,
        "recall": 0.8851570964247021,
        "support": 923
    },
    "Mangroves > Not Mangroves": {
        "f1-score": 0.0,
        "precision": 0.0,
        "recall": 0.0,
        "support": 1
    },
    "Not Mangroves": {
        "f1-score": 0.9687890137328339,
        "precision": 0.972083035075161,
        "recall": 0.9655172413793104,
        "support": 2813
    },
    "Not Mangroves > Mangroves": {
        "f1-score": 0.3589743589743589,
        "precision": 0.2692307692307692,
        "recall": 0.5384615384615384,
        "support": 13
    },
    "accuracy": 0.944,
    "accuracy_conf_interval": [
        0.006157553938591743,
        0.007359027877829157,
        0.008748232120072417,
        0.009686883635101645
    ],
    "cls_confidence_intervals": {
        "Mangroves": [
            0.01492672741501213,
            0.017839259593551083,
            0.021206874924986747,
            0.023482290689470303
        ],
        "Mangroves > Not Mangroves": [
            0.0,
            0.0,
            0.0,
            0.0
        ],
        "Not Mangroves": [
            0.005111124142539778,
            0.006108416658157295,
            0.007261536129340051,
            0.008040670907166236
        ],
        "Not Mangroves > Mangroves": [
            0.14266243965622613,
            0.1704990132476849,
            0.2026850514628091,
            0.22443237458113627
        ]
    },
    "cohen_kappa": 0.8537054052276678,
    "confusion_matrix": [
        [
            817,
            24,
            73,
            9
        ],
        [
            1,
            0,
            0,
            0
        ],
        [
            69,
            18,
            2716,
            10
        ],
        [
            1,
            0,
            5,
            7
        ]
    ],
    "macro avg": {
        "f1-score": 0.5575068288200893,
        "precision": 0.5403397123377438,
        "recall": 0.5972839690663877,
        "support": 3750
    },
    "producer_accuracy": [
        92.0045045045045,
        0.0,
        97.2083035075161,
        26.923076923076923
    ],
    "user_accuracy": [
        88.51570964247021,
        0.0,
        96.55172413793103,
        53.84615384615385
    ],
    "weighted avg": {
        "f1-score": 0.9500426083445757,
        "precision": 0.9565789744648013,
        "recall": 0.944,
        "support": 3750
    }
}