{
    "Mangroves": {
        "f1-score": 0.8993476234855545,
        "precision": 0.9078080903104422,
        "recall": 0.8910433979686058,
        "support": 1083
    },
    "Mangroves > Not Mangroves": {
        "f1-score": 0.16000000000000003,
        "precision": 0.1,
        "recall": 0.4,
        "support": 5
    },
    "Not Mangroves": {
        "f1-score": 0.9686164726683364,
        "precision": 0.9704753469146737,
        "recall": 0.966764705882353,
        "support": 3400
    },
    "Not Mangroves > Mangroves": {
        "f1-score": 0.28571428571428575,
        "precision": 0.2,
        "recall": 0.5,
        "support": 12
    },
    "accuracy": 0.9466666666666667,
    "accuracy_conf_interval": [
        0.0054933275800041785,
        0.006565196376102555,
        0.0078045446715913035,
        0.00864194216854316
    ],
    "cls_confidence_intervals": {
        "Mangroves": [
            0.014551931636236543,
            0.017391332931111968,
            0.020674390678311675,
            0.0228926729399331
        ],
        "Mangroves > Not Mangroves": [
            0.11001454449298965,
            0.13148079707698765,
            0.15630115162723532,
            0.17307166145848374
        ],
        "Not Mangroves": [
            0.004770027744869127,
            0.005700764865819201,
            0.006776929661917724,
            0.007504068037659969
        ],
        "Not Mangroves > Mangroves": [
            0.11976866590779633,
            0.14313816169468344,
            0.17015914119827164,
            0.18841655978177718
        ]
    },
    "cohen_kappa": 0.8575669722074917,
    "confusion_matrix": [
        [
            965,
            7,
            96,
            15
        ],
        [
            2,
            2,
            1,
            0
        ],
        [
            93,
            11,
            3287,
            9
        ],
        [
            3,
            0,
            3,
            6
        ]
    ],
    "macro avg": {
        "f1-score": 0.5784195954670441,
        "precision": 0.544570859306279,
        "recall": 0.6894520259627397,
        "support": 4500
    },
    "producer_accuracy": [
        90.78080903104421,
        10.0,
        97.04753469146738,
        20.0
    ],
    "user_accuracy": [
        89.10433979686057,
        40.0,
        96.6764705882353,
        50.0
    ],
    "weighted avg": {
        "f1-score": 0.949226234385727,
        "precision": 0.9523716314035775,
        "recall": 0.9466666666666667,
        "support": 4500
    }
}