{
    "Mangroves": {
        "f1-score": 0.8845070422535211,
        "precision": 0.8683628318584071,
        "recall": 0.9012629161882894,
        "support": 871
    },
    "Mangroves > Not Mangroves": {
        "f1-score": 0.5108695652173914,
        "precision": 0.6266666666666667,
        "recall": 0.43119266055045874,
        "support": 109
    },
    "Not Mangroves": {
        "f1-score": 0.9676662757580836,
        "precision": 0.9665327978580991,
        "recall": 0.9688024152968803,
        "support": 2981
    },
    "Not Mangroves > Mangroves": {
        "f1-score": 0.411764705882353,
        "precision": 0.45161290322580644,
        "recall": 0.3783783783783784,
        "support": 37
    },
    "accuracy": 0.9339669834917459,
    "accuracy_conf_interval": [
        0.006441229653356375,
        0.0076980549515722535,
        0.009151259202634363,
        0.010133153966865517
    ],
    "cls_confidence_intervals": {
        "Mangroves": [
            0.01844163879041091,
            0.02204000733488133,
            0.02620062096442526,
            0.029011846389792775
        ],
        "Mangroves > Not Mangroves": [
            0.09159671480442387,
            0.10946924452236023,
            0.13013435700872417,
            0.14409727085086194
        ],
        "Not Mangroves": [
            0.005395995176485793,
            0.006448872284092777,
            0.007666261439763352,
            0.00848882168008131
        ],
        "Not Mangroves > Mangroves": [
            0.1465850858907286,
            0.17518705386940736,
            0.20825807934475468,
            0.23060336682809746
        ]
    },
    "cohen_kappa": 0.8319330835484318,
    "confusion_matrix": [
        [
            785,
            7,
            70,
            9
        ],
        [
            39,
            47,
            23,
            0
        ],
        [
            64,
            21,
            2888,
            8
        ],
        [
            16,
            0,
            7,
            14
        ]
    ],
    "macro avg": {
        "f1-score": 0.6937018972778372,
        "precision": 0.7282937999022449,
        "recall": 0.6699090926035017,
        "support": 3998
    },
    "producer_accuracy": [
        86.83628318584071,
        62.66666666666667,
        96.65327978580991,
        45.16129032258064
    ],
    "user_accuracy": [
        90.12629161882893,
        43.11926605504588,
        96.88024152968802,
        37.83783783783784
    ],
    "weighted avg": {
        "f1-score": 0.9319506949884959,
        "precision": 0.9311142173711073,
        "recall": 0.9339669834917459,
        "support": 3998
    }
}