overall accuracy,0.939
cohen kappa,0.8473596662931984
""
Confidence Interval,90%,95%,98%,99%
Overall Accuracy,0.008776605220698949,0.010489113556445086,0.012469201319651556,0.013807098456953226
""
class,f1-score,precision,recall,support
Mangroves,0.9047619047619047,0.9008620689655172,0.908695652173913,460
Mangroves > Not Mangroves,0.49411764705882355,0.5526315789473685,0.44680851063829785,47
Not Mangroves,0.9685492052756172,0.9669142471303174,0.9701897018970189,1476
Not Mangroves > Mangroves,0.4117647058823529,0.4117647058823529,0.4117647058823529,17
""
macro avg,0.6947983657446746,0.708043150231389,0.6843646426478956,2000
weighted (pixel) avg,0.9379963162945258,0.9372678323495063,0.939,2000
""
Confidence Interval,90%,95%,98%,99%
Mangroves,0.022752752042588177,0.027192313416751726,0.03232555625562833,0.0357939635791936
Mangroves > Not Mangroves,0.13228255091276306,0.15809378035915586,0.18793801440654753,0.2081030374115419
Not Mangroves,0.007622208234211308,0.009109468377472051,0.010829112918117285,0.01199103490503974
Not Mangroves > Mangroves,0.19575798497912078,0.2339546649750468,0.2781195762203363,0.30796073246715344
""
Point Count Confusion Matrix
,Mangroves,Mangroves > Not Mangroves,Not Mangroves,Not Mangroves > Mangroves,User Acc
Mangroves,418,6,30,6,90.8695652173913
Mangroves > Not Mangroves,12,21,14,0,44.680851063829785
Not Mangroves,29,11,1432,4,97.01897018970189
Not Mangroves > Mangroves,5,0,5,7,41.17647058823529
Producer,90.08620689655173,55.26315789473685,96.69142471303174,41.17647058823529
""
