{
    "Mangroves": {
        "f1-score": 0.8764363292932473,
        "precision": 0.8911651728553137,
        "recall": 0.8621864354289254,
        "support": 3229
    },
    "Mangroves > Not Mangroves": {
        "f1-score": 0.6163141993957705,
        "precision": 0.5368421052631579,
        "recall": 0.723404255319149,
        "support": 423
    },
    "Not Mangroves": {
        "f1-score": 0.953233194843933,
        "precision": 0.9625645438898451,
        "recall": 0.9440810297531125,
        "support": 9478
    },
    "Not Mangroves > Mangroves": {
        "f1-score": 0.5339805825242718,
        "precision": 0.43535620052770446,
        "recall": 0.6903765690376569,
        "support": 239
    },
    "accuracy": 0.9127833046600344,
    "accuracy_conf_interval": [
        0.004002008843241806,
        0.004782888617532889,
        0.005685780856556956,
        0.006295843180221865
    ],
    "cls_confidence_intervals": {
        "Mangroves": [
            0.009138004850178077,
            0.01092103018679819,
            0.012982653232265195,
            0.014375641776499658
        ],
        "Mangroves > Not Mangroves": [
            0.03425265507441984,
            0.04093609996698956,
            0.04866383312402331,
            0.053885274446343404
        ],
        "Not Mangroves": [
            0.003228882826872138,
            0.003858908744310604,
            0.00458737621134883,
            0.005079583959347631
        ],
        "Not Mangroves > Mangroves": [
            0.04176705862452749,
            0.04991672860004505,
            0.05933978450923723,
            0.06570671417761033
        ]
    },
    "cohen_kappa": 0.8056414335388944,
    "confusion_matrix": [
        [
            2784,
            98,
            262,
            85
        ],
        [
            69,
            306,
            48,
            0
        ],
        [
            236,
            165,
            8948,
            129
        ],
        [
            35,
            1,
            38,
            165
        ]
    ],
    "macro avg": {
        "f1-score": 0.7449910765143057,
        "precision": 0.7064820056340053,
        "recall": 0.805012072384711,
        "support": 13369
    },
    "producer_accuracy": [
        89.11651728553137,
        53.68421052631579,
        96.25645438898451,
        43.53562005277045
    ],
    "user_accuracy": [
        86.21864354289254,
        72.3404255319149,
        94.40810297531125,
        69.0376569037657
    ],
    "weighted avg": {
        "f1-score": 0.9165292388051766,
        "precision": 0.9224245218483207,
        "recall": 0.9127833046600344,
        "support": 13369
    }
}