{
    "Mangroves": {
        "f1-score": 0.852874145353254,
        "precision": 0.8720870015535992,
        "recall": 0.8344895936570862,
        "support": 2018
    },
    "Mangroves > Not Mangroves": {
        "f1-score": 0.5608040201005026,
        "precision": 0.4657762938230384,
        "recall": 0.7045454545454546,
        "support": 396
    },
    "Not Mangroves": {
        "f1-score": 0.9392557460780736,
        "precision": 0.9577752976190477,
        "recall": 0.9214387974230493,
        "support": 5588
    },
    "Not Mangroves > Mangroves": {
        "f1-score": 0.40236686390532544,
        "precision": 0.31336405529953915,
        "recall": 0.5619834710743802,
        "support": 121
    },
    "accuracy": 0.8839098855102795,
    "accuracy_conf_interval": [
        0.0058289084825987394,
        0.006966256479203371,
        0.008281315100277478,
        0.009169868222624847
    ],
    "cls_confidence_intervals": {
        "Mangroves": [
            0.012464933261510082,
            0.014897115361316927,
            0.01770932591421859,
            0.01960946817969269
        ],
        "Mangroves > Not Mangroves": [
            0.033425714950501506,
            0.03994780567255058,
            0.047488973069919824,
            0.05258435644652066
        ],
        "Not Mangroves": [
            0.0044981023429906605,
            0.005375780848940058,
            0.006390596621444049,
            0.007076282954217016
        ],
        "Not Mangroves > Mangroves": [
            0.051641855463175505,
            0.061718315065746335,
            0.07336922148121887,
            0.08124145554572733
        ]
    },
    "cohen_kappa": 0.7589820684289277,
    "confusion_matrix": [
        [
            1684,
            110,
            166,
            58
        ],
        [
            73,
            279,
            44,
            0
        ],
        [
            140,
            208,
            5149,
            91
        ],
        [
            34,
            2,
            17,
            68
        ]
    ],
    "macro avg": {
        "f1-score": 0.6888251938592889,
        "precision": 0.6522506620738061,
        "recall": 0.7556143291749926,
        "support": 8123
    },
    "producer_accuracy": [
        87.20870015535992,
        46.57762938230384,
        95.77752976190477,
        31.336405529953915
    ],
    "user_accuracy": [
        83.44895936570862,
        70.45454545454545,
        92.14387974230493,
        56.19834710743802
    ],
    "weighted avg": {
        "f1-score": 0.8913487525421008,
        "precision": 0.9029034094885595,
        "recall": 0.8839098855102795,
        "support": 8123
    }
}