{
    "Mangroves": {
        "f1-score": 0.8881856540084389,
        "precision": 0.885073580939033,
        "recall": 0.8913196894848271,
        "support": 1417
    },
    "Mangroves > Not Mangroves": {
        "f1-score": 0.6020942408376964,
        "precision": 0.6052631578947368,
        "recall": 0.5989583333333334,
        "support": 192
    },
    "Not Mangroves": {
        "f1-score": 0.965209064794127,
        "precision": 0.9673704414587332,
        "recall": 0.9630573248407643,
        "support": 4710
    },
    "Not Mangroves > Mangroves": {
        "f1-score": 0.432,
        "precision": 0.391304347826087,
        "recall": 0.48214285714285715,
        "support": 56
    },
    "accuracy": 0.931921568627451,
    "accuracy_conf_interval": [
        0.005173663821178921,
        0.00618315920092115,
        0.007350388233748103,
        0.008139056499171718
    ],
    "cls_confidence_intervals": {
        "Mangroves": [
            0.013846228286900027,
            0.016547931367270764,
            0.01967177555394943,
            0.021782481085489067
        ],
        "Mangroves > Not Mangroves": [
            0.05815579520157079,
            0.06950326743602363,
            0.08262378220710972,
            0.09148899489027601
        ],
        "Not Mangroves": [
            0.004255060479121402,
            0.005085316182364602,
            0.006045299339239553,
            0.006693936607398303
        ],
        "Not Mangroves > Mangroves": [
            0.09635555099957992,
            0.11515663412144918,
            0.1368953864811105,
            0.15158373267007086
        ]
    },
    "cohen_kappa": 0.8322473393612526,
    "confusion_matrix": [
        [
            1263,
            30,
            110,
            14
        ],
        [
            44,
            115,
            33,
            0
        ],
        [
            101,
            45,
            4536,
            28
        ],
        [
            19,
            0,
            10,
            27
        ]
    ],
    "macro avg": {
        "f1-score": 0.7218722399100655,
        "precision": 0.7122528820296474,
        "recall": 0.7338695512004455,
        "support": 6375
    },
    "producer_accuracy": [
        88.50735809390329,
        60.526315789473685,
        96.73704414587331,
        39.130434782608695
    ],
    "user_accuracy": [
        89.13196894848271,
        59.895833333333336,
        96.30573248407643,
        48.214285714285715
    ],
    "weighted avg": {
        "f1-score": 0.9324686841021386,
        "precision": 0.9331117824714187,
        "recall": 0.931921568627451,
        "support": 6375
    }
}