{
    "Mangroves": {
        "f1-score": 0.8812154696132597,
        "precision": 0.8656716417910447,
        "recall": 0.8973277074542897,
        "support": 711
    },
    "Mangroves > Not Mangroves": {
        "f1-score": 0.5222929936305732,
        "precision": 0.5394736842105263,
        "recall": 0.5061728395061729,
        "support": 81
    },
    "Not Mangroves": {
        "f1-score": 0.9250879839115133,
        "precision": 0.9321175278622087,
        "recall": 0.9181636726546906,
        "support": 1002
    },
    "Not Mangroves > Mangroves": {
        "f1-score": 0.6282051282051282,
        "precision": 0.6533333333333333,
        "recall": 0.6049382716049383,
        "support": 81
    },
    "accuracy": 0.8789333333333333,
    "accuracy_conf_interval": [
        0.012354736072174763,
        0.014765416281379595,
        0.017552765273272684,
        0.019436109186713957
    ],
    "cls_confidence_intervals": {
        "Mangroves": [
            0.020600158074261406,
            0.024619701113141684,
            0.029267297751847002,
            0.03240756575097222
        ],
        "Mangroves > Not Mangroves": [
            0.09376686804560595,
            0.11206284229840713,
            0.1332175625282085,
            0.1475112924132094
        ],
        "Not Mangroves": [
            0.013131049366194705,
            0.015693205340086357,
            0.018655698184898577,
            0.020657382539501428
        ],
        "Not Mangroves > Mangroves": [
            0.09012321310706105,
            0.10770823029868273,
            0.1280409064264953,
            0.1417792011074497
        ]
    },
    "cohen_kappa": 0.7861624697989814,
    "confusion_matrix": [
        [
            638,
            11,
            47,
            15
        ],
        [
            26,
            41,
            14,
            0
        ],
        [
            48,
            23,
            920,
            11
        ],
        [
            25,
            1,
            6,
            49
        ]
    ],
    "macro avg": {
        "f1-score": 0.7392003938401186,
        "precision": 0.7476490467992782,
        "recall": 0.7316506228050228,
        "support": 1875
    },
    "producer_accuracy": [
        86.56716417910447,
        53.94736842105263,
        93.21175278622087,
        65.33333333333333
    ],
    "user_accuracy": [
        89.73277074542897,
        50.617283950617285,
        91.81636726546905,
        60.49382716049383
    ],
    "weighted avg": {
        "f1-score": 0.8782254435429631,
        "precision": 0.8779155566146232,
        "recall": 0.8789333333333333,
        "support": 1875
    }
}