overall accuracy,0.952
cohen kappa,0.8952221290863369
""
Confidence Interval,90%,95%,98%,99%
Overall Accuracy,0.01567826276090563,0.018737435982545753,0.022274605020067145,0.024664584099473492
""
class,f1-score,precision,recall,support
Mangroves,0.9298245614035089,0.9636363636363636,0.8983050847457628,177
Mangroves > Not Mangroves,0.0,0.0,0.0,0
Not Mangroves,0.9723926380368098,0.9635258358662614,0.9814241486068112,323
Not Mangroves > Mangroves,0.0,0.0,0.0,0
""
macro avg,0.4755542998600797,0.4817905498756563,0.4699323083381435,500
weighted (pixel) avg,0.9573235389086212,0.9635649626968776,0.952,500
""
Confidence Interval,90%,95%,98%,99%
Mangroves,0.02389968181553987,0.028563034364913507,0.033955035750126775,0.03759827992932492
Mangroves > Not Mangroves,0.0,0.0,0.0,0.0
Not Mangroves,0.01695002157187816,0.020257342854195847,0.024081433086875676,0.02666527783868637
Not Mangroves > Mangroves,0.0,0.0,0.0,0.0
""
Point Count Confusion Matrix
,Mangroves,Mangroves > Not Mangroves,Not Mangroves,Not Mangroves > Mangroves,User Acc
Mangroves,159,5,12,1,89.83050847457628
Mangroves > Not Mangroves,0,0,0,0,nan
Not Mangroves,6,0,317,0,98.14241486068111
Not Mangroves > Mangroves,0,0,0,0,nan
Producer,96.36363636363636,0.0,96.35258358662614,0.0
""
