{
    "Mangroves": {
        "f1-score": 0.8980891719745223,
        "precision": 0.9286498353457738,
        "recall": 0.869475847893114,
        "support": 973
    },
    "Mangroves > Not Mangroves": {
        "f1-score": 0.6290322580645161,
        "precision": 0.5165562913907285,
        "recall": 0.8041237113402062,
        "support": 97
    },
    "Not Mangroves": {
        "f1-score": 0.9631605267544591,
        "precision": 0.9773342354533153,
        "recall": 0.949392047321722,
        "support": 3043
    },
    "Not Mangroves > Mangroves": {
        "f1-score": 0.1680672268907563,
        "precision": 0.09345794392523364,
        "recall": 0.8333333333333334,
        "support": 12
    },
    "accuracy": 0.9267878787878788,
    "accuracy_conf_interval": [
        0.006651407245870931,
        0.00794924280604087,
        0.009449865172487361,
        0.010463799203870125
    ],
    "cls_confidence_intervals": {
        "Mangroves": [
            0.013986470782243627,
            0.0167155382519497,
            0.019871022513797347,
            0.022003106474505218
        ],
        "Mangroves > Not Mangroves": [
            0.0666940604022458,
            0.07970753560268401,
            0.0947543663031907,
            0.10492114380353305
        ],
        "Not Mangroves": [
            0.004489504133331816,
            0.005365504939835585,
            0.006378380872355568,
            0.007062756502436638
        ],
        "Not Mangroves > Mangroves": [
            0.046148123760290254,
            0.055152635713517625,
            0.06556410265943677,
            0.07259887762289566
        ]
    },
    "cohen_kappa": 0.8249904505124411,
    "confusion_matrix": [
        [
            846,
            25,
            58,
            44
        ],
        [
            12,
            78,
            7,
            0
        ],
        [
            53,
            48,
            2889,
            53
        ],
        [
            0,
            0,
            2,
            10
        ]
    ],
    "macro avg": {
        "f1-score": 0.6645872959210634,
        "precision": 0.6289995765287628,
        "recall": 0.864081234972094,
        "support": 4125
    },
    "producer_accuracy": [
        92.86498353457738,
        51.65562913907284,
        97.73342354533153,
        9.345794392523365
    ],
    "user_accuracy": [
        86.9475847893114,
        80.41237113402062,
        94.9392047321722,
        83.33333333333334
    ],
    "weighted avg": {
        "f1-score": 0.9376414989090851,
        "precision": 0.9524440785134254,
        "recall": 0.9267878787878788,
        "support": 4125
    }
}