{
    "Mangroves": {
        "f1-score": 0.9290231904427266,
        "precision": 0.9497126436781609,
        "recall": 0.9092159559834938,
        "support": 727
    },
    "Mangroves > Not Mangroves": {
        "f1-score": 0.2222222222222222,
        "precision": 0.125,
        "recall": 1.0,
        "support": 1
    },
    "Not Mangroves": {
        "f1-score": 0.9684625492772667,
        "precision": 0.9640287769784173,
        "recall": 0.972937293729373,
        "support": 1515
    },
    "Not Mangroves > Mangroves": {
        "f1-score": 0.25,
        "precision": 0.17647058823529413,
        "recall": 0.42857142857142855,
        "support": 7
    },
    "accuracy": 0.9506666666666667,
    "accuracy_conf_interval": [
        0.007487502019950675,
        0.008948478023843489,
        0.010637731528344557,
        0.011779119031385819
    ],
    "cls_confidence_intervals": {
        "Mangroves": [
            0.013585159463144677,
            0.016235922285221686,
            0.01930086679824823,
            0.021371775252995894
        ],
        "Mangroves > Not Mangroves": [
            0.19175994107216449,
            0.2291765149399039,
            0.2724394284744776,
            0.30167112680864905
        ],
        "Not Mangroves": [
            0.007810209912690217,
            0.009334153310288308,
            0.011096212863761102,
            0.01228679364313461
        ],
        "Not Mangroves > Mangroves": [
            0.15163348314225134,
            0.18122050424317843,
            0.21543049739112538,
            0.23854535762622467
        ]
    },
    "cohen_kappa": 0.8885017763821093,
    "confusion_matrix": [
        [
            661,
            5,
            52,
            9
        ],
        [
            0,
            1,
            0,
            0
        ],
        [
            34,
            2,
            1474,
            5
        ],
        [
            1,
            0,
            3,
            3
        ]
    ],
    "macro avg": {
        "f1-score": 0.5924269904855539,
        "precision": 0.553803002222968,
        "recall": 0.8276811695710738,
        "support": 2250
    },
    "producer_accuracy": [
        94.97126436781609,
        12.5,
        96.40287769784173,
        17.647058823529413
    ],
    "user_accuracy": [
        90.92159559834938,
        100.0,
        97.29372937293729,
        42.857142857142854
    ],
    "weighted avg": {
        "f1-score": 0.9531523750351749,
        "precision": 0.9565799925306542,
        "recall": 0.9506666666666667,
        "support": 2250
    }
}