{
    "Mangroves": {
        "f1-score": 0.8650166754432158,
        "precision": 0.8715953307392996,
        "recall": 0.8585365853658536,
        "support": 2870
    },
    "Mangroves > Not Mangroves": {
        "f1-score": 0.5654008438818565,
        "precision": 0.5012468827930174,
        "recall": 0.6483870967741936,
        "support": 310
    },
    "Not Mangroves": {
        "f1-score": 0.9552861140066934,
        "precision": 0.9649745067612503,
        "recall": 0.9457903313416621,
        "support": 9205
    },
    "Not Mangroves > Mangroves": {
        "f1-score": 0.33810888252148996,
        "precision": 0.24380165289256198,
        "recall": 0.5514018691588785,
        "support": 107
    },
    "accuracy": 0.9149855907780979,
    "accuracy_conf_interval": [
        0.00409242998711567,
        0.004890952911430923,
        0.005814245042670435,
        0.006438091077291726
    ],
    "cls_confidence_intervals": {
        "Mangroves": [
            0.010318790604884179,
            0.01233221316193475,
            0.014660232993524475,
            0.016233219366220235
        ],
        "Mangroves > Not Mangroves": [
            0.0409487185660846,
            0.04893871243263769,
            0.058177142840839705,
            0.0644193255490843
        ],
        "Not Mangroves": [
            0.0031742599282681733,
            0.0037936277191497683,
            0.0045097717273566125,
            0.004993652813982859
        ],
        "Not Mangroves > Mangroves": [
            0.04526602404300836,
            0.054098418978229514,
            0.06431087562207896,
            0.07121118416522049
        ]
    },
    "cohen_kappa": 0.7950766510253655,
    "confusion_matrix": [
        [
            2464,
            64,
            260,
            82
        ],
        [
            76,
            201,
            33,
            0
        ],
        [
            262,
            136,
            8706,
            101
        ],
        [
            25,
            0,
            23,
            59
        ]
    ],
    "macro avg": {
        "f1-score": 0.680953128963314,
        "precision": 0.6454045932965323,
        "recall": 0.751028970660147,
        "support": 12492
    },
    "producer_accuracy": [
        87.15953307392996,
        50.12468827930174,
        96.49745067612503,
        24.380165289256198
    ],
    "user_accuracy": [
        85.85365853658537,
        64.83870967741936,
        94.57903313416621,
        55.140186915887845
    ],
    "weighted avg": {
        "f1-score": 0.9195852105336868,
        "precision": 0.9258359145440633,
        "recall": 0.9149855907780979,
        "support": 12492
    }
}