{
    "Mangroves": {
        "f1-score": 0.8590546082451974,
        "precision": 0.8686163247490178,
        "recall": 0.8497011101622545,
        "support": 2342
    },
    "Mangroves > Not Mangroves": {
        "f1-score": 0.6416464891041163,
        "precision": 0.5849889624724062,
        "recall": 0.710455764075067,
        "support": 373
    },
    "Not Mangroves": {
        "f1-score": 0.9562062380649268,
        "precision": 0.9655482709859879,
        "recall": 0.9470432480141218,
        "support": 7931
    },
    "Not Mangroves > Mangroves": {
        "f1-score": 0.3555555555555555,
        "precision": 0.2557077625570776,
        "recall": 0.5833333333333334,
        "support": 96
    },
    "accuracy": 0.9143548687395271,
    "accuracy_conf_interval": [
        0.004428024392125331,
        0.005292029151564421,
        0.0062910346546658676,
        0.0069660383729776565
    ],
    "cls_confidence_intervals": {
        "Mangroves": [
            0.011574866753990111,
            0.013833377340134524,
            0.016444780205364003,
            0.018209241600789322
        ],
        "Mangroves > Not Mangroves": [
            0.037966311498390616,
            0.04537437227856439,
            0.05393994255564033,
            0.05972749004015109
        ],
        "Not Mangroves": [
            0.0033913644926200155,
            0.004053094149716604,
            0.0048182190657345345,
            0.005335195360341245
        ],
        "Not Mangroves > Mangroves": [
            0.048346550348882605,
            0.05778002358768897,
            0.06868747702005883,
            0.0760573779878763
        ]
    },
    "cohen_kappa": 0.7947095750293935,
    "confusion_matrix": [
        [
            1990,
            64,
            216,
            72
        ],
        [
            73,
            265,
            35,
            0
        ],
        [
            205,
            124,
            7511,
            91
        ],
        [
            23,
            0,
            17,
            56
        ]
    ],
    "macro avg": {
        "f1-score": 0.703115722742449,
        "precision": 0.6687153301911224,
        "recall": 0.7726333638961942,
        "support": 10742
    },
    "producer_accuracy": [
        86.86163247490178,
        58.498896247240616,
        96.55482709859879,
        25.570776255707763
    ],
    "user_accuracy": [
        84.97011101622545,
        71.0455764075067,
        94.70432480141217,
        58.333333333333336
    ],
    "weighted avg": {
        "f1-score": 0.9187344107589234,
        "precision": 0.9248567862557957,
        "recall": 0.9143548687395271,
        "support": 10742
    }
}