{
    "Mangroves": {
        "f1-score": 0.838012958963283,
        "precision": 0.8798185941043084,
        "recall": 0.8,
        "support": 970
    },
    "Mangroves > Not Mangroves": {
        "f1-score": 0.42211055276381915,
        "precision": 0.30656934306569344,
        "recall": 0.6774193548387096,
        "support": 124
    },
    "Not Mangroves": {
        "f1-score": 0.9454297407912687,
        "precision": 0.9591695501730104,
        "recall": 0.9320780094149294,
        "support": 2974
    },
    "Not Mangroves > Mangroves": {
        "f1-score": 0.46969696969696967,
        "precision": 0.4025974025974026,
        "recall": 0.5636363636363636,
        "support": 55
    },
    "accuracy": 0.8884307543051176,
    "accuracy_conf_interval": [
        0.008041206610704463,
        0.00961022253474436,
        0.011424397196915488,
        0.012650190887571657
    ],
    "cls_confidence_intervals": {
        "Mangroves": [
            0.017956627088984534,
            0.021460359203908347,
            0.025511549461789004,
            0.028248840176573232
        ],
        "Mangroves > Not Mangroves": [
            0.04568087849835551,
            0.0545942206443761,
            0.06490027250071241,
            0.07186382105229099
        ],
        "Not Mangroves": [
            0.006037188005563287,
            0.007215175909087831,
            0.008577224422538086,
            0.009497527472166634
        ],
        "Not Mangroves > Mangroves": [
            0.091657397758564,
            0.10954176805291796,
            0.13022057120576472,
            0.14419273549822875
        ]
    },
    "cohen_kappa": 0.7474768051950611,
    "confusion_matrix": [
        [
            776,
            91,
            87,
            16
        ],
        [
            21,
            84,
            19,
            0
        ],
        [
            73,
            99,
            2772,
            30
        ],
        [
            12,
            0,
            12,
            31
        ]
    ],
    "macro avg": {
        "f1-score": 0.6688125555538351,
        "precision": 0.6370387224851037,
        "recall": 0.7432834319725007,
        "support": 4123
    },
    "producer_accuracy": [
        87.98185941043084,
        30.656934306569344,
        95.91695501730104,
        40.25974025974026
    ],
    "user_accuracy": [
        80.0,
        67.74193548387096,
        93.20780094149293,
        56.36363636363636
    ],
    "weighted avg": {
        "f1-score": 0.8980731654580802,
        "precision": 0.9134493655538967,
        "recall": 0.8884307543051176,
        "support": 4123
    }
}