{
    "Mangroves": {
        "f1-score": 0.7655172413793103,
        "precision": 0.8473282442748091,
        "recall": 0.6981132075471698,
        "support": 159
    },
    "Mangroves > Not Mangroves": {
        "f1-score": 0.22222222222222224,
        "precision": 0.12790697674418605,
        "recall": 0.8461538461538461,
        "support": 13
    },
    "Not Mangroves": {
        "f1-score": 0.946824224519941,
        "precision": 0.9786259541984733,
        "recall": 0.9170243204577968,
        "support": 699
    },
    "Not Mangroves > Mangroves": {
        "f1-score": 0.0,
        "precision": 0.0,
        "recall": 0.0,
        "support": 6
    },
    "accuracy": 0.8700114025085519,
    "accuracy_conf_interval": [
        0.018623407776467232,
        0.022257243440168155,
        0.02645886592632235,
        0.029297800038588697
    ],
    "cls_confidence_intervals": {
        "Mangroves": [
            0.05153631853782849,
            0.0615921855695999,
            0.0732192818250856,
            0.08107542794365702
        ],
        "Mangroves > Not Mangroves": [
            0.05906403944581453,
            0.07058873006938811,
            0.08391415360289504,
            0.09291781815256189
        ],
        "Not Mangroves": [
            0.009267763243281813,
            0.011076107290751435,
            0.013167005095638187,
            0.014579773882723829
        ],
        "Not Mangroves > Mangroves": [
            0.0,
            0.0,
            0.0,
            0.0
        ]
    },
    "cohen_kappa": 0.6544224647174108,
    "confusion_matrix": [
        [
            111,
            35,
            9,
            4
        ],
        [
            1,
            11,
            1,
            0
        ],
        [
            17,
            40,
            641,
            1
        ],
        [
            2,
            0,
            4,
            0
        ]
    ],
    "macro avg": {
        "f1-score": 0.48364092203036835,
        "precision": 0.4884652938043671,
        "recall": 0.6153228435397031,
        "support": 877
    },
    "producer_accuracy": [
        84.7328244274809,
        12.790697674418606,
        97.86259541984734,
        0.0
    ],
    "user_accuracy": [
        69.81132075471697,
        84.61538461538461,
        91.70243204577969,
        0.0
    ],
    "weighted avg": {
        "f1-score": 0.8967346216734754,
        "precision": 0.9355159903330694,
        "recall": 0.8700114025085519,
        "support": 877
    }
}