{
    "Mangroves": {
        "f1-score": 0.8828606658446363,
        "precision": 0.8668280871670703,
        "recall": 0.8994974874371859,
        "support": 796
    },
    "Mangroves > Not Mangroves": {
        "f1-score": 0.5136612021857924,
        "precision": 0.6351351351351351,
        "recall": 0.43119266055045874,
        "support": 109
    },
    "Not Mangroves": {
        "f1-score": 0.9652750682793602,
        "precision": 0.9630206305955624,
        "recall": 0.9675400860383262,
        "support": 2557
    },
    "Not Mangroves > Mangroves": {
        "f1-score": 0.39999999999999997,
        "precision": 0.4482758620689655,
        "recall": 0.3611111111111111,
        "support": 36
    },
    "accuracy": 0.9291023441966838,
    "accuracy_conf_interval": [
        0.00711674920046852,
        0.00850538319080384,
        0.010110991242129056,
        0.011195861547078525
    ],
    "cls_confidence_intervals": {
        "Mangroves": [
            0.01938771517163052,
            0.023170683985607204,
            0.02754474167676775,
            0.030500186062687035
        ],
        "Mangroves > Not Mangroves": [
            0.0917755676747595,
            0.10968299551373697,
            0.1303884589525547,
            0.14437863695175582
        ],
        "Not Mangroves": [
            0.00610603573923834,
            0.007297457346894602,
            0.008675038580747155,
            0.00960583671172861
        ],
        "Not Mangroves > Mangroves": [
            0.15145322262009064,
            0.1810050709362059,
            0.21517439555171416,
            0.2382617770486792
        ]
    },
    "cohen_kappa": 0.8265153340739311,
    "confusion_matrix": [
        [
            716,
            7,
            65,
            8
        ],
        [
            39,
            47,
            23,
            0
        ],
        [
            55,
            20,
            2474,
            8
        ],
        [
            16,
            0,
            7,
            13
        ]
    ],
    "macro avg": {
        "f1-score": 0.6904492340774472,
        "precision": 0.7283149287416832,
        "recall": 0.6648353362842705,
        "support": 3498
    },
    "producer_accuracy": [
        86.68280871670703,
        63.51351351351351,
        96.30206305955625,
        44.827586206896555
    ],
    "user_accuracy": [
        89.9497487437186,
        43.11926605504588,
        96.75400860383262,
        36.11111111111111
    ],
    "weighted avg": {
        "f1-score": 0.9266307920642957,
        "precision": 0.9256165153179112,
        "recall": 0.9291023441966838,
        "support": 3498
    }
}