{
    "Mangroves": {
        "f1-score": 0.8869790822117724,
        "precision": 0.8973097112860893,
        "recall": 0.876883616543764,
        "support": 3119
    },
    "Mangroves > Not Mangroves": {
        "f1-score": 0.6894409937888198,
        "precision": 0.6306818181818182,
        "recall": 0.7602739726027398,
        "support": 438
    },
    "Not Mangroves": {
        "f1-score": 0.9588433938370622,
        "precision": 0.9656711659049846,
        "recall": 0.9521114953368962,
        "support": 9543
    },
    "Not Mangroves > Mangroves": {
        "f1-score": 0.5793528505392912,
        "precision": 0.49214659685863876,
        "recall": 0.704119850187266,
        "support": 267
    },
    "accuracy": 0.9233186204832797,
    "accuracy_conf_interval": [
        0.003774397446304181,
        0.004510865240704998,
        0.005362406127980941,
        0.005937771592356578
    ],
    "cls_confidence_intervals": {
        "Mangroves": [
            0.00901721112460509,
            0.010776666953796329,
            0.012811037756298698,
            0.014185612622854352
        ],
        "Mangroves > Not Mangroves": [
            0.034445491550390284,
            0.04116656307241766,
            0.04893780201976181,
            0.054188639146345696
        ],
        "Not Mangroves": [
            0.0030783377818237485,
            0.0036789890563259436,
            0.004373492092469107,
            0.004842750900673947
        ],
        "Not Mangroves > Mangroves": [
            0.0419496742990231,
            0.05013497660127151,
            0.059599232388246236,
            0.0659939998118778
        ]
    },
    "cohen_kappa": 0.8266697181987462,
    "confusion_matrix": [
        [
            2735,
            57,
            244,
            83
        ],
        [
            67,
            333,
            38,
            0
        ],
        [
            209,
            137,
            9086,
            111
        ],
        [
            37,
            1,
            41,
            188
        ]
    ],
    "macro avg": {
        "f1-score": 0.7786540800942364,
        "precision": 0.7464523230578828,
        "recall": 0.8233472336676665,
        "support": 13367
    },
    "producer_accuracy": [
        89.73097112860893,
        63.06818181818182,
        96.56711659049846,
        49.21465968586388
    ],
    "user_accuracy": [
        87.68836165437641,
        76.02739726027397,
        95.21114953368962,
        70.4119850187266
    ],
    "weighted avg": {
        "f1-score": 0.9256671378154482,
        "precision": 0.9292848584916192,
        "recall": 0.9233186204832797,
        "support": 13367
    }
}