{
    "Mangroves": {
        "f1-score": 0.8899598393574296,
        "precision": 0.9032608695652173,
        "recall": 0.8770448548812665,
        "support": 1895
    },
    "Mangroves > Not Mangroves": {
        "f1-score": 0.4756756756756757,
        "precision": 0.3548387096774194,
        "recall": 0.7213114754098361,
        "support": 61
    },
    "Not Mangroves": {
        "f1-score": 0.9695216907675195,
        "precision": 0.9734921816827997,
        "recall": 0.9655834564254062,
        "support": 6770
    },
    "Not Mangroves > Mangroves": {
        "f1-score": 0.25263157894736843,
        "precision": 0.16901408450704225,
        "recall": 0.5,
        "support": 24
    },
    "accuracy": 0.9434285714285714,
    "accuracy_conf_interval": [
        0.004050353297450618,
        0.004840666135977569,
        0.005754465355524355,
        0.006371897260623535
    ],
    "cls_confidence_intervals": {
        "Mangroves": [
            0.011301670060554748,
            0.013506873974809333,
            0.0160566410006662,
            0.017779456558677593
        ],
        "Mangroves > Not Mangroves": [
            0.07046649204616572,
            0.08421605146980782,
            0.10011397955339399,
            0.11085582285311438
        ],
        "Not Mangroves": [
            0.0032149488389709457,
            0.003842255929501862,
            0.004567579752928234,
            0.0050576634174055125
        ],
        "Not Mangroves > Mangroves": [
            0.07294120838675566,
            0.08717363929148848,
            0.1036298875250858,
            0.11474897416940831
        ]
    },
    "cohen_kappa": 0.843104089193745,
    "confusion_matrix": [
        [
            1662,
            31,
            170,
            32
        ],
        [
            16,
            44,
            1,
            0
        ],
        [
            157,
            49,
            6537,
            27
        ],
        [
            5,
            0,
            7,
            12
        ]
    ],
    "macro avg": {
        "f1-score": 0.6469471961869983,
        "precision": 0.6001514613581196,
        "recall": 0.7659849466791272,
        "support": 8750
    },
    "producer_accuracy": [
        90.32608695652173,
        35.483870967741936,
        97.34921816827998,
        16.901408450704224
    ],
    "user_accuracy": [
        87.70448548812665,
        72.1311475409836,
        96.55834564254062,
        50.0
    ],
    "weighted avg": {
        "f1-score": 0.9468817275645016,
        "precision": 0.9517626191013867,
        "recall": 0.9434285714285714,
        "support": 8750
    }
}