{
    "Mangroves": {
        "f1-score": 0.8892366544948705,
        "precision": 0.8965638148667602,
        "recall": 0.8820282856157295,
        "support": 2899
    },
    "Mangroves > Not Mangroves": {
        "f1-score": 0.6666666666666667,
        "precision": 0.608421052631579,
        "recall": 0.7372448979591837,
        "support": 392
    },
    "Not Mangroves": {
        "f1-score": 0.9575663399474061,
        "precision": 0.9658789486375693,
        "recall": 0.9493955913723631,
        "support": 8438
    },
    "Not Mangroves > Mangroves": {
        "f1-score": 0.586750788643533,
        "precision": 0.5013477088948787,
        "recall": 0.7072243346007605,
        "support": 263
    },
    "accuracy": 0.9208639092728486,
    "accuracy_conf_interval": [
        0.004042807480216834,
        0.004831647964161582,
        0.005743744773722697,
        0.006360026401804532
    ],
    "cls_confidence_intervals": {
        "Mangroves": [
            0.009351815675418085,
            0.011176560197450884,
            0.013286421051051307,
            0.01471200270888943
        ],
        "Mangroves > Not Mangroves": [
            0.03672897656393818,
            0.04389560613738953,
            0.052182021581692654,
            0.05778095093595153
        ],
        "Not Mangroves": [
            0.0032691465159269697,
            0.00390702876293711,
            0.004644580111042585,
            0.005142925616519257
        ],
        "Not Mangroves > Mangroves": [
            0.04257212414541435,
            0.05087888007622691,
            0.060483566621228925,
            0.06697321969217623
        ]
    },
    "cohen_kappa": 0.8256452567994724,
    "confusion_matrix": [
        [
            2557,
            57,
            205,
            80
        ],
        [
            66,
            289,
            37,
            0
        ],
        [
            194,
            128,
            8011,
            105
        ],
        [
            35,
            1,
            41,
            186
        ]
    ],
    "macro avg": {
        "f1-score": 0.7750551124381191,
        "precision": 0.7430528812576969,
        "recall": 0.8189732773870092,
        "support": 11992
    },
    "producer_accuracy": [
        89.65638148667601,
        60.8421052631579,
        96.58789486375693,
        50.13477088948787
    ],
    "user_accuracy": [
        88.20282856157296,
        73.72448979591837,
        94.9395591372363,
        70.72243346007605
    ],
    "weighted avg": {
        "f1-score": 0.9234064900436479,
        "precision": 0.9272498805848466,
        "recall": 0.9208639092728486,
        "support": 11992
    }
}