{
    "Mangroves": {
        "f1-score": 0.8480934809348094,
        "precision": 0.8522867737948084,
        "recall": 0.8439412484700123,
        "support": 1634
    },
    "Mangroves > Not Mangroves": {
        "f1-score": 0.6381679389312976,
        "precision": 0.5710382513661202,
        "recall": 0.7231833910034602,
        "support": 289
    },
    "Not Mangroves": {
        "f1-score": 0.9552411681972367,
        "precision": 0.968136843870535,
        "recall": 0.9426845199216198,
        "support": 6124
    },
    "Not Mangroves > Mangroves": {
        "f1-score": 0.3333333333333333,
        "precision": 0.23529411764705882,
        "recall": 0.5714285714285714,
        "support": 70
    },
    "accuracy": 0.9117900702229887,
    "accuracy_conf_interval": [
        0.005162407016305433,
        0.0061697059463162495,
        0.007334395334141256,
        0.008121347623212207
    ],
    "cls_confidence_intervals": {
        "Mangroves": [
            0.014466289624166802,
            0.017288980282540813,
            0.020552716356285763,
            0.022757943433140457
        ],
        "Mangroves > Not Mangroves": [
            0.04242727990661935,
            0.05070577354693532,
            0.06027778181855066,
            0.06674535497504751
        ],
        "Not Mangroves": [
            0.0037301321080797953,
            0.004457962763314878,
            0.0052995169584304416,
            0.005868134657832849
        ],
        "Not Mangroves > Mangroves": [
            0.05335463310342083,
            0.06376529322116149,
            0.07580261898229912,
            0.083935947199284
        ]
    },
    "cohen_kappa": 0.7815680966562258,
    "confusion_matrix": [
        [
            1379,
            44,
            153,
            58
        ],
        [
            56,
            209,
            24,
            0
        ],
        [
            166,
            113,
            5773,
            72
        ],
        [
            17,
            0,
            13,
            40
        ]
    ],
    "macro avg": {
        "f1-score": 0.6937089803491693,
        "precision": 0.6566889966696307,
        "recall": 0.7703094327059159,
        "support": 8117
    },
    "producer_accuracy": [
        85.22867737948084,
        57.103825136612016,
        96.8136843870535,
        23.52941176470588
    ],
    "user_accuracy": [
        84.39412484700122,
        72.31833910034602,
        94.26845199216199,
        57.14285714285714
    ],
    "weighted avg": {
        "f1-score": 0.917019284165558,
        "precision": 0.9243571840734233,
        "recall": 0.9117900702229887,
        "support": 8117
    }
}