{
    "Mangroves": {
        "f1-score": 0.8869209809264306,
        "precision": 0.9020785219399539,
        "recall": 0.8722644037516748,
        "support": 2239
    },
    "Mangroves > Not Mangroves": {
        "f1-score": 0.5110132158590309,
        "precision": 0.4142857142857143,
        "recall": 0.6666666666666666,
        "support": 87
    },
    "Not Mangroves": {
        "f1-score": 0.9678033911221184,
        "precision": 0.9704533876719307,
        "recall": 0.9651678277390754,
        "support": 7895
    },
    "Not Mangroves > Mangroves": {
        "f1-score": 0.22950819672131148,
        "precision": 0.15053763440860216,
        "recall": 0.4827586206896552,
        "support": 29
    },
    "accuracy": 0.9409756097560975,
    "accuracy_conf_interval": [
        0.0038175686298876736,
        0.004562460069865756,
        0.005423740797340415,
        0.006005687234823292
    ],
    "cls_confidence_intervals": {
        "Mangroves": [
            0.010475531065893181,
            0.012519537127530875,
            0.01488291913629946,
            0.01647979887195391
        ],
        "Mangroves > Not Mangroves": [
            0.06827673068734888,
            0.08159901960195355,
            0.09700291615946519,
            0.10741095437400008
        ],
        "Not Mangroves": [
            0.0031339703962610806,
            0.0037454768150437306,
            0.00445253111176117,
            0.004930270501435115
        ],
        "Not Mangroves > Mangroves": [
            0.06081307846239671,
            0.07267904499164486,
            0.08639906879108802,
            0.09566935514206312
        ]
    },
    "cohen_kappa": 0.8377003551656683,
    "confusion_matrix": [
        [
            1953,
            35,
            214,
            37
        ],
        [
            20,
            58,
            9,
            0
        ],
        [
            186,
            47,
            7620,
            42
        ],
        [
            6,
            0,
            9,
            14
        ]
    ],
    "macro avg": {
        "f1-score": 0.6488114461572227,
        "precision": 0.6093388145765503,
        "recall": 0.746714379711768,
        "support": 10250
    },
    "producer_accuracy": [
        90.2078521939954,
        41.42857142857143,
        97.04533876719307,
        15.053763440860216
    ],
    "user_accuracy": [
        87.22644037516748,
        66.66666666666666,
        96.51678277390754,
        48.275862068965516
    ],
    "weighted avg": {
        "f1-score": 0.9441695352866396,
        "precision": 0.948477244374064,
        "recall": 0.9409756097560975,
        "support": 10250
    }
}