overall accuracy,0.93625
cohen kappa,0.8333308891253757
""
Confidence Interval,90%,95%,98%,99%
Overall Accuracy,0.004479554909530632,0.005353614404073195,0.006364245694638033,0.007047104674749409
""
class,f1-score,precision,recall,support
Mangroves,0.8890057864281957,0.9056806002143623,0.8729338842975206,1936
Mangroves > Not Mangroves,0.2162162162162162,0.14634146341463414,0.41379310344827586,29
Not Mangroves,0.9644526034712951,0.967844582147044,0.9610843173124896,6013
Not Mangroves > Mangroves,0.17475728155339806,0.1111111111111111,0.4090909090909091,22
""
macro avg,0.5611079719172762,0.5327444392217878,0.6642255535372988,8000
weighted (pixel) avg,0.9413104547077913,0.9474669326685813,0.93625,8000
""
Confidence Interval,90%,95%,98%,99%
Mangroves,0.011096245969671337,0.013261367134485258,0.01576478848130135,0.017456289391312226
Mangroves > Not Mangroves,0.06401219396028975,0.07650237814766336,0.0909441536143141,0.10070211001069973
Not Mangroves,0.0037441238219501098,0.004474684567696473,0.005319395429965706,0.005890146012580051
Not Mangroves > Mangroves,0.057266919562762364,0.06844095264817941,0.08136092840319288,0.09009064175117495
""
Point Count Confusion Matrix
,Mangroves,Mangroves > Not Mangroves,Not Mangroves,Not Mangroves > Mangroves,User Acc
Mangroves,1690,32,179,35,87.29338842975206
Mangroves > Not Mangroves,13,12,4,0,41.37931034482759
Not Mangroves,159,38,5779,37,96.10843173124896
Not Mangroves > Mangroves,4,0,9,9,40.909090909090914
Producer,90.56806002143622,14.634146341463413,96.7844582147044,11.11111111111111
""
