{
    "Mangroves": {
        "f1-score": 0.8834707780566512,
        "precision": 0.9012435991221653,
        "recall": 0.8663853727144867,
        "support": 1422
    },
    "Mangroves > Not Mangroves": {
        "f1-score": 0.6206896551724138,
        "precision": 0.5701357466063348,
        "recall": 0.6810810810810811,
        "support": 185
    },
    "Not Mangroves": {
        "f1-score": 0.9645332246229108,
        "precision": 0.9718628055042103,
        "recall": 0.9573133724458831,
        "support": 4943
    },
    "Not Mangroves > Mangroves": {
        "f1-score": 0.36213991769547327,
        "precision": 0.2619047619047619,
        "recall": 0.5866666666666667,
        "support": 75
    },
    "accuracy": 0.9258867924528302,
    "accuracy_conf_interval": [
        0.005278100508273924,
        0.006307973778181031,
        0.0074987647465111235,
        0.00830335323862605
    ],
    "cls_confidence_intervals": {
        "Mangroves": [
            0.013233152408082578,
            0.01581523092673284,
            0.0188007592139222,
            0.020818008056617716
        ],
        "Mangroves > Not Mangroves": [
            0.05461381473203213,
            0.06527016882608719,
            0.07759157824733835,
            0.08591685488331885
        ],
        "Not Mangroves": [
            0.0038865730759007843,
            0.004644928798027767,
            0.005521777601737091,
            0.006114243009648796
        ],
        "Not Mangroves > Mangroves": [
            0.05563103068813143,
            0.0664858659443522,
            0.07903676920935747,
            0.08751710925327993
        ]
    },
    "cohen_kappa": 0.8175186986008314,
    "confusion_matrix": [
        [
            1232,
            34,
            104,
            52
        ],
        [
            41,
            126,
            18,
            0
        ],
        [
            78,
            61,
            4732,
            72
        ],
        [
            16,
            0,
            15,
            44
        ]
    ],
    "macro avg": {
        "f1-score": 0.7077083938868622,
        "precision": 0.6762867282843681,
        "recall": 0.7728616232270293,
        "support": 6625
    },
    "producer_accuracy": [
        90.12435991221653,
        57.01357466063348,
        97.18628055042103,
        26.190476190476193
    ],
    "user_accuracy": [
        86.63853727144867,
        68.10810810810811,
        95.7313372445883,
        58.666666666666664
    ],
    "weighted avg": {
        "f1-score": 0.9307126423761001,
        "precision": 0.937449692954575,
        "recall": 0.9258867924528302,
        "support": 6625
    }
}