{
    "Mangroves": {
        "f1-score": 0.883960396039604,
        "precision": 0.8928,
        "recall": 0.8752941176470588,
        "support": 2550
    },
    "Mangroves > Not Mangroves": {
        "f1-score": 0.5558912386706948,
        "precision": 0.467005076142132,
        "recall": 0.6865671641791045,
        "support": 134
    },
    "Not Mangroves": {
        "f1-score": 0.9670244119446143,
        "precision": 0.9715083798882681,
        "recall": 0.9625816450791542,
        "support": 9033
    },
    "Not Mangroves > Mangroves": {
        "f1-score": 0.25,
        "precision": 0.1650485436893204,
        "recall": 0.5151515151515151,
        "support": 33
    },
    "accuracy": 0.9392340425531915,
    "accuracy_conf_interval": [
        0.003614448157019803,
        0.0043197063339992774,
        0.005135161101131794,
        0.005686144051897008
    ],
    "cls_confidence_intervals": {
        "Mangroves": [
            0.010147249225992232,
            0.01212720029447852,
            0.014416518717415793,
            0.01596335548967071
        ],
        "Mangroves > Not Mangroves": [
            0.058295236965534486,
            0.06966991734905341,
            0.08282189154249717,
            0.09170836059212133
        ],
        "Not Mangroves": [
            0.0028841256599602886,
            0.0034468818862940036,
            0.004097568772992362,
            0.004537222074815577
        ],
        "Not Mangroves > Mangroves": [
            0.05998762905990308,
            0.07169253229110369,
            0.0852263266521794,
            0.09437078230155486
        ]
    },
    "cohen_kappa": 0.8348925112757521,
    "confusion_matrix": [
        [
            2232,
            41,
            236,
            41
        ],
        [
            32,
            92,
            10,
            0
        ],
        [
            229,
            64,
            8695,
            45
        ],
        [
            7,
            0,
            9,
            17
        ]
    ],
    "macro avg": {
        "f1-score": 0.6642190116637283,
        "precision": 0.6240904999299302,
        "recall": 0.7598986105142082,
        "support": 11750
    },
    "producer_accuracy": [
        89.28,
        46.7005076142132,
        97.15083798882681,
        16.50485436893204
    ],
    "user_accuracy": [
        87.52941176470588,
        68.65671641791045,
        96.25816450791542,
        51.515151515151516
    ],
    "weighted avg": {
        "f1-score": 0.9422953148066863,
        "precision": 0.9464085512915333,
        "recall": 0.9392340425531915,
        "support": 11750
    }
}