{
    "Mangroves": {
        "f1-score": 0.8681936634206555,
        "precision": 0.8830915178571429,
        "recall": 0.8537901267871594,
        "support": 3707
    },
    "Mangroves > Not Mangroves": {
        "f1-score": 0.5947850599013389,
        "precision": 0.5017835909631391,
        "recall": 0.7301038062283737,
        "support": 578
    },
    "Not Mangroves": {
        "f1-score": 0.9464338561704646,
        "precision": 0.9601681345076061,
        "recall": 0.9330869480645789,
        "support": 10282
    },
    "Not Mangroves > Mangroves": {
        "f1-score": 0.5485564304461942,
        "precision": 0.4583333333333333,
        "recall": 0.6830065359477124,
        "support": 306
    },
    "accuracy": 0.9002891145027903,
    "accuracy_conf_interval": [
        0.004029088855061953,
        0.004815252534098432,
        0.005724254287984361,
        0.00633844466223161
    ],
    "cls_confidence_intervals": {
        "Mangroves": [
            0.008802088183607223,
            0.010519568804798875,
            0.012505405773051726,
            0.013847187508357705
        ],
        "Mangroves > Not Mangroves": [
            0.028275682166233655,
            0.03379288844257193,
            0.04017215819958806,
            0.04448247560297734
        ],
        "Not Mangroves": [
            0.0032085336848544335,
            0.003834589037996762,
            0.0045584655400675795,
            0.005047571284710024
        ],
        "Not Mangroves > Mangroves": [
            0.03826645258920904,
            0.045733077484664465,
            0.054366362520034794,
            0.060199663219609345
        ]
    },
    "cohen_kappa": 0.7890462819260368,
    "confusion_matrix": [
        [
            3165,
            151,
            293,
            98
        ],
        [
            97,
            422,
            59,
            0
        ],
        [
            273,
            266,
            9594,
            149
        ],
        [
            49,
            2,
            46,
            209
        ]
    ],
    "macro avg": {
        "f1-score": 0.7394922524846633,
        "precision": 0.7008441441653054,
        "recall": 0.7999968542569562,
        "support": 14873
    },
    "producer_accuracy": [
        88.30915178571429,
        50.178359096313905,
        96.01681345076061,
        45.83333333333333
    ],
    "user_accuracy": [
        85.37901267871594,
        73.01038062283737,
        93.3086948064579,
        68.30065359477125
    ],
    "weighted avg": {
        "f1-score": 0.9050810765672425,
        "precision": 0.9128185256021198,
        "recall": 0.9002891145027903,
        "support": 14873
    }
}