{
    "Mangroves": {
        "f1-score": 0.8660990712074305,
        "precision": 0.8769592476489029,
        "recall": 0.8555045871559633,
        "support": 2616
    },
    "Mangroves > Not Mangroves": {
        "f1-score": 0.6377858002406739,
        "precision": 0.5786026200873362,
        "recall": 0.710455764075067,
        "support": 373
    },
    "Not Mangroves": {
        "f1-score": 0.9570795428038256,
        "precision": 0.9658662900188324,
        "recall": 0.9484512251502543,
        "support": 8652
    },
    "Not Mangroves > Mangroves": {
        "f1-score": 0.3323442136498516,
        "precision": 0.23728813559322035,
        "recall": 0.5544554455445545,
        "support": 101
    },
    "accuracy": 0.9167944132175098,
    "accuracy_conf_interval": [
        0.004180084228960518,
        0.0049957104199772045,
        0.005938778203340249,
        0.006575986165072035
    ],
    "cls_confidence_intervals": {
        "Mangroves": [
            0.010663940373849025,
            0.012744709227282982,
            0.015150598214065995,
            0.016776198880811274
        ],
        "Mangroves > Not Mangroves": [
            0.03783965974080044,
            0.04522300798290785,
            0.053760004387844534,
            0.059528245201990945
        ],
        "Not Mangroves": [
            0.003230627218208696,
            0.0038609935046884417,
            0.004589854523430648,
            0.005082328184742949
        ],
        "Not Mangroves > Mangroves": [
            0.04541571016618981,
            0.0542773121498366,
            0.06452353944342822,
            0.07144666599315228
        ]
    },
    "cohen_kappa": 0.800475855300334,
    "confusion_matrix": [
        [
            2238,
            64,
            233,
            81
        ],
        [
            73,
            265,
            35,
            0
        ],
        [
            218,
            129,
            8206,
            99
        ],
        [
            23,
            0,
            22,
            56
        ]
    ],
    "macro avg": {
        "f1-score": 0.6983271569754453,
        "precision": 0.664679073337073,
        "recall": 0.7672167554814598,
        "support": 11742
    },
    "producer_accuracy": [
        87.6959247648903,
        57.86026200873362,
        96.58662900188324,
        23.728813559322035
    ],
    "user_accuracy": [
        85.55045871559633,
        71.0455764075067,
        94.84512251502542,
        55.44554455445545
    ],
    "weighted avg": {
        "f1-score": 0.9212934971628125,
        "precision": 0.9274898153704617,
        "recall": 0.9167944132175098,
        "support": 11742
    }
}