{
    "Mangroves": {
        "f1-score": 0.8571428571428572,
        "precision": 0.8807749627421758,
        "recall": 0.8347457627118644,
        "support": 2124
    },
    "Mangroves > Not Mangroves": {
        "f1-score": 0.5404663923182442,
        "precision": 0.4407158836689038,
        "recall": 0.6985815602836879,
        "support": 282
    },
    "Not Mangroves": {
        "f1-score": 0.951276102088167,
        "precision": 0.9596448748991122,
        "recall": 0.9430520304568528,
        "support": 6304
    },
    "Not Mangroves > Mangroves": {
        "f1-score": 0.5552699228791773,
        "precision": 0.4864864864864865,
        "recall": 0.6467065868263473,
        "support": 167
    },
    "accuracy": 0.9037963275881491,
    "accuracy_conf_interval": [
        0.005132652355780953,
        0.006134145498372359,
        0.007292121944493671,
        0.008074538462143207
    ],
    "cls_confidence_intervals": {
        "Mangroves": [
            0.011845084804058804,
            0.014156320863387351,
            0.016828687556985984,
            0.01863434072833641
        ],
        "Mangroves > Not Mangroves": [
            0.03851107846343533,
            0.046025435236788564,
            0.05471391025597825,
            0.060584501485160466
        ],
        "Not Mangroves": [
            0.0041004150209811505,
            0.00490049600068479,
            0.0058255896334671224,
            0.00645065289886059
        ],
        "Not Mangroves > Mangroves": [
            0.05501469249161798,
            0.06574926663632394,
            0.07816111799114019,
            0.08654750404169172
        ]
    },
    "cohen_kappa": 0.7852973860088058,
    "confusion_matrix": [
        [
            1773,
            118,
            185,
            48
        ],
        [
            50,
            197,
            35,
            0
        ],
        [
            161,
            132,
            5945,
            66
        ],
        [
            29,
            0,
            30,
            108
        ]
    ],
    "macro avg": {
        "f1-score": 0.7260388186071114,
        "precision": 0.6919055519491696,
        "recall": 0.7807714850696881,
        "support": 8877
    },
    "producer_accuracy": [
        88.07749627421758,
        44.07158836689038,
        95.96448748991122,
        48.64864864864865
    ],
    "user_accuracy": [
        83.47457627118644,
        69.8581560283688,
        94.30520304568529,
        64.67065868263472
    ],
    "weighted avg": {
        "f1-score": 0.9082525150264507,
        "precision": 0.9153872293191685,
        "recall": 0.9037963275881491,
        "support": 8877
    }
}