{
    "Mangroves": {
        "f1-score": 0.8661481784690953,
        "precision": 0.8831385642737897,
        "recall": 0.8497991967871485,
        "support": 2490
    },
    "Mangroves > Not Mangroves": {
        "f1-score": 0.5665859564164648,
        "precision": 0.4746450304259635,
        "recall": 0.7027027027027027,
        "support": 333
    },
    "Not Mangroves": {
        "f1-score": 0.9519094766619518,
        "precision": 0.9599201255170446,
        "recall": 0.9440314209566559,
        "support": 7129
    },
    "Not Mangroves > Mangroves": {
        "f1-score": 0.5472636815920398,
        "precision": 0.4845814977973568,
        "recall": 0.6285714285714286,
        "support": 175
    },
    "accuracy": 0.9074750666535005,
    "accuracy_conf_interval": [
        0.004722263145270547,
        0.005643680344347728,
        0.006709068980780717,
        0.007428926167559764
    ],
    "cls_confidence_intervals": {
        "Mangroves": [
            0.010763424649161307,
            0.012863605068509854,
            0.015291938678381613,
            0.016932704630997667
        ],
        "Mangroves > Not Mangroves": [
            0.03688342814036244,
            0.04408019460677462,
            0.05240145583356371,
            0.05802392963544823
        ],
        "Not Mangroves": [
            0.003841798560183443,
            0.004591417791438749,
            0.005458165027577697,
            0.006043805051995905
        ],
        "Not Mangroves > Mangroves": [
            0.05439942831499943,
            0.06501395091304811,
            0.07728699266704188,
            0.0855795884467674
        ]
    },
    "cohen_kappa": 0.7955167588784395,
    "confusion_matrix": [
        [
            2116,
            119,
            206,
            49
        ],
        [
            59,
            234,
            40,
            0
        ],
        [
            191,
            140,
            6730,
            68
        ],
        [
            30,
            0,
            35,
            110
        ]
    ],
    "macro avg": {
        "f1-score": 0.7329768232848879,
        "precision": 0.7005713045035387,
        "recall": 0.781276187254484,
        "support": 10127
    },
    "producer_accuracy": [
        88.31385642737897,
        47.46450304259635,
        95.99201255170446,
        48.458149779735685
    ],
    "user_accuracy": [
        84.97991967871485,
        70.27027027027027,
        94.40314209566559,
        62.857142857142854
    ],
    "weighted avg": {
        "f1-score": 0.9111598589193632,
        "precision": 0.9168701646192485,
        "recall": 0.9074750666535005,
        "support": 10127
    }
}