{
    "Mangroves": {
        "f1-score": 0.8623481781376517,
        "precision": 0.8709112149532711,
        "recall": 0.8539518900343642,
        "support": 1746
    },
    "Mangroves > Not Mangroves": {
        "f1-score": 0.5361552028218695,
        "precision": 0.4634146341463415,
        "recall": 0.6359832635983264,
        "support": 239
    },
    "Not Mangroves": {
        "f1-score": 0.9492794310312558,
        "precision": 0.964075270861053,
        "recall": 0.9349308755760368,
        "support": 5425
    },
    "Not Mangroves > Mangroves": {
        "f1-score": 0.40138408304498263,
        "precision": 0.2914572864321608,
        "recall": 0.6444444444444445,
        "support": 90
    },
    "accuracy": 0.9030666666666667,
    "accuracy_conf_interval": [
        0.005602859037704337,
        0.006696099825549086,
        0.007960159486494577,
        0.008814253851998287
    ],
    "cls_confidence_intervals": {
        "Mangroves": [
            0.01328994446362222,
            0.015883104358963143,
            0.018881445487951082,
            0.02090735165618618
        ],
        "Mangroves > Not Mangroves": [
            0.04515555768943511,
            0.053966398214202946,
            0.06415393257096574,
            0.07103740173094061
        ],
        "Not Mangroves": [
            0.004207866180889744,
            0.0050289132405755485,
            0.005978248903337259,
            0.006619691918716793
        ],
        "Not Mangroves > Mangroves": [
            0.052830872918230076,
            0.06313933592666522,
            0.07505849628016835,
            0.0831119830055083
        ]
    },
    "cohen_kappa": 0.7785662799147208,
    "confusion_matrix": [
        [
            1491,
            59,
            139,
            57
        ],
        [
            47,
            152,
            40,
            0
        ],
        [
            152,
            117,
            5072,
            84
        ],
        [
            22,
            0,
            10,
            58
        ]
    ],
    "macro avg": {
        "f1-score": 0.6872917237589399,
        "precision": 0.6474646015982066,
        "recall": 0.767327618413293,
        "support": 7500
    },
    "producer_accuracy": [
        87.0911214953271,
        46.34146341463415,
        96.4075270861053,
        29.145728643216078
    ],
    "user_accuracy": [
        85.39518900343643,
        63.59832635983263,
        93.49308755760369,
        64.44444444444444
    ],
    "weighted avg": {
        "f1-score": 0.9093021991095172,
        "precision": 0.9183608772092658,
        "recall": 0.9030666666666667,
        "support": 7500
    }
}