{
    "Mangroves": {
        "f1-score": 0.8267477203647415,
        "precision": 0.8745980707395499,
        "recall": 0.7838616714697406,
        "support": 347
    },
    "Mangroves > Not Mangroves": {
        "f1-score": 0.5051546391752577,
        "precision": 0.35251798561151076,
        "recall": 0.8909090909090909,
        "support": 55
    },
    "Not Mangroves": {
        "f1-score": 0.9540834209603926,
        "precision": 0.9714489650249821,
        "recall": 0.9373278236914601,
        "support": 1452
    },
    "Not Mangroves > Mangroves": {
        "f1-score": 0.6122448979591837,
        "precision": 0.5769230769230769,
        "recall": 0.6521739130434783,
        "support": 23
    },
    "accuracy": 0.9041022908897176,
    "accuracy_conf_interval": [
        0.011146143058193555,
        0.013321000240280103,
        0.015835678857067673,
        0.017534786030572787
    ],
    "cls_confidence_intervals": {
        "Mangroves": [
            0.03079782309544076,
            0.036807154431136524,
            0.04375544378803475,
            0.04845023389404706
        ],
        "Mangroves > Not Mangroves": [
            0.0664570321232505,
            0.07942425790339695,
            0.09441761271169127,
            0.10454825785243069
        ],
        "Not Mangroves": [
            0.007297022802518143,
            0.008720832129838757,
            0.010367111664553216,
            0.011479462701522445
        ],
        "Not Mangroves > Mangroves": [
            0.15890069553759179,
            0.18990570930102435,
            0.22575525646499325,
            0.24997792346767492
        ]
    },
    "cohen_kappa": 0.7538749793293155,
    "confusion_matrix": [
        [
            272,
            38,
            30,
            7
        ],
        [
            2,
            49,
            4,
            0
        ],
        [
            35,
            52,
            1361,
            4
        ],
        [
            2,
            0,
            6,
            15
        ]
    ],
    "macro avg": {
        "f1-score": 0.7245576696148939,
        "precision": 0.6938720245747798,
        "recall": 0.8160681247784425,
        "support": 1877
    },
    "producer_accuracy": [
        87.45980707395499,
        35.25179856115108,
        97.14489650249821,
        57.692307692307686
    ],
    "user_accuracy": [
        78.38616714697406,
        89.0909090909091,
        93.73278236914601,
        65.21739130434783
    ],
    "weighted avg": {
        "f1-score": 0.9131996398554906,
        "precision": 0.9305738666706241,
        "recall": 0.9041022908897176,
        "support": 1877
    }
}