{
    "Mangroves": {
        "f1-score": 0.8707298720842739,
        "precision": 0.8825503355704698,
        "recall": 0.8592218592218592,
        "support": 3367
    },
    "Mangroves > Not Mangroves": {
        "f1-score": 0.6039676708302718,
        "precision": 0.5143929912390488,
        "recall": 0.7313167259786477,
        "support": 562
    },
    "Not Mangroves": {
        "f1-score": 0.9473284100781928,
        "precision": 0.9614240052904222,
        "recall": 0.9336401584073638,
        "support": 9343
    },
    "Not Mangroves > Mangroves": {
        "f1-score": 0.5261324041811847,
        "precision": 0.4339080459770115,
        "recall": 0.668141592920354,
        "support": 226
    },
    "accuracy": 0.9022077344791821,
    "accuracy_conf_interval": [
        0.004192901526660553,
        0.005011028653813831,
        0.00595698814458481,
        0.006596149962673309
    ],
    "cls_confidence_intervals": {
        "Mangroves": [
            0.009222209966212088,
            0.011021665569375423,
            0.013102286110533028,
            0.014508110800504384
        ],
        "Mangroves > Not Mangroves": [
            0.028997493036387264,
            0.034655540458121366,
            0.04119765778950142,
            0.045618007337731185
        ],
        "Not Mangroves": [
            0.003315770322724461,
            0.00396274989789021,
            0.004710820031675607,
            0.005216272824773847
        ],
        "Not Mangroves > Mangroves": [
            0.043570903816898786,
            0.05207254358604977,
            0.0619025645691306,
            0.0685444706387798
        ]
    },
    "cohen_kappa": 0.7924890230867806,
    "confusion_matrix": [
        [
            2893,
            131,
            263,
            80
        ],
        [
            93,
            411,
            58,
            0
        ],
        [
            248,
            255,
            8723,
            117
        ],
        [
            44,
            2,
            29,
            151
        ]
    ],
    "macro avg": {
        "f1-score": 0.7370395892934808,
        "precision": 0.698068844519238,
        "recall": 0.7980800841320562,
        "support": 13498
    },
    "producer_accuracy": [
        88.25503355704699,
        51.43929912390488,
        96.14240052904222,
        43.39080459770115
    ],
    "user_accuracy": [
        85.92218592218592,
        73.13167259786478,
        93.36401584073639,
        66.8141592920354
    ],
    "weighted avg": {
        "f1-score": 0.9068730603807872,
        "precision": 0.914304603701388,
        "recall": 0.9022077344791821,
        "support": 13498
    }
}