{
    "Mangroves": {
        "f1-score": 0.8919120387625792,
        "precision": 0.8949139865370231,
        "recall": 0.8889301634472511,
        "support": 2692
    },
    "Mangroves > Not Mangroves": {
        "f1-score": 0.6728754365541327,
        "precision": 0.6188436830835118,
        "recall": 0.7372448979591837,
        "support": 392
    },
    "Not Mangroves": {
        "f1-score": 0.9543398360192253,
        "precision": 0.9645663666238034,
        "recall": 0.9443278780248986,
        "support": 7149
    },
    "Not Mangroves > Mangroves": {
        "f1-score": 0.6088379705400983,
        "precision": 0.5284090909090909,
        "recall": 0.7181467181467182,
        "support": 259
    },
    "accuracy": 0.9167937476172322,
    "accuracy_conf_interval": [
        0.004422099491250383,
        0.00528494817246997,
        0.006282616960130117,
        0.0069567174923329195
    ],
    "cls_confidence_intervals": {
        "Mangroves": [
            0.009725820566339588,
            0.011623541652454631,
            0.013817781658275147,
            0.015300376256802525
        ],
        "Mangroves > Not Mangroves": [
            0.03685763371097135,
            0.04404936711799016,
            0.052364808869855645,
            0.057983350594089086
        ],
        "Not Mangroves": [
            0.003624096491033363,
            0.004331237269771581,
            0.005148868795187644,
            0.005701322528576877
        ],
        "Not Mangroves > Mangroves": [
            0.04363554141948769,
            0.05214979340377797,
            0.06199439726061361,
            0.06864615662334039
        ]
    },
    "cohen_kappa": 0.8257771827682322,
    "confusion_matrix": [
        [
            2393,
            56,
            174,
            69
        ],
        [
            66,
            289,
            37,
            0
        ],
        [
            180,
            121,
            6751,
            97
        ],
        [
            35,
            1,
            37,
            186
        ]
    ],
    "macro avg": {
        "f1-score": 0.7819913204690089,
        "precision": 0.7516832817883573,
        "recall": 0.8221624143945129,
        "support": 10492
    },
    "producer_accuracy": [
        89.49139865370232,
        61.88436830835118,
        96.45663666238033,
        52.84090909090909
    ],
    "user_accuracy": [
        88.89301634472511,
        73.72448979591837,
        94.43278780248986,
        71.81467181467181
    ],
    "weighted avg": {
        "f1-score": 0.9192774401019262,
        "precision": 0.9230116360146233,
        "recall": 0.9167937476172322,
        "support": 10492
    }
}