{
    "Mangroves": {
        "f1-score": 0.8252703471826977,
        "precision": 0.8410672853828306,
        "recall": 0.8100558659217877,
        "support": 895
    },
    "Mangroves > Not Mangroves": {
        "f1-score": 0.556473829201102,
        "precision": 0.48095238095238096,
        "recall": 0.6601307189542484,
        "support": 153
    },
    "Not Mangroves": {
        "f1-score": 0.952946415318391,
        "precision": 0.9703748488512697,
        "recall": 0.9361329833770778,
        "support": 3429
    },
    "Not Mangroves > Mangroves": {
        "f1-score": 0.10071942446043165,
        "precision": 0.059322033898305086,
        "recall": 0.3333333333333333,
        "support": 21
    },
    "accuracy": 0.8988439306358381,
    "accuracy_conf_interval": [
        0.007373475480398197,
        0.008812202403402724,
        0.010475730408126707,
        0.011599735816723994
    ],
    "cls_confidence_intervals": {
        "Mangroves": [
            0.02042265666017322,
            0.024407565276792383,
            0.029015115864758297,
            0.03212832572149202
        ],
        "Mangroves > Not Mangroves": [
            0.056544301275148326,
            0.06757733567029922,
            0.08033428168969245,
            0.08895383981090409
        ],
        "Not Mangroves": [
            0.004834606713380134,
            0.005777944608673818,
            0.0068686790501071415,
            0.007605661780805333
        ],
        "Not Mangroves > Mangroves": [
            0.03566410637374694,
            0.04262295639789268,
            0.0506691267383112,
            0.056105728319675065
        ]
    },
    "cohen_kappa": 0.746796087580823,
    "confusion_matrix": [
        [
            725,
            35,
            85,
            50
        ],
        [
            41,
            101,
            11,
            0
        ],
        [
            84,
            74,
            3210,
            61
        ],
        [
            12,
            0,
            2,
            7
        ]
    ],
    "macro avg": {
        "f1-score": 0.6088525040406555,
        "precision": 0.5879291372711966,
        "recall": 0.6849132253966118,
        "support": 4498
    },
    "producer_accuracy": [
        84.10672853828306,
        48.095238095238095,
        97.03748488512697,
        5.932203389830509
    ],
    "user_accuracy": [
        81.00558659217877,
        66.01307189542483,
        93.61329833770779,
        33.33333333333333
    ],
    "weighted avg": {
        "f1-score": 0.9100768836453343,
        "precision": 0.9237443428470913,
        "recall": 0.8988439306358381,
        "support": 4498
    }
}