{
    "Mangroves": {
        "f1-score": 0.9298245614035089,
        "precision": 0.9636363636363636,
        "recall": 0.8983050847457628,
        "support": 177
    },
    "Mangroves > Not Mangroves": {
        "f1-score": 0.0,
        "precision": 0.0,
        "recall": 0.0,
        "support": 0
    },
    "Not Mangroves": {
        "f1-score": 0.9723926380368098,
        "precision": 0.9635258358662614,
        "recall": 0.9814241486068112,
        "support": 323
    },
    "Not Mangroves > Mangroves": {
        "f1-score": 0.0,
        "precision": 0.0,
        "recall": 0.0,
        "support": 0
    },
    "accuracy": 0.952,
    "accuracy_conf_interval": [
        0.01567826276090563,
        0.018737435982545753,
        0.022274605020067145,
        0.024664584099473492
    ],
    "cls_confidence_intervals": {
        "Mangroves": [
            0.02389968181553987,
            0.028563034364913507,
            0.033955035750126775,
            0.03759827992932492
        ],
        "Mangroves > Not Mangroves": [
            0.0,
            0.0,
            0.0,
            0.0
        ],
        "Not Mangroves": [
            0.01695002157187816,
            0.020257342854195847,
            0.024081433086875676,
            0.02666527783868637
        ],
        "Not Mangroves > Mangroves": [
            0.0,
            0.0,
            0.0,
            0.0
        ]
    },
    "cohen_kappa": 0.8952221290863369,
    "confusion_matrix": [
        [
            159,
            5,
            12,
            1
        ],
        [
            0,
            0,
            0,
            0
        ],
        [
            6,
            0,
            317,
            0
        ],
        [
            0,
            0,
            0,
            0
        ]
    ],
    "macro avg": {
        "f1-score": 0.4755542998600797,
        "precision": 0.4817905498756563,
        "recall": 0.4699323083381435,
        "support": 500
    },
    "producer_accuracy": [
        96.36363636363636,
        0.0,
        96.35258358662614,
        0.0
    ],
    "user_accuracy": [
        89.83050847457628,
        NaN,
        98.14241486068111,
        NaN
    ],
    "weighted avg": {
        "f1-score": 0.9573235389086212,
        "precision": 0.9635649626968776,
        "recall": 0.952,
        "support": 500
    }
}