{
    "Mangroves": {
        "f1-score": 0.8553123331553657,
        "precision": 0.8626817447495961,
        "recall": 0.8480677607199576,
        "support": 1889
    },
    "Mangroves > Not Mangroves": {
        "f1-score": 0.6356821589205397,
        "precision": 0.5698924731182796,
        "recall": 0.7186440677966102,
        "support": 295
    },
    "Not Mangroves": {
        "f1-score": 0.9566051660516605,
        "precision": 0.9678912783751493,
        "recall": 0.9455792238109133,
        "support": 6854
    },
    "Not Mangroves > Mangroves": {
        "f1-score": 0.33948339483394835,
        "precision": 0.23958333333333334,
        "recall": 0.5822784810126582,
        "support": 79
    },
    "accuracy": 0.9148842821103433,
    "accuracy_conf_interval": [
        0.00479298243117476,
        0.005728198515306421,
        0.006809542112583654,
        0.007540179678311514
    ],
    "cls_confidence_intervals": {
        "Mangroves": [
            0.013098674150277418,
            0.015654513008868134,
            0.01860970168911365,
            0.020606450797387647
        ],
        "Mangroves > Not Mangroves": [
            0.04209760220692325,
            0.050311768491200955,
            0.05980939825739706,
            0.06622671566698903
        ],
        "Not Mangroves": [
            0.0035331406072415922,
            0.004222533896459464,
            0.005019644887117629,
            0.0055582333943190905
        ],
        "Not Mangroves > Mangroves": [
            0.05051813960458952,
            0.06037533757621675,
            0.07177272273091073,
            0.07947365864624449
        ]
    },
    "cohen_kappa": 0.7893938544183223,
    "confusion_matrix": [
        [
            1602,
            47,
            175,
            65
        ],
        [
            58,
            212,
            25,
            0
        ],
        [
            179,
            113,
            6481,
            81
        ],
        [
            18,
            0,
            15,
            46
        ]
    ],
    "macro avg": {
        "f1-score": 0.6967707632403786,
        "precision": 0.6600122073940896,
        "recall": 0.7736423833350349,
        "support": 9117
    },
    "producer_accuracy": [
        86.26817447495961,
        56.98924731182796,
        96.78912783751493,
        23.958333333333336
    ],
    "user_accuracy": [
        84.80677607199576,
        71.86440677966101,
        94.55792238109133,
        58.22784810126582
    ],
    "weighted avg": {
        "f1-score": 0.9198861720436554,
        "precision": 0.9269033674145538,
        "recall": 0.9148842821103433,
        "support": 9117
    }
}