{
    "Mangroves": {
        "f1-score": 0.8791750728536203,
        "precision": 0.8853273137697517,
        "recall": 0.8731077471059662,
        "support": 2246
    },
    "Mangroves > Not Mangroves": {
        "f1-score": 0.5283018867924528,
        "precision": 0.44919786096256686,
        "recall": 0.6412213740458015,
        "support": 131
    },
    "Not Mangroves": {
        "f1-score": 0.9625888763372982,
        "precision": 0.9674101776412448,
        "recall": 0.9578153927532399,
        "support": 7562
    },
    "Not Mangroves > Mangroves": {
        "f1-score": 0.41666666666666663,
        "precision": 0.3211009174311927,
        "recall": 0.5932203389830508,
        "support": 59
    },
    "accuracy": 0.9324864972994599,
    "accuracy_conf_interval": [
        0.004115322531169492,
        0.004918312293348905,
        0.005846769205868852,
        0.006474104957571518
    ],
    "cls_confidence_intervals": {
        "Mangroves": [
            0.011102963378310505,
            0.013269395257005238,
            0.015774332116746025,
            0.017466857021976284
        ],
        "Mangroves > Not Mangroves": [
            0.05965401699780156,
            0.07129382519249455,
            0.08475235341760833,
            0.09384595356971222
        ],
        "Not Mangroves": [
            0.003365396619310233,
            0.004022059374297595,
            0.004781325684751734,
            0.005294343462085611
        ],
        "Not Mangroves > Mangroves": [
            0.07334220846039541,
            0.08765288328193598,
            0.10419960104434225,
            0.11537981574867083
        ]
    },
    "cohen_kappa": 0.8239673581151318,
    "confusion_matrix": [
        [
            1961,
            38,
            213,
            34
        ],
        [
            34,
            84,
            13,
            0
        ],
        [
            214,
            65,
            7243,
            40
        ],
        [
            6,
            0,
            18,
            35
        ]
    ],
    "macro avg": {
        "f1-score": 0.6966831256625095,
        "precision": 0.6557590674511891,
        "recall": 0.7663412132220146,
        "support": 9998
    },
    "producer_accuracy": [
        88.53273137697516,
        44.919786096256686,
        96.74101776412448,
        32.11009174311927
    ],
    "user_accuracy": [
        87.31077471059662,
        64.12213740458014,
        95.781539275324,
        59.32203389830508
    ],
    "weighted avg": {
        "f1-score": 0.9349385054005825,
        "precision": 0.9383667517467987,
        "recall": 0.9324864972994599,
        "support": 9998
    }
}