{
    "Mangroves": {
        "f1-score": 0.8521481481481481,
        "precision": 0.8741641337386018,
        "recall": 0.8312138728323699,
        "support": 1730
    },
    "Mangroves > Not Mangroves": {
        "f1-score": 0.5515695067264574,
        "precision": 0.458955223880597,
        "recall": 0.6910112359550562,
        "support": 178
    },
    "Not Mangroves": {
        "f1-score": 0.9477044408975683,
        "precision": 0.9600532623169108,
        "recall": 0.935669262143122,
        "support": 5394
    },
    "Not Mangroves > Mangroves": {
        "f1-score": 0.3430656934306569,
        "precision": 0.2315270935960591,
        "recall": 0.6619718309859155,
        "support": 71
    },
    "accuracy": 0.9026176590261766,
    "accuracy_conf_interval": [
        0.005662572157489626,
        0.006767464285780285,
        0.00804499580911636,
        0.008908192784343436
    ],
    "cls_confidence_intervals": {
        "Mangroves": [
            0.013410952070022082,
            0.016027723205636148,
            0.019053364831189912,
            0.021097717280888398
        ],
        "Mangroves > Not Mangroves": [
            0.049920418076123824,
            0.05966098745683091,
            0.0709235208032735,
            0.0785333406319509
        ],
        "Not Mangroves": [
            0.004429586452493609,
            0.005293896004199679,
            0.006293253923359823,
            0.00696849576063019
        ],
        "Not Mangroves > Mangroves": [
            0.048552435426086615,
            0.05802608136288401,
            0.068979984477306,
            0.07638127036542895
        ]
    },
    "cohen_kappa": 0.7707998439964074,
    "confusion_matrix": [
        [
            1438,
            48,
            176,
            68
        ],
        [
            37,
            123,
            18,
            0
        ],
        [
            162,
            97,
            5047,
            88
        ],
        [
            8,
            0,
            16,
            47
        ]
    ],
    "macro avg": {
        "f1-score": 0.6736219473007077,
        "precision": 0.6311749283830422,
        "recall": 0.7799665504791159,
        "support": 7373
    },
    "producer_accuracy": [
        87.41641337386018,
        45.8955223880597,
        96.00532623169109,
        23.15270935960591
    ],
    "user_accuracy": [
        83.121387283237,
        69.10112359550563,
        93.56692621431219,
        66.19718309859155
    ],
    "weighted avg": {
        "f1-score": 0.9098970686191056,
        "precision": 0.920787156083177,
        "recall": 0.9026176590261766,
        "support": 7373
    }
}