{
    "Mangroves": {
        "f1-score": 0.8814396612561751,
        "precision": 0.9018050541516246,
        "recall": 0.8619737750172533,
        "support": 1449
    },
    "Mangroves > Not Mangroves": {
        "f1-score": 0.6206896551724138,
        "precision": 0.5701357466063348,
        "recall": 0.6810810810810811,
        "support": 185
    },
    "Not Mangroves": {
        "f1-score": 0.9649327878433664,
        "precision": 0.9711764705882353,
        "recall": 0.9587688734030198,
        "support": 5166
    },
    "Not Mangroves > Mangroves": {
        "f1-score": 0.36065573770491804,
        "precision": 0.2603550295857988,
        "recall": 0.5866666666666667,
        "support": 75
    },
    "accuracy": 0.9268363636363637,
    "accuracy_conf_interval": [
        0.0051505863243359925,
        0.006155578777864967,
        0.007317601302257844,
        0.008102751656577355
    ],
    "cls_confidence_intervals": {
        "Mangroves": [
            0.013113537463941456,
            0.015672276481295887,
            0.018630818470111946,
            0.020629833327420098
        ],
        "Mangroves > Not Mangroves": [
            0.05461381473203213,
            0.06527016882608719,
            0.07759157824733835,
            0.08591685488331885
        ],
        "Not Mangroves": [
            0.0038422128069226856,
            0.00459191286681004,
            0.005458753561054791,
            0.0060444567328417865
        ],
        "Not Mangroves > Mangroves": [
            0.05535987946671318,
            0.06616180716753527,
            0.07865153607161081,
            0.08709054208787806
        ]
    },
    "cohen_kappa": 0.8166287529296978,
    "confusion_matrix": [
        [
            1249,
            34,
            114,
            52
        ],
        [
            41,
            126,
            18,
            0
        ],
        [
            79,
            61,
            4953,
            73
        ],
        [
            16,
            0,
            15,
            44
        ]
    ],
    "macro avg": {
        "f1-score": 0.7069294604942183,
        "precision": 0.6758680752329984,
        "recall": 0.7721225990420053,
        "support": 6875
    },
    "producer_accuracy": [
        90.18050541516246,
        57.01357466063348,
        97.11764705882354,
        26.035502958579883
    ],
    "user_accuracy": [
        86.19737750172533,
        68.10810810810811,
        95.87688734030198,
        58.666666666666664
    ],
    "weighted avg": {
        "f1-score": 0.9314800898463701,
        "precision": 0.938009441580456,
        "recall": 0.9268363636363637,
        "support": 6875
    }
}