{
    "Mangroves": {
        "f1-score": 0.8772172310527528,
        "precision": 0.8839368616527391,
        "recall": 0.8705989940557842,
        "support": 2187
    },
    "Mangroves > Not Mangroves": {
        "f1-score": 0.5283018867924528,
        "precision": 0.44919786096256686,
        "recall": 0.6412213740458015,
        "support": 131
    },
    "Not Mangroves": {
        "f1-score": 0.9620287681505215,
        "precision": 0.9668402302000548,
        "recall": 0.9572649572649573,
        "support": 7371
    },
    "Not Mangroves > Mangroves": {
        "f1-score": 0.41666666666666663,
        "precision": 0.3211009174311927,
        "recall": 0.5932203389830508,
        "support": 59
    },
    "accuracy": 0.9313705375461633,
    "accuracy_conf_interval": [
        0.00419954881891292,
        0.005018972978700807,
        0.005966432163455552,
        0.006606607288289839
    ],
    "cls_confidence_intervals": {
        "Mangroves": [
            0.011318236799146649,
            0.01352667324776063,
            0.016080177891470544,
            0.01780551886695022
        ],
        "Mangroves > Not Mangroves": [
            0.05965401699780156,
            0.07129382519249455,
            0.08475235341760833,
            0.09384595356971222
        ],
        "Not Mangroves": [
            0.003437360076841244,
            0.00410806448207856,
            0.004883566450634207,
            0.00540755426722586
        ],
        "Not Mangroves > Mangroves": [
            0.07334220846039541,
            0.08765288328193598,
            0.10419960104434225,
            0.11537981574867083
        ]
    },
    "cohen_kappa": 0.8212734959392374,
    "confusion_matrix": [
        [
            1904,
            38,
            211,
            34
        ],
        [
            34,
            84,
            13,
            0
        ],
        [
            210,
            65,
            7056,
            40
        ],
        [
            6,
            0,
            18,
            35
        ]
    ],
    "macro avg": {
        "f1-score": 0.6960536381655984,
        "precision": 0.6552689675616384,
        "recall": 0.7655764160873986,
        "support": 9748
    },
    "producer_accuracy": [
        88.3936861652739,
        44.919786096256686,
        96.68402302000548,
        32.11009174311927
    ],
    "user_accuracy": [
        87.05989940557842,
        64.12213740458014,
        95.72649572649573,
        59.32203389830508
    ],
    "weighted avg": {
        "f1-score": 0.9338714623361725,
        "precision": 0.9373757824326716,
        "recall": 0.9313705375461633,
        "support": 9748
    }
}