{
    "Mangroves": {
        "f1-score": 0.8736324718566673,
        "precision": 0.8816,
        "recall": 0.8658076681332495,
        "support": 3182
    },
    "Mangroves > Not Mangroves": {
        "f1-score": 0.6531049250535331,
        "precision": 0.594541910331384,
        "recall": 0.7244655581947743,
        "support": 421
    },
    "Not Mangroves": {
        "f1-score": 0.955811475825681,
        "precision": 0.963978714695047,
        "recall": 0.9477814669483852,
        "support": 9939
    },
    "Not Mangroves > Mangroves": {
        "f1-score": 0.481203007518797,
        "precision": 0.3855421686746988,
        "recall": 0.64,
        "support": 200
    },
    "accuracy": 0.917479260660748,
    "accuracy_conf_interval": [
        0.003849448901646632,
        0.004600560882455731,
        0.005469034110266252,
        0.00605584034527336
    ],
    "cls_confidence_intervals": {
        "Mangroves": [
            0.009478300624462165,
            0.011327725136552344,
            0.013466122228656613,
            0.014910985128727065
        ],
        "Mangroves > Not Mangroves": [
            0.03555080077160277,
            0.04248754238557404,
            0.05050814987672833,
            0.05592747926264338
        ],
        "Not Mangroves": [
            0.003091472899471968,
            0.003694687123759181,
            0.0043921535705912715,
            0.0048634146833156575
        ],
        "Not Mangroves > Mangroves": [
            0.04380833939150169,
            0.05235630805325812,
            0.06223989681841399,
            0.0689179973354112
        ]
    },
    "cohen_kappa": 0.8087747744937563,
    "confusion_matrix": [
        [
            2755,
            64,
            280,
            83
        ],
        [
            77,
            305,
            39,
            0
        ],
        [
            255,
            143,
            9420,
            121
        ],
        [
            38,
            1,
            33,
            128
        ]
    ],
    "macro avg": {
        "f1-score": 0.7409379700636696,
        "precision": 0.7064156984252825,
        "recall": 0.7945136733191023,
        "support": 13742
    },
    "producer_accuracy": [
        88.16000000000001,
        59.4541910331384,
        96.39787146950471,
        38.55421686746988
    ],
    "user_accuracy": [
        86.58076681332496,
        72.44655581947742,
        94.77814669483851,
        64.0
    ],
    "weighted avg": {
        "f1-score": 0.9206015542592532,
        "precision": 0.9251670952800556,
        "recall": 0.917479260660748,
        "support": 13742
    }
}