{
    "Mangroves": {
        "f1-score": 0.8818763326226013,
        "precision": 0.8837606837606837,
        "recall": 0.88,
        "support": 1175
    },
    "Mangroves > Not Mangroves": {
        "f1-score": 0.5016949152542374,
        "precision": 0.43023255813953487,
        "recall": 0.6016260162601627,
        "support": 123
    },
    "Not Mangroves": {
        "f1-score": 0.9496130696474635,
        "precision": 0.9708157524613221,
        "recall": 0.9293167283742848,
        "support": 2971
    },
    "Not Mangroves > Mangroves": {
        "f1-score": 0.5016949152542373,
        "precision": 0.3915343915343915,
        "recall": 0.6981132075471698,
        "support": 106
    },
    "accuracy": 0.9012571428571429,
    "accuracy_conf_interval": [
        0.007396598139938146,
        0.008839836801389491,
        0.010508581503692611,
        0.011636111707951475
    ],
    "cls_confidence_intervals": {
        "Mangroves": [
            0.015367201254611907,
            0.018365679548194718,
            0.021832670075149847,
            0.024175231242011416
        ],
        "Mangroves > Not Mangroves": [
            0.06191274725555879,
            0.07399328330542392,
            0.08796140311308047,
            0.09739932190203761
        ],
        "Not Mangroves": [
            0.005176327066754009,
            0.006186342104169427,
            0.0073541719911810015,
            0.008143246239161796
        ],
        "Not Mangroves > Mangroves": [
            0.05822586134289145,
            0.0695870050195532,
            0.08272332739569335,
            0.09159922089308534
        ]
    },
    "cohen_kappa": 0.7962299522347913,
    "confusion_matrix": [
        [
            1034,
            25,
            63,
            53
        ],
        [
            35,
            74,
            14,
            0
        ],
        [
            76,
            72,
            2761,
            62
        ],
        [
            25,
            1,
            6,
            74
        ]
    ],
    "macro avg": {
        "f1-score": 0.7087198081946349,
        "precision": 0.6690858464739831,
        "recall": 0.7772639880454043,
        "support": 4375
    },
    "producer_accuracy": [
        88.37606837606837,
        43.02325581395349,
        97.08157524613222,
        39.15343915343915
    ],
    "user_accuracy": [
        88.0,
        60.16260162601627,
        92.93167283742848,
        69.81132075471697
    ],
    "weighted avg": {
        "f1-score": 0.9079756014508321,
        "precision": 0.9182019780880456,
        "recall": 0.9012571428571429,
        "support": 4375
    }
}