{
    "Mangroves": {
        "f1-score": 0.881199538638985,
        "precision": 0.8904428904428905,
        "recall": 0.8721461187214612,
        "support": 438
    },
    "Mangroves > Not Mangroves": {
        "f1-score": 0.6521739130434783,
        "precision": 0.6521739130434783,
        "recall": 0.6521739130434783,
        "support": 92
    },
    "Not Mangroves": {
        "f1-score": 0.914001421464108,
        "precision": 0.9198855507868383,
        "recall": 0.9081920903954802,
        "support": 708
    },
    "Not Mangroves > Mangroves": {
        "f1-score": 0.3684210526315789,
        "precision": 0.25,
        "recall": 0.7,
        "support": 10
    },
    "accuracy": 0.875,
    "accuracy_conf_interval": [
        0.015353082668829001,
        0.01834880611640539,
        0.021812611352665594,
        0.02415302029608465
    ],
    "cls_confidence_intervals": {
        "Mangroves": [
            0.024730820210047924,
            0.029556346104691423,
            0.03513586042037297,
            0.0389058025255632
        ],
        "Mangroves > Not Mangroves": [
            0.08143530389400552,
            0.09732511928795783,
            0.11569771833721518,
            0.1281116366137404
        ],
        "Not Mangroves": [
            0.01683943765678255,
            0.020125181589813294,
            0.02392432301238009,
            0.02649131046006036
        ],
        "Not Mangroves > Mangroves": [
            0.13420400249513528,
            0.16039014932345438,
            0.19066788159369832,
            0.21112580880332263
        ]
    },
    "cohen_kappa": 0.7751782402542363,
    "confusion_matrix": [
        [
            382,
            4,
            40,
            12
        ],
        [
            17,
            60,
            15,
            0
        ],
        [
            28,
            28,
            643,
            9
        ],
        [
            2,
            0,
            1,
            7
        ]
    ],
    "macro avg": {
        "f1-score": 0.7039489814445375,
        "precision": 0.6781255885683017,
        "recall": 0.7831280305401049,
        "support": 1248
    },
    "producer_accuracy": [
        89.04428904428904,
        65.21739130434783,
        91.98855507868383,
        25.0
    ],
    "user_accuracy": [
        87.21461187214612,
        65.21739130434783,
        90.81920903954803,
        70.0
    ],
    "weighted avg": {
        "f1-score": 0.8788161977938941,
        "precision": 0.8844494839511758,
        "recall": 0.875,
        "support": 1248
    }
}