{
    "Mangroves": {
        "f1-score": 0.826112759643917,
        "precision": 0.8285714285714286,
        "recall": 0.8236686390532545,
        "support": 845
    },
    "Mangroves > Not Mangroves": {
        "f1-score": 0.5327102803738317,
        "precision": 0.44881889763779526,
        "recall": 0.6551724137931034,
        "support": 174
    },
    "Not Mangroves": {
        "f1-score": 0.9474637681159419,
        "precision": 0.9642330383480826,
        "recall": 0.9312678062678063,
        "support": 2808
    },
    "Not Mangroves > Mangroves": {
        "f1-score": 0.39316239316239315,
        "precision": 0.3333333333333333,
        "recall": 0.4791666666666667,
        "support": 48
    },
    "accuracy": 0.8898064516129032,
    "accuracy_conf_interval": [
        0.008249618283777864,
        0.009859299900124765,
        0.011720494269025869,
        0.012978058031796885
    ],
    "cls_confidence_intervals": {
        "Mangroves": [
            0.02132606776179701,
            0.02548725171531838,
            0.030298620661577465,
            0.03354954562526603
        ],
        "Mangroves > Not Mangroves": [
            0.05118111190068445,
            0.0611676703203302,
            0.0727146284930456,
            0.08051662725839384
        ],
        "Not Mangroves": [
            0.005848318738028344,
            0.00698945410154607,
            0.00830889186561344,
            0.009200403868361663
        ],
        "Not Mangroves > Mangroves": [
            0.09307071402962318,
            0.11123085335247648,
            0.13222851444452563,
            0.14641612329050477
        ]
    },
    "cohen_kappa": 0.7509228105706726,
    "confusion_matrix": [
        [
            696,
            58,
            67,
            24
        ],
        [
            38,
            114,
            22,
            0
        ],
        [
            89,
            82,
            2615,
            22
        ],
        [
            17,
            0,
            8,
            23
        ]
    ],
    "macro avg": {
        "f1-score": 0.674862300324021,
        "precision": 0.64373917447266,
        "recall": 0.7223188814452077,
        "support": 3875
    },
    "producer_accuracy": [
        82.85714285714286,
        44.881889763779526,
        96.42330383480827,
        33.33333333333333
    ],
    "user_accuracy": [
        82.36686390532545,
        65.51724137931035,
        93.12678062678063,
        47.91666666666667
    ],
    "weighted avg": {
        "f1-score": 0.8955114648840042,
        "precision": 0.9036912818098709,
        "recall": 0.8898064516129032,
        "support": 3875
    }
}