{
    "Mangroves": {
        "f1-score": 0.8901697086135126,
        "precision": 0.9090909090909091,
        "recall": 0.8720200752823086,
        "support": 1594
    },
    "Mangroves > Not Mangroves": {
        "f1-score": 0.6191646191646192,
        "precision": 0.5675675675675675,
        "recall": 0.6810810810810811,
        "support": 185
    },
    "Not Mangroves": {
        "f1-score": 0.9651551312649165,
        "precision": 0.9713681783243658,
        "recall": 0.9590210586226523,
        "support": 5271
    },
    "Not Mangroves > Mangroves": {
        "f1-score": 0.3591836734693878,
        "precision": 0.25882352941176473,
        "recall": 0.5866666666666667,
        "support": 75
    },
    "accuracy": 0.9284210526315789,
    "accuracy_conf_interval": [
        0.005008602400715798,
        0.0059858906740261975,
        0.007115880240041348,
        0.007879386703565097
    ],
    "cls_confidence_intervals": {
        "Mangroves": [
            0.012057226522016955,
            0.014409856087288557,
            0.017130084022133847,
            0.018968075870002286
        ],
        "Mangroves > Not Mangroves": [
            0.054529972095997976,
            0.06516996665131465,
            0.07747246035589957,
            0.08578495610224073
        ],
        "Not Mangroves": [
            0.0037913303755378056,
            0.004531102156130548,
            0.005386463277440907,
            0.005964409981028987
        ],
        "Not Mangroves > Mangroves": [
            0.05509118027144078,
            0.06584067886099021,
            0.07826978660515674,
            0.08666783237824222
        ]
    },
    "cohen_kappa": 0.8256717245654026,
    "confusion_matrix": [
        [
            1390,
            35,
            116,
            53
        ],
        [
            41,
            126,
            18,
            0
        ],
        [
            82,
            61,
            5055,
            73
        ],
        [
            16,
            0,
            15,
            44
        ]
    ],
    "macro avg": {
        "f1-score": 0.708418283128109,
        "precision": 0.6767125460986518,
        "recall": 0.7746972204131772,
        "support": 7125
    },
    "producer_accuracy": [
        90.9090909090909,
        56.75675675675676,
        97.13681783243658,
        25.882352941176475
    ],
    "user_accuracy": [
        87.20200752823087,
        68.10810810810811,
        95.90210586226523,
        58.666666666666664
    ],
    "weighted avg": {
        "f1-score": 0.933017184909891,
        "precision": 0.9394504339290559,
        "recall": 0.9284210526315789,
        "support": 7125
    }
}