{
    "Mangroves": {
        "f1-score": 0.8786072024803243,
        "precision": 0.8928744546776539,
        "recall": 0.8647887323943662,
        "support": 2130
    },
    "Mangroves > Not Mangroves": {
        "f1-score": 0.6444073455759598,
        "precision": 0.5778443113772455,
        "recall": 0.7283018867924528,
        "support": 265
    },
    "Not Mangroves": {
        "f1-score": 0.9643663224129675,
        "precision": 0.9722796855606123,
        "recall": 0.9565807327001357,
        "support": 7370
    },
    "Not Mangroves > Mangroves": {
        "f1-score": 0.39762611275964393,
        "precision": 0.29515418502202645,
        "recall": 0.6090909090909091,
        "support": 110
    },
    "accuracy": 0.9267848101265823,
    "accuracy_conf_interval": [
        0.004298979221002613,
        0.005137804434856782,
        0.0061076960883756646,
        0.006763028286699234
    ],
    "cls_confidence_intervals": {
        "Mangroves": [
            0.011166985593621318,
            0.013345909611888892,
            0.015865290508010776,
            0.017567574897282317
        ],
        "Mangroves > Not Mangroves": [
            0.04432128656426173,
            0.05296934247923963,
            0.06296865713093283,
            0.06972495081450931
        ],
        "Not Mangroves": [
            0.0031618377300275183,
            0.003778781677349961,
            0.004492123116441536,
            0.004974110575287194
        ],
        "Not Mangroves > Mangroves": [
            0.049648079645510206,
            0.0593355098202439,
            0.07053660095977975,
            0.07810490578379045
        ]
    },
    "cohen_kappa": 0.8195610174209846,
    "confusion_matrix": [
        [
            1842,
            54,
            163,
            71
        ],
        [
            53,
            193,
            19,
            0
        ],
        [
            145,
            86,
            7050,
            89
        ],
        [
            23,
            1,
            19,
            67
        ]
    ],
    "macro avg": {
        "f1-score": 0.721251745807224,
        "precision": 0.6845381591593844,
        "recall": 0.7896905652444659,
        "support": 9875
    },
    "producer_accuracy": [
        89.2874454677654,
        57.784431137724546,
        97.22796855606123,
        29.515418502202646
    ],
    "user_accuracy": [
        86.47887323943661,
        72.83018867924528,
        95.65807327001356,
        60.909090909090914
    ],
    "weighted avg": {
        "f1-score": 0.9309691095137064,
        "precision": 0.9370247669784819,
        "recall": 0.9267848101265823,
        "support": 9875
    }
}