overall accuracy,0.9648
cohen kappa,0.8776527116608088
""
Confidence Interval,90%,95%,98%,99%
Overall Accuracy,0.006044547890984073,0.007223971869712673,0.008587680845117617,0.009509105828499335
""
class,f1-score,precision,recall,support
Mangroves,0.9029649595687331,0.907859078590786,0.8981233243967829,373
Mangroves > Not Mangroves,0.7835051546391754,0.76,0.8085106382978723,47
Not Mangroves,0.9819407657115338,0.9831243972999035,0.9807599807599807,2079
Not Mangroves > Mangroves,0.0,0.0,0.0,1
""
macro avg,0.6671027199798605,0.6627458689726724,0.671848485863659,2500
weighted (pixel) avg,0.966034209640583,0.967306823320345,0.9648,2500
""
Confidence Interval,90%,95%,98%,99%
Mangroves,0.024692562451804803,0.02951062341801062,0.03508150641018609,0.03884561654003439
Mangroves > Not Mangroves,0.09905382779075224,0.11838140394504536,0.1407289138734468,0.15582858274398828
Not Mangroves,0.004638455078918357,0.005543519484560964,0.006590000203585227,0.007297081770493514
Not Mangroves > Mangroves,0.0,0.0,0.0,0.0
""
Point Count Confusion Matrix
,Mangroves,Mangroves > Not Mangroves,Not Mangroves,Not Mangroves > Mangroves,User Acc
Mangroves,335,4,29,5,89.81233243967829
Mangroves > Not Mangroves,4,38,5,0,80.85106382978722
Not Mangroves,30,8,2039,2,98.07599807599807
Not Mangroves > Mangroves,0,0,1,0,0.0
Producer,90.78590785907859,76.0,98.31243972999036,0.0
""
