{
    "Mangroves": {
        "f1-score": 0.8773513920240783,
        "precision": 0.8880426504188881,
        "recall": 0.866914498141264,
        "support": 2690
    },
    "Mangroves > Not Mangroves": {
        "f1-score": 0.6618181818181819,
        "precision": 0.5947712418300654,
        "recall": 0.7459016393442623,
        "support": 366
    },
    "Not Mangroves": {
        "f1-score": 0.9590425840934179,
        "precision": 0.967530184034697,
        "recall": 0.9507026030868464,
        "support": 8682
    },
    "Not Mangroves > Mangroves": {
        "f1-score": 0.39583333333333337,
        "precision": 0.30039525691699603,
        "recall": 0.5801526717557252,
        "support": 131
    },
    "accuracy": 0.921307608054596,
    "accuracy_conf_interval": [
        0.004053269540584173,
        0.004844151402161573,
        0.005758608554610441,
        0.006376485008967785
    ],
    "cls_confidence_intervals": {
        "Mangroves": [
            0.01009112773718981,
            0.012060128271275627,
            0.014336785138812352,
            0.015875066806066897
        ],
        "Mangroves > Not Mangroves": [
            0.03758050531126208,
            0.04491328683541078,
            0.05339181547270771,
            0.05912055103844888
        ],
        "Not Mangroves": [
            0.003147139920690606,
            0.003761216002776578,
            0.004471241472688483,
            0.004950988411818149
        ],
        "Not Mangroves > Mangroves": [
            0.0472668320401248,
            0.05648962853575891,
            0.06715348698383584,
            0.07435879674605
        ]
    },
    "cohen_kappa": 0.8138178630451791,
    "confusion_matrix": [
        [
            2332,
            59,
            223,
            76
        ],
        [
            64,
            273,
            29,
            0
        ],
        [
            201,
            126,
            8254,
            101
        ],
        [
            29,
            1,
            25,
            76
        ]
    ],
    "macro avg": {
        "f1-score": 0.7235113728172529,
        "precision": 0.6876848333001617,
        "recall": 0.7859178530820244,
        "support": 11869
    },
    "producer_accuracy": [
        88.80426504188881,
        59.47712418300654,
        96.75301840346971,
        30.039525691699602
    ],
    "user_accuracy": [
        86.6914498141264,
        74.59016393442623,
        95.07026030868464,
        58.01526717557252
    ],
    "weighted avg": {
        "f1-score": 0.9251463965671872,
        "precision": 0.9306571607196881,
        "recall": 0.921307608054596,
        "support": 11869
    }
}