{
    "Mangroves": {
        "f1-score": 0.8864920390344119,
        "precision": 0.8887744593202883,
        "recall": 0.8842213114754098,
        "support": 1952
    },
    "Mangroves > Not Mangroves": {
        "f1-score": 0.6605783866057838,
        "precision": 0.5977961432506887,
        "recall": 0.7380952380952381,
        "support": 294
    },
    "Not Mangroves": {
        "f1-score": 0.9524522650692624,
        "precision": 0.9656481305750617,
        "recall": 0.939612188365651,
        "support": 5415
    },
    "Not Mangroves > Mangroves": {
        "f1-score": 0.5805168986083499,
        "precision": 0.49491525423728816,
        "recall": 0.7019230769230769,
        "support": 208
    },
    "accuracy": 0.9120599822086669,
    "accuracy_conf_interval": [
        0.005235872355687936,
        0.00625750598606607,
        0.0074387698711907875,
        0.008236921144923704
    ],
    "cls_confidence_intervals": {
        "Mangroves": [
            0.011700846471815156,
            0.013983938466315673,
            0.0166237635849569,
            0.01840742920566043
        ],
        "Mangroves > Not Mangroves": [
            0.04220755599572092,
            0.05044317667781281,
            0.05996561309148156,
            0.06639969174936584
        ],
        "Not Mangroves": [
            0.00411494835509137,
            0.00491786510730432,
            0.005846237602050545,
            0.006473516314716912
        ],
        "Not Mangroves > Mangroves": [
            0.04773977701770927,
            0.05705485546018913,
            0.06782541490930646,
            0.07510281994249386
        ]
    },
    "cohen_kappa": 0.814977034154178,
    "confusion_matrix": [
        [
            1726,
            39,
            128,
            59
        ],
        [
            51,
            217,
            26,
            0
        ],
        [
            131,
            106,
            5088,
            90
        ],
        [
            34,
            1,
            27,
            146
        ]
    ],
    "macro avg": {
        "f1-score": 0.770009897329452,
        "precision": 0.7367834968458318,
        "recall": 0.8159629537148438,
        "support": 7869
    },
    "producer_accuracy": [
        88.87744593202883,
        59.77961432506888,
        96.56481305750617,
        49.49152542372882
    ],
    "user_accuracy": [
        88.42213114754098,
        73.80952380952381,
        93.9612188365651,
        70.1923076923077
    ],
    "weighted avg": {
        "f1-score": 0.9153537979562669,
        "precision": 0.9203922748321541,
        "recall": 0.9120599822086669,
        "support": 7869
    }
}