{
    "Mangroves": {
        "f1-score": 0.8723947256486602,
        "precision": 0.8832902670111973,
        "recall": 0.861764705882353,
        "support": 2380
    },
    "Mangroves > Not Mangroves": {
        "f1-score": 0.6497175141242938,
        "precision": 0.5867346938775511,
        "recall": 0.7278481012658228,
        "support": 316
    },
    "Not Mangroves": {
        "f1-score": 0.959913463985747,
        "precision": 0.9685413456599897,
        "recall": 0.9514379414732593,
        "support": 7928
    },
    "Not Mangroves > Mangroves": {
        "f1-score": 0.3867403314917127,
        "precision": 0.2892561983471074,
        "recall": 0.5833333333333334,
        "support": 120
    },
    "accuracy": 0.9208860759493671,
    "accuracy_conf_interval": [
        0.004270613459064656,
        0.0051039038901016616,
        0.006067395950988199,
        0.00671840410023586
    ],
    "cls_confidence_intervals": {
        "Mangroves": [
            0.010927429180765117,
            0.013059610484329043,
            0.015524945116574831,
            0.01719071175998415
        ],
        "Mangroves > Not Mangroves": [
            0.04078835333607904,
            0.04874705642604568,
            0.05794930687381961,
            0.06416704366285605
        ],
        "Not Mangroves": [
            0.0032438445188908696,
            0.003876789790869576,
            0.004608632761594955,
            0.00510312125532832
        ],
        "Not Mangroves > Mangroves": [
            0.047800676447309016,
            0.05712763770532053,
            0.06791193665989635,
            0.07519862514271784
        ]
    },
    "cohen_kappa": 0.8097852575451459,
    "confusion_matrix": [
        [
            2051,
            58,
            198,
            73
        ],
        [
            63,
            230,
            23,
            0
        ],
        [
            183,
            103,
            7543,
            99
        ],
        [
            25,
            1,
            24,
            70
        ]
    ],
    "macro avg": {
        "f1-score": 0.7171915088126034,
        "precision": 0.6819556262239614,
        "recall": 0.7810960204886921,
        "support": 10744
    },
    "producer_accuracy": [
        88.32902670111973,
        58.673469387755105,
        96.85413456599898,
        28.92561983471074
    ],
    "user_accuracy": [
        86.1764705882353,
        72.78481012658227,
        95.14379414732593,
        58.333333333333336
    ],
    "weighted avg": {
        "f1-score": 0.9250012066050909,
        "precision": 0.9308400531409167,
        "recall": 0.9208860759493671,
        "support": 10744
    }
}