overall accuracy,0.962
cohen kappa,0.9232372856704213
""
Confidence Interval,90%,95%,98%,99%
Overall Accuracy,0.01402291108151229,0.016759088853514688,0.019922794402392464,0.022060433286769338
""
class,f1-score,precision,recall,support
Mangroves,0.9702276707530647,0.9753521126760564,0.9651567944250871,287
Mangroves > Not Mangroves,0.0,0.0,0.0,0
Not Mangroves,0.9645390070921986,0.966824644549763,0.9622641509433962,212
Not Mangroves > Mangroves,0.0,0.0,0.0,1
""
macro avg,0.4836916694613158,0.4855441893064548,0.4818552363421208,500
weighted (pixel) avg,0.9658752220193514,0.9697857619651559,0.962,500
""
Confidence Interval,90%,95%,98%,99%
Mangroves,0.015088818777162262,0.018032978538559775,0.021437163262675654,0.023737288076267463
Mangroves > Not Mangroves,0.0,0.0,0.0,0.0
Not Mangroves,0.0202201451490142,0.024165539324431603,0.028727401339757982,0.03180974053930283
Not Mangroves > Mangroves,0.0,0.0,0.0,0.0
""
Point Count Confusion Matrix
,Mangroves,Mangroves > Not Mangroves,Not Mangroves,Not Mangroves > Mangroves,User Acc
Mangroves,277,3,6,1,96.51567944250871
Mangroves > Not Mangroves,0,0,0,0,nan
Not Mangroves,7,0,204,1,96.22641509433963
Not Mangroves > Mangroves,0,0,1,0,0.0
Producer,97.53521126760563,0.0,96.6824644549763,0.0
""
