{
    "Mangroves": {
        "f1-score": 0.8922558922558922,
        "precision": 0.8898589657488247,
        "recall": 0.8946657663740716,
        "support": 1481
    },
    "Mangroves > Not Mangroves": {
        "f1-score": 0.5989583333333334,
        "precision": 0.5989583333333334,
        "recall": 0.5989583333333334,
        "support": 192
    },
    "Not Mangroves": {
        "f1-score": 0.9654881266490766,
        "precision": 0.9676327480431564,
        "recall": 0.9633529907329402,
        "support": 4748
    },
    "Not Mangroves > Mangroves": {
        "f1-score": 0.584795321637427,
        "precision": 0.5434782608695652,
        "recall": 0.6329113924050633,
        "support": 79
    },
    "accuracy": 0.932923076923077,
    "accuracy_conf_interval": [
        0.005088580555044773,
        0.006081474321882778,
        0.007229507739789221,
        0.008005205995131413
    ],
    "cls_confidence_intervals": {
        "Mangroves": [
            0.01330551425463881,
            0.015901712157982965,
            0.01890356598372465,
            0.020931845595712272
        ],
        "Mangroves > Not Mangroves": [
            0.05800778570815568,
            0.06932637804145435,
            0.08241350042683093,
            0.09125615068722052
        ],
        "Not Mangroves": [
            0.004221426578151415,
            0.005045119569010228,
            0.00599751458969073,
            0.006641024738799178
        ],
        "Not Mangroves > Mangroves": [
            0.08516707939596146,
            0.10178504610736858,
            0.12099957011743306,
            0.13398235661071986
        ]
    },
    "cohen_kappa": 0.8385816418343072,
    "confusion_matrix": [
        [
            1325,
            32,
            110,
            14
        ],
        [
            44,
            115,
            33,
            0
        ],
        [
            101,
            45,
            4574,
            28
        ],
        [
            19,
            0,
            10,
            50
        ]
    ],
    "macro avg": {
        "f1-score": 0.7603744184689323,
        "precision": 0.74998207699872,
        "recall": 0.7724721207113521,
        "support": 6500
    },
    "producer_accuracy": [
        88.98589657488247,
        59.895833333333336,
        96.76327480431564,
        54.347826086956516
    ],
    "user_accuracy": [
        89.46657663740716,
        59.895833333333336,
        96.33529907329402,
        63.29113924050633
    ],
    "weighted avg": {
        "f1-score": 0.9333488357184845,
        "precision": 0.9338671074756326,
        "recall": 0.932923076923077,
        "support": 6500
    }
}