{
    "Mangroves": {
        "f1-score": 0.8584022038567494,
        "precision": 0.8588754134509372,
        "recall": 0.8579295154185022,
        "support": 908
    },
    "Mangroves > Not Mangroves": {
        "f1-score": 0.5068493150684932,
        "precision": 0.4378698224852071,
        "recall": 0.6016260162601627,
        "support": 123
    },
    "Not Mangroves": {
        "f1-score": 0.9329474191992281,
        "precision": 0.9621890547263682,
        "recall": 0.9054307116104869,
        "support": 2136
    },
    "Not Mangroves > Mangroves": {
        "f1-score": 0.41295546558704455,
        "precision": 0.31097560975609756,
        "recall": 0.6144578313253012,
        "support": 83
    },
    "accuracy": 0.8732307692307693,
    "accuracy_conf_interval": [
        0.009571359092983905,
        0.011438941355029545,
        0.013598333345519817,
        0.015057381987742972
    ],
    "cls_confidence_intervals": {
        "Mangroves": [
            0.01895861604092707,
            0.022657858195254302,
            0.026935106936195167,
            0.029825139869263318
        ],
        "Mangroves > Not Mangroves": [
            0.06258805472673194,
            0.0748003580880455,
            0.08892083384956428,
            0.0984616958505905
        ],
        "Not Mangroves": [
            0.006977258170739257,
            0.008338674399176186,
            0.009912811913306384,
            0.010976418341772735
        ],
        "Not Mangroves > Mangroves": [
            0.059279207064905165,
            0.07084588161415496,
            0.08421984906172503,
            0.09325631355332643
        ]
    },
    "cohen_kappa": 0.7525495801751372,
    "confusion_matrix": [
        [
            779,
            22,
            56,
            51
        ],
        [
            35,
            74,
            14,
            0
        ],
        [
            68,
            72,
            1934,
            62
        ],
        [
            25,
            1,
            6,
            51
        ]
    ],
    "macro avg": {
        "f1-score": 0.6777886009278788,
        "precision": 0.6424774751046526,
        "recall": 0.7448610186536132,
        "support": 3250
    },
    "producer_accuracy": [
        85.88754134509372,
        43.786982248520715,
        96.21890547263682,
        31.097560975609756
    ],
    "user_accuracy": [
        85.79295154185021,
        60.16260162601627,
        90.54307116104869,
        61.44578313253012
    ],
    "weighted avg": {
        "f1-score": 0.8827146639718858,
        "precision": 0.8968503569490491,
        "recall": 0.8732307692307693,
        "support": 3250
    }
}