overall accuracy,0.944
cohen kappa,0.8560947945123869
""
Confidence Interval,90%,95%,98%,99%
Overall Accuracy,0.0063736738542225415,0.007617317533095233,0.009055280536791782,0.010026877160911073
""
class,f1-score,precision,recall,support
Mangroves,0.903114186851211,0.9211764705882353,0.8857466063348416,884
Mangroves > Not Mangroves,0.0,0.0,0.0,1
Not Mangroves,0.9689728271343225,0.9732868757259001,0.9646968534151957,2606
Not Mangroves > Mangroves,0.39999999999999997,0.2692307692307692,0.7777777777777778,9
""
macro avg,0.5680217534963834,0.5409235288862262,0.6570553093819538,3500
weighted (pixel) avg,0.9505988939110044,0.9580367643042207,0.944,3500
""
Confidence Interval,90%,95%,98%,99%
Mangroves,0.015157715167072448,0.01811531812650122,0.021535046548340736,0.023845673860394465
Mangroves > Not Mangroves,0.0,0.0,0.0,0.0
Not Mangroves,0.005203126932583744,0.0062183712121122794,0.007392247410317149,0.008185407003698818
Not Mangroves > Mangroves,0.14266243965622613,0.1704990132476849,0.2026850514628091,0.22443237458113627
""
Point Count Confusion Matrix
,Mangroves,Mangroves > Not Mangroves,Not Mangroves,Not Mangroves > Mangroves,User Acc
Mangroves,783,24,68,9,88.57466063348416
Mangroves > Not Mangroves,1,0,0,0,0.0
Not Mangroves,65,17,2514,10,96.46968534151958
Not Mangroves > Mangroves,1,0,1,7,77.77777777777779
Producer,92.11764705882352,0.0,97.32868757259001,26.923076923076923
""
