{
    "Mangroves": {
        "f1-score": 0.8776102088167053,
        "precision": 0.8781195589088798,
        "recall": 0.8771014492753623,
        "support": 1725
    },
    "Mangroves > Not Mangroves": {
        "f1-score": 0.6614420062695925,
        "precision": 0.5994318181818182,
        "recall": 0.7377622377622378,
        "support": 286
    },
    "Not Mangroves": {
        "f1-score": 0.9520940042181381,
        "precision": 0.9673469387755103,
        "recall": 0.9373146134071584,
        "support": 5057
    },
    "Not Mangroves > Mangroves": {
        "f1-score": 0.5617977528089888,
        "precision": 0.4646840148698885,
        "recall": 0.7102272727272727,
        "support": 176
    },
    "accuracy": 0.9095803423522916,
    "accuracy_conf_interval": [
        0.0055259453983423044,
        0.006604178646799339,
        0.007850885840327787,
        0.008693255565684845
    ],
    "cls_confidence_intervals": {
        "Mangroves": [
            0.012925431287106172,
            0.015447466660200058,
            0.018363570060339868,
            0.020333910195569467
        ],
        "Mangroves > Not Mangroves": [
            0.042833211416178525,
            0.05119091120470117,
            0.06085450158518047,
            0.06738395454496379
        ],
        "Not Mangroves": [
            0.00416388656951681,
            0.004976352241617652,
            0.005915765674984249,
            0.0065505044813130315
        ],
        "Not Mangroves > Mangroves": [
            0.04987141384933313,
            0.05960242142969081,
            0.07085389894447938,
            0.07845624861663382
        ]
    },
    "cohen_kappa": 0.8069331334639076,
    "confusion_matrix": [
        [
            1513,
            36,
            118,
            58
        ],
        [
            49,
            211,
            26,
            0
        ],
        [
            127,
            104,
            4740,
            86
        ],
        [
            34,
            1,
            16,
            125
        ]
    ],
    "macro avg": {
        "f1-score": 0.7632359930283561,
        "precision": 0.7273955826840242,
        "recall": 0.8156013932930077,
        "support": 7244
    },
    "producer_accuracy": [
        87.81195589088799,
        59.94318181818182,
        96.73469387755102,
        46.468401486988846
    ],
    "user_accuracy": [
        87.71014492753622,
        73.77622377622379,
        93.73146134071584,
        71.02272727272727
    ],
    "weighted avg": {
        "f1-score": 0.9133994765084795,
        "precision": 0.919361070558072,
        "recall": 0.9095803423522916,
        "support": 7244
    }
}