{
    "Mangroves": {
        "f1-score": 0.8853135313531354,
        "precision": 0.8816762530813476,
        "recall": 0.8889809444904723,
        "support": 1207
    },
    "Mangroves > Not Mangroves": {
        "f1-score": 0.5298013245033113,
        "precision": 0.5369127516778524,
        "recall": 0.5228758169934641,
        "support": 153
    },
    "Not Mangroves": {
        "f1-score": 0.964794952681388,
        "precision": 0.9668689934243804,
        "recall": 0.9627297909846386,
        "support": 3971
    },
    "Not Mangroves > Mangroves": {
        "f1-score": 0.3232323232323232,
        "precision": 0.2909090909090909,
        "recall": 0.36363636363636365,
        "support": 44
    },
    "accuracy": 0.9287441860465117,
    "accuracy_conf_interval": [
        0.0057545692472671705,
        0.006877412027221741,
        0.008175698991544213,
        0.00905291991338372
    ],
    "cls_confidence_intervals": {
        "Mangroves": [
            0.01518410113447315,
            0.01814685257534596,
            0.02157253392885515,
            0.023887183492037032
        ],
        "Mangroves > Not Mangroves": [
            0.06699370310961245,
            0.08006564517978074,
            0.09518007819841282,
            0.10539253294073178
        ],
        "Not Mangroves": [
            0.004667954857142688,
            0.005578775317072969,
            0.006631911473867356,
            0.0073434899581878875
        ],
        "Not Mangroves > Mangroves": [
            0.10043662455606708,
            0.12003401471334847,
            0.14269349708270507,
            0.15800395814308116
        ]
    },
    "cohen_kappa": 0.8239762534143412,
    "confusion_matrix": [
        [
            1073,
            29,
            92,
            13
        ],
        [
            43,
            80,
            30,
            0
        ],
        [
            82,
            40,
            3823,
            26
        ],
        [
            19,
            0,
            9,
            16
        ]
    ],
    "macro avg": {
        "f1-score": 0.6757855329425394,
        "precision": 0.6690917722731679,
        "recall": 0.6845557290262346,
        "support": 5375
    },
    "producer_accuracy": [
        88.16762530813476,
        53.691275167785236,
        96.68689934243804,
        29.09090909090909
    ],
    "user_accuracy": [
        88.89809444904722,
        52.28758169934641,
        96.27297909846386,
        36.36363636363637
    ],
    "weighted avg": {
        "f1-score": 0.9293127468487917,
        "precision": 0.9299660765328581,
        "recall": 0.9287441860465117,
        "support": 5375
    }
}