{
    "Mangroves": {
        "f1-score": 0.8579910935180604,
        "precision": 0.8819938962360122,
        "recall": 0.8352601156069365,
        "support": 2076
    },
    "Mangroves > Not Mangroves": {
        "f1-score": 0.5418439716312058,
        "precision": 0.4441860465116279,
        "recall": 0.6945454545454546,
        "support": 275
    },
    "Not Mangroves": {
        "f1-score": 0.9525959367945823,
        "precision": 0.9603381014304291,
        "recall": 0.944977607165707,
        "support": 6252
    },
    "Not Mangroves > Mangroves": {
        "f1-score": 0.5552407932011332,
        "precision": 0.4803921568627451,
        "recall": 0.6577181208053692,
        "support": 149
    },
    "accuracy": 0.9061928702010968,
    "accuracy_conf_interval": [
        0.005111147780605714,
        0.006108444908528779,
        0.007261569712689825,
        0.00804070809387972
    ],
    "cls_confidence_intervals": {
        "Mangroves": [
            0.011932655891530525,
            0.01426097899231697,
            0.016953102577601298,
            0.018772105000090706
        ],
        "Mangroves > Not Mangroves": [
            0.039296764913956735,
            0.046964426360582436,
            0.05583015990824341,
            0.06182052041341974
        ],
        "Not Mangroves": [
            0.004080698556187194,
            0.004876932420809086,
            0.0057975778267781485,
            0.006419635533514002
        ],
        "Not Mangroves > Mangroves": [
            0.05736732075903975,
            0.06856094432177921,
            0.08150357156619673,
            0.09024858997458693
        ]
    },
    "cohen_kappa": 0.7880736542054482,
    "confusion_matrix": [
        [
            1734,
            114,
            182,
            46
        ],
        [
            50,
            191,
            34,
            0
        ],
        [
            159,
            125,
            5908,
            60
        ],
        [
            23,
            0,
            28,
            98
        ]
    ],
    "macro avg": {
        "f1-score": 0.7269179487862454,
        "precision": 0.6917275502602036,
        "recall": 0.7831253245308669,
        "support": 8752
    },
    "producer_accuracy": [
        88.19938962360122,
        44.41860465116279,
        96.03381014304291,
        48.03921568627451
    ],
    "user_accuracy": [
        83.52601156069365,
        69.45454545454545,
        94.4977607165707,
        65.77181208053692
    ],
    "weighted avg": {
        "f1-score": 0.9104841496079493,
        "precision": 0.917365485933758,
        "recall": 0.9061928702010968,
        "support": 8752
    }
}