{
    "Mangroves": {
        "f1-score": 0.8312499999999999,
        "precision": 0.8807947019867549,
        "recall": 0.7869822485207101,
        "support": 338
    },
    "Mangroves > Not Mangroves": {
        "f1-score": 0.5077720207253886,
        "precision": 0.35507246376811596,
        "recall": 0.8909090909090909,
        "support": 55
    },
    "Not Mangroves": {
        "f1-score": 0.9468802698145025,
        "precision": 0.967269595176572,
        "recall": 0.9273327828241124,
        "support": 1211
    },
    "Not Mangroves > Mangroves": {
        "f1-score": 0.6122448979591837,
        "precision": 0.5769230769230769,
        "recall": 0.6521739130434783,
        "support": 23
    },
    "accuracy": 0.8930547019053473,
    "accuracy_conf_interval": [
        0.012565215747759076,
        0.01501696516195597,
        0.01785180042212113,
        0.019767229651962454
    ],
    "cls_confidence_intervals": {
        "Mangroves": [
            0.030579156550216847,
            0.03654582124294209,
            0.04344477729390565,
            0.04810623408509724
        ],
        "Mangroves > Not Mangroves": [
            0.06680642957301637,
            0.07984183046531225,
            0.09491401274702937,
            0.10509791969413552
        ],
        "Not Mangroves": [
            0.008564010574631485,
            0.010235037028218116,
            0.012167161365177658,
            0.013472650782042215
        ],
        "Not Mangroves > Mangroves": [
            0.15890069553759179,
            0.18990570930102435,
            0.22575525646499325,
            0.24997792346767492
        ]
    },
    "cohen_kappa": 0.7496688460633799,
    "confusion_matrix": [
        [
            266,
            37,
            28,
            7
        ],
        [
            2,
            49,
            4,
            0
        ],
        [
            32,
            52,
            1123,
            4
        ],
        [
            2,
            0,
            6,
            15
        ]
    ],
    "macro avg": {
        "f1-score": 0.7245367971247687,
        "precision": 0.6950149594636299,
        "recall": 0.814349508824348,
        "support": 1627
    },
    "producer_accuracy": [
        88.0794701986755,
        35.507246376811594,
        96.72695951765719,
        57.692307692307686
    ],
    "user_accuracy": [
        78.69822485207101,
        89.0909090909091,
        92.73327828241123,
        65.21739130434783
    ],
    "weighted avg": {
        "f1-score": 0.9032843273130424,
        "precision": 0.9230917672445168,
        "recall": 0.8930547019053473,
        "support": 1627
    }
}