{
    "Mangroves": {
        "f1-score": 0.8713752512202124,
        "precision": 0.8879461673493271,
        "recall": 0.8554114994363021,
        "support": 3548
    },
    "Mangroves > Not Mangroves": {
        "f1-score": 0.5970394736842105,
        "precision": 0.5006896551724138,
        "recall": 0.7393075356415478,
        "support": 491
    },
    "Not Mangroves": {
        "f1-score": 0.9515409868195404,
        "precision": 0.9631980954270409,
        "recall": 0.9401626646010844,
        "support": 10328
    },
    "Not Mangroves > Mangroves": {
        "f1-score": 0.5218702865761689,
        "precision": 0.4292803970223325,
        "recall": 0.6653846153846154,
        "support": 260
    },
    "accuracy": 0.9079783961167703,
    "accuracy_conf_interval": [
        0.003919664307486271,
        0.004684476855288469,
        0.005568791363684763,
        0.006166301166655231
    ],
    "cls_confidence_intervals": {
        "Mangroves": [
            0.00884839486728649,
            0.010574910938952147,
            0.012571195146815563,
            0.013920035827804357
        ],
        "Mangroves > Not Mangroves": [
            0.030454006491666755,
            0.03639625166077247,
            0.04326697263755094,
            0.04790935167591478
        ],
        "Not Mangroves": [
            0.003075282350007212,
            0.003675337442691546,
            0.004369151143607808,
            0.004837944184767444
        ],
        "Not Mangroves > Mangroves": [
            0.040436471175831136,
            0.04832651433209087,
            0.05744937673151619,
            0.06361347294734411
        ]
    },
    "cohen_kappa": 0.797542349384813,
    "confusion_matrix": [
        [
            3035,
            140,
            275,
            98
        ],
        [
            73,
            363,
            55,
            0
        ],
        [
            265,
            221,
            9710,
            132
        ],
        [
            45,
            1,
            41,
            173
        ]
    ],
    "macro avg": {
        "f1-score": 0.735456499575033,
        "precision": 0.6952785787427787,
        "recall": 0.8000665787658874,
        "support": 14627
    },
    "producer_accuracy": [
        88.7946167349327,
        50.06896551724138,
        96.31980954270409,
        42.92803970223325
    ],
    "user_accuracy": [
        85.54114994363022,
        73.93075356415478,
        94.01626646010844,
        66.53846153846153
    ],
    "weighted avg": {
        "f1-score": 0.912558102091357,
        "precision": 0.9199285195351988,
        "recall": 0.9079783961167703,
        "support": 14627
    }
}