{
    "Mangroves": {
        "f1-score": 0.8591966173361523,
        "precision": 0.87322733132789,
        "recall": 0.8456096545984186,
        "support": 2403
    },
    "Mangroves > Not Mangroves": {
        "f1-score": 0.5909090909090909,
        "precision": 0.4978723404255319,
        "recall": 0.7267080745341615,
        "support": 483
    },
    "Not Mangroves": {
        "f1-score": 0.9424465788102151,
        "precision": 0.959957530714394,
        "recall": 0.9255630301257678,
        "support": 6838
    },
    "Not Mangroves > Mangroves": {
        "f1-score": 0.42317380352644834,
        "precision": 0.3387096774193548,
        "recall": 0.5637583892617449,
        "support": 149
    },
    "accuracy": 0.8909146156183531,
    "accuracy_conf_interval": [
        0.005145417325459126,
        0.006149401193841395,
        0.007310257541658393,
        0.00809461993883204
    ],
    "cls_confidence_intervals": {
        "Mangroves": [
            0.011311550348223266,
            0.013518682123486343,
            0.016070678238634277,
            0.017794999938058553
        ],
        "Mangroves > Not Mangroves": [
            0.030882707051514476,
            0.03690860111034657,
            0.04387604111587118,
            0.048583770849333754
        ],
        "Not Mangroves": [
            0.003959941276972564,
            0.004732612745650138,
            0.005626014131308582,
            0.006229663716212936
        ],
        "Not Mangroves > Mangroves": [
            0.04928649039044287,
            0.05890336656418782,
            0.07002287964008042,
            0.07753606415081866
        ]
    },
    "cohen_kappa": 0.7709539647716727,
    "confusion_matrix": [
        [
            2032,
            117,
            193,
            61
        ],
        [
            84,
            351,
            48,
            0
        ],
        [
            171,
            235,
            6329,
            103
        ],
        [
            40,
            2,
            23,
            84
        ]
    ],
    "macro avg": {
        "f1-score": 0.7039315226454766,
        "precision": 0.6674417199717927,
        "recall": 0.7654097871300233,
        "support": 9873
    },
    "producer_accuracy": [
        87.322733132789,
        49.787234042553195,
        95.99575307143941,
        33.87096774193548
    ],
    "user_accuracy": [
        84.56096545984187,
        72.67080745341616,
        92.55630301257678,
        56.375838926174495
    ],
    "weighted avg": {
        "f1-score": 0.8971499204899783,
        "precision": 0.9068667025794551,
        "recall": 0.8909146156183531,
        "support": 9873
    }
}