{
    "Mangroves": {
        "f1-score": 0.883892824145365,
        "precision": 0.9059343434343434,
        "recall": 0.8628983764281419,
        "support": 1663
    },
    "Mangroves > Not Mangroves": {
        "f1-score": 0.6000000000000001,
        "precision": 0.5361702127659574,
        "recall": 0.6810810810810811,
        "support": 185
    },
    "Not Mangroves": {
        "f1-score": 0.9638932496075353,
        "precision": 0.9706155848986424,
        "recall": 0.9572633895818048,
        "support": 5452
    },
    "Not Mangroves > Mangroves": {
        "f1-score": 0.3464566929133858,
        "precision": 0.24581005586592178,
        "recall": 0.5866666666666667,
        "support": 75
    },
    "accuracy": 0.9252881355932203,
    "accuracy_conf_interval": [
        0.005021068191245787,
        0.006000788813927892,
        0.007133590783904076,
        0.00789899752037447
    ],
    "cls_confidence_intervals": {
        "Mangroves": [
            0.012029017782656366,
            0.014376143203662487,
            0.017090006971700815,
            0.018923698706861846
        ],
        "Mangroves > Not Mangroves": [
            0.053350755785170345,
            0.06376065935300847,
            0.07579711035332129,
            0.08392984751569482
        ],
        "Not Mangroves": [
            0.003777078276146971,
            0.004514069159297599,
            0.005366214867940514,
            0.005941988995401942
        ],
        "Not Mangroves > Mangroves": [
            0.05277855844800604,
            0.06307681375493404,
            0.07498417145356956,
            0.08302968341210706
        ]
    },
    "cohen_kappa": 0.8184595433666416,
    "confusion_matrix": [
        [
            1435,
            46,
            125,
            57
        ],
        [
            41,
            126,
            18,
            0
        ],
        [
            92,
            63,
            5219,
            78
        ],
        [
            16,
            0,
            15,
            44
        ]
    ],
    "macro avg": {
        "f1-score": 0.6985606916665715,
        "precision": 0.6646325492412163,
        "recall": 0.7719773784394237,
        "support": 7375
    },
    "producer_accuracy": [
        90.59343434343434,
        53.61702127659574,
        97.06155848986424,
        24.581005586592177
    ],
    "user_accuracy": [
        86.28983764281419,
        68.10810810810811,
        95.72633895818048,
        58.666666666666664
    ],
    "weighted avg": {
        "f1-score": 0.9304466461535631,
        "precision": 0.9377616577017436,
        "recall": 0.9252881355932203,
        "support": 7375
    }
}