{
    "Mangroves": {
        "f1-score": 0.8925132639025349,
        "precision": 0.8962115232833465,
        "recall": 0.8888454011741683,
        "support": 2555
    },
    "Mangroves > Not Mangroves": {
        "f1-score": 0.6513994910941476,
        "precision": 0.5953488372093023,
        "recall": 0.7191011235955056,
        "support": 356
    },
    "Not Mangroves": {
        "f1-score": 0.9523286811980555,
        "precision": 0.9630510624801776,
        "recall": 0.9418424317617866,
        "support": 6448
    },
    "Not Mangroves > Mangroves": {
        "f1-score": 0.6115702479338843,
        "precision": 0.5331412103746398,
        "recall": 0.7170542635658915,
        "support": 258
    },
    "accuracy": 0.9134865342622439,
    "accuracy_conf_interval": [
        0.004701289225834312,
        0.005618613952826373,
        0.006679270668410944,
        0.007395930611373491
    ],
    "cls_confidence_intervals": {
        "Mangroves": [
            0.00993620112105442,
            0.011874972071504064,
            0.014116675982961464,
            0.01563134078800025
        ],
        "Mangroves > Not Mangroves": [
            0.038818233803666384,
            0.04639252332633299,
            0.05515029558691627,
            0.06106770927649956
        ],
        "Not Mangroves": [
            0.0038957627393133945,
            0.004655911566496496,
            0.005534833647926957,
            0.006128699919163755
        ],
        "Not Mangroves > Mangroves": [
            0.04392310234834547,
            0.05249346378216898,
            0.06240294419002741,
            0.06909853906020202
        ]
    },
    "cohen_kappa": 0.822620529887577,
    "confusion_matrix": [
        [
            2271,
            56,
            161,
            67
        ],
        [
            65,
            256,
            35,
            0
        ],
        [
            163,
            117,
            6073,
            95
        ],
        [
            35,
            1,
            37,
            185
        ]
    ],
    "macro avg": {
        "f1-score": 0.7769529210321555,
        "precision": 0.7469381583368666,
        "recall": 0.816710805024338,
        "support": 9617
    },
    "producer_accuracy": [
        89.62115232833466,
        59.53488372093023,
        96.30510624801775,
        53.31412103746398
    ],
    "user_accuracy": [
        88.88454011741683,
        71.91011235955057,
        94.18424317617865,
        71.70542635658916
    ],
    "weighted avg": {
        "f1-score": 0.9161557729471246,
        "precision": 0.9201485194119065,
        "recall": 0.9134865342622439,
        "support": 9617
    }
}