overall accuracy,0.9685
cohen kappa,0.8880859499904074
""
Confidence Interval,90%,95%,98%,99%
Overall Accuracy,0.006405218356933662,0.0076550170607255965,0.009100096811985021,0.010076502049322469
""
class,f1-score,precision,recall,support
Mangroves,0.9104704097116845,0.9230769230769231,0.8982035928143712,334
Mangroves > Not Mangroves,0.28571428571428575,0.2,0.5,2
Not Mangroves,0.9837642814191221,0.9837642814191221,0.9837642814191221,1663
Not Mangroves > Mangroves,0.0,0.0,0.0,1
""
macro avg,0.5449872442112731,0.5267103011240113,0.5954919685583733,2000
weighted (pixel) avg,0.9703342727075656,0.9723538461538461,0.9685,2000
""
Confidence Interval,90%,95%,98%,99%
Mangroves,0.02424093897603166,0.028970878288428082,0.034439870618386444,0.03813513570619615
Mangroves > Not Mangroves,0.2933721186479724,0.3506154588719671,0.41680307100596087,0.46152443055595666
Not Mangroves,0.005082518942980381,0.006074229956244846,0.007220895815331883,0.007995670044444746
Not Mangroves > Mangroves,0.0,0.0,0.0,0.0
""
Point Count Confusion Matrix
,Mangroves,Mangroves > Not Mangroves,Not Mangroves,Not Mangroves > Mangroves,User Acc
Mangroves,300,3,26,5,89.82035928143712
Mangroves > Not Mangroves,1,1,0,0,50.0
Not Mangroves,24,1,1636,2,98.37642814191221
Not Mangroves > Mangroves,0,0,1,0,0.0
Producer,92.3076923076923,20.0,98.37642814191221,0.0
""
