{
    "Mangroves": {
        "f1-score": 0.86675103959501,
        "precision": 0.8786656891495601,
        "recall": 0.8551551908669283,
        "support": 2803
    },
    "Mangroves > Not Mangroves": {
        "f1-score": 0.5946547884187081,
        "precision": 0.5154440154440154,
        "recall": 0.7026315789473684,
        "support": 380
    },
    "Not Mangroves": {
        "f1-score": 0.9528263756567931,
        "precision": 0.9644652250146113,
        "recall": 0.9414650844363305,
        "support": 8764
    },
    "Not Mangroves > Mangroves": {
        "f1-score": 0.473469387755102,
        "precision": 0.36477987421383645,
        "recall": 0.6744186046511628,
        "support": 172
    },
    "accuracy": 0.9102236158098853,
    "accuracy_conf_interval": [
        0.004258587351073905,
        0.00508953122445418,
        0.006050310078050122,
        0.006699484979128461
    ],
    "cls_confidence_intervals": {
        "Mangroves": [
            0.010252394594536657,
            0.01225286183249503,
            0.0145659020763844,
            0.016128767106039377
        ],
        "Mangroves > Not Mangroves": [
            0.0360115404879681,
            0.0430381825344009,
            0.05116273740058883,
            0.056652301499364455
        ],
        "Not Mangroves": [
            0.0032824937858699174,
            0.00392298037823478,
            0.004663543000656652,
            0.0051639231509417
        ],
        "Not Mangroves > Mangroves": [
            0.04426982930219108,
            0.052907844775789345,
            0.06289555016713734,
            0.06964399975588598
        ]
    },
    "cohen_kappa": 0.793964190367398,
    "confusion_matrix": [
        [
            2397,
            89,
            238,
            79
        ],
        [
            67,
            267,
            46,
            0
        ],
        [
            229,
            161,
            8251,
            123
        ],
        [
            35,
            1,
            20,
            116
        ]
    ],
    "macro avg": {
        "f1-score": 0.7219253978564033,
        "precision": 0.6808387009555058,
        "recall": 0.7934176147254475,
        "support": 12119
    },
    "producer_accuracy": [
        87.866568914956,
        51.54440154440154,
        96.44652250146113,
        36.477987421383645
    ],
    "user_accuracy": [
        85.51551908669282,
        70.26315789473684,
        94.14650844363305,
        67.44186046511628
    ],
    "weighted avg": {
        "f1-score": 0.9148839899772204,
        "precision": 0.9220302024051305,
        "recall": 0.9102236158098853,
        "support": 12119
    }
}