{
    "Mangroves": {
        "f1-score": 0.8600754084625053,
        "precision": 0.8739889314601959,
        "recall": 0.8465979381443299,
        "support": 2425
    },
    "Mangroves > Not Mangroves": {
        "f1-score": 0.590412111017662,
        "precision": 0.4971671388101983,
        "recall": 0.7267080745341615,
        "support": 483
    },
    "Not Mangroves": {
        "f1-score": 0.9441163762062509,
        "precision": 0.9611436950146628,
        "recall": 0.9276818567789414,
        "support": 7066
    },
    "Not Mangroves > Mangroves": {
        "f1-score": 0.42317380352644834,
        "precision": 0.3387096774193548,
        "recall": 0.5637583892617449,
        "support": 149
    },
    "accuracy": 0.8933122592116961,
    "accuracy_conf_interval": [
        0.00503208694088625,
        0.0060139575634982016,
        0.00714924547089327,
        0.007916331894808858
    ],
    "cls_confidence_intervals": {
        "Mangroves": [
            0.011229480183764998,
            0.01342059826840207,
            0.015954078553763688,
            0.0176658895573864
        ],
        "Mangroves > Not Mangroves": [
            0.030860611778222212,
            0.03688219456421679,
            0.043844649660523025,
            0.048549011212081286
        ],
        "Not Mangroves": [
            0.003837749033972506,
            0.00458657811377202,
            0.005452411737290207,
            0.006037434455883577
        ],
        "Not Mangroves > Mangroves": [
            0.04928649039044287,
            0.05890336656418782,
            0.07002287964008042,
            0.07753606415081866
        ]
    },
    "cohen_kappa": 0.7732280948056091,
    "confusion_matrix": [
        [
            2053,
            117,
            194,
            61
        ],
        [
            84,
            351,
            48,
            0
        ],
        [
            172,
            236,
            6555,
            103
        ],
        [
            40,
            2,
            23,
            84
        ]
    ],
    "macro avg": {
        "f1-score": 0.7044444248032166,
        "precision": 0.667752360676103,
        "recall": 0.7661865646797945,
        "support": 10123
    },
    "producer_accuracy": [
        87.39889314601959,
        49.71671388101983,
        96.11436950146629,
        33.87096774193548
    ],
    "user_accuracy": [
        84.65979381443299,
        72.67080745341616,
        92.76818567789414,
        56.375838926174495
    ],
    "weighted avg": {
        "f1-score": 0.8994400006067288,
        "precision": 0.9089661145653848,
        "recall": 0.8933122592116961,
        "support": 10123
    }
}