{
    "Mangroves": {
        "f1-score": 0.8719646799116998,
        "precision": 0.8800594132937245,
        "recall": 0.8640174990885892,
        "support": 2743
    },
    "Mangroves > Not Mangroves": {
        "f1-score": 0.5064377682403434,
        "precision": 0.43223443223443225,
        "recall": 0.6113989637305699,
        "support": 193
    },
    "Not Mangroves": {
        "f1-score": 0.961892797319933,
        "precision": 0.9707342842049657,
        "recall": 0.9532109139952277,
        "support": 9639
    },
    "Not Mangroves > Mangroves": {
        "f1-score": 0.175,
        "precision": 0.109375,
        "recall": 0.4375,
        "support": 48
    },
    "accuracy": 0.9266418442525549,
    "accuracy_conf_interval": [
        0.003805771530635478,
        0.0045483610975887425,
        0.005406980284378454,
        0.0059871283835606914
    ],
    "cls_confidence_intervals": {
        "Mangroves": [
            0.010267500959273942,
            0.012270915780595687,
            0.014587364167748956,
            0.01615253199690657
        ],
        "Mangroves > Not Mangroves": [
            0.04917073840664822,
            0.058765028827457634,
            0.06985842712651852,
            0.07735396651777586
        ],
        "Not Mangroves": [
            0.002841275185425138,
            0.003395670343556872,
            0.00403668974514669,
            0.004469810962437108
        ],
        "Not Mangroves > Mangroves": [
            0.03694023956105489,
            0.04414809118272414,
            0.05248216962027921,
            0.05811330369970831
        ]
    },
    "cohen_kappa": 0.8072989319331817,
    "confusion_matrix": [
        [
            2370,
            49,
            248,
            76
        ],
        [
            56,
            118,
            19,
            0
        ],
        [
            250,
            106,
            9188,
            95
        ],
        [
            17,
            0,
            10,
            21
        ]
    ],
    "macro avg": {
        "f1-score": 0.628823811367994,
        "precision": 0.5981007824332806,
        "recall": 0.7165318442035967,
        "support": 12623
    },
    "producer_accuracy": [
        88.00594132937245,
        43.223443223443226,
        97.07342842049657,
        10.9375
    ],
    "user_accuracy": [
        86.40174990885892,
        61.13989637305699,
        95.32109139952277,
        43.75
    ],
    "weighted avg": {
        "f1-score": 0.9323953323009597,
        "precision": 0.9395216653361005,
        "recall": 0.9266418442525549,
        "support": 12623
    }
}