{
    "Mangroves": {
        "f1-score": 0.8739138145061182,
        "precision": 0.8904951210697506,
        "recall": 0.8579387186629527,
        "support": 2872
    },
    "Mangroves > Not Mangroves": {
        "f1-score": 0.5909592061742006,
        "precision": 0.49906890130353815,
        "recall": 0.7243243243243244,
        "support": 370
    },
    "Not Mangroves": {
        "f1-score": 0.9541204338611146,
        "precision": 0.9611906556141673,
        "recall": 0.9471534653465347,
        "support": 8080
    },
    "Not Mangroves > Mangroves": {
        "f1-score": 0.5432692307692307,
        "precision": 0.4788135593220339,
        "recall": 0.6277777777777778,
        "support": 180
    },
    "accuracy": 0.9127108328986263,
    "accuracy_conf_interval": [
        0.004316223687001252,
        0.005158413674708814,
        0.0061321958479956815,
        0.0067901567758922145
    ],
    "cls_confidence_intervals": {
        "Mangroves": [
            0.009735802950553304,
            0.01163547181895395,
            0.013831963948042196,
            0.0153160802514802
        ],
        "Mangroves > Not Mangroves": [
            0.0353855505093761,
            0.04229004816974217,
            0.050273373589540434,
            0.05566751238670142
        ],
        "Not Mangroves": [
            0.0035498147084832704,
            0.00424246148087025,
            0.005043334311442695,
            0.005584464602370024
        ],
        "Not Mangroves > Mangroves": [
            0.05332951340381807,
            0.06373527211675818,
            0.07576693062859519,
            0.08389642962307965
        ]
    },
    "cohen_kappa": 0.8068088943463869,
    "confusion_matrix": [
        [
            2464,
            123,
            232,
            53
        ],
        [
            60,
            268,
            42,
            0
        ],
        [
            211,
            146,
            7653,
            70
        ],
        [
            32,
            0,
            35,
            113
        ]
    ],
    "macro avg": {
        "f1-score": 0.740565671327666,
        "precision": 0.7073920593273725,
        "recall": 0.7892985715278974,
        "support": 11502
    },
    "producer_accuracy": [
        89.04951210697506,
        49.906890130353815,
        96.11906556141673,
        47.88135593220339
    ],
    "user_accuracy": [
        85.79387186629526,
        72.43243243243244,
        94.71534653465346,
        62.77777777777778
    ],
    "weighted avg": {
        "f1-score": 0.9159813031370451,
        "precision": 0.921123667121811,
        "recall": 0.9127108328986263,
        "support": 11502
    }
}