{
    "Mangroves": {
        "f1-score": 0.8683831760754838,
        "precision": 0.8898721730580138,
        "recall": 0.8479075577763897,
        "support": 3202
    },
    "Mangroves > Not Mangroves": {
        "f1-score": 0.5900178253119429,
        "precision": 0.4910979228486647,
        "recall": 0.7388392857142857,
        "support": 448
    },
    "Not Mangroves": {
        "f1-score": 0.9480645345191266,
        "precision": 0.9597183748845799,
        "recall": 0.9366903233074236,
        "support": 8877
    },
    "Not Mangroves > Mangroves": {
        "f1-score": 0.48979591836734687,
        "precision": 0.39669421487603307,
        "recall": 0.64,
        "support": 225
    },
    "accuracy": 0.902211417816813,
    "accuracy_conf_interval": [
        0.004313729716441137,
        0.005155433075746724,
        0.0061286525849438105,
        0.006786233334401301
    ],
    "cls_confidence_intervals": {
        "Mangroves": [
            0.009294693908936037,
            0.011108292720435753,
            0.013205266346232298,
            0.01462214041771645
        ],
        "Mangroves > Not Mangroves": [
            0.03158021338342675,
            0.037742206238729537,
            0.04486701047767338,
            0.04968106739587868
        ],
        "Not Mangroves": [
            0.0034642563593816787,
            0.004140208819748836,
            0.004921778852048361,
            0.005449866711710202
        ],
        "Not Mangroves > Mangroves": [
            0.04211019126167018,
            0.05032681394687411,
            0.05982728392664117,
            0.06624652039945675
        ]
    },
    "cohen_kappa": 0.7895209528567126,
    "confusion_matrix": [
        [
            2715,
            136,
            256,
            95
        ],
        [
            62,
            331,
            55,
            0
        ],
        [
            232,
            206,
            8315,
            124
        ],
        [
            42,
            1,
            38,
            144
        ]
    ],
    "macro avg": {
        "f1-score": 0.7240653635684751,
        "precision": 0.6843456714168229,
        "recall": 0.7908592916995247,
        "support": 12752
    },
    "producer_accuracy": [
        88.98721730580138,
        49.10979228486647,
        95.971837488458,
        39.66942148760331
    ],
    "user_accuracy": [
        84.79075577763896,
        73.88392857142857,
        93.66903233074237,
        64.0
    ],
    "weighted avg": {
        "f1-score": 0.9073920851703569,
        "precision": 0.915782526644094,
        "recall": 0.902211417816813,
        "support": 12752
    }
}