{
    "Mangroves": {
        "f1-score": 0.851664984863774,
        "precision": 0.8701030927835052,
        "recall": 0.83399209486166,
        "support": 1518
    },
    "Mangroves > Not Mangroves": {
        "f1-score": 0.5684575389948007,
        "precision": 0.478134110787172,
        "recall": 0.7008547008547008,
        "support": 234
    },
    "Not Mangroves": {
        "f1-score": 0.9468267581475128,
        "precision": 0.9552533992583436,
        "recall": 0.9385474860335196,
        "support": 4117
    },
    "Not Mangroves > Mangroves": {
        "f1-score": 0.611111111111111,
        "precision": 0.5605095541401274,
        "recall": 0.6717557251908397,
        "support": 131
    },
    "accuracy": 0.897,
    "accuracy_conf_interval": [
        0.006435511292818931,
        0.007691220813368967,
        0.009143134946504946,
        0.01012415800943466
    ],
    "cls_confidence_intervals": {
        "Mangroves": [
            0.014454301620993927,
            0.01727465315679762,
            0.020535684620070643,
            0.022739084257417278
        ],
        "Mangroves > Not Mangroves": [
            0.0442334799330944,
            0.05286440284686891,
            0.06284390746592071,
            0.06958681599230704
        ],
        "Not Mangroves": [
            0.005331186865688767,
            0.006371418449237795,
            0.007574186217716359,
            0.008386867142364036
        ],
        "Not Mangroves > Mangroves": [
            0.06496212919504038,
            0.07763766659895069,
            0.092293756722222,
            0.10219652031902694
        ]
    },
    "cohen_kappa": 0.7823588079179133,
    "confusion_matrix": [
        [
            1266,
            84,
            131,
            37
        ],
        [
            45,
            164,
            25,
            0
        ],
        [
            126,
            95,
            3864,
            32
        ],
        [
            18,
            0,
            25,
            88
        ]
    ],
    "macro avg": {
        "f1-score": 0.7445150982792996,
        "precision": 0.716000039242287,
        "recall": 0.78628750173518,
        "support": 6000
    },
    "producer_accuracy": [
        87.01030927835052,
        47.8134110787172,
        95.52533992583436,
        56.05095541401274
    ],
    "user_accuracy": [
        83.399209486166,
        70.08547008547008,
        93.85474860335195,
        67.17557251908397
    ],
    "weighted avg": {
        "f1-score": 0.9006646383328096,
        "precision": 0.9064841455180861,
        "recall": 0.897,
        "support": 6000
    }
}