overall accuracy,0.9472
cohen kappa,0.8812638705387598
""
Confidence Interval,90%,95%,98%,99%
Overall Accuracy,0.007335194763222034,0.008766452277997066,0.010421343779455696,0.011539513712873688
""
class,f1-score,precision,recall,support
Mangroves,0.9238451935081149,0.9367088607594937,0.9113300492610837,812
Mangroves > Not Mangroves,0.19999999999999998,0.1111111111111111,1.0,1
Not Mangroves,0.9655172413793104,0.9643705463182898,0.9666666666666667,1680
Not Mangroves > Mangroves,0.25,0.17647058823529413,0.42857142857142855,7
""
macro avg,0.5848406087218563,0.5471652766060471,0.8266420361247947,2500
weighted (pixel) avg,0.9496725050583323,0.9528386071920774,0.9472,2500
""
Confidence Interval,90%,95%,98%,99%
Mangroves,0.014207055372599111,0.016979163737984304,0.020184414035460934,0.022350123695918114
Mangroves > Not Mangroves,0.1718007586882871,0.20532285794453822,0.24408278520957863,0.27027192525352484
Not Mangroves,0.007407972388530278,0.008853430415560576,0.01052474125931436,0.01165400534293178
Not Mangroves > Mangroves,0.15163348314225134,0.18122050424317843,0.21543049739112538,0.23854535762622467
""
Point Count Confusion Matrix
,Mangroves,Mangroves > Not Mangroves,Not Mangroves,Not Mangroves > Mangroves,User Acc
Mangroves,740,6,57,9,91.13300492610837
Mangroves > Not Mangroves,0,1,0,0,100.0
Not Mangroves,49,2,1624,5,96.66666666666667
Not Mangroves > Mangroves,1,0,3,3,42.857142857142854
Producer,93.67088607594937,11.11111111111111,96.43705463182897,17.647058823529413
""
