{
    "Mangroves": {
        "f1-score": 0.8447573175250094,
        "precision": 0.8695652173913043,
        "recall": 0.8213256484149856,
        "support": 1388
    },
    "Mangroves > Not Mangroves": {
        "f1-score": 0.5149501661129567,
        "precision": 0.41005291005291006,
        "recall": 0.6919642857142857,
        "support": 224
    },
    "Not Mangroves": {
        "f1-score": 0.9478969095169029,
        "precision": 0.9582675389127002,
        "recall": 0.937748344370861,
        "support": 4530
    },
    "Not Mangroves > Mangroves": {
        "f1-score": 0.5526315789473685,
        "precision": 0.5080645161290323,
        "recall": 0.6057692307692307,
        "support": 104
    },
    "accuracy": 0.8975344220300993,
    "accuracy_conf_interval": [
        0.006292995365510135,
        0.0075208969002438205,
        0.008940658049779645,
        0.009899956123790335
    ],
    "cls_confidence_intervals": {
        "Mangroves": [
            0.015254230037793812,
            0.018230665167119433,
            0.021672168285402187,
            0.023997508230187828
        ],
        "Mangroves > Not Mangroves": [
            0.041488184322558894,
            0.049583439800131364,
            0.05894357894607453,
            0.06526799728792802
        ],
        "Not Mangroves": [
            0.004925784063682701,
            0.005886912661474448,
            0.006998217602671155,
            0.007749099319695958
        ],
        "Not Mangroves > Mangroves": [
            0.07362859488149574,
            0.08799514998032419,
            0.10460647931334457,
            0.1158303504843043
        ]
    },
    "cohen_kappa": 0.7650470588857627,
    "confusion_matrix": [
        [
            1140,
            94,
            134,
            20
        ],
        [
            34,
            155,
            35,
            0
        ],
        [
            113,
            128,
            4248,
            41
        ],
        [
            24,
            1,
            16,
            63
        ]
    ],
    "macro avg": {
        "f1-score": 0.7150589930255594,
        "precision": 0.6864875456214867,
        "recall": 0.7642018773173407,
        "support": 6246
    },
    "producer_accuracy": [
        86.95652173913044,
        41.00529100529101,
        95.82675389127002,
        50.806451612903224
    ],
    "user_accuracy": [
        82.13256484149855,
        69.19642857142857,
        93.7748344370861,
        60.57692307692307
    ],
    "weighted avg": {
        "f1-score": 0.902868824568702,
        "precision": 0.9113991409770947,
        "recall": 0.8975344220300993,
        "support": 6246
    }
}