{
    "Mangroves": {
        "f1-score": 0.8700344775895668,
        "precision": 0.8820668693009118,
        "recall": 0.8583259390712807,
        "support": 3381
    },
    "Mangroves > Not Mangroves": {
        "f1-score": 0.6043478260869566,
        "precision": 0.5148148148148148,
        "recall": 0.7315789473684211,
        "support": 570
    },
    "Not Mangroves": {
        "f1-score": 0.9467844446838307,
        "precision": 0.9604414818052672,
        "recall": 0.9335103558151885,
        "support": 9415
    },
    "Not Mangroves > Mangroves": {
        "f1-score": 0.546899841017488,
        "precision": 0.46236559139784944,
        "recall": 0.669260700389105,
        "support": 257
    },
    "accuracy": 0.9014167217206196,
    "accuracy_conf_interval": [
        0.004188629073420897,
        0.00500592255116156,
        0.005950918134799202,
        0.006589428664284095
    ],
    "cls_confidence_intervals": {
        "Mangroves": [
            0.0092217759812358,
            0.011021146904403763,
            0.01310166953431672,
            0.01450742806804169
        ],
        "Mangroves > Not Mangroves": [
            0.02879921316625526,
            0.03441857183284165,
            0.04091595529108217,
            0.045306079249352794
        ],
        "Not Mangroves": [
            0.003341681331990183,
            0.003993716713841926,
            0.004747632624108005,
            0.005257035266179679
        ],
        "Not Mangroves > Mangroves": [
            0.04239441623899947,
            0.05066649745636522,
            0.060231091363944375,
            0.06669365481501137
        ]
    },
    "cohen_kappa": 0.7914989594714085,
    "confusion_matrix": [
        [
            2902,
            134,
            265,
            80
        ],
        [
            95,
            417,
            58,
            0
        ],
        [
            249,
            257,
            8789,
            120
        ],
        [
            44,
            2,
            39,
            172
        ]
    ],
    "macro avg": {
        "f1-score": 0.7420166473444605,
        "precision": 0.7049221893297108,
        "recall": 0.7981689856609988,
        "support": 13623
    },
    "producer_accuracy": [
        88.20668693009118,
        51.48148148148148,
        96.04414818052672,
        46.236559139784944
    ],
    "user_accuracy": [
        85.83259390712807,
        73.15789473684211,
        93.35103558151884,
        66.9260700389105
    ],
    "weighted avg": {
        "f1-score": 0.9058646139205498,
        "precision": 0.9129484722701802,
        "recall": 0.9014167217206196,
        "support": 13623
    }
}