{
    "Mangroves": {
        "f1-score": 0.8729841806174167,
        "precision": 0.8939918213274615,
        "recall": 0.8529411764705882,
        "support": 3332
    },
    "Mangroves > Not Mangroves": {
        "f1-score": 0.588967971530249,
        "precision": 0.49037037037037035,
        "recall": 0.7371937639198218,
        "support": 449
    },
    "Not Mangroves": {
        "f1-score": 0.9499480334773809,
        "precision": 0.9610403984504704,
        "recall": 0.9391088038070518,
        "support": 9246
    },
    "Not Mangroves > Mangroves": {
        "f1-score": 0.48979591836734687,
        "precision": 0.39669421487603307,
        "recall": 0.64,
        "support": 225
    },
    "accuracy": 0.9055236945366737,
    "accuracy_conf_interval": [
        0.004166913591747639,
        0.0049799699023325445,
        0.005920066261446341,
        0.006555266504090798
    ],
    "cls_confidence_intervals": {
        "Mangroves": [
            0.008954370158292342,
            0.010701564335520117,
            0.012721757602939733,
            0.014086753053898931
        ],
        "Mangroves > Not Mangroves": [
            0.03155596073337379,
            0.037713221364275996,
            0.04483255396875667,
            0.04964291383664902
        ],
        "Not Mangroves": [
            0.003338549693249047,
            0.003989974023639105,
            0.00474318340565261,
            0.005252108663769843
        ],
        "Not Mangroves > Mangroves": [
            0.04211019126167018,
            0.05032681394687411,
            0.05982728392664117,
            0.06624652039945675
        ]
    },
    "cohen_kappa": 0.7954209923374782,
    "confusion_matrix": [
        [
            2842,
            136,
            259,
            95
        ],
        [
            63,
            331,
            55,
            0
        ],
        [
            232,
            207,
            8683,
            124
        ],
        [
            42,
            1,
            38,
            144
        ]
    ],
    "macro avg": {
        "f1-score": 0.7254240259980984,
        "precision": 0.6855242012560838,
        "recall": 0.7923109360493654,
        "support": 13252
    },
    "producer_accuracy": [
        89.39918213274615,
        49.03703703703704,
        96.10403984504704,
        39.66942148760331
    ],
    "user_accuracy": [
        85.29411764705883,
        73.71937639198218,
        93.91088038070518,
        64.0
    ],
    "weighted avg": {
        "f1-score": 0.91055338878651,
        "precision": 0.91865324233169,
        "recall": 0.9055236945366737,
        "support": 13252
    }
}