{
    "Mangroves": {
        "f1-score": 0.8572978838849701,
        "precision": 0.8629164391043146,
        "recall": 0.8517520215633423,
        "support": 1855
    },
    "Mangroves > Not Mangroves": {
        "f1-score": 0.6371951219512195,
        "precision": 0.5694822888283378,
        "recall": 0.7231833910034602,
        "support": 289
    },
    "Not Mangroves": {
        "f1-score": 0.9565415937285943,
        "precision": 0.9682588597842835,
        "recall": 0.9451045269965408,
        "support": 6649
    },
    "Not Mangroves > Mangroves": {
        "f1-score": 0.3478260869565218,
        "precision": 0.24581005586592178,
        "recall": 0.5945945945945946,
        "support": 74
    },
    "accuracy": 0.9154167136573813,
    "accuracy_conf_interval": [
        0.004846265354839197,
        0.005791878107002943,
        0.006885242851692275,
        0.007624002814320201
    ],
    "cls_confidence_intervals": {
        "Mangroves": [
            0.013181861243733745,
            0.01575393173031594,
            0.018727888230426603,
            0.020737318298068942
        ],
        "Mangroves > Not Mangroves": [
            0.042388342832126134,
            0.050659238994492206,
            0.06022246268222799,
            0.06668410030907648
        ],
        "Not Mangroves": [
            0.0035688516963041563,
            0.004265213002900089,
            0.005070380763651638,
            0.00561441303442971
        ],
        "Not Mangroves > Mangroves": [
            0.05277855844800604,
            0.06307681375493404,
            0.07498417145356956,
            0.08302968341210706
        ]
    },
    "cohen_kappa": 0.791892661957359,
    "confusion_matrix": [
        [
            1580,
            45,
            169,
            61
        ],
        [
            56,
            209,
            24,
            0
        ],
        [
            178,
            113,
            6284,
            74
        ],
        [
            17,
            0,
            13,
            44
        ]
    ],
    "macro avg": {
        "f1-score": 0.6997151716303265,
        "precision": 0.6616169108957144,
        "recall": 0.7786586335394845,
        "support": 8867
    },
    "producer_accuracy": [
        86.29164391043146,
        56.94822888283378,
        96.82588597842835,
        24.581005586592177
    ],
    "user_accuracy": [
        85.17520215633422,
        72.31833910034602,
        94.51045269965408,
        59.45945945945946
    ],
    "weighted avg": {
        "f1-score": 0.9202910964234496,
        "precision": 0.9271944827844448,
        "recall": 0.9154167136573813,
        "support": 8867
    }
}