{
    "Mangroves": {
        "f1-score": 0.8607461902259591,
        "precision": 0.8825431034482759,
        "recall": 0.84,
        "support": 1950
    },
    "Mangroves > Not Mangroves": {
        "f1-score": 0.5478841870824053,
        "precision": 0.45387453874538747,
        "recall": 0.6910112359550562,
        "support": 178
    },
    "Not Mangroves": {
        "f1-score": 0.9524277409317938,
        "precision": 0.9630733565159795,
        "recall": 0.9420149011985747,
        "support": 6174
    },
    "Not Mangroves > Mangroves": {
        "f1-score": 0.3381294964028777,
        "precision": 0.22705314009661837,
        "recall": 0.6619718309859155,
        "support": 71
    },
    "accuracy": 0.910545801982563,
    "accuracy_conf_interval": [
        0.0051151051272898575,
        0.006113174420419586,
        0.007267192040600835,
        0.008046933675858434
    ],
    "cls_confidence_intervals": {
        "Mangroves": [
            0.012256376282157134,
            0.014647864337212185,
            0.017413022400869588,
            0.019281372443881346
        ],
        "Mangroves > Not Mangroves": [
            0.049599046217839914,
            0.0592769088944916,
            0.07046693761437013,
            0.07802776783050426
        ],
        "Not Mangroves": [
            0.003979797126249945,
            0.004756342906981641,
            0.005654223965952666,
            0.006260900357149304
        ],
        "Not Mangroves > Mangroves": [
            0.04775262500737346,
            0.05707021037466585,
            0.06784366845559767,
            0.07512303202379485
        ]
    },
    "cohen_kappa": 0.7847861278135009,
    "confusion_matrix": [
        [
            1638,
            51,
            189,
            72
        ],
        [
            37,
            123,
            18,
            0
        ],
        [
            173,
            97,
            5816,
            88
        ],
        [
            8,
            0,
            16,
            47
        ]
    ],
    "macro avg": {
        "f1-score": 0.674796903660759,
        "precision": 0.6316360347015653,
        "recall": 0.7837494920348866,
        "support": 8373
    },
    "producer_accuracy": [
        88.25431034482759,
        45.38745387453875,
        96.30733565159795,
        22.705314009661837
    ],
    "user_accuracy": [
        84.0,
        69.10112359550563,
        94.20149011985747,
        66.19718309859155
    ],
    "weighted avg": {
        "f1-score": 0.9172667530155009,
        "precision": 0.9272524060309726,
        "recall": 0.910545801982563,
        "support": 8373
    }
}