{
    "Mangroves": {
        "f1-score": 0.8583260680034874,
        "precision": 0.8658751099384345,
        "recall": 0.8509075194468453,
        "support": 2314
    },
    "Mangroves > Not Mangroves": {
        "f1-score": 0.6026731470230864,
        "precision": 0.5299145299145299,
        "recall": 0.6985915492957746,
        "support": 355
    },
    "Not Mangroves": {
        "f1-score": 0.9528748298437804,
        "precision": 0.9658344283837057,
        "recall": 0.9402584111551746,
        "support": 7817
    },
    "Not Mangroves > Mangroves": {
        "f1-score": 0.43,
        "precision": 0.32209737827715357,
        "recall": 0.6466165413533834,
        "support": 133
    },
    "accuracy": 0.9090309822017139,
    "accuracy_conf_interval": [
        0.004576549174300617,
        0.005469534379042202,
        0.006502048522024659,
        0.007199693213229021
    ],
    "cls_confidence_intervals": {
        "Mangroves": [
            0.011720089691474743,
            0.014006936460542987,
            0.016651103037278143,
            0.018437702075612707
        ],
        "Mangroves > Not Mangroves": [
            0.03783661267761499,
            0.04521936637080816,
            0.05375567532856276,
            0.05952345165136993
        ],
        "Not Mangroves": [
            0.0034150510994476815,
            0.004081402533486254,
            0.004851871379093353,
            0.0053724584369359875
        ],
        "Not Mangroves > Mangroves": [
            0.046899203716296564,
            0.05605026785606175,
            0.06663118576766525,
            0.0737804546268568
        ]
    },
    "cohen_kappa": 0.7854527799069457,
    "confusion_matrix": [
        [
            1969,
            69,
            201,
            75
        ],
        [
            63,
            248,
            44,
            0
        ],
        [
            211,
            150,
            7350,
            106
        ],
        [
            31,
            1,
            15,
            86
        ]
    ],
    "macro avg": {
        "f1-score": 0.7109685112175886,
        "precision": 0.670930361628456,
        "recall": 0.7840935053127944,
        "support": 10619
    },
    "producer_accuracy": [
        86.58751099384345,
        52.991452991452995,
        96.58344283837057,
        32.20973782771536
    ],
    "user_accuracy": [
        85.09075194468453,
        69.85915492957746,
        94.02584111551747,
        64.66165413533834
    ],
    "weighted avg": {
        "f1-score": 0.9140152588230621,
        "precision": 0.9214164554575274,
        "recall": 0.9090309822017139,
        "support": 10619
    }
}