overall accuracy,0.8998
cohen kappa,0.7904937347590464
""
Confidence Interval,90%,95%,98%,99%
Overall Accuracy,0.006964111262982519,0.00832296224112545,0.009894133684603214,0.010955736011277379
""
class,f1-score,precision,recall,support
Mangroves,0.8747063429913862,0.880220646178093,0.8692607003891051,1285
Mangroves > Not Mangroves,0.5728900255754475,0.5022421524663677,0.6666666666666666,168
Not Mangroves,0.9477744807121662,0.9667070217917676,0.929569266589057,3436
Not Mangroves > Mangroves,0.4825396825396825,0.37254901960784315,0.6846846846846847,111
""
macro avg,0.7194776329546706,0.6804297100110178,0.7875453295823783,5000
weighted (pixel) avg,0.9060716391059028,0.9156836960012366,0.8998,5000
""
Confidence Interval,90%,95%,98%,99%
Mangroves,0.014948575024463059,0.01786537015118756,0.02123791451646276,0.023516660709216278
Mangroves > Not Mangroves,0.05491070936715928,0.06562499412172694,0.0780133858691958,0.08638392083370179
Not Mangroves,0.005118557525931363,0.006117300457820409,0.00727209697281712,0.008052364888355437
Not Mangroves > Mangroves,0.055515004310665785,0.06634720027372253,0.07887192685600689,0.08733457995214496
""
Point Count Confusion Matrix
,Mangroves,Mangroves > Not Mangroves,Not Mangroves,Not Mangroves > Mangroves,User Acc
Mangroves,1117,27,84,57,86.92607003891051
Mangroves > Not Mangroves,38,112,18,0,66.66666666666666
Not Mangroves,88,83,3194,71,92.9569266589057
Not Mangroves > Mangroves,26,1,8,76,68.46846846846847
Producer,88.0220646178093,50.224215246636774,96.67070217917676,37.254901960784316
""
