{
    "Mangroves": {
        "f1-score": 0.9417989417989419,
        "precision": 0.9319371727748691,
        "recall": 0.9518716577540107,
        "support": 187
    },
    "Mangroves > Not Mangroves": {
        "f1-score": 0.0,
        "precision": 0.0,
        "recall": 0.0,
        "support": 1
    },
    "Not Mangroves": {
        "f1-score": 0.9900896649362907,
        "precision": 0.9924314096499527,
        "recall": 0.987758945386064,
        "support": 1062
    },
    "accuracy": 0.9816,
    "accuracy_conf_interval": [
        0.0062339745924410005,
        0.007450359878770952,
        0.00885680536608996,
        0.009807106371035233
    ],
    "cls_confidence_intervals": {
        "Mangroves": [
            0.029886528667272257,
            0.03571804645600831,
            0.042460738899234365,
            0.04701661217168441
        ],
        "Mangroves > Not Mangroves": [
            0.0,
            0.0,
            0.0,
            0.0
        ],
        "Not Mangroves": [
            0.004371838443317761,
            0.0052248800907943975,
            0.006211209495689259,
            0.006877648282780382
        ]
    },
    "cohen_kappa": 0.9288801153750059,
    "confusion_matrix": [
        [
            178,
            1,
            8
        ],
        [
            1,
            0,
            0
        ],
        [
            12,
            1,
            1049
        ]
    ],
    "macro avg": {
        "f1-score": 0.6439628689117441,
        "precision": 0.6414561941416073,
        "recall": 0.6465435343800249,
        "support": 1250
    },
    "producer_accuracy": [
        93.19371727748691,
        0.0,
        99.24314096499526
    ],
    "user_accuracy": [
        95.18716577540107,
        0.0,
        98.7758945386064
    ],
    "weighted avg": {
        "f1-score": 0.9820733010229942,
        "precision": 0.9825875266857201,
        "recall": 0.9816,
        "support": 1250
    }
}