{
    "Mangroves": {
        "f1-score": 0.8519283746556475,
        "precision": 0.8614206128133705,
        "recall": 0.8426430517711172,
        "support": 1468
    },
    "Mangroves > Not Mangroves": {
        "f1-score": 0.6130841121495327,
        "precision": 0.5377049180327869,
        "recall": 0.7130434782608696,
        "support": 230
    },
    "Not Mangroves": {
        "f1-score": 0.9528541011862516,
        "precision": 0.9672704816797035,
        "recall": 0.9388611388611389,
        "support": 5005
    },
    "Not Mangroves > Mangroves": {
        "f1-score": 0.20879120879120877,
        "precision": 0.13286713286713286,
        "recall": 0.48717948717948717,
        "support": 39
    },
    "accuracy": 0.9075941857015722,
    "accuracy_conf_interval": [
        0.005784222303033026,
        0.006912851045088251,
        0.008217828028089605,
        0.00909956923282025
    ],
    "cls_confidence_intervals": {
        "Mangroves": [
            0.014952836211159594,
            0.01787046278894683,
            0.021243968519513327,
            0.023523364283409606
        ],
        "Mangroves > Not Mangroves": [
            0.046819370413143484,
            0.055954857323025145,
            0.06651776406257581,
            0.07365486321092085
        ],
        "Not Mangroves": [
            0.004186574915886703,
            0.005003467582401181,
            0.005947999728058548,
            0.006586197123772984
        ],
        "Not Mangroves > Mangroves": [
            0.046550830649849245,
            0.05563391955713691,
            0.06613624110618826,
            0.07323240431500674
        ]
    },
    "cohen_kappa": 0.7784260690753076,
    "confusion_matrix": [
        [
            1237,
            39,
            137,
            55
        ],
        [
            47,
            164,
            19,
            0
        ],
        [
            135,
            102,
            4699,
            69
        ],
        [
            17,
            0,
            3,
            19
        ]
    ],
    "macro avg": {
        "f1-score": 0.6566644491956602,
        "precision": 0.6248157863482485,
        "recall": 0.7454317890181532,
        "support": 6742
    },
    "producer_accuracy": [
        86.14206128133705,
        53.77049180327869,
        96.72704816797035,
        13.286713286713287
    ],
    "user_accuracy": [
        84.26430517711172,
        71.30434782608695,
        93.88611388611389,
        48.717948717948715
    ],
    "weighted avg": {
        "f1-score": 0.9149833630034009,
        "precision": 0.9247416448748595,
        "recall": 0.9075941857015722,
        "support": 6742
    }
}