{
    "Mangroves": {
        "f1-score": 0.9056603773584906,
        "precision": 0.9230769230769231,
        "recall": 0.8888888888888888,
        "support": 864
    },
    "Mangroves > Not Mangroves": {
        "f1-score": 0.0,
        "precision": 0.0,
        "recall": 0.0,
        "support": 1
    },
    "Not Mangroves": {
        "f1-score": 0.9635761589403975,
        "precision": 0.9690770694576594,
        "recall": 0.958137347130762,
        "support": 2126
    },
    "Not Mangroves > Mangroves": {
        "f1-score": 0.39999999999999997,
        "precision": 0.2692307692307692,
        "recall": 0.7777777777777778,
        "support": 9
    },
    "accuracy": 0.9373333333333334,
    "accuracy_conf_interval": [
        0.007256856725934495,
        0.008672828770019275,
        0.010310046445992302,
        0.011416274605433535
    ],
    "cls_confidence_intervals": {
        "Mangroves": [
            0.015150586860019787,
            0.01810679893026755,
            0.02152491913649153,
            0.023834459816372593
        ],
        "Mangroves > Not Mangroves": [
            0.0,
            0.0,
            0.0,
            0.0
        ],
        "Not Mangroves": [
            0.006192228491719711,
            0.007400468197421119,
            0.008797495357138372,
            0.009741432627217595
        ],
        "Not Mangroves > Mangroves": [
            0.14266243965622613,
            0.1704990132476849,
            0.2026850514628091,
            0.22443237458113627
        ]
    },
    "cohen_kappa": 0.85204717911158,
    "confusion_matrix": [
        [
            768,
            23,
            64,
            9
        ],
        [
            1,
            0,
            0,
            0
        ],
        [
            62,
            17,
            2037,
            10
        ],
        [
            1,
            0,
            1,
            7
        ]
    ],
    "macro avg": {
        "f1-score": 0.567309134074722,
        "precision": 0.5403461904413379,
        "recall": 0.6562010034493572,
        "support": 3000
    },
    "producer_accuracy": [
        92.3076923076923,
        0.0,
        96.90770694576594,
        26.923076923076923
    ],
    "user_accuracy": [
        88.88888888888889,
        0.0,
        95.8137347130762,
        77.77777777777779
    ],
    "weighted avg": {
        "f1-score": 0.944884493315007,
        "precision": 0.9534064627095075,
        "recall": 0.9373333333333334,
        "support": 3000
    }
}