{
    "Mangroves": {
        "f1-score": 0.8841163310961969,
        "precision": 0.9006381039197813,
        "recall": 0.8681898066783831,
        "support": 1138
    },
    "Mangroves > Not Mangroves": {
        "f1-score": 0.23684210526315788,
        "precision": 0.140625,
        "recall": 0.75,
        "support": 12
    },
    "Not Mangroves": {
        "f1-score": 0.9677657480314962,
        "precision": 0.9727924808310661,
        "recall": 0.9627906976744186,
        "support": 4085
    },
    "Not Mangroves > Mangroves": {
        "f1-score": 0.22950819672131148,
        "precision": 0.15217391304347827,
        "recall": 0.4666666666666667,
        "support": 15
    },
    "accuracy": 0.9403809523809524,
    "accuracy_conf_interval": [
        0.005359306872234769,
        0.006405025286329359,
        0.007614137202626228,
        0.008431104713637626
    ],
    "cls_confidence_intervals": {
        "Mangroves": [
            0.014812406703741147,
            0.017702632402032105,
            0.021044455865681023,
            0.023302444692470833
        ],
        "Mangroves > Not Mangroves": [
            0.07126503233693489,
            0.08517040450023926,
            0.10124849106405993,
            0.11211206306664147
        ],
        "Not Mangroves": [
            0.004196106978111581,
            0.005014859559206524,
            0.005961542231097552,
            0.006601192685077976
        ],
        "Not Mangroves > Mangroves": [
            0.0868537199511427,
            0.10380078725868275,
            0.12339583383302592,
            0.13663573016704159
        ]
    },
    "cohen_kappa": 0.8322700997989079,
    "confusion_matrix": [
        [
            988,
            24,
            105,
            21
        ],
        [
            3,
            9,
            0,
            0
        ],
        [
            103,
            31,
            3933,
            18
        ],
        [
            3,
            0,
            5,
            7
        ]
    ],
    "macro avg": {
        "f1-score": 0.5795580952780406,
        "precision": 0.5415573744485813,
        "recall": 0.7619117927548671,
        "support": 5250
    },
    "producer_accuracy": [
        90.06381039197812,
        14.0625,
        97.27924808310661,
        15.217391304347828
    ],
    "user_accuracy": [
        86.8189806678383,
        75.0,
        96.27906976744185,
        46.666666666666664
    ],
    "weighted avg": {
        "f1-score": 0.9458537511828785,
        "precision": 0.9529054390764321,
        "recall": 0.9403809523809524,
        "support": 5250
    }
}