{
    "Mangroves": {
        "f1-score": 0.8568507157464212,
        "precision": 0.918859649122807,
        "recall": 0.8026819923371648,
        "support": 522
    },
    "Mangroves > Not Mangroves": {
        "f1-score": 0.6554621848739496,
        "precision": 0.5306122448979592,
        "recall": 0.8571428571428571,
        "support": 91
    },
    "Not Mangroves": {
        "f1-score": 0.960018070928394,
        "precision": 0.9779107225034515,
        "recall": 0.9427684117125111,
        "support": 2254
    },
    "Not Mangroves > Mangroves": {
        "f1-score": 0.11214953271028039,
        "precision": 0.06060606060606061,
        "recall": 0.75,
        "support": 8
    },
    "accuracy": 0.9140869565217391,
    "accuracy_conf_interval": [
        0.008571330308453418,
        0.010243785002785792,
        0.0121775607431076,
        0.013484165973054768
    ],
    "cls_confidence_intervals": {
        "Mangroves": [
            0.020970291021918278,
            0.02506205512375599,
            0.02979315736650585,
            0.032989848071066565
        ],
        "Mangroves > Not Mangroves": [
            0.06750558304889735,
            0.08067740413160904,
            0.09590732225849441,
            0.10619780747936292
        ],
        "Not Mangroves": [
            0.00517075957039235,
            0.006179688267054273,
            0.0073462620725696206,
            0.008134487616836748
        ],
        "Not Mangroves > Mangroves": [
            0.03932857000148572,
            0.04700243731884879,
            0.05587534640454984,
            0.06187055524623974
        ]
    },
    "cohen_kappa": 0.772065767030591,
    "confusion_matrix": [
        [
            419,
            22,
            39,
            42
        ],
        [
            6,
            78,
            7,
            0
        ],
        [
            31,
            47,
            2125,
            51
        ],
        [
            0,
            0,
            2,
            6
        ]
    ],
    "macro avg": {
        "f1-score": 0.6461201260647613,
        "precision": 0.6219971692825695,
        "recall": 0.8381483152981333,
        "support": 2875
    },
    "producer_accuracy": [
        91.8859649122807,
        53.06122448979592,
        97.79107225034515,
        6.0606060606060606
    ],
    "user_accuracy": [
        80.26819923371647,
        85.71428571428571,
        94.2768411712511,
        75.0
    ],
    "weighted avg": {
        "f1-score": 0.9292873254182412,
        "precision": 0.9504786323949383,
        "recall": 0.9140869565217391,
        "support": 2875
    }
}