{
    "Mangroves": {
        "f1-score": 0.8894042097752408,
        "precision": 0.895795903701042,
        "recall": 0.8831030818278427,
        "support": 2823
    },
    "Mangroves > Not Mangroves": {
        "f1-score": 0.6682080924855491,
        "precision": 0.6109936575052854,
        "recall": 0.7372448979591837,
        "support": 392
    },
    "Not Mangroves": {
        "f1-score": 0.9562370127825703,
        "precision": 0.9651709673318927,
        "recall": 0.947466932867482,
        "support": 8014
    },
    "Not Mangroves > Mangroves": {
        "f1-score": 0.5886075949367089,
        "precision": 0.5040650406504065,
        "recall": 0.7072243346007605,
        "support": 263
    },
    "accuracy": 0.9189871214758093,
    "accuracy_conf_interval": [
        0.00417424354133121,
        0.0049887300859812024,
        0.0059304801532327565,
        0.006566797766240563
    ],
    "cls_confidence_intervals": {
        "Mangroves": [
            0.009498043991556475,
            0.011351320867957738,
            0.013494172256296701,
            0.014942044815985189
        ],
        "Mangroves > Not Mangroves": [
            0.036762917516323684,
            0.04393616971463075,
            0.05223024256892329,
            0.05783434584885068
        ],
        "Not Mangroves": [
            0.0033900968392169004,
            0.004051579149308003,
            0.004816418070350841,
            0.005333201125109515
        ],
        "Not Mangroves > Mangroves": [
            0.042686084109148745,
            0.05101507613044606,
            0.060645473155071086,
            0.06715249817170962
        ]
    },
    "cohen_kappa": 0.8242630293489991,
    "confusion_matrix": [
        [
            2493,
            56,
            196,
            78
        ],
        [
            66,
            289,
            37,
            0
        ],
        [
            189,
            127,
            7593,
            105
        ],
        [
            35,
            1,
            41,
            186
        ]
    ],
    "macro avg": {
        "f1-score": 0.7756142274950173,
        "precision": 0.7440063922971567,
        "recall": 0.8187598118138172,
        "support": 11492
    },
    "producer_accuracy": [
        89.5795903701042,
        61.09936575052855,
        96.51709673318926,
        50.40650406504065
    ],
    "user_accuracy": [
        88.31030818278427,
        73.72448979591837,
        94.7466932867482,
        70.72243346007605
    ],
    "weighted avg": {
        "f1-score": 0.9215813500137237,
        "precision": 0.9254951781916949,
        "recall": 0.9189871214758093,
        "support": 11492
    }
}