overall accuracy,0.875
cohen kappa,0.7751782402542363
""
Confidence Interval,90%,95%,98%,99%
Overall Accuracy,0.015353082668829001,0.01834880611640539,0.021812611352665594,0.02415302029608465
""
class,f1-score,precision,recall,support
Mangroves,0.881199538638985,0.8904428904428905,0.8721461187214612,438
Mangroves > Not Mangroves,0.6521739130434783,0.6521739130434783,0.6521739130434783,92
Not Mangroves,0.914001421464108,0.9198855507868383,0.9081920903954802,708
Not Mangroves > Mangroves,0.3684210526315789,0.25,0.7,10
""
macro avg,0.7039489814445375,0.6781255885683017,0.7831280305401049,1248
weighted (pixel) avg,0.8788161977938941,0.8844494839511758,0.875,1248
""
Confidence Interval,90%,95%,98%,99%
Mangroves,0.024730820210047924,0.029556346104691423,0.03513586042037297,0.0389058025255632
Mangroves > Not Mangroves,0.08143530389400552,0.09732511928795783,0.11569771833721518,0.1281116366137404
Not Mangroves,0.01683943765678255,0.020125181589813294,0.02392432301238009,0.02649131046006036
Not Mangroves > Mangroves,0.13420400249513528,0.16039014932345438,0.19066788159369832,0.21112580880332263
""
Point Count Confusion Matrix
,Mangroves,Mangroves > Not Mangroves,Not Mangroves,Not Mangroves > Mangroves,User Acc
Mangroves,382,4,40,12,87.21461187214612
Mangroves > Not Mangroves,17,60,15,0,65.21739130434783
Not Mangroves,28,28,643,9,90.81920903954803
Not Mangroves > Mangroves,2,0,1,7,70.0
Producer,89.04428904428904,65.21739130434783,91.98855507868383,25.0
""
