{
    "Mangroves": {
        "f1-score": 0.8484848484848485,
        "precision": 0.8532338308457711,
        "recall": 0.8437884378843789,
        "support": 1626
    },
    "Mangroves > Not Mangroves": {
        "f1-score": 0.6411042944785276,
        "precision": 0.5710382513661202,
        "recall": 0.7307692307692307,
        "support": 286
    },
    "Not Mangroves": {
        "f1-score": 0.9534803583735356,
        "precision": 0.9669753625720776,
        "recall": 0.94035683942226,
        "support": 5885
    },
    "Not Mangroves > Mangroves": {
        "f1-score": 0.3333333333333333,
        "precision": 0.23529411764705882,
        "recall": 0.5714285714285714,
        "support": 70
    },
    "accuracy": 0.9094953603660861,
    "accuracy_conf_interval": [
        0.0053048723577168045,
        0.006339969403124962,
        0.0075368003618781435,
        0.008345469928603267
    ],
    "cls_confidence_intervals": {
        "Mangroves": [
            0.014472642640137156,
            0.01729657291138343,
            0.020561742287511935,
            0.022767937811923086
        ],
        "Mangroves > Not Mangroves": [
            0.04242727990661935,
            0.05070577354693532,
            0.06027778181855066,
            0.06674535497504751
        ],
        "Not Mangroves": [
            0.00387399190305033,
            0.004629892762182102,
            0.005503903130553213,
            0.00609445067674991
        ],
        "Not Mangroves > Mangroves": [
            0.05335463310342083,
            0.06376529322116149,
            0.07580261898229912,
            0.083935947199284
        ]
    },
    "cohen_kappa": 0.7801569549407052,
    "confusion_matrix": [
        [
            1372,
            44,
            152,
            58
        ],
        [
            53,
            209,
            24,
            0
        ],
        [
            166,
            113,
            5534,
            72
        ],
        [
            17,
            0,
            13,
            40
        ]
    ],
    "macro avg": {
        "f1-score": 0.6941007086675614,
        "precision": 0.6566353906077569,
        "recall": 0.7715857698761102,
        "support": 7867
    },
    "producer_accuracy": [
        85.3233830845771,
        57.103825136612016,
        96.69753625720776,
        23.52941176470588
    ],
    "user_accuracy": [
        84.37884378843789,
        73.07692307692307,
        94.035683942226,
        57.14285714285714
    ],
    "weighted avg": {
        "f1-score": 0.9149049744780492,
        "precision": 0.9225620625165761,
        "recall": 0.9094953603660861,
        "support": 7867
    }
}