{
    "Mangroves": {
        "f1-score": 0.8330811901159859,
        "precision": 0.8667366211962224,
        "recall": 0.8019417475728156,
        "support": 1030
    },
    "Mangroves > Not Mangroves": {
        "f1-score": 0.4612159329140461,
        "precision": 0.3583061889250814,
        "recall": 0.6470588235294118,
        "support": 170
    },
    "Not Mangroves": {
        "f1-score": 0.9438623924941361,
        "precision": 0.9562737642585551,
        "recall": 0.9317690645260883,
        "support": 3239
    },
    "Not Mangroves > Mangroves": {
        "f1-score": 0.4671532846715329,
        "precision": 0.4,
        "recall": 0.5614035087719298,
        "support": 57
    },
    "accuracy": 0.8865658362989324,
    "accuracy_conf_interval": [
        0.0077563630616072615,
        0.00926979975655502,
        0.011019710935088366,
        0.012202083353016303
    ],
    "cls_confidence_intervals": {
        "Mangroves": [
            0.01805495379004347,
            0.02157787160273488,
            0.02565124532365932,
            0.028403524864824486
        ],
        "Mangroves > Not Mangroves": [
            0.044881332304485815,
            0.05363866543706842,
            0.06376433187161705,
            0.07060599838144721
        ],
        "Not Mangroves": [
            0.005969493960712377,
            0.0071342732701196706,
            0.008481049346621854,
            0.009391033182096302
        ],
        "Not Mangroves > Mangroves": [
            0.08982649943084724,
            0.10735362127101256,
            0.1276193558987037,
            0.14131241983633286
        ]
    },
    "cohen_kappa": 0.7439004122683337,
    "confusion_matrix": [
        [
            826,
            91,
            97,
            16
        ],
        [
            32,
            110,
            28,
            0
        ],
        [
            83,
            106,
            3018,
            32
        ],
        [
            12,
            0,
            13,
            32
        ]
    ],
    "macro avg": {
        "f1-score": 0.6763282000489251,
        "precision": 0.6453291435949647,
        "recall": 0.7355432861000614,
        "support": 4496
    },
    "producer_accuracy": [
        86.67366211962224,
        35.83061889250814,
        95.62737642585552,
        40.0
    ],
    "user_accuracy": [
        80.19417475728156,
        64.70588235294117,
        93.17690645260883,
        56.14035087719298
    ],
    "weighted avg": {
        "f1-score": 0.8941900268971614,
        "precision": 0.906099086828922,
        "recall": 0.8865658362989324,
        "support": 4496
    }
}