{
    "Mangroves": {
        "f1-score": 0.8938292125493456,
        "precision": 0.9075949367088607,
        "recall": 0.8804748260335653,
        "support": 2443
    },
    "Mangroves > Not Mangroves": {
        "f1-score": 0.5087719298245613,
        "precision": 0.41134751773049644,
        "recall": 0.6666666666666666,
        "support": 87
    },
    "Not Mangroves": {
        "f1-score": 0.9682908912830559,
        "precision": 0.971025168815224,
        "recall": 0.9655719692345257,
        "support": 8191
    },
    "Not Mangroves > Mangroves": {
        "f1-score": 0.22764227642276424,
        "precision": 0.14893617021276595,
        "recall": 0.4827586206896552,
        "support": 29
    },
    "accuracy": 0.9425116279069767,
    "accuracy_conf_interval": [
        0.0036819084002081876,
        0.004400329551468322,
        0.005231004007612852,
        0.005792270532034832
    ],
    "cls_confidence_intervals": {
        "Mangroves": [
            0.009755815796877846,
            0.011659389610902791,
            0.013860396833369135,
            0.015347563875576124
        ],
        "Mangroves > Not Mangroves": [
            0.06796232410991083,
            0.08122326539964952,
            0.09655622876590991,
            0.10691633914851827
        ],
        "Not Mangroves": [
            0.003048063457619169,
            0.0036428075469107143,
            0.004330480400154064,
            0.004795124219913083
        ],
        "Not Mangroves > Mangroves": [
            0.060222818753651645,
            0.07197361265680319,
            0.08556046810732217,
            0.09474077584415931
        ]
    },
    "cohen_kappa": 0.8456504082928306,
    "confusion_matrix": [
        [
            2151,
            36,
            218,
            38
        ],
        [
            20,
            58,
            9,
            0
        ],
        [
            193,
            47,
            7909,
            42
        ],
        [
            6,
            0,
            9,
            14
        ]
    ],
    "macro avg": {
        "f1-score": 0.6496335775199318,
        "precision": 0.6097259483668368,
        "recall": 0.7488680206561033,
        "support": 10750
    },
    "producer_accuracy": [
        90.75949367088607,
        41.13475177304964,
        97.1025168815224,
        14.893617021276595
    ],
    "user_accuracy": [
        88.04748260335653,
        66.66666666666666,
        96.55719692345257,
        48.275862068965516
    ],
    "weighted avg": {
        "f1-score": 0.9456521154110287,
        "precision": 0.9498630670812996,
        "recall": 0.9425116279069767,
        "support": 10750
    }
}