{
    "Mangroves": {
        "f1-score": 0.8877867327960323,
        "precision": 0.8763769889840881,
        "recall": 0.8994974874371859,
        "support": 796
    },
    "Mangroves > Not Mangroves": {
        "f1-score": 0.524390243902439,
        "precision": 0.5308641975308642,
        "recall": 0.5180722891566265,
        "support": 83
    },
    "Not Mangroves": {
        "f1-score": 0.9438920454545454,
        "precision": 0.9486081370449678,
        "recall": 0.9392226148409893,
        "support": 1415
    },
    "Not Mangroves > Mangroves": {
        "f1-score": 0.6242038216560509,
        "precision": 0.6447368421052632,
        "recall": 0.6049382716049383,
        "support": 81
    },
    "accuracy": 0.8997894736842105,
    "accuracy_conf_interval": [
        0.010105066286540258,
        0.012076786537572505,
        0.014356588077828539,
        0.01589699452394748
    ],
    "cls_confidence_intervals": {
        "Mangroves": [
            0.01888547712166726,
            0.022570448267358437,
            0.026831196154563856,
            0.029710079862135086
        ],
        "Mangroves > Not Mangroves": [
            0.09093736078877555,
            0.1086812360646342,
            0.12919759185234575,
            0.14305999441161033
        ],
        "Not Mangroves": [
            0.009674207178441195,
            0.011561857359600454,
            0.013744452881565845,
            0.015219179585596517
        ],
        "Not Mangroves > Mangroves": [
            0.09003334416576336,
            0.10760082595420499,
            0.12791322677209063,
            0.14163782191931065
        ]
    },
    "cohen_kappa": 0.8112687182867173,
    "confusion_matrix": [
        [
            716,
            12,
            52,
            16
        ],
        [
            26,
            43,
            14,
            0
        ],
        [
            50,
            25,
            1329,
            11
        ],
        [
            25,
            1,
            6,
            49
        ]
    ],
    "macro avg": {
        "f1-score": 0.7450682109522669,
        "precision": 0.7501465414162959,
        "recall": 0.740432665759935,
        "support": 2375
    },
    "producer_accuracy": [
        87.63769889840881,
        53.086419753086425,
        94.86081370449678,
        64.47368421052632
    ],
    "user_accuracy": [
        89.9497487437186,
        51.80722891566265,
        93.92226148409894,
        60.49382716049383
    ],
    "weighted avg": {
        "f1-score": 0.8995243719671014,
        "precision": 0.899436635686548,
        "recall": 0.8997894736842105,
        "support": 2375
    }
}