{
    "Mangroves": {
        "f1-score": 0.8560579910251984,
        "precision": 0.8831908831908832,
        "recall": 0.8305425318151373,
        "support": 1493
    },
    "Mangroves > Not Mangroves": {
        "f1-score": 0.5441176470588236,
        "precision": 0.4493927125506073,
        "recall": 0.6894409937888198,
        "support": 161
    },
    "Not Mangroves": {
        "f1-score": 0.9427000610873548,
        "precision": 0.9570826097742495,
        "recall": 0.9287433798748195,
        "support": 4154
    },
    "Not Mangroves > Mangroves": {
        "f1-score": 0.34375,
        "precision": 0.23036649214659685,
        "recall": 0.676923076923077,
        "support": 65
    },
    "accuracy": 0.8944321471139112,
    "accuracy_conf_interval": [
        0.0065758726193601725,
        0.007858969715820695,
        0.009342550733603173,
        0.010344970340212955
    ],
    "cls_confidence_intervals": {
        "Mangroves": [
            0.014058078140169728,
            0.01680111777727602,
            0.019972757357680164,
            0.022115757074169455
        ],
        "Mangroves > Not Mangroves": [
            0.05190741025193121,
            0.06203568542303974,
            0.07374650358963399,
            0.08165921856706253
        ],
        "Not Mangroves": [
            0.005235146193613294,
            0.006256638133830522,
            0.007437738189706693,
            0.008235778768001403
        ],
        "Not Mangroves > Mangroves": [
            0.04996648542072463,
            0.05971604355159773,
            0.07098897014041974,
            0.07860581243016436
        ]
    },
    "cohen_kappa": 0.7665709489985929,
    "confusion_matrix": [
        [
            1240,
            47,
            140,
            66
        ],
        [
            33,
            111,
            17,
            0
        ],
        [
            126,
            89,
            3858,
            81
        ],
        [
            5,
            0,
            16,
            44
        ]
    ],
    "macro avg": {
        "f1-score": 0.6716564247928443,
        "precision": 0.6300081744155842,
        "recall": 0.7814124956004633,
        "support": 5873
    },
    "producer_accuracy": [
        88.31908831908832,
        44.93927125506073,
        95.70826097742496,
        23.036649214659686
    ],
    "user_accuracy": [
        83.05425318151373,
        68.94409937888199,
        92.87433798748195,
        67.6923076923077
    ],
    "weighted avg": {
        "f1-score": 0.9031189043987677,
        "precision": 0.916337680625983,
        "recall": 0.8944321471139112,
        "support": 5873
    }
}