{
    "Mangroves": {
        "f1-score": 0.9167701863354037,
        "precision": 0.9271356783919598,
        "recall": 0.9066339066339066,
        "support": 407
    },
    "Mangroves > Not Mangroves": {
        "f1-score": 0.576271186440678,
        "precision": 0.5,
        "recall": 0.68,
        "support": 25
    },
    "Not Mangroves": {
        "f1-score": 0.9721254355400696,
        "precision": 0.9728033472803347,
        "recall": 0.9714484679665738,
        "support": 1436
    },
    "Not Mangroves > Mangroves": {
        "f1-score": 0.375,
        "precision": 0.3333333333333333,
        "recall": 0.42857142857142855,
        "support": 7
    },
    "accuracy": 0.9514666666666667,
    "accuracy_conf_interval": [
        0.008138794091561083,
        0.009726851475280318,
        0.011563042825205686,
        0.012803712656236338
    ],
    "cls_confidence_intervals": {
        "Mangroves": [
            0.0213664033165714,
            0.025535457622243872,
            0.030355926663177664,
            0.03361300033948428
        ],
        "Mangroves > Not Mangroves": [
            0.14062883981685725,
            0.16806861343965868,
            0.19979585169102282,
            0.22123317483383642
        ],
        "Not Mangroves": [
            0.007044327332687793,
            0.008418830226870776,
            0.010008099198269853,
            0.011081929584350309
        ],
        "Not Mangroves > Mangroves": [
            0.2577011380324306,
            0.30798428691680735,
            0.3661241778143679,
            0.40540788788028725
        ]
    },
    "cohen_kappa": 0.8680906562185446,
    "confusion_matrix": [
        [
            369,
            6,
            28,
            4
        ],
        [
            1,
            17,
            7,
            0
        ],
        [
            28,
            11,
            1395,
            2
        ],
        [
            0,
            0,
            4,
            3
        ]
    ],
    "macro avg": {
        "f1-score": 0.7100417020790378,
        "precision": 0.683318089751407,
        "recall": 0.7466634507929771,
        "support": 1875
    },
    "producer_accuracy": [
        92.71356783919597,
        50.0,
        97.28033472803347,
        33.33333333333333
    ],
    "user_accuracy": [
        90.66339066339066,
        68.0,
        97.14484679665738,
        42.857142857142854
    ],
    "weighted avg": {
        "f1-score": 0.9526023311653686,
        "precision": 0.9541990192711581,
        "recall": 0.9514666666666667,
        "support": 1875
    }
}