{
    "Mangroves": {
        "f1-score": 0.7909270216962525,
        "precision": 0.8150406504065041,
        "recall": 0.7681992337164751,
        "support": 522
    },
    "Mangroves > Not Mangroves": {
        "f1-score": 0.4934210526315789,
        "precision": 0.3694581280788177,
        "recall": 0.7425742574257426,
        "support": 101
    },
    "Not Mangroves": {
        "f1-score": 0.9439728353140916,
        "precision": 0.9633663366336633,
        "recall": 0.9253447456015217,
        "support": 2103
    },
    "Not Mangroves > Mangroves": {
        "f1-score": 0.5084745762711864,
        "precision": 0.42857142857142855,
        "recall": 0.625,
        "support": 24
    },
    "accuracy": 0.8861818181818182,
    "accuracy_conf_interval": [
        0.009932183637068477,
        0.011870170688203788,
        0.014110968216078995,
        0.01562502059977846
    ],
    "cls_confidence_intervals": {
        "Mangroves": [
            0.028707083753548416,
            0.03430846594936274,
            0.040785064113273053,
            0.045161143953752994
        ],
        "Mangroves > Not Mangroves": [
            0.05555656778130766,
            0.06639687368985549,
            0.07893097739661394,
            0.08739996638766694
        ],
        "Not Mangroves": [
            0.006854946532484584,
            0.008192497075408405,
            0.009739039890664073,
            0.01078400125232331
        ],
        "Not Mangroves > Mangroves": [
            0.13718366739733664,
            0.16395121225535356,
            0.1949011859974356,
            0.21581333041776132
        ]
    },
    "cohen_kappa": 0.716510998846283,
    "confusion_matrix": [
        [
            401,
            56,
            54,
            11
        ],
        [
            13,
            75,
            13,
            0
        ],
        [
            76,
            72,
            1946,
            9
        ],
        [
            2,
            0,
            7,
            15
        ]
    ],
    "macro avg": {
        "f1-score": 0.6841988714782774,
        "precision": 0.6441091359226033,
        "recall": 0.7652795591859348,
        "support": 2750
    },
    "producer_accuracy": [
        81.5040650406504,
        36.94581280788177,
        96.33663366336633,
        42.857142857142854
    ],
    "user_accuracy": [
        76.81992337164752,
        74.25742574257426,
        92.53447456015216,
        62.5
    ],
    "weighted avg": {
        "f1-score": 0.8945737069590096,
        "precision": 0.9087314947907141,
        "recall": 0.8861818181818182,
        "support": 2750
    }
}