{
    "Mangroves": {
        "f1-score": 0.8797190517998243,
        "precision": 0.8812664907651715,
        "recall": 0.8781770376862401,
        "support": 1141
    },
    "Mangroves > Not Mangroves": {
        "f1-score": 0.5016949152542374,
        "precision": 0.43023255813953487,
        "recall": 0.6016260162601627,
        "support": 123
    },
    "Not Mangroves": {
        "f1-score": 0.9404054884292443,
        "precision": 0.9655172413793104,
        "recall": 0.9165668662674651,
        "support": 2505
    },
    "Not Mangroves > Mangroves": {
        "f1-score": 0.5034013605442177,
        "precision": 0.39361702127659576,
        "recall": 0.6981132075471698,
        "support": 106
    },
    "accuracy": 0.8892903225806451,
    "accuracy_conf_interval": [
        0.008266517137594496,
        0.009879496091271471,
        0.011744503006460473,
        0.01300464281402061
    ],
    "cls_confidence_intervals": {
        "Mangroves": [
            0.0157327229911265,
            0.018802522599151186,
            0.022351978395929728,
            0.024750259339699012
        ],
        "Mangroves > Not Mangroves": [
            0.06191274725555879,
            0.07399328330542392,
            0.08796140311308047,
            0.09739932190203761
        ],
        "Not Mangroves": [
            0.00613647459640665,
            0.0073338354932664844,
            0.008718284030260669,
            0.009653722230932414
        ],
        "Not Mangroves > Mangroves": [
            0.05843531099116901,
            0.06983732289188492,
            0.08302089915208768,
            0.09192872094952198
        ]
    },
    "cohen_kappa": 0.7846757666183872,
    "confusion_matrix": [
        [
            1002,
            25,
            62,
            52
        ],
        [
            35,
            74,
            14,
            0
        ],
        [
            75,
            72,
            2296,
            62
        ],
        [
            25,
            1,
            6,
            74
        ]
    ],
    "macro avg": {
        "f1-score": 0.7063052040068809,
        "precision": 0.6676583278901532,
        "recall": 0.7736207819402594,
        "support": 3875
    },
    "producer_accuracy": [
        88.12664907651715,
        43.02325581395349,
        96.55172413793103,
        39.361702127659576
    ],
    "user_accuracy": [
        87.81770376862401,
        60.16260162601627,
        91.6566866267465,
        69.81132075471697
    ],
    "weighted avg": {
        "f1-score": 0.8966565691387909,
        "precision": 0.9080742618128298,
        "recall": 0.8892903225806451,
        "support": 3875
    }
}