{
    "Mangroves": {
        "f1-score": 0.832258064516129,
        "precision": 0.8431372549019608,
        "recall": 0.821656050955414,
        "support": 1099
    },
    "Mangroves > Not Mangroves": {
        "f1-score": 0.5936073059360731,
        "precision": 0.52,
        "recall": 0.6914893617021277,
        "support": 188
    },
    "Not Mangroves": {
        "f1-score": 0.9523690147906743,
        "precision": 0.9683915370889625,
        "recall": 0.9368680641183724,
        "support": 4055
    },
    "Not Mangroves > Mangroves": {
        "f1-score": 0.12162162162162161,
        "precision": 0.07317073170731707,
        "recall": 0.36,
        "support": 25
    },
    "accuracy": 0.9019936649897522,
    "accuracy_conf_interval": [
        0.006655901228174196,
        0.007954613662939893,
        0.009456249915637732,
        0.010470869005298433
    ],
    "cls_confidence_intervals": {
        "Mangroves": [
            0.018224606410990392,
            0.02178062717411047,
            0.02589227618146806,
            0.02867041740265562
        ],
        "Mangroves > Not Mangroves": [
            0.051819847934937054,
            0.06193103777590039,
            0.07362210102951423,
            0.08152146809276684
        ],
        "Not Mangroves": [
            0.004581016702336482,
            0.005474873619865551,
            0.006508395680758538,
            0.007206721397578124
        ],
        "Not Mangroves > Mangroves": [
            0.038508788987298634,
            0.04602269903360081,
            0.054710657524637704,
            0.060580899748311275
        ]
    },
    "cohen_kappa": 0.7580903561494522,
    "confusion_matrix": [
        [
            903,
            37,
            109,
            50
        ],
        [
            46,
            130,
            12,
            0
        ],
        [
            109,
            83,
            3799,
            64
        ],
        [
            13,
            0,
            3,
            9
        ]
    ],
    "macro avg": {
        "f1-score": 0.6249640017161245,
        "precision": 0.6011748809245602,
        "recall": 0.7025033691939785,
        "support": 5367
    },
    "producer_accuracy": [
        84.31372549019608,
        52.0,
        96.83915370889625,
        7.317073170731707
    ],
    "user_accuracy": [
        82.16560509554141,
        69.14893617021278,
        93.68680641183724,
        36.0
    ],
    "weighted avg": {
        "f1-score": 0.9113371868708651,
        "precision": 0.9228665538151073,
        "recall": 0.9019936649897522,
        "support": 5367
    }
}