{
    "Mangroves": {
        "f1-score": 0.8747063429913862,
        "precision": 0.880220646178093,
        "recall": 0.8692607003891051,
        "support": 1285
    },
    "Mangroves > Not Mangroves": {
        "f1-score": 0.5728900255754475,
        "precision": 0.5022421524663677,
        "recall": 0.6666666666666666,
        "support": 168
    },
    "Not Mangroves": {
        "f1-score": 0.9477744807121662,
        "precision": 0.9667070217917676,
        "recall": 0.929569266589057,
        "support": 3436
    },
    "Not Mangroves > Mangroves": {
        "f1-score": 0.4825396825396825,
        "precision": 0.37254901960784315,
        "recall": 0.6846846846846847,
        "support": 111
    },
    "accuracy": 0.8998,
    "accuracy_conf_interval": [
        0.006964111262982519,
        0.00832296224112545,
        0.009894133684603214,
        0.010955736011277379
    ],
    "cls_confidence_intervals": {
        "Mangroves": [
            0.014948575024463059,
            0.01786537015118756,
            0.02123791451646276,
            0.023516660709216278
        ],
        "Mangroves > Not Mangroves": [
            0.05491070936715928,
            0.06562499412172694,
            0.0780133858691958,
            0.08638392083370179
        ],
        "Not Mangroves": [
            0.005118557525931363,
            0.006117300457820409,
            0.00727209697281712,
            0.008052364888355437
        ],
        "Not Mangroves > Mangroves": [
            0.055515004310665785,
            0.06634720027372253,
            0.07887192685600689,
            0.08733457995214496
        ]
    },
    "cohen_kappa": 0.7904937347590464,
    "confusion_matrix": [
        [
            1117,
            27,
            84,
            57
        ],
        [
            38,
            112,
            18,
            0
        ],
        [
            88,
            83,
            3194,
            71
        ],
        [
            26,
            1,
            8,
            76
        ]
    ],
    "macro avg": {
        "f1-score": 0.7194776329546706,
        "precision": 0.6804297100110178,
        "recall": 0.7875453295823783,
        "support": 5000
    },
    "producer_accuracy": [
        88.0220646178093,
        50.224215246636774,
        96.67070217917676,
        37.254901960784316
    ],
    "user_accuracy": [
        86.92607003891051,
        66.66666666666666,
        92.9569266589057,
        68.46846846846847
    ],
    "weighted avg": {
        "f1-score": 0.9060716391059028,
        "precision": 0.9156836960012366,
        "recall": 0.8998,
        "support": 5000
    }
}