{
    "Mangroves": {
        "f1-score": 0.8511641615089891,
        "precision": 0.8730350665054414,
        "recall": 0.8303622771707878,
        "support": 1739
    },
    "Mangroves > Not Mangroves": {
        "f1-score": 0.5503355704697986,
        "precision": 0.45724907063197023,
        "recall": 0.6910112359550562,
        "support": 178
    },
    "Not Mangroves": {
        "f1-score": 0.9495149119655047,
        "precision": 0.9614335091868291,
        "recall": 0.937888198757764,
        "support": 5635
    },
    "Not Mangroves > Mangroves": {
        "f1-score": 0.3430656934306569,
        "precision": 0.2315270935960591,
        "recall": 0.6619718309859155,
        "support": 71
    },
    "accuracy": 0.9050242686606323,
    "accuracy_conf_interval": [
        0.005507028498916598,
        0.0065815706450466655,
        0.007824010001509557,
        0.008663496053173673
    ],
    "cls_confidence_intervals": {
        "Mangroves": [
            0.01342560403297353,
            0.01604523408818788,
            0.01907418133952947,
            0.021120767320165677
        ],
        "Mangroves > Not Mangroves": [
            0.04981319655325299,
            0.059532844661204794,
            0.07077118778602408,
            0.07836466287036142
        ],
        "Not Mangroves": [
            0.004259372953850704,
            0.00509047011557767,
            0.006051426208824476,
            0.006700720866423668
        ],
        "Not Mangroves > Mangroves": [
            0.048552435426086615,
            0.05802608136288401,
            0.068979984477306,
            0.07638127036542895
        ]
    },
    "cohen_kappa": 0.7719016662841643,
    "confusion_matrix": [
        [
            1444,
            49,
            178,
            68
        ],
        [
            37,
            123,
            18,
            0
        ],
        [
            165,
            97,
            5285,
            88
        ],
        [
            8,
            0,
            16,
            47
        ]
    ],
    "macro avg": {
        "f1-score": 0.6735200843437373,
        "precision": 0.6308111849800749,
        "recall": 0.7803083857173809,
        "support": 7623
    },
    "producer_accuracy": [
        87.30350665054414,
        45.72490706319702,
        96.14335091868291,
        23.15270935960591
    ],
    "user_accuracy": [
        83.03622771707879,
        69.10112359550563,
        93.7888198757764,
        66.19718309859155
    ],
    "weighted avg": {
        "f1-score": 0.9121091960602062,
        "precision": 0.9226963876608363,
        "recall": 0.9050242686606323,
        "support": 7623
    }
}