{
    "Mangroves": {
        "f1-score": 0.9242979242979242,
        "precision": 0.9380421313506815,
        "recall": 0.910950661853189,
        "support": 831
    },
    "Mangroves > Not Mangroves": {
        "f1-score": 0.18181818181818182,
        "precision": 0.1,
        "recall": 1.0,
        "support": 1
    },
    "Not Mangroves": {
        "f1-score": 0.9694277501959759,
        "precision": 0.9681628392484343,
        "recall": 0.9706959706959707,
        "support": 1911
    },
    "Not Mangroves > Mangroves": {
        "f1-score": 0.25,
        "precision": 0.17647058823529413,
        "recall": 0.42857142857142855,
        "support": 7
    },
    "accuracy": 0.9512727272727273,
    "accuracy_conf_interval": [
        0.006733115684223016,
        0.008046894354315312,
        0.00956595094160953,
        0.010592340527619136
    ],
    "cls_confidence_intervals": {
        "Mangroves": [
            0.013917668496999701,
            0.01663331113056062,
            0.01977327292561543,
            0.021894868733084896
        ],
        "Mangroves > Not Mangroves": [
            0.15558406088028426,
            0.18594192641790072,
            0.22104320844576975,
            0.24476029089703258
        ],
        "Not Mangroves": [
            0.006577903007201224,
            0.007861396276899024,
            0.009345435369987106,
            0.010348164486938512
        ],
        "Not Mangroves > Mangroves": [
            0.15163348314225134,
            0.18122050424317843,
            0.21543049739112538,
            0.23854535762622467
        ]
    },
    "cohen_kappa": 0.8859231310741676,
    "confusion_matrix": [
        [
            757,
            7,
            58,
            9
        ],
        [
            0,
            1,
            0,
            0
        ],
        [
            49,
            2,
            1855,
            5
        ],
        [
            1,
            0,
            3,
            3
        ]
    ],
    "macro avg": {
        "f1-score": 0.5813859640780205,
        "precision": 0.5456688897086025,
        "recall": 0.827554515280147,
        "support": 2750
    },
    "producer_accuracy": [
        93.80421313506815,
        10.0,
        96.81628392484343,
        17.647058823529413
    ],
    "user_accuracy": [
        91.0950661853189,
        100.0,
        97.06959706959707,
        42.857142857142854
    ],
    "weighted avg": {
        "f1-score": 0.9536726632356012,
        "precision": 0.9567299967541169,
        "recall": 0.9512727272727273,
        "support": 2750
    }
}