overall accuracy,0.881
cohen kappa,0.7276391348232059
""
Confidence Interval,90%,95%,98%,99%
Overall Accuracy,0.009694929506362247,0.011586623068579271,0.013773893749892706,0.015251779345374755
""
class,f1-score,precision,recall,support
Mangroves,0.8,0.8129251700680272,0.7874794069192751,607
Mangroves > Not Mangroves,0.5572139303482587,0.4609053497942387,0.7044025157232704,159
Not Mangroves,0.9410131852879945,0.958078191238813,0.9245454545454546,2200
Not Mangroves > Mangroves,0.475,0.41304347826086957,0.5588235294117647,34
""
macro avg,0.6933067789090633,0.6612380473404872,0.7438127266499412,3000
weighted (pixel) avg,0.8868586741863205,0.8961816759449449,0.881,3000
""
Confidence Interval,90%,95%,98%,99%
Mangroves,0.026374737736638672,0.03152102802671451,0.03747142617461471,0.04149196546373645
Mangroves > Not Mangroves,0.052441981963205854,0.06267456380968504,0.07450598656967662,0.08250019113723848
Not Mangroves,0.007133281032452836,0.008525140746102172,0.010134478540009213,0.011221868941297756
Not Mangroves > Mangroves,0.11905997391928387,0.14229118834255877,0.16915228001947039,0.1873016662876539
""
Point Count Confusion Matrix
,Mangroves,Mangroves > Not Mangroves,Not Mangroves,Not Mangroves > Mangroves,User Acc
Mangroves,478,56,59,14,78.74794069192751
Mangroves > Not Mangroves,25,112,22,0,70.44025157232704
Not Mangroves,78,75,2034,13,92.45454545454545
Not Mangroves > Mangroves,7,0,8,19,55.88235294117647
Producer,81.29251700680273,46.09053497942387,95.8078191238813,41.30434782608695
""
