{
    "Mangroves": {
        "f1-score": 0.9591836734693878,
        "precision": 0.9648093841642229,
        "recall": 0.9536231884057971,
        "support": 345
    },
    "Mangroves > Not Mangroves": {
        "f1-score": 0.0,
        "precision": 0.0,
        "recall": 0.0,
        "support": 0
    },
    "Not Mangroves": {
        "f1-score": 0.9676616915422885,
        "precision": 0.970074812967581,
        "recall": 0.9652605459057072,
        "support": 403
    },
    "Not Mangroves > Mangroves": {
        "f1-score": 0.3333333333333333,
        "precision": 0.25,
        "recall": 0.5,
        "support": 2
    },
    "accuracy": 0.9586666666666667,
    "accuracy_conf_interval": [
        0.011920576113345951,
        0.014246542184242723,
        0.016935940453717116,
        0.018753101446605216
    ],
    "cls_confidence_intervals": {
        "Mangroves": [
            0.016364428825916037,
            0.01955748810902161,
            0.023249462905112424,
            0.02574404047003865
        ],
        "Mangroves > Not Mangroves": [
            0.0,
            0.0,
            0.0,
            0.0
        ],
        "Not Mangroves": [
            0.013953807032090194,
            0.016676501087132183,
            0.019824616088274485,
            0.021951720818776038
        ],
        "Not Mangroves > Mangroves": [
            0.3550704155516198,
            0.4243524478543749,
            0.5044597977044355,
            0.558586385440963
        ]
    },
    "cohen_kappa": 0.9179152956461567,
    "confusion_matrix": [
        [
            329,
            3,
            11,
            2
        ],
        [
            0,
            0,
            0,
            0
        ],
        [
            12,
            1,
            389,
            1
        ],
        [
            0,
            0,
            1,
            1
        ]
    ],
    "macro avg": {
        "f1-score": 0.5650446745862524,
        "precision": 0.546221049282951,
        "recall": 0.604720933577876,
        "support": 750
    },
    "producer_accuracy": [
        96.48093841642229,
        0.0,
        97.0074812967581,
        25.0
    ],
    "user_accuracy": [
        95.3623188405797,
        NaN,
        96.52605459057072,
        50.0
    ],
    "weighted avg": {
        "f1-score": 0.962070260940197,
        "precision": 0.9657325162167893,
        "recall": 0.9586666666666667,
        "support": 750
    }
}