{
    "Mangroves": {
        "f1-score": 0.8930921052631579,
        "precision": 0.8930921052631579,
        "recall": 0.8930921052631579,
        "support": 2432
    },
    "Mangroves > Not Mangroves": {
        "f1-score": 0.6586345381526104,
        "precision": 0.6104218362282878,
        "recall": 0.7151162790697675,
        "support": 344
    },
    "Not Mangroves": {
        "f1-score": 0.9531312166786028,
        "precision": 0.9645675632146884,
        "recall": 0.9419628814092482,
        "support": 6358
    },
    "Not Mangroves > Mangroves": {
        "f1-score": 0.5971223021582734,
        "precision": 0.5139318885448917,
        "recall": 0.7124463519313304,
        "support": 233
    },
    "accuracy": 0.9152343332977474,
    "accuracy_conf_interval": [
        0.004719757994670841,
        0.005640686383874908,
        0.00670550983389211,
        0.007424985137957788
    ],
    "cls_confidence_intervals": {
        "Mangroves": [
            0.010275786600279252,
            0.012280818132041058,
            0.014599135840640645,
            0.016165566724829557
        ],
        "Mangroves > Not Mangroves": [
            0.039838562432291634,
            0.047611940467860735,
            0.05659990882148751,
            0.06267286041177586
        ],
        "Not Mangroves": [
            0.0038476880563462585,
            0.004598456457584553,
            0.005466532421516331,
            0.006053070234983748
        ],
        "Not Mangroves > Mangroves": [
            0.045608305260264055,
            0.05450748677446192,
            0.06479716540025321,
            0.07174965095822029
        ]
    },
    "cohen_kappa": 0.823487934786922,
    "confusion_matrix": [
        [
            2172,
            42,
            154,
            64
        ],
        [
            63,
            246,
            35,
            0
        ],
        [
            162,
            114,
            5989,
            93
        ],
        [
            35,
            1,
            31,
            166
        ]
    ],
    "macro avg": {
        "f1-score": 0.7754950405631611,
        "precision": 0.7455033483127564,
        "recall": 0.815654404418376,
        "support": 9367
    },
    "producer_accuracy": [
        89.30921052631578,
        61.04218362282878,
        96.45675632146884,
        51.39318885448917
    ],
    "user_accuracy": [
        89.30921052631578,
        71.51162790697676,
        94.19628814092482,
        71.24463519313305
    ],
    "weighted avg": {
        "f1-score": 0.9178721098718834,
        "precision": 0.9217947911404378,
        "recall": 0.9152343332977474,
        "support": 9367
    }
}