{
    "Mangroves": {
        "f1-score": 0.8811777076761304,
        "precision": 0.891173342786246,
        "recall": 0.8714038128249567,
        "support": 2885
    },
    "Mangroves > Not Mangroves": {
        "f1-score": 0.6564344746162928,
        "precision": 0.5840336134453782,
        "recall": 0.7493261455525606,
        "support": 371
    },
    "Not Mangroves": {
        "f1-score": 0.9577369165487978,
        "precision": 0.9667618503712164,
        "recall": 0.9488789237668162,
        "support": 8920
    },
    "Not Mangroves > Mangroves": {
        "f1-score": 0.4862745098039216,
        "precision": 0.3911671924290221,
        "recall": 0.6424870466321243,
        "support": 193
    },
    "accuracy": 0.9200420405853343,
    "accuracy_conf_interval": [
        0.003999551014349822,
        0.004779951212271739,
        0.005682288941118956,
        0.006291976595745453
    ],
    "cls_confidence_intervals": {
        "Mangroves": [
            0.009615924465569407,
            0.011492202410070757,
            0.01366164878340044,
            0.01512749092754212
        ],
        "Mangroves > Not Mangroves": [
            0.03705001704009936,
            0.04427928865767972,
            0.05263813396550702,
            0.05828600241674168
        ],
        "Not Mangroves": [
            0.00314191147395079,
            0.0037549673713070417,
            0.004463813252625208,
            0.004942763172434779
        ],
        "Not Mangroves > Mangroves": [
            0.04495152726241274,
            0.053722556972151815,
            0.06386406007403762,
            0.07071642703477127
        ]
    },
    "cohen_kappa": 0.8161046225279253,
    "confusion_matrix": [
        [
            2514,
            64,
            230,
            77
        ],
        [
            64,
            278,
            29,
            0
        ],
        [
            207,
            133,
            8464,
            116
        ],
        [
            36,
            1,
            32,
            124
        ]
    ],
    "macro avg": {
        "f1-score": 0.7454059021612857,
        "precision": 0.7082839997579657,
        "recall": 0.8030239821941144,
        "support": 12369
    },
    "producer_accuracy": [
        89.11733427862461,
        58.40336134453782,
        96.67618503712164,
        39.11671924290221
    ],
    "user_accuracy": [
        87.14038128249567,
        74.93261455525607,
        94.88789237668162,
        64.24870466321244
    ],
    "weighted avg": {
        "f1-score": 0.923486066192555,
        "precision": 0.9286702674409092,
        "recall": 0.9200420405853343,
        "support": 12369
    }
}