{
    "Mangroves": {
        "f1-score": 0.8588460719608261,
        "precision": 0.8664089347079038,
        "recall": 0.8514140987758548,
        "support": 2369
    },
    "Mangroves > Not Mangroves": {
        "f1-score": 0.6002400960384153,
        "precision": 0.5252100840336135,
        "recall": 0.7002801120448179,
        "support": 357
    },
    "Not Mangroves": {
        "f1-score": 0.9516555863938553,
        "precision": 0.9649214659685864,
        "recall": 0.938749522475487,
        "support": 7853
    },
    "Not Mangroves > Mangroves": {
        "f1-score": 0.47311827956989244,
        "precision": 0.36666666666666664,
        "recall": 0.6666666666666666,
        "support": 165
    },
    "accuracy": 0.9073901712583767,
    "accuracy_conf_interval": [
        0.004586553081889697,
        0.005481490268599881,
        0.006516261390733533,
        0.007215431067850865
    ],
    "cls_confidence_intervals": {
        "Mangroves": [
            0.01156385207950667,
            0.013820213460873825,
            0.0164291313080796,
            0.01819191363727269
        ],
        "Mangroves > Not Mangroves": [
            0.03753683426816575,
            0.04486109461317371,
            0.05332977063708916,
            0.05905184903162662
        ],
        "Not Mangroves": [
            0.0034519450239082075,
            0.004125495272475663,
            0.004904287747381783,
            0.005430498879075108
        ],
        "Not Mangroves > Mangroves": [
            0.045628386226444925,
            0.05453148597794638,
            0.06482569506561993,
            0.07178124174648044
        ]
    },
    "cohen_kappa": 0.7849131361555532,
    "confusion_matrix": [
        [
            2017,
            72,
            205,
            75
        ],
        [
            63,
            250,
            44,
            0
        ],
        [
            213,
            153,
            7372,
            115
        ],
        [
            35,
            1,
            19,
            110
        ]
    ],
    "macro avg": {
        "f1-score": 0.7209650084907473,
        "precision": 0.6808017878441925,
        "recall": 0.7892775999907066,
        "support": 10744
    },
    "producer_accuracy": [
        86.64089347079039,
        52.52100840336135,
        96.49214659685865,
        36.666666666666664
    ],
    "user_accuracy": [
        85.14140987758549,
        70.02801120448179,
        93.8749522475487,
        66.66666666666666
    ],
    "weighted avg": {
        "f1-score": 0.9121656640767767,
        "precision": 0.9194016230988769,
        "recall": 0.9073901712583767,
        "support": 10744
    }
}