{
    "Mangroves": {
        "f1-score": 0.8891273247496424,
        "precision": 0.8859586600142552,
        "recall": 0.8923187365398421,
        "support": 1393
    },
    "Mangroves > Not Mangroves": {
        "f1-score": 0.6020942408376964,
        "precision": 0.6052631578947368,
        "recall": 0.5989583333333334,
        "support": 192
    },
    "Not Mangroves": {
        "f1-score": 0.9643455907007936,
        "precision": 0.9666143849428636,
        "recall": 0.9620874219446922,
        "support": 4484
    },
    "Not Mangroves > Mangroves": {
        "f1-score": 0.432,
        "precision": 0.391304347826087,
        "recall": 0.48214285714285715,
        "support": 56
    },
    "accuracy": 0.9304489795918367,
    "accuracy_conf_interval": [
        0.005330756394381492,
        0.0063709039835291,
        0.007573574633481022,
        0.008386189937502592
    ],
    "cls_confidence_intervals": {
        "Mangroves": [
            0.01391723296695063,
            0.01663279061903856,
            0.019772654154265226,
            0.02189418356995892
        ],
        "Mangroves > Not Mangroves": [
            0.05815579520157079,
            0.06950326743602363,
            0.08262378220710972,
            0.09148899489027601
        ],
        "Not Mangroves": [
            0.0044099810408459875,
            0.0052704651463769125,
            0.006265399893397044,
            0.006937653100843079
        ],
        "Not Mangroves > Mangroves": [
            0.09635555099957992,
            0.11515663412144918,
            0.1368953864811105,
            0.15158373267007086
        ]
    },
    "cohen_kappa": 0.831756917519784,
    "confusion_matrix": [
        [
            1243,
            30,
            106,
            14
        ],
        [
            44,
            115,
            33,
            0
        ],
        [
            97,
            45,
            4314,
            28
        ],
        [
            19,
            0,
            10,
            27
        ]
    ],
    "macro avg": {
        "f1-score": 0.721891789072033,
        "precision": 0.7122851376694856,
        "recall": 0.7338768372401813,
        "support": 6125
    },
    "producer_accuracy": [
        88.59586600142552,
        60.526315789473685,
        96.66143849428636,
        39.130434782608695
    ],
    "user_accuracy": [
        89.23187365398421,
        59.895833333333336,
        96.20874219446922,
        48.214285714285715
    ],
    "weighted avg": {
        "f1-score": 0.9310161773582772,
        "precision": 0.9316837363718707,
        "recall": 0.9304489795918367,
        "support": 6125
    }
}