{
    "Mangroves": {
        "f1-score": 0.8757206918641895,
        "precision": 0.8893949251789199,
        "recall": 0.8624605678233438,
        "support": 3170
    },
    "Mangroves > Not Mangroves": {
        "f1-score": 0.5935483870967742,
        "precision": 0.5120593692022264,
        "recall": 0.7058823529411765,
        "support": 391
    },
    "Not Mangroves": {
        "f1-score": 0.9524071224444932,
        "precision": 0.9625638746945123,
        "recall": 0.9424624755275179,
        "support": 9194
    },
    "Not Mangroves > Mangroves": {
        "f1-score": 0.5339805825242718,
        "precision": 0.43535620052770446,
        "recall": 0.6903765690376569,
        "support": 239
    },
    "accuracy": 0.9111897798984147,
    "accuracy_conf_interval": [
        0.0040926849080228705,
        0.004891257573002943,
        0.0058146072168861525,
        0.0064384921114018345
    ],
    "cls_confidence_intervals": {
        "Mangroves": [
            0.009277410362757593,
            0.011087636775002976,
            0.013180711064161703,
            0.01459495044872841
        ],
        "Mangroves > Not Mangroves": [
            0.035309625838222475,
            0.04219930892860735,
            0.05016550500186486,
            0.05554806991622804
        ],
        "Not Mangroves": [
            0.0032812140998175624,
            0.003921450997342941,
            0.004661724910106659,
            0.005161909986298361
        ],
        "Not Mangroves > Mangroves": [
            0.04176705862452749,
            0.04991672860004505,
            0.05933978450923723,
            0.06570671417761033
        ]
    },
    "cohen_kappa": 0.8027839167923061,
    "confusion_matrix": [
        [
            2734,
            98,
            253,
            85
        ],
        [
            69,
            276,
            46,
            0
        ],
        [
            236,
            164,
            8665,
            129
        ],
        [
            35,
            1,
            38,
            165
        ]
    ],
    "macro avg": {
        "f1-score": 0.7389141959824321,
        "precision": 0.6998435924008407,
        "recall": 0.8002954913324238,
        "support": 12994
    },
    "producer_accuracy": [
        88.93949251789199,
        51.20593692022264,
        96.25638746945123,
        43.53562005277045
    ],
    "user_accuracy": [
        86.24605678233438,
        70.58823529411765,
        94.2462475527518,
        69.0376569037657
    ],
    "weighted avg": {
        "f1-score": 0.9152042831724098,
        "precision": 0.9214606373743818,
        "recall": 0.9111897798984147,
        "support": 12994
    }
}