{
    "Mangroves": {
        "f1-score": 0.8462532299741602,
        "precision": 0.8669755129053607,
        "recall": 0.8264984227129337,
        "support": 1585
    },
    "Mangroves > Not Mangroves": {
        "f1-score": 0.5572289156626505,
        "precision": 0.45905707196029777,
        "recall": 0.7088122605363985,
        "support": 261
    },
    "Not Mangroves": {
        "f1-score": 0.9436133486766398,
        "precision": 0.9554882311815428,
        "recall": 0.9320300068197318,
        "support": 4399
    },
    "Not Mangroves > Mangroves": {
        "f1-score": 0.5855263157894737,
        "precision": 0.5174418604651163,
        "recall": 0.6742424242424242,
        "support": 132
    },
    "accuracy": 0.8913282107574094,
    "accuracy_conf_interval": [
        0.006391648367118372,
        0.007638799268019518,
        0.009080817497186469,
        0.01005515413851549
    ],
    "cls_confidence_intervals": {
        "Mangroves": [
            0.01432784346427228,
            0.017123520237788823,
            0.020356021507167327,
            0.022540143986477128
        ],
        "Mangroves > Not Mangroves": [
            0.040709933207851455,
            0.04865333480938345,
            0.05783789291115482,
            0.06404367541235169
        ],
        "Not Mangroves": [
            0.00516314935640695,
            0.006170593133266843,
            0.007335450000261094,
            0.008122515450932885
        ],
        "Not Mangroves > Mangroves": [
            0.062486360089848626,
            0.07467882059518495,
            0.08877635305448006,
            0.09830171282427407
        ]
    },
    "cohen_kappa": 0.770632917147579,
    "confusion_matrix": [
        [
            1310,
            103,
            135,
            37
        ],
        [
            45,
            185,
            31,
            0
        ],
        [
            138,
            115,
            4100,
            46
        ],
        [
            18,
            0,
            25,
            89
        ]
    ],
    "macro avg": {
        "f1-score": 0.7331554525257311,
        "precision": 0.6997406691280794,
        "recall": 0.7853957785778721,
        "support": 6377
    },
    "producer_accuracy": [
        86.69755129053607,
        45.90570719602978,
        95.54882311815427,
        51.74418604651163
    ],
    "user_accuracy": [
        82.64984227129337,
        70.88122605363985,
        93.20300068197318,
        67.42424242424242
    ],
    "weighted avg": {
        "f1-score": 0.89618828775439,
        "precision": 0.9041030481865511,
        "recall": 0.8913282107574094,
        "support": 6377
    }
}