{
    "Mangroves": {
        "f1-score": 0.8672255800350945,
        "precision": 0.8828900357284637,
        "recall": 0.8521072796934865,
        "support": 2610
    },
    "Mangroves > Not Mangroves": {
        "f1-score": 0.5645355850422195,
        "precision": 0.47368421052631576,
        "recall": 0.6985074626865672,
        "support": 335
    },
    "Not Mangroves": {
        "f1-score": 0.95091086079822,
        "precision": 0.9590462833099579,
        "recall": 0.9429123000551572,
        "support": 7252
    },
    "Not Mangroves > Mangroves": {
        "f1-score": 0.5458937198067633,
        "precision": 0.4829059829059829,
        "recall": 0.6277777777777778,
        "support": 180
    },
    "accuracy": 0.9067167774886769,
    "accuracy_conf_interval": [
        0.0046821522961536036,
        0.005595742988086014,
        0.006652082225632864,
        0.00736582495370506
    ],
    "cls_confidence_intervals": {
        "Mangroves": [
            0.010507030580014853,
            0.012557182888310434,
            0.0149276714947772,
            0.016529352985633124
        ],
        "Mangroves > Not Mangroves": [
            0.036842409666636884,
            0.04403117252841969,
            0.05234317958735606,
            0.05795940057312388
        ],
        "Not Mangroves": [
            0.003849156128759703,
            0.004600210983151841,
            0.005468618158542749,
            0.006055379763536606
        ],
        "Not Mangroves > Mangroves": [
            0.05357374039029858,
            0.06402715314938123,
            0.07611391165207054,
            0.08428064037010387
        ]
    },
    "cohen_kappa": 0.7958062835919353,
    "confusion_matrix": [
        [
            2224,
            119,
            216,
            51
        ],
        [
            60,
            234,
            41,
            0
        ],
        [
            203,
            141,
            6838,
            70
        ],
        [
            32,
            0,
            35,
            113
        ]
    ],
    "macro avg": {
        "f1-score": 0.7321414364205743,
        "precision": 0.6996316281176801,
        "recall": 0.7803262050532472,
        "support": 10377
    },
    "producer_accuracy": [
        88.28900357284637,
        47.368421052631575,
        95.90462833099579,
        48.29059829059829
    ],
    "user_accuracy": [
        85.21072796934865,
        69.85074626865672,
        94.29123000551573,
        62.77777777777778
    ],
    "weighted avg": {
        "f1-score": 0.910363748381483,
        "precision": 0.9159635662777775,
        "recall": 0.9067167774886769,
        "support": 10377
    }
}