{
    "Mangroves": {
        "f1-score": 0.8894776684330054,
        "precision": 0.8861236802413273,
        "recall": 0.8928571428571429,
        "support": 1316
    },
    "Mangroves > Not Mangroves": {
        "f1-score": 0.5298013245033113,
        "precision": 0.5369127516778524,
        "recall": 0.5228758169934641,
        "support": 153
    },
    "Not Mangroves": {
        "f1-score": 0.9651328273244781,
        "precision": 0.9671975279296411,
        "recall": 0.963076923076923,
        "support": 4225
    },
    "Not Mangroves > Mangroves": {
        "f1-score": 0.43548387096774194,
        "precision": 0.39705882352941174,
        "recall": 0.48214285714285715,
        "support": 56
    },
    "accuracy": 0.930608695652174,
    "accuracy_conf_interval": [
        0.00549599089210057,
        0.0065683793588519005,
        0.007808328523533127,
        0.008646132013182605
    ],
    "cls_confidence_intervals": {
        "Mangroves": [
            0.014306584651098592,
            0.017098113363508076,
            0.020325818437231538,
            0.02250670024380145
        ],
        "Mangroves > Not Mangroves": [
            0.06699370310961245,
            0.08006564517978074,
            0.09518007819841282,
            0.10539253294073178
        ],
        "Not Mangroves": [
            0.004503689780453935,
            0.005382458518103483,
            0.006398534871010774,
            0.007085072947299483
        ],
        "Not Mangroves > Mangroves": [
            0.09730928677621883,
            0.11629646468377373,
            0.1382503891393841,
            0.15308412187966133
        ]
    },
    "cohen_kappa": 0.8302605505173604,
    "confusion_matrix": [
        [
            1175,
            29,
            98,
            14
        ],
        [
            43,
            80,
            30,
            0
        ],
        [
            89,
            40,
            4069,
            27
        ],
        [
            19,
            0,
            10,
            27
        ]
    ],
    "macro avg": {
        "f1-score": 0.7049739228071341,
        "precision": 0.6968231958445581,
        "recall": 0.7152381850175968,
        "support": 5750
    },
    "producer_accuracy": [
        88.61236802413272,
        53.691275167785236,
        96.71975279296412,
        39.705882352941174
    ],
    "user_accuracy": [
        89.28571428571429,
        52.28758169934641,
        96.3076923076923,
        48.214285714285715
    ],
    "weighted avg": {
        "f1-score": 0.9310757402655573,
        "precision": 0.9316402197955962,
        "recall": 0.930608695652174,
        "support": 5750
    }
}