{
    "Mangroves": {
        "f1-score": 0.8560586896028333,
        "precision": 0.8645886561062851,
        "recall": 0.8476953907815631,
        "support": 1996
    },
    "Mangroves > Not Mangroves": {
        "f1-score": 0.6335766423357663,
        "precision": 0.5695538057742782,
        "recall": 0.7138157894736842,
        "support": 304
    },
    "Not Mangroves": {
        "f1-score": 0.9565581785165526,
        "precision": 0.9672316384180791,
        "recall": 0.9461177120751589,
        "support": 7238
    },
    "Not Mangroves > Mangroves": {
        "f1-score": 0.33093525179856115,
        "precision": 0.23115577889447236,
        "recall": 0.5822784810126582,
        "support": 79
    },
    "accuracy": 0.9153582198190704,
    "accuracy_conf_interval": [
        0.0046549173826397165,
        0.005563193945106002,
        0.006613388720457646,
        0.007322979784884432
    ],
    "cls_confidence_intervals": {
        "Mangroves": [
            0.012684715348610915,
            0.015159781758095974,
            0.01802157729406307,
            0.01995522292647327
        ],
        "Mangroves > Not Mangroves": [
            0.04160142197650399,
            0.04971877260606574,
            0.05910445927149652,
            0.06544613945084164
        ],
        "Not Mangroves": [
            0.003469922937609768,
            0.004146981071777528,
            0.004929829539409,
            0.005458781206727562
        ],
        "Not Mangroves > Mangroves": [
            0.049010469701878175,
            0.058573488180293426,
            0.06963072829596106,
            0.07710183648222299
        ]
    },
    "cohen_kappa": 0.7895857351851949,
    "confusion_matrix": [
        [
            1692,
            49,
            190,
            65
        ],
        [
            60,
            217,
            27,
            0
        ],
        [
            187,
            115,
            6848,
            88
        ],
        [
            18,
            0,
            15,
            46
        ]
    ],
    "macro avg": {
        "f1-score": 0.6942821905634283,
        "precision": 0.6581324697982787,
        "recall": 0.7724768433357662,
        "support": 9617
    },
    "producer_accuracy": [
        86.45886561062851,
        56.95538057742782,
        96.72316384180792,
        23.115577889447238
    ],
    "user_accuracy": [
        84.76953907815631,
        71.38157894736842,
        94.61177120751589,
        58.22784810126582
    ],
    "weighted avg": {
        "f1-score": 0.920350673256964,
        "precision": 0.9273107226730006,
        "recall": 0.9153582198190704,
        "support": 9617
    }
}