{
    "Mangroves": {
        "f1-score": 0.8404840484048405,
        "precision": 0.8904428904428905,
        "recall": 0.7958333333333333,
        "support": 480
    },
    "Mangroves > Not Mangroves": {
        "f1-score": 0.5309734513274337,
        "precision": 0.44776119402985076,
        "recall": 0.6521739130434783,
        "support": 92
    },
    "Not Mangroves": {
        "f1-score": 0.8630872483221476,
        "precision": 0.9198855507868383,
        "recall": 0.8128950695322377,
        "support": 791
    },
    "Not Mangroves > Mangroves": {
        "f1-score": 0.11570247933884296,
        "precision": 0.06306306306306306,
        "recall": 0.7,
        "support": 10
    },
    "accuracy": 0.7953386744355426,
    "accuracy_conf_interval": [
        0.017856754231703853,
        0.02134099895984119,
        0.025369656926749987,
        0.028091723120607284
    ],
    "cls_confidence_intervals": {
        "Mangroves": [
            0.024730820210047924,
            0.029556346104691423,
            0.03513586042037297,
            0.0389058025255632
        ],
        "Mangroves > Not Mangroves": [
            0.0704495357543694,
            0.08419578663327074,
            0.10008988921200042,
            0.11082914771114209
        ],
        "Not Mangroves": [
            0.01683943765678255,
            0.020125181589813294,
            0.02392432301238009,
            0.02649131046006036
        ],
        "Not Mangroves > Mangroves": [
            0.03783772962135865,
            0.04522070125479449,
            0.05375726220595468,
            0.05952520879457642
        ]
    },
    "cohen_kappa": 0.6533146068425375,
    "confusion_matrix": [
        [
            382,
            11,
            40,
            47
        ],
        [
            17,
            60,
            15,
            0
        ],
        [
            28,
            63,
            643,
            57
        ],
        [
            2,
            0,
            1,
            7
        ]
    ],
    "macro avg": {
        "f1-score": 0.5875618068483162,
        "precision": 0.5802881745806606,
        "recall": 0.7402255789772623,
        "support": 1373
    },
    "producer_accuracy": [
        89.04428904428904,
        44.776119402985074,
        91.98855507868383,
        6.306306306306306
    ],
    "user_accuracy": [
        79.58333333333333,
        65.21739130434783,
        81.28950695322376,
        70.0
    ],
    "weighted avg": {
        "f1-score": 0.8274879380718533,
        "precision": 0.8717164738283709,
        "recall": 0.7953386744355426,
        "support": 1373
    }
}