{
    "Mangroves": {
        "f1-score": 0.8927890118275467,
        "precision": 0.8958652373660031,
        "recall": 0.8897338403041825,
        "support": 2630
    },
    "Mangroves > Not Mangroves": {
        "f1-score": 0.6505717916137229,
        "precision": 0.5939675174013921,
        "recall": 0.7191011235955056,
        "support": 356
    },
    "Not Mangroves": {
        "f1-score": 0.9541810693535339,
        "precision": 0.9646096654275093,
        "recall": 0.943975552968568,
        "support": 6872
    },
    "Not Mangroves > Mangroves": {
        "f1-score": 0.6118421052631579,
        "precision": 0.5329512893982808,
        "recall": 0.7181467181467182,
        "support": 259
    },
    "accuracy": 0.916180685974103,
    "accuracy_conf_interval": [
        0.004518357502237496,
        0.005399988234381398,
        0.0064193737684227845,
        0.007108147777910207
    ],
    "cls_confidence_intervals": {
        "Mangroves": [
            0.009801137227315725,
            0.01171355424727977,
            0.013924786426613198,
            0.015418862223460107
        ],
        "Mangroves > Not Mangroves": [
            0.03879421334307117,
            0.046363815946597255,
            0.05511616895692429,
            0.06102992099092904
        ],
        "Not Mangroves": [
            0.0036950119095779704,
            0.00441598984315416,
            0.005249620578851629,
            0.0058128845894580275
        ],
        "Not Mangroves > Mangroves": [
            0.04379817171193671,
            0.05234415643621704,
            0.06222545127366618,
            0.06890200183951019
        ]
    },
    "cohen_kappa": 0.8250071767892132,
    "confusion_matrix": [
        [
            2340,
            56,
            166,
            68
        ],
        [
            65,
            256,
            35,
            0
        ],
        [
            172,
            118,
            6487,
            95
        ],
        [
            35,
            1,
            37,
            186
        ]
    ],
    "macro avg": {
        "f1-score": 0.7773459945144904,
        "precision": 0.7468484273982963,
        "recall": 0.8177393087537435,
        "support": 10117
    },
    "producer_accuracy": [
        89.58652373660031,
        59.39675174013921,
        96.46096654275092,
        53.29512893982808
    ],
    "user_accuracy": [
        88.97338403041825,
        71.91011235955057,
        94.39755529685681,
        71.81467181467181
    ],
    "weighted avg": {
        "f1-score": 0.9187741497263592,
        "precision": 0.9226460428229201,
        "recall": 0.916180685974103,
        "support": 10117
    }
}