{
    "Mangroves": {
        "f1-score": 0.8325666973321069,
        "precision": 0.8676893576222435,
        "recall": 0.8001768346595933,
        "support": 1131
    },
    "Mangroves > Not Mangroves": {
        "f1-score": 0.5052631578947367,
        "precision": 0.4,
        "recall": 0.6857142857142857,
        "support": 210
    },
    "Not Mangroves": {
        "f1-score": 0.9435967302452317,
        "precision": 0.9550468836183121,
        "recall": 0.9324178782983307,
        "support": 3714
    },
    "Not Mangroves > Mangroves": {
        "f1-score": 0.49367088607594933,
        "precision": 0.42391304347826086,
        "recall": 0.5909090909090909,
        "support": 66
    },
    "accuracy": 0.8886936145284124,
    "accuracy_conf_interval": [
        0.0072077967209836094,
        0.008614196081175534,
        0.010240345341397446,
        0.011339094841547387
    ],
    "cls_confidence_intervals": {
        "Mangroves": [
            0.01720605148983202,
            0.02056332982931144,
            0.024445182909334517,
            0.027068056612052815
        ],
        "Mangroves > Not Mangroves": [
            0.04234461791853442,
            0.05060698239044358,
            0.06016034131108854,
            0.06661531355476757
        ],
        "Not Mangroves": [
            0.005643157822604255,
            0.006744261787990451,
            0.00801741324796824,
            0.008877650720926207
        ],
        "Not Mangroves > Mangroves": [
            0.08449525974400986,
            0.10098213969406056,
            0.12004509463630669,
            0.1329254695972838
        ]
    },
    "cohen_kappa": 0.7460964206794978,
    "confusion_matrix": [
        [
            905,
            92,
            116,
            18
        ],
        [
            32,
            144,
            34,
            0
        ],
        [
            92,
            124,
            3463,
            35
        ],
        [
            14,
            0,
            13,
            39
        ]
    ],
    "macro avg": {
        "f1-score": 0.6937743678870062,
        "precision": 0.6616623211797041,
        "recall": 0.7523045223953251,
        "support": 5121
    },
    "producer_accuracy": [
        86.76893576222436,
        40.0,
        95.50468836183121,
        42.391304347826086
    ],
    "user_accuracy": [
        80.01768346595934,
        68.57142857142857,
        93.24178782983307,
        59.09090909090909
    ],
    "weighted avg": {
        "f1-score": 0.8953014513673718,
        "precision": 0.9061470513764369,
        "recall": 0.8886936145284124,
        "support": 5121
    }
}