{
    "Mangroves": {
        "f1-score": 0.8722453382647557,
        "precision": 0.8794282162834058,
        "recall": 0.8651788443900947,
        "support": 3271
    },
    "Mangroves > Not Mangroves": {
        "f1-score": 0.6595121951219511,
        "precision": 0.5950704225352113,
        "recall": 0.7396061269146609,
        "support": 457
    },
    "Not Mangroves": {
        "f1-score": 0.9547683923705722,
        "precision": 0.963985594237695,
        "recall": 0.9457257827068407,
        "support": 10189
    },
    "Not Mangroves > Mangroves": {
        "f1-score": 0.4785046728971962,
        "precision": 0.382089552238806,
        "recall": 0.64,
        "support": 200
    },
    "accuracy": 0.9160586526882483,
    "accuracy_conf_interval": [
        0.0038275621309703124,
        0.004574403522379154,
        0.0054379388811956276,
        0.006021408718233785
    ],
    "cls_confidence_intervals": {
        "Mangroves": [
            0.009413992954951756,
            0.011250869629088684,
            0.013374758283559508,
            0.014809818185228982
        ],
        "Mangroves > Not Mangroves": [
            0.033778752985673594,
            0.04036972917800015,
            0.047990545400377733,
            0.053139745550632854
        ],
        "Not Mangroves": [
            0.0030563572953213915,
            0.0036527196944084925,
            0.0043422637183529525,
            0.0048081718426397505
        ],
        "Not Mangroves > Mangroves": [
            0.04353783158203623,
            0.05203301823218964,
            0.06185557779642953,
            0.06849244236686187
        ]
    },
    "cohen_kappa": 0.8068013422354198,
    "confusion_matrix": [
        [
            2830,
            71,
            286,
            84
        ],
        [
            78,
            338,
            41,
            0
        ],
        [
            272,
            158,
            9636,
            123
        ],
        [
            38,
            1,
            33,
            128
        ]
    ],
    "macro avg": {
        "f1-score": 0.7412576496636188,
        "precision": 0.7051434463237796,
        "recall": 0.7976276885028991,
        "support": 14117
    },
    "producer_accuracy": [
        87.94282162834058,
        59.50704225352113,
        96.3985594237695,
        38.2089552238806
    ],
    "user_accuracy": [
        86.51788443900948,
        73.96061269146608,
        94.57257827068408,
        64.0
    ],
    "weighted avg": {
        "f1-score": 0.9193417623487955,
        "precision": 0.9242065600833922,
        "recall": 0.9160586526882483,
        "support": 14117
    }
}