{
    "Mangroves": {
        "f1-score": 0.8186046511627908,
        "precision": 0.8301886792452831,
        "recall": 0.8073394495412844,
        "support": 545
    },
    "Mangroves > Not Mangroves": {
        "f1-score": 0.544,
        "precision": 0.4892086330935252,
        "recall": 0.6126126126126126,
        "support": 111
    },
    "Not Mangroves": {
        "f1-score": 0.9407783417935702,
        "precision": 0.9680789320951828,
        "recall": 0.9149753154141524,
        "support": 1823
    },
    "Not Mangroves > Mangroves": {
        "f1-score": 0.096,
        "precision": 0.05660377358490566,
        "recall": 0.3157894736842105,
        "support": 19
    },
    "accuracy": 0.8734987990392313,
    "accuracy_conf_interval": [
        0.010907522346919453,
        0.01303581939022081,
        0.015496662846538004,
        0.01715939491161719
    ],
    "cls_confidence_intervals": {
        "Mangroves": [
            0.026747157596468403,
            0.031966115176267115,
            0.03800053487790938,
            0.042077845487127126
        ],
        "Mangroves > Not Mangroves": [
            0.06953529130360955,
            0.08310315302138703,
            0.09879099313256724,
            0.10939088509958089
        ],
        "Not Mangroves": [
            0.006945368607986754,
            0.008300562482715877,
            0.009867505400371426,
            0.010926250615003553
        ],
        "Not Mangroves > Mangroves": [
            0.03680956416729499,
            0.04399191815115743,
            0.05229651494499838,
            0.05790772899489091
        ]
    },
    "cohen_kappa": 0.7173441157997938,
    "confusion_matrix": [
        [
            440,
            21,
            43,
            41
        ],
        [
            32,
            68,
            11,
            0
        ],
        [
            46,
            50,
            1668,
            59
        ],
        [
            12,
            0,
            1,
            6
        ]
    ],
    "macro avg": {
        "f1-score": 0.5998457482390903,
        "precision": 0.5860200045047242,
        "recall": 0.662679212813065,
        "support": 2498
    },
    "producer_accuracy": [
        83.01886792452831,
        48.92086330935252,
        96.80789320951828,
        5.660377358490567
    ],
    "user_accuracy": [
        80.73394495412845,
        61.261261261261254,
        91.49753154141524,
        31.57894736842105
    ],
    "weighted avg": {
        "f1-score": 0.8900666340966372,
        "precision": 0.9097831678821826,
        "recall": 0.8734987990392313,
        "support": 2498
    }
}