{
    "Mangroves": {
        "f1-score": 0.8842907704873401,
        "precision": 0.9047353760445682,
        "recall": 0.8647497337593184,
        "support": 1878
    },
    "Mangroves > Not Mangroves": {
        "f1-score": 0.5887850467289719,
        "precision": 0.525,
        "recall": 0.6702127659574468,
        "support": 188
    },
    "Not Mangroves": {
        "f1-score": 0.9662083430435796,
        "precision": 0.9729349186483104,
        "recall": 0.9595741397932418,
        "support": 6481
    },
    "Not Mangroves > Mangroves": {
        "f1-score": 0.3260869565217391,
        "precision": 0.22727272727272727,
        "recall": 0.5769230769230769,
        "support": 78
    },
    "accuracy": 0.9291594202898551,
    "accuracy_conf_interval": [
        0.004530545189574244,
        0.005414554007052145,
        0.006436689202260968,
        0.007127321090915579
    ],
    "cls_confidence_intervals": {
        "Mangroves": [
            0.011364183462520515,
            0.01358158511374403,
            0.01614545577297122,
            0.01787780081298959
        ],
        "Mangroves > Not Mangroves": [
            0.05286456752873327,
            0.06317960509531537,
            0.07510636728167593,
            0.0831649903805682
        ],
        "Not Mangroves": [
            0.003328679861659316,
            0.003978178371251378,
            0.0047291610229672,
            0.005236581733585998
        ],
        "Not Mangroves > Mangroves": [
            0.04884251684451932,
            0.058372764033693826,
            0.06939211234617684,
            0.07683761796271943
        ]
    },
    "cohen_kappa": 0.8215567534599764,
    "confusion_matrix": [
        [
            1624,
            47,
            139,
            68
        ],
        [
            44,
            126,
            18,
            0
        ],
        [
            110,
            67,
            6219,
            85
        ],
        [
            17,
            0,
            16,
            45
        ]
    ],
    "macro avg": {
        "f1-score": 0.6913427791954078,
        "precision": 0.6574857554914014,
        "recall": 0.7678649291082709,
        "support": 8625
    },
    "producer_accuracy": [
        90.47353760445682,
        52.5,
        97.29349186483104,
        22.727272727272727
    ],
    "user_accuracy": [
        86.47497337593184,
        67.02127659574468,
        95.95741397932417,
        57.692307692307686
    ],
    "weighted avg": {
        "f1-score": 0.9343560243054385,
        "precision": 0.9415781468636142,
        "recall": 0.9291594202898551,
        "support": 8625
    }
}