{
    "Mangroves": {
        "f1-score": 0.8352059925093633,
        "precision": 0.87109375,
        "recall": 0.802158273381295,
        "support": 1112
    },
    "Mangroves > Not Mangroves": {
        "f1-score": 0.46025104602510464,
        "precision": 0.35714285714285715,
        "recall": 0.6470588235294118,
        "support": 170
    },
    "Not Mangroves": {
        "f1-score": 0.9469320066334992,
        "precision": 0.9569832402234637,
        "recall": 0.937089715536105,
        "support": 3656
    },
    "Not Mangroves > Mangroves": {
        "f1-score": 0.4647887323943662,
        "precision": 0.39285714285714285,
        "recall": 0.5689655172413793,
        "support": 58
    },
    "accuracy": 0.8929143314651722,
    "accuracy_conf_interval": [
        0.007174691074946524,
        0.00857463079688731,
        0.010193311100381342,
        0.011287014008147581
    ],
    "cls_confidence_intervals": {
        "Mangroves": [
            0.017173677608438204,
            0.020524639093011512,
            0.024399188309549402,
            0.027017126969372297
        ],
        "Mangroves > Not Mangroves": [
            0.044776146104877096,
            0.05351295510095068,
            0.06361489050266077,
            0.07044052253084325
        ],
        "Not Mangroves": [
            0.0055612618968437,
            0.006646386169398568,
            0.007901061109540135,
            0.008748814447473625
        ],
        "Not Mangroves > Mangroves": [
            0.08739105393056125,
            0.10444296689262199,
            0.12415924125500472,
            0.13748104825661467
        ]
    },
    "cohen_kappa": 0.7496294359032771,
    "confusion_matrix": [
        [
            892,
            91,
            113,
            16
        ],
        [
            32,
            110,
            28,
            0
        ],
        [
            88,
            107,
            3426,
            35
        ],
        [
            12,
            0,
            13,
            33
        ]
    ],
    "macro avg": {
        "f1-score": 0.6767944443905833,
        "precision": 0.644519247555866,
        "recall": 0.7388180824220478,
        "support": 4996
    },
    "producer_accuracy": [
        87.109375,
        35.714285714285715,
        95.69832402234637,
        39.285714285714285
    ],
    "user_accuracy": [
        80.2158273381295,
        64.70588235294117,
        93.7089715536105,
        56.896551724137936
    ],
    "weighted avg": {
        "f1-score": 0.8999065060499651,
        "precision": 0.9109061201475148,
        "recall": 0.8929143314651722,
        "support": 4996
    }
}