{
    "Mangroves": {
        "f1-score": 0.8747946105816627,
        "precision": 0.8876292097365789,
        "recall": 0.862325882734046,
        "support": 3087
    },
    "Mangroves > Not Mangroves": {
        "f1-score": 0.5947136563876652,
        "precision": 0.5142857142857142,
        "recall": 0.7049608355091384,
        "support": 383
    },
    "Not Mangroves": {
        "f1-score": 0.9532398129592519,
        "precision": 0.9641891891891892,
        "recall": 0.9425363276089829,
        "support": 9084
    },
    "Not Mangroves > Mangroves": {
        "f1-score": 0.49433962264150944,
        "precision": 0.38529411764705884,
        "recall": 0.6894736842105263,
        "support": 190
    },
    "accuracy": 0.9121939736346516,
    "accuracy_conf_interval": [
        0.004111466233985835,
        0.004913703547934292,
        0.005841290442187194,
        0.006468038343709425
    ],
    "cls_confidence_intervals": {
        "Mangroves": [
            0.009457974209268019,
            0.011303432591564218,
            0.0134372438460942,
            0.014879008207263105
        ],
        "Mangroves > Not Mangroves": [
            0.03577312377804949,
            0.042753245490839635,
            0.05082401122125325,
            0.05627723130937055
        ],
        "Not Mangroves": [
            0.0032338924403281337,
            0.003864895843318989,
            0.004594493528027166,
            0.005087464936613772
        ],
        "Not Mangroves > Mangroves": [
            0.04328468520311203,
            0.0517304774378656,
            0.06149592470929942,
            0.06809419989270064
        ]
    },
    "cohen_kappa": 0.802540425489727,
    "confusion_matrix": [
        [
            2662,
            92,
            249,
            84
        ],
        [
            67,
            270,
            46,
            0
        ],
        [
            235,
            162,
            8562,
            125
        ],
        [
            35,
            1,
            23,
            131
        ]
    ],
    "macro avg": {
        "f1-score": 0.7292719256425223,
        "precision": 0.6878495577146352,
        "recall": 0.7998241825156734,
        "support": 12744
    },
    "producer_accuracy": [
        88.76292097365788,
        51.42857142857142,
        96.41891891891892,
        38.529411764705884
    ],
    "user_accuracy": [
        86.2325882734046,
        70.49608355091384,
        94.25363276089828,
        68.94736842105263
    ],
    "weighted avg": {
        "f1-score": 0.9166212556878375,
        "precision": 0.9234920963571706,
        "recall": 0.9121939736346516,
        "support": 12744
    }
}