{
    "Mangroves": {
        "f1-score": 0.8995305164319249,
        "precision": 0.9071969696969697,
        "recall": 0.8919925512104283,
        "support": 1074
    },
    "Mangroves > Not Mangroves": {
        "f1-score": 0.16000000000000003,
        "precision": 0.1,
        "recall": 0.4,
        "support": 5
    },
    "Not Mangroves": {
        "f1-score": 0.9665238775186419,
        "precision": 0.9688295165394402,
        "recall": 0.9642291864514086,
        "support": 3159
    },
    "Not Mangroves > Mangroves": {
        "f1-score": 0.28571428571428575,
        "precision": 0.2,
        "recall": 0.5,
        "support": 12
    },
    "accuracy": 0.944,
    "accuracy_conf_interval": [
        0.005784014775019777,
        0.006912603023804124,
        0.008217533186461026,
        0.009099242755823796
    ],
    "cls_confidence_intervals": {
        "Mangroves": [
            0.014643461952446103,
            0.017500722821216074,
            0.020804430700731354,
            0.023036665754457893
        ],
        "Mangroves > Not Mangroves": [
            0.11001454449298965,
            0.13148079707698765,
            0.15630115162723532,
            0.17307166145848374
        ],
        "Not Mangroves": [
            0.0050827415771544674,
            0.006074496031233388,
            0.00722121211876214,
            0.007996020286011297
        ],
        "Not Mangroves > Mangroves": [
            0.11976866590779633,
            0.14313816169468344,
            0.17015914119827164,
            0.18841655978177718
        ]
    },
    "cohen_kappa": 0.8554173813607776,
    "confusion_matrix": [
        [
            958,
            7,
            94,
            15
        ],
        [
            2,
            2,
            1,
            0
        ],
        [
            93,
            11,
            3046,
            9
        ],
        [
            3,
            0,
            3,
            6
        ]
    ],
    "macro avg": {
        "f1-score": 0.577942169916213,
        "precision": 0.5440066215591025,
        "recall": 0.6890554344154592,
        "support": 4250
    },
    "producer_accuracy": [
        90.71969696969697,
        10.0,
        96.88295165394402,
        20.0
    ],
    "user_accuracy": [
        89.19925512104282,
        40.0,
        96.42291864514087,
        50.0
    ],
    "weighted avg": {
        "f1-score": 0.9467231235665525,
        "precision": 0.9500616442829735,
        "recall": 0.944,
        "support": 4250
    }
}