overall accuracy,0.89
cohen kappa,0.7243130985162631
""
Confidence Interval,90%,95%,98%,99%
Overall Accuracy,0.010262784027738281,0.012265278472175019,0.014580662673554998,0.0161451114582712
""
class,f1-score,precision,recall,support
Mangroves,0.7919463087248322,0.8251748251748252,0.7612903225806451,465
Mangroves > Not Mangroves,0.5263157894736842,0.4076086956521739,0.7425742574257426,101
Not Mangroves,0.9468367889420521,0.9616630669546437,0.9324607329842932,1910
Not Mangroves > Mangroves,0.5084745762711864,0.42857142857142855,0.625,24
""
macro avg,0.6933933658529386,0.6557545040882677,0.7653313282476703,2500
weighted (pixel) avg,0.8968298340014867,0.9087747776544988,0.89,2500
""
Confidence Interval,90%,95%,98%,99%
Mangroves,0.03007392916562232,0.03594201290525594,0.04272698472920732,0.047311425150796095
Mangroves > Not Mangroves,0.05941019723676526,0.07100243084393897,0.08440595095223358,0.09346238345783804
Not Mangroves,0.0073171761243046585,0.008744917807095812,0.010395744127823082,0.01151116731750367
Not Mangroves > Mangroves,0.13718366739733664,0.16395121225535356,0.1949011859974356,0.21581333041776132
""
Point Count Confusion Matrix
,Mangroves,Mangroves > Not Mangroves,Not Mangroves,Not Mangroves > Mangroves,User Acc
Mangroves,354,49,51,11,76.12903225806451
Mangroves > Not Mangroves,13,75,13,0,74.25742574257426
Not Mangroves,60,60,1781,9,93.24607329842932
Not Mangroves > Mangroves,2,0,7,15,62.5
Producer,82.51748251748252,40.76086956521739,96.16630669546437,42.857142857142854
""
