overall accuracy,0.961
cohen kappa,0.9171840891523898
""
Confidence Interval,90%,95%,98%,99%
Overall Accuracy,0.010040095537394059,0.011999138569080704,0.014264282074468388,0.01579478444297358
""
class,f1-score,precision,recall,support
Mangroves,0.9509536784741145,0.9561643835616438,0.94579945799458,369
Mangroves > Not Mangroves,0.0,0.0,0.0,0
Not Mangroves,0.9729299363057325,0.9744816586921851,0.9713831478537361,629
Not Mangroves > Mangroves,0.3333333333333333,0.25,0.5,2
""
macro avg,0.5643042370282951,0.5451615105634572,0.604295651462079,1000
weighted (pixel) avg,0.9635415039599206,0.966273620851631,0.961,1000
""
Confidence Interval,90%,95%,98%,99%
Mangroves,0.017574268455303507,0.02100339400755785,0.024968320427351934,0.027647324765050642
Mangroves > Not Mangroves,0.0,0.0,0.0,0.0
Not Mangroves,0.01032816418583305,0.01234341573428828,0.01467355033718964,0.016247965609420288
Not Mangroves > Mangroves,0.3550704155516198,0.4243524478543749,0.5044597977044355,0.558586385440963
""
Point Count Confusion Matrix
,Mangroves,Mangroves > Not Mangroves,Not Mangroves,Not Mangroves > Mangroves,User Acc
Mangroves,349,3,15,2,94.579945799458
Mangroves > Not Mangroves,0,0,0,0,nan
Not Mangroves,16,1,611,1,97.13831478537361
Not Mangroves > Mangroves,0,0,1,1,50.0
Producer,95.61643835616438,0.0,97.4481658692185,25.0
""
