{
    "Mangroves": {
        "f1-score": 0.9238451935081149,
        "precision": 0.9367088607594937,
        "recall": 0.9113300492610837,
        "support": 812
    },
    "Mangroves > Not Mangroves": {
        "f1-score": 0.19999999999999998,
        "precision": 0.1111111111111111,
        "recall": 1.0,
        "support": 1
    },
    "Not Mangroves": {
        "f1-score": 0.9655172413793104,
        "precision": 0.9643705463182898,
        "recall": 0.9666666666666667,
        "support": 1680
    },
    "Not Mangroves > Mangroves": {
        "f1-score": 0.25,
        "precision": 0.17647058823529413,
        "recall": 0.42857142857142855,
        "support": 7
    },
    "accuracy": 0.9472,
    "accuracy_conf_interval": [
        0.007335194763222034,
        0.008766452277997066,
        0.010421343779455696,
        0.011539513712873688
    ],
    "cls_confidence_intervals": {
        "Mangroves": [
            0.014207055372599111,
            0.016979163737984304,
            0.020184414035460934,
            0.022350123695918114
        ],
        "Mangroves > Not Mangroves": [
            0.1718007586882871,
            0.20532285794453822,
            0.24408278520957863,
            0.27027192525352484
        ],
        "Not Mangroves": [
            0.007407972388530278,
            0.008853430415560576,
            0.01052474125931436,
            0.01165400534293178
        ],
        "Not Mangroves > Mangroves": [
            0.15163348314225134,
            0.18122050424317843,
            0.21543049739112538,
            0.23854535762622467
        ]
    },
    "cohen_kappa": 0.8812638705387598,
    "confusion_matrix": [
        [
            740,
            6,
            57,
            9
        ],
        [
            0,
            1,
            0,
            0
        ],
        [
            49,
            2,
            1624,
            5
        ],
        [
            1,
            0,
            3,
            3
        ]
    ],
    "macro avg": {
        "f1-score": 0.5848406087218563,
        "precision": 0.5471652766060471,
        "recall": 0.8266420361247947,
        "support": 2500
    },
    "producer_accuracy": [
        93.67088607594937,
        11.11111111111111,
        96.43705463182897,
        17.647058823529413
    ],
    "user_accuracy": [
        91.13300492610837,
        100.0,
        96.66666666666667,
        42.857142857142854
    ],
    "weighted avg": {
        "f1-score": 0.9496725050583323,
        "precision": 0.9528386071920774,
        "recall": 0.9472,
        "support": 2500
    }
}