{
    "Mangroves": {
        "f1-score": 0.8635693215339233,
        "precision": 0.8732289336316182,
        "recall": 0.8541210795040116,
        "support": 2742
    },
    "Mangroves > Not Mangroves": {
        "f1-score": 0.6537216828478964,
        "precision": 0.5964566929133859,
        "recall": 0.7231503579952268,
        "support": 419
    },
    "Not Mangroves": {
        "f1-score": 0.9546621043627032,
        "precision": 0.9639525509616492,
        "recall": 0.9455490284681428,
        "support": 8852
    },
    "Not Mangroves > Mangroves": {
        "f1-score": 0.3333333333333333,
        "precision": 0.23770491803278687,
        "recall": 0.5576923076923077,
        "support": 104
    },
    "accuracy": 0.9138400594206487,
    "accuracy_conf_interval": [
        0.004180556386685557,
        0.004996274706038837,
        0.005939449012791066,
        0.006576728949785816
    ],
    "cls_confidence_intervals": {
        "Mangroves": [
            0.010536311253828397,
            0.012592176864331499,
            0.014969271476475712,
            0.01657541648468126
        ],
        "Mangroves > Not Mangroves": [
            0.03569821693623047,
            0.0426637226798852,
            0.05071758869598598,
            0.056159390058216234
        ],
        "Not Mangroves": [
            0.003280756850032237,
            0.003920904528087308,
            0.004661075280838483,
            0.005161190654319007
        ],
        "Not Mangroves > Mangroves": [
            0.04469197811536803,
            0.05341236408909837,
            0.06349531037122409,
            0.07030811191320092
        ]
    },
    "cohen_kappa": 0.7971676306222371,
    "confusion_matrix": [
        [
            2342,
            65,
            252,
            83
        ],
        [
            77,
            303,
            39,
            0
        ],
        [
            239,
            140,
            8370,
            103
        ],
        [
            24,
            0,
            22,
            58
        ]
    ],
    "macro avg": {
        "f1-score": 0.7013216105194641,
        "precision": 0.66783577388486,
        "recall": 0.7701281934149222,
        "support": 12117
    },
    "producer_accuracy": [
        87.32289336316182,
        59.645669291338585,
        96.39525509616492,
        23.770491803278688
    ],
    "user_accuracy": [
        85.41210795040116,
        72.31503579952268,
        94.55490284681429,
        55.769230769230774
    ],
    "weighted avg": {
        "f1-score": 0.9183091589704218,
        "precision": 0.9244811738001598,
        "recall": 0.9138400594206487,
        "support": 12117
    }
}