{
    "Mangroves": {
        "f1-score": 0.8591845313156787,
        "precision": 0.8686782830429239,
        "recall": 0.8498960498960499,
        "support": 2405
    },
    "Mangroves > Not Mangroves": {
        "f1-score": 0.6408706166868198,
        "precision": 0.5837004405286343,
        "recall": 0.710455764075067,
        "support": 373
    },
    "Not Mangroves": {
        "f1-score": 0.957177322074789,
        "precision": 0.9657984420642648,
        "recall": 0.9487087517934003,
        "support": 8364
    },
    "Not Mangroves > Mangroves": {
        "f1-score": 0.35109717868338564,
        "precision": 0.2557077625570776,
        "recall": 0.56,
        "support": 100
    },
    "accuracy": 0.9162070805906423,
    "accuracy_conf_interval": [
        0.004285707631142666,
        0.005121943266487576,
        0.006088840719855129,
        0.006742149809968341
    ],
    "cls_confidence_intervals": {
        "Mangroves": [
            0.011419067567774456,
            0.013647178312706057,
            0.016223431361533223,
            0.017964142881011034
        ],
        "Mangroves > Not Mangroves": [
            0.03794144856821336,
            0.045344658044937924,
            0.0539046190024007,
            0.05968837640609176
        ],
        "Not Mangroves": [
            0.0032883635655747583,
            0.0039299954808088575,
            0.004671882382798285,
            0.005173157316574925
        ],
        "Not Mangroves > Mangroves": [
            0.048346550348882605,
            0.05778002358768897,
            0.06868747702005883,
            0.0760573779878763
        ]
    },
    "cohen_kappa": 0.7956147263120378,
    "confusion_matrix": [
        [
            2044,
            64,
            225,
            72
        ],
        [
            73,
            265,
            35,
            0
        ],
        [
            213,
            125,
            7935,
            91
        ],
        [
            23,
            0,
            21,
            56
        ]
    ],
    "macro avg": {
        "f1-score": 0.7020824121901683,
        "precision": 0.6684712320482251,
        "recall": 0.7672651414411293,
        "support": 11242
    },
    "producer_accuracy": [
        86.86782830429239,
        58.370044052863435,
        96.57984420642649,
        25.570776255707763
    ],
    "user_accuracy": [
        84.989604989605,
        71.0455764075067,
        94.87087517934003,
        56.00000000000001
    ],
    "weighted avg": {
        "f1-score": 0.9203277332805787,
        "precision": 0.9260274400210489,
        "recall": 0.9162070805906423,
        "support": 11242
    }
}