{
    "Mangroves": {
        "f1-score": 0.8988666085440279,
        "precision": 0.9180765805877115,
        "recall": 0.8804440649017934,
        "support": 1171
    },
    "Mangroves > Not Mangroves": {
        "f1-score": 0.6569767441860466,
        "precision": 0.5794871794871795,
        "recall": 0.7583892617449665,
        "support": 149
    },
    "Not Mangroves": {
        "f1-score": 0.9666622037756057,
        "precision": 0.978054727716066,
        "recall": 0.9555320275277925,
        "support": 3778
    },
    "Not Mangroves > Mangroves": {
        "f1-score": 0.20979020979020982,
        "precision": 0.12931034482758622,
        "recall": 0.5555555555555556,
        "support": 27
    },
    "accuracy": 0.9305365853658537,
    "accuracy_conf_interval": [
        0.005824272735506206,
        0.006960716196092784,
        0.008274728947396014,
        0.009162575400979277
    ],
    "cls_confidence_intervals": {
        "Mangroves": [
            0.013421388876799173,
            0.016040196462516084,
            0.019068192733501264,
            0.021114136159842603
        ],
        "Mangroves > Not Mangroves": [
            0.05797464245880289,
            0.06928676781661809,
            0.08236641276159193,
            0.09120401069738504
        ],
        "Not Mangroves": [
            0.003954794219004492,
            0.004726461383688295,
            0.005618701542853943,
            0.006221566515263164
        ],
        "Not Mangroves > Mangroves": [
            0.05109320905283379,
            0.06106261569728917,
            0.07258974212994071,
            0.08037834107092147
        ]
    },
    "cohen_kappa": 0.8337404694651547,
    "confusion_matrix": [
        [
            1031,
            27,
            69,
            44
        ],
        [
            26,
            113,
            10,
            0
        ],
        [
            56,
            55,
            3610,
            57
        ],
        [
            10,
            0,
            2,
            15
        ]
    ],
    "macro avg": {
        "f1-score": 0.6830739415739725,
        "precision": 0.6512322081546358,
        "recall": 0.787480227432527,
        "support": 5125
    },
    "producer_accuracy": [
        91.80765805877115,
        57.948717948717956,
        97.8054727716066,
        12.931034482758621
    ],
    "user_accuracy": [
        88.04440649017934,
        75.83892617449665,
        95.55320275277926,
        55.55555555555556
    ],
    "weighted avg": {
        "f1-score": 0.9381807756131417,
        "precision": 0.9482913963382327,
        "recall": 0.9305365853658537,
        "support": 5125
    }
}