{
    "Mangroves": {
        "f1-score": 0.8551625239005736,
        "precision": 0.8650870406189555,
        "recall": 0.8454631379962193,
        "support": 2116
    },
    "Mangroves > Not Mangroves": {
        "f1-score": 0.6081582200247219,
        "precision": 0.537117903930131,
        "recall": 0.7008547008547008,
        "support": 351
    },
    "Not Mangroves": {
        "f1-score": 0.9534201732251244,
        "precision": 0.9664039817503111,
        "recall": 0.9407806191117093,
        "support": 7430
    },
    "Not Mangroves > Mangroves": {
        "f1-score": 0.37349397590361444,
        "precision": 0.26382978723404255,
        "recall": 0.6391752577319587,
        "support": 97
    },
    "accuracy": 0.909245547328397,
    "accuracy_conf_interval": [
        0.00471247151346248,
        0.005631978150235647,
        0.006695157699004622,
        0.007413522258983659
    ],
    "cls_confidence_intervals": {
        "Mangroves": [
            0.01232041447561638,
            0.01472439778793177,
            0.017504003492796443,
            0.01938211545554284
        ],
        "Mangroves > Not Mangroves": [
            0.0382103587359001,
            0.04566603848924646,
            0.054286668204053194,
            0.06011141801135504
        ],
        "Not Mangroves": [
            0.0034746244798623442,
            0.004152599988128168,
            0.004936509169560526,
            0.0054661775353932
        ],
        "Not Mangroves > Mangroves": [
            0.047147747712156886,
            0.05634730824135823,
            0.06698430010324728,
            0.07417145676668584
        ]
    },
    "cohen_kappa": 0.781994042483292,
    "confusion_matrix": [
        [
            1789,
            66,
            188,
            73
        ],
        [
            62,
            246,
            43,
            0
        ],
        [
            194,
            146,
            6990,
            100
        ],
        [
            23,
            0,
            12,
            62
        ]
    ],
    "macro avg": {
        "f1-score": 0.6975587232635085,
        "precision": 0.6581096783833601,
        "recall": 0.781568428923647,
        "support": 9994
    },
    "producer_accuracy": [
        86.50870406189554,
        53.7117903930131,
        96.64039817503111,
        26.382978723404253
    ],
    "user_accuracy": [
        84.54631379962193,
        70.08547008547008,
        94.07806191117093,
        63.91752577319587
    ],
    "weighted avg": {
        "f1-score": 0.9148617408972999,
        "precision": 0.9230563974380328,
        "recall": 0.909245547328397,
        "support": 9994
    }
}