{
    "Mangroves": {
        "f1-score": 0.875993091537133,
        "precision": 0.8817802503477051,
        "recall": 0.8702814001372684,
        "support": 1457
    },
    "Mangroves > Not Mangroves": {
        "f1-score": 0.6228070175438596,
        "precision": 0.5546875,
        "recall": 0.71,
        "support": 200
    },
    "Not Mangroves": {
        "f1-score": 0.9481735460899381,
        "precision": 0.9648416532474503,
        "recall": 0.9320715582058595,
        "support": 3857
    },
    "Not Mangroves > Mangroves": {
        "f1-score": 0.48101265822784817,
        "precision": 0.37073170731707317,
        "recall": 0.6846846846846847,
        "support": 111
    },
    "accuracy": 0.9032888888888889,
    "accuracy_conf_interval": [
        0.006462999244820413,
        0.007724072268200006,
        0.00918218795148266,
        0.010167401250997967
    ],
    "cls_confidence_intervals": {
        "Mangroves": [
            0.013963349434876138,
            0.016687905422169046,
            0.019838173282476466,
            0.021966732647549052
        ],
        "Mangroves > Not Mangroves": [
            0.05094252859932233,
            0.06088253417967791,
            0.07237566563196404,
            0.08014129499161683
        ],
        "Not Mangroves": [
            0.00494839850928262,
            0.005913939681825571,
            0.0070303466625783574,
            0.007784675703627538
        ],
        "Not Mangroves > Mangroves": [
            0.055324144598988205,
            0.06611909964269323,
            0.07860076641197715,
            0.0870343250398717
        ]
    },
    "cohen_kappa": 0.7973553146747467,
    "confusion_matrix": [
        [
            1268,
            28,
            103,
            58
        ],
        [
            38,
            142,
            20,
            0
        ],
        [
            106,
            85,
            3595,
            71
        ],
        [
            26,
            1,
            8,
            76
        ]
    ],
    "macro avg": {
        "f1-score": 0.7319965783496947,
        "precision": 0.6930102777280571,
        "recall": 0.7992594107569532,
        "support": 5625
    },
    "producer_accuracy": [
        88.17802503477051,
        55.46875,
        96.48416532474504,
        37.073170731707314
    ],
    "user_accuracy": [
        87.02814001372684,
        71.0,
        93.20715582058595,
        68.46846846846847
    ],
    "weighted avg": {
        "f1-score": 0.9086899751485435,
        "precision": 0.9170198757056386,
        "recall": 0.9032888888888889,
        "support": 5625
    }
}