overall accuracy,0.90736
cohen kappa,0.8010542926752355
""
Confidence Interval,90%,95%,98%,99%
Overall Accuracy,0.006014408574665873,0.007187951711186044,0.008544860962787492,0.009461691538193874
""
class,f1-score,precision,recall,support
Mangroves,0.8763897972531065,0.8821593153390388,0.8706952566601689,1539
Mangroves > Not Mangroves,0.6127659574468084,0.5433962264150943,0.7024390243902439,205
Not Mangroves,0.9514608311023164,0.966650898770104,0.9367407746963099,4363
Not Mangroves > Mangroves,0.5249343832020997,0.42016806722689076,0.6993006993006993,143
""
macro avg,0.7413877422510827,0.703093626937782,0.8022939387618555,6250
weighted (pixel) avg,0.9121072227434295,0.9194594108270855,0.90736,6250
""
Confidence Interval,90%,95%,98%,99%
Mangroves,0.013567071129447654,0.01621430452055939,0.01927516812903234,0.021343319215838385
Mangroves > Not Mangroves,0.05018211580838255,0.05997374816123768,0.07129532306922644,0.0789450358448945
Not Mangroves,0.004528488354847749,0.005412095838720481,0.006433766991948327,0.007124085338723898
Not Mangroves > Mangroves,0.05247083261027607,0.06270904385130555,0.07454697559874589,0.08254557813080017
""
Point Count Confusion Matrix
,Mangroves,Mangroves > Not Mangroves,Not Mangroves,Not Mangroves > Mangroves,User Acc
Mangroves,1340,32,109,58,87.06952566601689
Mangroves > Not Mangroves,41,144,20,0,70.24390243902438
Not Mangroves,108,88,4087,80,93.67407746963099
Not Mangroves > Mangroves,30,1,12,100,69.93006993006993
Producer,88.21593153390388,54.339622641509436,96.6650898770104,42.016806722689076
""
