{
    "Mangroves": {
        "f1-score": 0.8691914022517913,
        "precision": 0.8812785388127854,
        "recall": 0.8574313408723748,
        "support": 2476
    },
    "Mangroves > Not Mangroves": {
        "f1-score": 0.4484536082474227,
        "precision": 0.36554621848739494,
        "recall": 0.58,
        "support": 150
    },
    "Not Mangroves": {
        "f1-score": 0.9586807034625449,
        "precision": 0.9678093131834378,
        "recall": 0.9497226911020015,
        "support": 8294
    },
    "Not Mangroves > Mangroves": {
        "f1-score": 0.2827586206896552,
        "precision": 0.19339622641509435,
        "recall": 0.5256410256410257,
        "support": 78
    },
    "accuracy": 0.9208947081287506,
    "accuracy_conf_interval": [
        0.004220799745452168,
        0.005044370427491615,
        0.005996624028599727,
        0.006640038623943045
    ],
    "cls_confidence_intervals": {
        "Mangroves": [
            0.010808032991465962,
            0.012916917477605662,
            0.01535531516470469,
            0.01700288116950133
        ],
        "Mangroves > Not Mangroves": [
            0.051194878003433364,
            0.06118412249190817,
            0.07273418643170716,
            0.0805382836883281
        ],
        "Not Mangroves": [
            0.0032086204248095575,
            0.003834692702821178,
            0.004558588774272115,
            0.005047707741468694
        ],
        "Not Mangroves > Mangroves": [
            0.04448668453279845,
            0.05316701322212498,
            0.06320364326915878,
            0.06998515005769514
        ]
    },
    "cohen_kappa": 0.7982835935020579,
    "confusion_matrix": [
        [
            2123,
            50,
            228,
            75
        ],
        [
            49,
            87,
            14,
            0
        ],
        [
            220,
            101,
            7877,
            96
        ],
        [
            17,
            0,
            20,
            41
        ]
    ],
    "macro avg": {
        "f1-score": 0.6397710836628535,
        "precision": 0.6020075742246782,
        "recall": 0.7281987644038505,
        "support": 10998
    },
    "producer_accuracy": [
        88.12785388127854,
        36.554621848739494,
        96.78093131834378,
        19.339622641509436
    ],
    "user_accuracy": [
        85.74313408723748,
        57.99999999999999,
        94.97226911020014,
        52.56410256410257
    ],
    "weighted avg": {
        "f1-score": 0.9267811311279041,
        "precision": 0.9346220171010525,
        "recall": 0.9208947081287506,
        "support": 10998
    }
}