{
    "Mangroves": {
        "f1-score": 0.851705565529623,
        "precision": 0.8612926652142339,
        "recall": 0.8423295454545454,
        "support": 1408
    },
    "Mangroves > Not Mangroves": {
        "f1-score": 0.5882352941176471,
        "precision": 0.5158730158730159,
        "recall": 0.6842105263157895,
        "support": 190
    },
    "Not Mangroves": {
        "f1-score": 0.954307116104869,
        "precision": 0.9680851063829787,
        "recall": 0.9409158050221565,
        "support": 4739
    },
    "Not Mangroves > Mangroves": {
        "f1-score": 0.14814814814814814,
        "precision": 0.09090909090909091,
        "recall": 0.4,
        "support": 30
    },
    "accuracy": 0.9089052929166013,
    "accuracy_conf_interval": [
        0.0059140134952877475,
        0.0070679673480268206,
        0.008402226490256374,
        0.009303752937708774
    ],
    "cls_confidence_intervals": {
        "Mangroves": [
            0.015275729726630397,
            0.018256359917192426,
            0.021702713575029772,
            0.024031330911406357
        ],
        "Mangroves > Not Mangroves": [
            0.05162910878374451,
            0.061703081229353196,
            0.07335111186958825,
            0.08122140284272003
        ],
        "Not Mangroves": [
            0.004247519204632381,
            0.005076303439682603,
            0.006034585211459421,
            0.006682072895092406
        ],
        "Not Mangroves > Mangroves": [
            0.0410359221547098,
            0.04904293135562879,
            0.05830103574419137,
            0.06455651168240933
        ]
    },
    "cohen_kappa": 0.7791377961470434,
    "confusion_matrix": [
        [
            1186,
            38,
            131,
            53
        ],
        [
            47,
            130,
            13,
            0
        ],
        [
            129,
            84,
            4459,
            67
        ],
        [
            15,
            0,
            3,
            12
        ]
    ],
    "macro avg": {
        "f1-score": 0.6355990309750719,
        "precision": 0.6090399695948299,
        "recall": 0.7168639691981228,
        "support": 6367
    },
    "producer_accuracy": [
        86.12926652142339,
        51.587301587301596,
        96.80851063829788,
        9.090909090909092
    ],
    "user_accuracy": [
        84.23295454545455,
        68.42105263157895,
        94.09158050221565,
        40.0
    ],
    "weighted avg": {
        "f1-score": 0.9168952426281578,
        "precision": 0.9268412969237826,
        "recall": 0.9089052929166013,
        "support": 6367
    }
}