{
    "Mangroves": {
        "f1-score": 0.8944504896626768,
        "precision": 0.9121171770972037,
        "recall": 0.8774551665243382,
        "support": 2342
    },
    "Mangroves > Not Mangroves": {
        "f1-score": 0.5201793721973095,
        "precision": 0.4172661870503597,
        "recall": 0.6904761904761905,
        "support": 84
    },
    "Not Mangroves": {
        "f1-score": 0.966355396868992,
        "precision": 0.9682168409466153,
        "recall": 0.9645010964912281,
        "support": 7296
    },
    "Not Mangroves > Mangroves": {
        "f1-score": 0.22033898305084743,
        "precision": 0.14444444444444443,
        "recall": 0.4642857142857143,
        "support": 28
    },
    "accuracy": 0.9397948717948718,
    "accuracy_conf_interval": [
        0.003950706968349228,
        0.004721576620710054,
        0.005612894656252258,
        0.006215136572159152
    ],
    "cls_confidence_intervals": {
        "Mangroves": [
            0.009782290792517022,
            0.01169103045934961,
            0.013898010699124793,
            0.015389213563837753
        ],
        "Mangroves > Not Mangroves": [
            0.06859274037753933,
            0.08197668971949823,
            0.0974518811461382,
            0.10790809156954359
        ],
        "Not Mangroves": [
            0.0033745917120135754,
            0.004033048631430858,
            0.004794389444507092,
            0.0053088089128018445
        ],
        "Not Mangroves > Mangroves": [
            0.06077110352231244,
            0.07262887981934903,
            0.08633943366279756,
            0.09560332139485739
        ]
    },
    "cohen_kappa": 0.8442417834530113,
    "confusion_matrix": [
        [
            2055,
            36,
            213,
            38
        ],
        [
            17,
            58,
            9,
            0
        ],
        [
            175,
            45,
            7037,
            39
        ],
        [
            6,
            0,
            9,
            13
        ]
    ],
    "macro avg": {
        "f1-score": 0.6503310604449564,
        "precision": 0.6105111623846557,
        "recall": 0.7491795419443678,
        "support": 9750
    },
    "producer_accuracy": [
        91.21171770972038,
        41.726618705035975,
        96.82168409466153,
        14.444444444444443
    ],
    "user_accuracy": [
        87.74551665243382,
        69.04761904761905,
        96.45010964912281,
        46.42857142857143
    ],
    "weighted avg": {
        "f1-score": 0.9430970852447335,
        "precision": 0.9476290568681878,
        "recall": 0.9397948717948718,
        "support": 9750
    }
}