{
    "Mangroves": {
        "f1-score": 0.8676382511479337,
        "precision": 0.8783346806790623,
        "recall": 0.8571992110453649,
        "support": 2535
    },
    "Mangroves > Not Mangroves": {
        "f1-score": 0.4473007712082262,
        "precision": 0.36401673640167365,
        "recall": 0.58,
        "support": 150
    },
    "Not Mangroves": {
        "f1-score": 0.959440721053848,
        "precision": 0.9685057739414441,
        "recall": 0.9505437893531768,
        "support": 8735
    },
    "Not Mangroves > Mangroves": {
        "f1-score": 0.2827586206896552,
        "precision": 0.19339622641509435,
        "recall": 0.5256410256410257,
        "support": 78
    },
    "accuracy": 0.9222473473647591,
    "accuracy_conf_interval": [
        0.0040955667689118345,
        0.004894701748211705,
        0.00581870156802718,
        0.006443025770605204
    ],
    "cls_confidence_intervals": {
        "Mangroves": [
            0.010778477415411124,
            0.012881594959881587,
            0.015313324620675561,
            0.01695638520229311
        ],
        "Mangroves > Not Mangroves": [
            0.051042086232959624,
            0.061001517693049304,
            0.072517110318778,
            0.08029791614697307
        ],
        "Not Mangroves": [
            0.003093456500874322,
            0.003697057769337605,
            0.0043949717359982755,
            0.0048665352269852144
        ],
        "Not Mangroves > Mangroves": [
            0.04448668453279845,
            0.05316701322212498,
            0.06320364326915878,
            0.06998515005769514
        ]
    },
    "cohen_kappa": 0.798426559470008,
    "confusion_matrix": [
        [
            2173,
            51,
            236,
            75
        ],
        [
            49,
            87,
            14,
            0
        ],
        [
            235,
            101,
            8303,
            96
        ],
        [
            17,
            0,
            20,
            41
        ]
    ],
    "macro avg": {
        "f1-score": 0.6392845910249157,
        "precision": 0.6010633543593187,
        "recall": 0.7283460065098918,
        "support": 11498
    },
    "producer_accuracy": [
        87.83346806790622,
        36.40167364016737,
        96.85057739414441,
        19.339622641509436
    ],
    "user_accuracy": [
        85.7199211045365,
        57.99999999999999,
        95.05437893531769,
        52.56410256410257
    ],
    "weighted avg": {
        "f1-score": 0.9279290270621328,
        "precision": 0.9354812808332374,
        "recall": 0.9222473473647591,
        "support": 11498
    }
}