{
    "Mangroves": {
        "f1-score": 0.8831325301204819,
        "precision": 0.8654073199527745,
        "recall": 0.9015990159901599,
        "support": 813
    },
    "Mangroves > Not Mangroves": {
        "f1-score": 0.5136612021857924,
        "precision": 0.6351351351351351,
        "recall": 0.43119266055045874,
        "support": 109
    },
    "Not Mangroves": {
        "f1-score": 0.9674302075876878,
        "precision": 0.9660471765546819,
        "recall": 0.9688172043010753,
        "support": 2790
    },
    "Not Mangroves > Mangroves": {
        "f1-score": 0.39999999999999997,
        "precision": 0.4482758620689655,
        "recall": 0.3611111111111111,
        "support": 36
    },
    "accuracy": 0.9327641408751334,
    "accuracy_conf_interval": [
        0.006708577744423859,
        0.008017568523823636,
        0.009531089112504628,
        0.010553738158910706
    ],
    "cls_confidence_intervals": {
        "Mangroves": [
            0.019231942220003313,
            0.02298451631171128,
            0.02732343010524861,
            0.030255128614395457
        ],
        "Mangroves > Not Mangroves": [
            0.0917755676747595,
            0.10968299551373697,
            0.1303884589525547,
            0.14437863695175582
        ],
        "Not Mangroves": [
            0.005615094999462426,
            0.006710723292040461,
            0.007977543505333813,
            0.008833503108910403
        ],
        "Not Mangroves > Mangroves": [
            0.15145322262009064,
            0.1810050709362059,
            0.21517439555171416,
            0.2382617770486792
        ]
    },
    "cohen_kappa": 0.8296167867772686,
    "confusion_matrix": [
        [
            733,
            7,
            65,
            8
        ],
        [
            39,
            47,
            23,
            0
        ],
        [
            59,
            20,
            2703,
            8
        ],
        [
            16,
            0,
            7,
            13
        ]
    ],
    "macro avg": {
        "f1-score": 0.6910559849734905,
        "precision": 0.7287163734278892,
        "recall": 0.6656799979882013,
        "support": 3748
    },
    "producer_accuracy": [
        86.54073199527745,
        63.51351351351351,
        96.60471765546819,
        44.827586206896555
    ],
    "user_accuracy": [
        90.159901599016,
        43.11926605504588,
        96.88172043010753,
        36.11111111111111
    ],
    "weighted avg": {
        "f1-score": 0.9304978914610065,
        "precision": 0.9296199131465798,
        "recall": 0.9327641408751334,
        "support": 3748
    }
}