overall accuracy,0.9407
cohen kappa,0.8463703943469901
""
Confidence Interval,90%,95%,98%,99%
Overall Accuracy,0.0038734394082778683,0.0046292324635515995,0.00550311818371185,0.006093581508144452
""
class,f1-score,precision,recall,support
Mangroves,0.8958642629904561,0.9127052722558341,0.8796334860474803,2401
Mangroves > Not Mangroves,0.5201793721973095,0.4172661870503597,0.6904761904761905,84
Not Mangroves,0.9668094218415417,0.9687541906933083,0.9648724455723253,7487
Not Mangroves > Mangroves,0.22033898305084743,0.14444444444444443,0.4642857142857143,28
""
macro avg,0.6507980100200387,0.6107925236109866,0.7498169590954277,10000
weighted (pixel) avg,0.9439336795557705,0.948356278856373,0.9407,10000
""
Confidence Interval,90%,95%,98%,99%
Mangroves,0.009623243117842736,0.011500949092055953,0.013672046624739986,0.015139004417094062
Mangroves > Not Mangroves,0.06859274037753933,0.08197668971949823,0.0974518811461382,0.10790809156954359
Not Mangroves,0.003304185816155396,0.0039489049997954734,0.004694361555879313,0.005198048418098123
Not Mangroves > Mangroves,0.06077110352231244,0.07262887981934903,0.08633943366279756,0.09560332139485739
""
Point Count Confusion Matrix
,Mangroves,Mangroves > Not Mangroves,Not Mangroves,Not Mangroves > Mangroves,User Acc
Mangroves,2112,36,215,38,87.96334860474802
Mangroves > Not Mangroves,17,58,9,0,69.04761904761905
Not Mangroves,179,45,7224,39,96.48724455723253
Not Mangroves > Mangroves,6,0,9,13,46.42857142857143
Producer,91.27052722558341,41.726618705035975,96.87541906933083,14.444444444444443
""
