{
    "Mangroves": {
        "f1-score": 0.9008403361344537,
        "precision": 0.881578947368421,
        "recall": 0.9209621993127147,
        "support": 582
    },
    "Mangroves > Not Mangroves": {
        "f1-score": 0.4158415841584158,
        "precision": 0.5121951219512195,
        "recall": 0.35,
        "support": 60
    },
    "Not Mangroves": {
        "f1-score": 0.969429747207525,
        "precision": 0.969429747207525,
        "recall": 0.969429747207525,
        "support": 1701
    },
    "Not Mangroves > Mangroves": {
        "f1-score": 0.42105263157894735,
        "precision": 0.48,
        "recall": 0.375,
        "support": 32
    },
    "accuracy": 0.9338947368421052,
    "accuracy_conf_interval": [
        0.008361400464505456,
        0.009992893238067497,
        0.011879306757498608,
        0.013153910486843952
    ],
    "cls_confidence_intervals": {
        "Mangroves": [
            0.02149003496980295,
            0.025683212524886454,
            0.030531574072951755,
            0.03380749403786074
        ],
        "Mangroves > Not Mangroves": [
            0.1280243879205795,
            0.15300475629532673,
            0.1818883072286282,
            0.20140422002139946
        ],
        "Not Mangroves": [
            0.006845408617999337,
            0.008181098104438234,
            0.009725489073133206,
            0.010768996484413592
        ],
        "Not Mangroves > Mangroves": [
            0.16386874747797395,
            0.19584313722977376,
            0.2328135253802923,
            0.2577935173738859
        ]
    },
    "cohen_kappa": 0.843992405364109,
    "confusion_matrix": [
        [
            536,
            7,
            33,
            6
        ],
        [
            25,
            21,
            14,
            0
        ],
        [
            32,
            13,
            1649,
            7
        ],
        [
            15,
            0,
            5,
            12
        ]
    ],
    "macro avg": {
        "f1-score": 0.6767910747698355,
        "precision": 0.7108009541317913,
        "recall": 0.6538479866300599,
        "support": 2375
    },
    "producer_accuracy": [
        88.1578947368421,
        51.21951219512195,
        96.94297472075249,
        48.0
    ],
    "user_accuracy": [
        92.09621993127148,
        35.0,
        96.94297472075249,
        37.5
    ],
    "weighted avg": {
        "f1-score": 0.931247686269593,
        "precision": 0.9297560651307345,
        "recall": 0.9338947368421052,
        "support": 2375
    }
}