{
    "Mangroves": {
        "f1-score": 0.8472265261853116,
        "precision": 0.8624605678233438,
        "recall": 0.8325213154689404,
        "support": 1642
    },
    "Mangroves > Not Mangroves": {
        "f1-score": 0.5375,
        "precision": 0.44421487603305787,
        "recall": 0.680379746835443,
        "support": 316
    },
    "Not Mangroves": {
        "f1-score": 0.9449228920488685,
        "precision": 0.9575806778973006,
        "recall": 0.9325953745799566,
        "support": 5059
    },
    "Not Mangroves > Mangroves": {
        "f1-score": 0.5493562231759657,
        "precision": 0.5039370078740157,
        "recall": 0.6037735849056604,
        "support": 106
    },
    "accuracy": 0.8934437736908606,
    "accuracy_conf_interval": [
        0.005995638020636759,
        0.007165518610029297,
        0.00851819304151442,
        0.009432162251977341
    ],
    "cls_confidence_intervals": {
        "Mangroves": [
            0.014187714883602171,
            0.01695604949503674,
            0.020156936389507964,
            0.022319697804691223
        ],
        "Mangroves > Not Mangroves": [
            0.037040016846909586,
            0.04426733720728219,
            0.05262392637396301,
            0.05827027040550411
        ],
        "Not Mangroves": [
            0.004708928714318294,
            0.005627744073209668,
            0.006690124331927821,
            0.007407948831061707
        ],
        "Not Mangroves > Mangroves": [
            0.07276097807239909,
            0.08695824208652575,
            0.10337382860285971,
            0.11446544111389614
        ]
    },
    "cohen_kappa": 0.7653741397402882,
    "confusion_matrix": [
        [
            1367,
            101,
            152,
            22
        ],
        [
            60,
            215,
            41,
            0
        ],
        [
            134,
            166,
            4718,
            41
        ],
        [
            24,
            2,
            16,
            64
        ]
    ],
    "macro avg": {
        "f1-score": 0.7197514103525364,
        "precision": 0.6920482824069295,
        "recall": 0.7623175054475,
        "support": 7123
    },
    "producer_accuracy": [
        86.24605678233438,
        44.421487603305785,
        95.75806778973006,
        50.39370078740157
    ],
    "user_accuracy": [
        83.25213154689403,
        68.0379746835443,
        93.25953745799566,
        60.37735849056604
    ],
    "weighted avg": {
        "f1-score": 0.8984406326727727,
        "precision": 0.9061280535602226,
        "recall": 0.8934437736908606,
        "support": 7123
    }
}