{
    "Mangroves": {
        "f1-score": 0.8367795864496259,
        "precision": 0.8708791208791209,
        "recall": 0.8052497883149873,
        "support": 1181
    },
    "Mangroves > Not Mangroves": {
        "f1-score": 0.5195246179966043,
        "precision": 0.4146341463414634,
        "recall": 0.6954545454545454,
        "support": 220
    },
    "Not Mangroves": {
        "f1-score": 0.9458549222797927,
        "precision": 0.9562598218962808,
        "recall": 0.9356740133264992,
        "support": 3902
    },
    "Not Mangroves > Mangroves": {
        "f1-score": 0.4875,
        "precision": 0.42391304347826086,
        "recall": 0.5735294117647058,
        "support": 68
    },
    "accuracy": 0.8925712157884937,
    "accuracy_conf_interval": [
        0.006929438439874281,
        0.008281523989118043,
        0.009844872905431144,
        0.010901189740777834
    ],
    "cls_confidence_intervals": {
        "Mangroves": [
            0.016642160468670977,
            0.019889411291826288,
            0.02364404505609962,
            0.026180959761689708
        ],
        "Mangroves > Not Mangroves": [
            0.04206073811830827,
            0.0502677114096855,
            0.059757024277840416,
            0.06616872216172887
        ],
        "Not Mangroves": [
            0.005428178418324633,
            0.006487335182875781,
            0.0077119851918880464,
            0.00853945141419363
        ],
        "Not Mangroves > Mangroves": [
            0.08449525974400986,
            0.10098213969406056,
            0.12004509463630669,
            0.1329254695972838
        ]
    },
    "cohen_kappa": 0.7535085693887804,
    "confusion_matrix": [
        [
            951,
            92,
            120,
            18
        ],
        [
            33,
            153,
            34,
            0
        ],
        [
            92,
            124,
            3651,
            35
        ],
        [
            16,
            0,
            13,
            39
        ]
    ],
    "macro avg": {
        "f1-score": 0.6974147816815057,
        "precision": 0.6664215331487815,
        "recall": 0.7524769397151845,
        "support": 5371
    },
    "producer_accuracy": [
        87.08791208791209,
        41.46341463414634,
        95.62598218962808,
        42.391304347826086
    ],
    "user_accuracy": [
        80.52497883149873,
        69.54545454545455,
        93.56740133264992,
        57.35294117647059
    ],
    "weighted avg": {
        "f1-score": 0.8986051041318213,
        "precision": 0.9085607272294123,
        "recall": 0.8925712157884937,
        "support": 5371
    }
}