{
    "Mangroves": {
        "f1-score": 0.8507718696397942,
        "precision": 0.9084249084249084,
        "recall": 0.8,
        "support": 310
    },
    "Mangroves > Not Mangroves": {
        "f1-score": 0.5240641711229946,
        "precision": 0.3712121212121212,
        "recall": 0.8909090909090909,
        "support": 55
    },
    "Not Mangroves": {
        "f1-score": 0.9493801652892563,
        "precision": 0.9704329461457233,
        "recall": 0.9292214357937311,
        "support": 989
    },
    "Not Mangroves > Mangroves": {
        "f1-score": 0.6250000000000001,
        "precision": 0.6,
        "recall": 0.6521739130434783,
        "support": 23
    },
    "accuracy": 0.8939724037763254,
    "accuracy_conf_interval": [
        0.01360656159582179,
        0.01626150044378702,
        0.019331273486746813,
        0.021405444461719648
    ],
    "cls_confidence_intervals": {
        "Mangroves": [
            0.028628310720867182,
            0.03421432256884127,
            0.04067314876806131,
            0.045037220524291065
        ],
        "Mangroves > Not Mangroves": [
            0.06896361798040722,
            0.08241993368390131,
            0.09797879871606636,
            0.10849154535942113
        ],
        "Not Mangroves": [
            0.009027253761460413,
            0.01078866912955025,
            0.012825305648904124,
            0.01420141140522431
        ],
        "Not Mangroves > Mangroves": [
            0.16068652712657647,
            0.19203999583420114,
            0.22829244402739218,
            0.25278734145522397
        ]
    },
    "cohen_kappa": 0.7681393087843005,
    "confusion_matrix": [
        [
            248,
            37,
            18,
            7
        ],
        [
            2,
            49,
            4,
            0
        ],
        [
            21,
            46,
            919,
            3
        ],
        [
            2,
            0,
            6,
            15
        ]
    ],
    "macro avg": {
        "f1-score": 0.7373040515130113,
        "precision": 0.7125174939456883,
        "recall": 0.818076109936575,
        "support": 1377
    },
    "producer_accuracy": [
        90.84249084249085,
        37.121212121212125,
        97.04329461457233,
        60.0
    ],
    "user_accuracy": [
        80.0,
        89.0909090909091,
        92.92214357937311,
        65.21739130434783
    ],
    "weighted avg": {
        "f1-score": 0.9047747222012893,
        "precision": 0.9263519041514224,
        "recall": 0.8939724037763254,
        "support": 1377
    }
}