overall accuracy,0.896
cohen kappa,0.8030033924788187
""
Confidence Interval,90%,95%,98%,99%
Overall Accuracy,0.009771244233293253,0.011677828473935838,0.013882316502178828,0.015371835440180849
""
class,f1-score,precision,recall,support
Mangroves,0.8753799392097265,0.8561236623067776,0.8955223880597015,804
Mangroves > Not Mangroves,0.5943775100401607,0.5873015873015873,0.6016260162601627,123
Not Mangroves,0.9433844228964655,0.9538266919671095,0.9331683168316832,1616
Not Mangroves > Mangroves,0.6289308176100628,0.6493506493506493,0.6097560975609756,82
""
macro avg,0.7605181724391038,0.7616506477315309,0.7600182046781307,2625
weighted (pixel) avg,0.8963792225921042,0.8972160789327035,0.896,2625
""
Confidence Interval,90%,95%,98%,99%
Mangroves,0.01984763605597419,0.02372034553031062,0.028198165860012114,0.031223720136837448
Mangroves > Not Mangroves,0.07192925498201835,0.0859642315638756,0.10219217323664805,0.11315699869122402
Not Mangroves,0.008655818552735513,0.01034475875814732,0.012297595870654723,0.013617080406132697
Not Mangroves > Mangroves,0.08918147367195733,0.10658273682746122,0.12670294735101256,0.14029768419124997
""
Point Count Confusion Matrix
,Mangroves,Mangroves > Not Mangroves,Not Mangroves,Not Mangroves > Mangroves,User Acc
Mangroves,720,15,53,16,89.55223880597015
Mangroves > Not Mangroves,35,74,14,0,60.16260162601627
Not Mangroves,61,36,1508,11,93.31683168316832
Not Mangroves > Mangroves,25,1,6,50,60.97560975609756
Producer,85.61236623067776,58.730158730158735,95.38266919671095,64.93506493506493
""
