{
    "Mangroves": {
        "f1-score": 0.850709740577582,
        "precision": 0.8676984523215178,
        "recall": 0.8343734997599616,
        "support": 2083
    },
    "Mangroves > Not Mangroves": {
        "f1-score": 0.5582761998041136,
        "precision": 0.46116504854368934,
        "recall": 0.707196029776675,
        "support": 403
    },
    "Not Mangroves": {
        "f1-score": 0.9388357949609035,
        "precision": 0.9583185526782547,
        "recall": 0.9201294277929155,
        "support": 5872
    },
    "Not Mangroves > Mangroves": {
        "f1-score": 0.41688654353562005,
        "precision": 0.3305439330543933,
        "recall": 0.5642857142857143,
        "support": 140
    },
    "accuracy": 0.8831489762297011,
    "accuracy_conf_interval": [
        0.005715032842003103,
        0.0068301612014183425,
        0.008119528366992214,
        0.00899072239778537
    ],
    "cls_confidence_intervals": {
        "Mangroves": [
            0.012415672467563732,
            0.014838242705137143,
            0.017639339542331402,
            0.01953197254043563
        ],
        "Mangroves > Not Mangroves": [
            0.0328855933495046,
            0.039302294490871345,
            0.04672160518557666,
            0.05173465295226943
        ],
        "Not Mangroves": [
            0.004365235271152624,
            0.005216988494792161,
            0.006201828159625375,
            0.006867260365593763
        ],
        "Not Mangroves > Mangroves": [
            0.049902296651145206,
            0.059639330144051594,
            0.0708977751202246,
            0.07850483253655771
        ]
    },
    "cohen_kappa": 0.7564987120870769,
    "confusion_matrix": [
        [
            1738,
            114,
            171,
            60
        ],
        [
            73,
            285,
            45,
            0
        ],
        [
            152,
            217,
            5403,
            100
        ],
        [
            40,
            2,
            19,
            79
        ]
    ],
    "macro avg": {
        "f1-score": 0.6911770697195547,
        "precision": 0.6544314966494638,
        "recall": 0.7564961679038165,
        "support": 8498
    },
    "producer_accuracy": [
        86.76984523215178,
        46.116504854368934,
        95.83185526782547,
        33.054393305439326
    ],
    "user_accuracy": [
        83.43734997599616,
        70.71960297766749,
        92.01294277929155,
        56.42857142857143
    ],
    "weighted avg": {
        "f1-score": 0.8905885622793096,
        "precision": 0.9021873479292957,
        "recall": 0.8831489762297011,
        "support": 8498
    }
}