{
    "Mangroves": {
        "f1-score": 0.8615054915617467,
        "precision": 0.8710725893824486,
        "recall": 0.8521462639109698,
        "support": 1887
    },
    "Mangroves > Not Mangroves": {
        "f1-score": 0.5977653631284916,
        "precision": 0.5270935960591133,
        "recall": 0.6903225806451613,
        "support": 310
    },
    "Not Mangroves": {
        "f1-score": 0.9495139007334129,
        "precision": 0.9644837144837145,
        "recall": 0.9350016795431643,
        "support": 5954
    },
    "Not Mangroves > Mangroves": {
        "f1-score": 0.3769968051118211,
        "precision": 0.2681818181818182,
        "recall": 0.6344086021505376,
        "support": 93
    },
    "accuracy": 0.903444929645803,
    "accuracy_conf_interval": [
        0.005334739794119624,
        0.006375664631996624,
        0.007579233975791906,
        0.008392456505383311
    ],
    "cls_confidence_intervals": {
        "Mangroves": [
            0.012791686400258002,
            0.01528762521006444,
            0.01817355445890314,
            0.02012350665406442
        ],
        "Mangroves > Not Mangroves": [
            0.040636126041330295,
            0.04856512624451669,
            0.05773303272945097,
            0.06392756413819034
        ],
        "Not Mangroves": [
            0.003995231099138134,
            0.004774788386774843,
            0.005676151500604788,
            0.006285180631570967
        ],
        "Not Mangroves > Mangroves": [
            0.04898338239202644,
            0.058541115541690135,
            0.06959224449598879,
            0.07705922351916354
        ]
    },
    "cohen_kappa": 0.7810207023476169,
    "confusion_matrix": [
        [
            1608,
            60,
            151,
            68
        ],
        [
            53,
            214,
            43,
            0
        ],
        [
            162,
            132,
            5567,
            93
        ],
        [
            23,
            0,
            11,
            59
        ]
    ],
    "macro avg": {
        "f1-score": 0.6964453901338681,
        "precision": 0.6577079295267736,
        "recall": 0.7779697815624582,
        "support": 8244
    },
    "producer_accuracy": [
        87.10725893824485,
        52.70935960591133,
        96.44837144837145,
        26.81818181818182
    ],
    "user_accuracy": [
        85.21462639109699,
        69.03225806451613,
        93.50016795431642,
        63.44086021505376
    ],
    "weighted avg": {
        "f1-score": 0.9096839632446613,
        "precision": 0.9188003318862143,
        "recall": 0.903444929645803,
        "support": 8244
    }
}