overall accuracy,0.92928
cohen kappa,0.8251878795242326
""
Confidence Interval,90%,95%,98%,99%
Overall Accuracy,0.0053179991129199715,0.006355657476416551,0.007555449959209472,0.008366120555691175
""
class,f1-score,precision,recall,support
Mangroves,0.8886422493525711,0.9036869826937547,0.8740902474526928,1374
Mangroves > Not Mangroves,0.6223404255319149,0.5707317073170731,0.6842105263157895,171
Not Mangroves,0.9661658199113609,0.974700109051254,0.9577796828118302,4666
Not Mangroves > Mangroves,0.24705882352941175,0.16030534351145037,0.5384615384615384,39
""
macro avg,0.6810518295813146,0.6523560356433831,0.7636354987604627,6250
weighted (pixel) avg,0.9352287477120717,0.9429541845444057,0.92928,6250
""
Confidence Interval,90%,95%,98%,99%
Mangroves,0.013271892800631293,0.015861530420266667,0.01885579891797007,0.020878953308310206
Mangroves > Not Mangroves,0.05669533468998799,0.06775783901974175,0.08054885965101953,0.08919144115863965
Not Mangroves,0.0038033737956769892,0.004545495511906646,0.005403573746297186,0.005983356337101605
Not Mangroves > Mangroves,0.052570595250487684,0.06282827237253406,0.0746887115449002,0.08270252179649892
""
Point Count Confusion Matrix
,Mangroves,Mangroves > Not Mangroves,Not Mangroves,Not Mangroves > Mangroves,User Acc
Mangroves,1201,29,96,48,87.40902474526928
Mangroves > Not Mangroves,37,117,17,0,68.42105263157895
Not Mangroves,76,59,4469,62,95.77796828118302
Not Mangroves > Mangroves,15,0,3,21,53.84615384615385
Producer,90.36869826937547,57.073170731707314,97.4700109051254,16.030534351145036
""
