{
    "Mangroves": {
        "f1-score": 0.9036649214659687,
        "precision": 0.9210245464247598,
        "recall": 0.8869475847893115,
        "support": 973
    },
    "Mangroves > Not Mangroves": {
        "f1-score": 0.2903225806451613,
        "precision": 0.17647058823529413,
        "recall": 0.8181818181818182,
        "support": 11
    },
    "Not Mangroves": {
        "f1-score": 0.9701018874227493,
        "precision": 0.9725385130609511,
        "recall": 0.967677440853049,
        "support": 3001
    },
    "Not Mangroves > Mangroves": {
        "f1-score": 0.3414634146341463,
        "precision": 0.2692307692307692,
        "recall": 0.4666666666666667,
        "support": 15
    },
    "accuracy": 0.94575,
    "accuracy_conf_interval": [
        0.005873566614502641,
        0.0070196283929421805,
        0.008344762324262898,
        0.009240123088668789
    ],
    "cls_confidence_intervals": {
        "Mangroves": [
            0.014449596490048261,
            0.017269029951521093,
            0.020528999891349056,
            0.022731682283124707
        ],
        "Mangroves > Not Mangroves": [
            0.08754563231033938,
            0.10462770690747877,
            0.1243788556604212,
            0.13772422643943635
        ],
        "Not Mangroves": [
            0.004904721758311134,
            0.0058617406379816,
            0.006968293717600576,
            0.007715964717343126
        ],
        "Not Mangroves > Mangroves": [
            0.14266243965622613,
            0.1704990132476849,
            0.2026850514628091,
            0.22443237458113627
        ]
    },
    "cohen_kappa": 0.8583172199096298,
    "confusion_matrix": [
        [
            863,
            24,
            77,
            9
        ],
        [
            2,
            9,
            0,
            0
        ],
        [
            69,
            18,
            2904,
            10
        ],
        [
            3,
            0,
            5,
            7
        ]
    ],
    "macro avg": {
        "f1-score": 0.6263882010420063,
        "precision": 0.5848161042379435,
        "recall": 0.7848683776227113,
        "support": 4000
    },
    "producer_accuracy": [
        92.10245464247599,
        17.647058823529413,
        97.2538513060951,
        26.923076923076923
    ],
    "user_accuracy": [
        88.69475847893115,
        81.81818181818183,
        96.7677440853049,
        46.666666666666664
    ],
    "weighted avg": {
        "f1-score": 0.9497143080871667,
        "precision": 0.9551811498440639,
        "recall": 0.94575,
        "support": 4000
    }
}