overall accuracy,0.9399
cohen kappa,0.8367456880013432
""
Confidence Interval,90%,95%,98%,99%
Overall Accuracy,0.003897821159365833,0.004658371629485996,0.0055377581105624345,0.0061319381653438115
""
class,f1-score,precision,recall,support
Mangroves,0.8868529546495648,0.9029850746268657,0.8712871287128713,2222
Mangroves > Not Mangroves,0.5110132158590309,0.4142857142857143,0.6666666666666666,87
Not Mangroves,0.9670919201831861,0.9695657877476059,0.9646306447402767,7662
Not Mangroves > Mangroves,0.22950819672131148,0.15053763440860216,0.4827586206896552,29
""
macro avg,0.6486165718532733,0.609343552767197,0.7463357652023674,10000
weighted (pixel) avg,0.9431559445159559,0.9475654350083758,0.9399,10000
""
Confidence Interval,90%,95%,98%,99%
Mangroves,0.010483131183307919,0.012528620194685074,0.01489371686408991,0.016491755154228314
Mangroves > Not Mangroves,0.06827673068734888,0.08159901960195355,0.09700291615946519,0.10741095437400008
Not Mangroves,0.0032266403611837077,0.003856228724341505,0.004584190269242707,0.005076056177959736
Not Mangroves > Mangroves,0.06081307846239671,0.07267904499164486,0.08639906879108802,0.09566935514206312
""
Point Count Confusion Matrix
,Mangroves,Mangroves > Not Mangroves,Not Mangroves,Not Mangroves > Mangroves,User Acc
Mangroves,1936,35,214,37,87.12871287128714
Mangroves > Not Mangroves,20,58,9,0,66.66666666666666
Not Mangroves,182,47,7391,42,96.46306447402768
Not Mangroves > Mangroves,6,0,9,14,48.275862068965516
Producer,90.29850746268657,41.42857142857143,96.95657877476059,15.053763440860216
""
