{
    "Mangroves": {
        "f1-score": 0.8910490076954233,
        "precision": 0.912106135986733,
        "recall": 0.8709422011084719,
        "support": 1263
    },
    "Mangroves > Not Mangroves": {
        "f1-score": 0.6475644699140402,
        "precision": 0.565,
        "recall": 0.7583892617449665,
        "support": 149
    },
    "Not Mangroves": {
        "f1-score": 0.967095525446886,
        "precision": 0.9767709291628335,
        "recall": 0.9576099210822999,
        "support": 4435
    },
    "Not Mangroves > Mangroves": {
        "f1-score": 0.21476510067114093,
        "precision": 0.1322314049586777,
        "recall": 0.5714285714285714,
        "support": 28
    },
    "accuracy": 0.9320851063829787,
    "accuracy_conf_interval": [
        0.005383320160054199,
        0.00643372409372331,
        0.007648253642028221,
        0.008468881715207216
    ],
    "cls_confidence_intervals": {
        "Mangroves": [
            0.013371254702650853,
            0.015980280010485164,
            0.01899696552266859,
            0.02103526654441415
        ],
        "Mangroves > Not Mangroves": [
            0.05749071403278967,
            0.0687084143318706,
            0.0816788803026829,
            0.09044270866133985
        ],
        "Not Mangroves": [
            0.0037463759974415544,
            0.004477376192064297,
            0.005322595167096843,
            0.005893689069145861
        ],
        "Not Mangroves > Mangroves": [
            0.050503378681213344,
            0.06035769647266961,
            0.07175175141904092,
            0.07945043719361612
        ]
    },
    "cohen_kappa": 0.8285941985886245,
    "confusion_matrix": [
        [
            1100,
            29,
            89,
            45
        ],
        [
            26,
            113,
            10,
            0
        ],
        [
            70,
            58,
            4247,
            60
        ],
        [
            10,
            0,
            2,
            16
        ]
    ],
    "macro avg": {
        "f1-score": 0.6801185259318726,
        "precision": 0.646527117527061,
        "recall": 0.7895924888410775,
        "support": 5875
    },
    "producer_accuracy": [
        91.21061359867329,
        56.49999999999999,
        97.67709291628334,
        13.223140495867769
    ],
    "user_accuracy": [
        87.09422011084719,
        75.83892617449665,
        95.76099210823,
        57.14285714285714
    ],
    "weighted avg": {
        "f1-score": 0.9390577158999562,
        "precision": 0.9484011233918729,
        "recall": 0.9320851063829787,
        "support": 5875
    }
}