overall accuracy,0.9318
cohen kappa,0.8314115902603558
""
Confidence Interval,90%,95%,98%,99%
Overall Accuracy,0.005846721216134733,0.0069875448680634614,0.008306622215606055,0.009197890693675374
""
class,f1-score,precision,recall,support
Mangroves,0.8973660308810172,0.9156626506024096,0.8797862867319679,1123
Mangroves > Not Mangroves,0.5886792452830188,0.5032258064516129,0.7090909090909091,110
Not Mangroves,0.9682045731294818,0.9800054779512463,0.9566844919786096,3740
Not Mangroves > Mangroves,0.2112676056338028,0.13043478260869565,0.5555555555555556,27
""
macro avg,0.6663793637318302,0.6323321794034912,0.7752793108392606,5000
weighted (pixel) avg,0.9398572197033778,0.9504772444008559,0.9318,5000
""
Confidence Interval,90%,95%,98%,99%
Mangroves,0.013874292607136986,0.016581471652432008,0.019711647423554378,0.021826631052691114
Mangroves > Not Mangroves,0.06586261421724,0.07871385601572586,0.09357310434522513,0.1036131370002922
Not Mangroves,0.003799335948030171,0.004540669791548253,0.005397837048116036,0.0059770041133645375
Not Mangroves > Mangroves,0.05150420845060734,0.061553810099506334,0.0731736620060458,0.08102491329424814
""
Point Count Confusion Matrix
,Mangroves,Mangroves > Not Mangroves,Not Mangroves,Not Mangroves > Mangroves,User Acc
Mangroves,988,27,64,44,87.9786286731968
Mangroves > Not Mangroves,25,78,7,0,70.9090909090909
Not Mangroves,56,50,3578,56,95.66844919786097
Not Mangroves > Mangroves,10,0,2,15,55.55555555555556
Producer,91.56626506024097,50.32258064516129,98.00054779512463,13.043478260869565
""
