{
    "Mangroves": {
        "f1-score": 0.8776104905293832,
        "precision": 0.8910256410256411,
        "recall": 0.8645933014354067,
        "support": 2090
    },
    "Mangroves > Not Mangroves": {
        "f1-score": 0.6057142857142858,
        "precision": 0.5389830508474577,
        "recall": 0.691304347826087,
        "support": 230
    },
    "Not Mangroves": {
        "f1-score": 0.9648095861166586,
        "precision": 0.9727815581169282,
        "recall": 0.9569672131147541,
        "support": 7320
    },
    "Not Mangroves > Mangroves": {
        "f1-score": 0.39880952380952384,
        "precision": 0.29646017699115046,
        "recall": 0.6090909090909091,
        "support": 110
    },
    "accuracy": 0.926974358974359,
    "accuracy_conf_interval": [
        0.004321286788117269,
        0.005164464697993809,
        0.00613938915628856,
        0.006798121898379607
    ],
    "cls_confidence_intervals": {
        "Mangroves": [
            0.011347942725200037,
            0.013562175452068337,
            0.01612238204250981,
            0.01785225136037567
        ],
        "Mangroves > Not Mangroves": [
            0.047596918906467944,
            0.05688412259553486,
            0.06762245186101849,
            0.07487807974310201
        ],
        "Not Mangroves": [
            0.0031447544268957133,
            0.003758365046777804,
            0.004467852326016471,
            0.004947235622799354
        ],
        "Not Mangroves > Mangroves": [
            0.04982154060177013,
            0.05954281681674967,
            0.07078304244031977,
            0.07837778948327254
        ]
    },
    "cohen_kappa": 0.817411648358296,
    "confusion_matrix": [
        [
            1807,
            54,
            159,
            70
        ],
        [
            53,
            159,
            18,
            0
        ],
        [
            145,
            81,
            7005,
            89
        ],
        [
            23,
            1,
            19,
            67
        ]
    ],
    "macro avg": {
        "f1-score": 0.7117359715424628,
        "precision": 0.6748126067452943,
        "recall": 0.7804889428667892,
        "support": 9750
    },
    "producer_accuracy": [
        89.1025641025641,
        53.898305084745765,
        97.27815581169283,
        29.646017699115045
    ],
    "user_accuracy": [
        86.45933014354067,
        69.1304347826087,
        95.69672131147541,
        60.909090909090914
    ],
    "weighted avg": {
        "f1-score": 0.9312610696321728,
        "precision": 0.9373929555203535,
        "recall": 0.926974358974359,
        "support": 9750
    }
}