{
    "Mangroves": {
        "f1-score": 0.8582625734813848,
        "precision": 0.8860418071476737,
        "recall": 0.8321722609246358,
        "support": 1579
    },
    "Mangroves > Not Mangroves": {
        "f1-score": 0.5441176470588236,
        "precision": 0.4493927125506073,
        "recall": 0.6894409937888198,
        "support": 161
    },
    "Not Mangroves": {
        "f1-score": 0.9460028828029715,
        "precision": 0.9584363064479892,
        "recall": 0.9338879159369528,
        "support": 4568
    },
    "Not Mangroves > Mangroves": {
        "f1-score": 0.3424124513618677,
        "precision": 0.22916666666666666,
        "recall": 0.676923076923077,
        "support": 65
    },
    "accuracy": 0.8998901616193316,
    "accuracy_conf_interval": [
        0.006166021302561585,
        0.00736914741037848,
        0.008760261972541764,
        0.009700204244273713
    ],
    "cls_confidence_intervals": {
        "Mangroves": [
            0.013532347961946753,
            0.016172806100863194,
            0.019225835823985328,
            0.021288693745013798
        ],
        "Mangroves > Not Mangroves": [
            0.05190741025193121,
            0.06203568542303974,
            0.07374650358963399,
            0.08165921856706253
        ],
        "Not Mangroves": [
            0.004906296005144086,
            0.005863622054928298,
            0.006970530299991293,
            0.0077184412763852085
        ],
        "Not Mangroves > Mangroves": [
            0.04974497316638208,
            0.05945130939396883,
            0.07067426065711602,
            0.07825733583491816
        ]
    },
    "cohen_kappa": 0.7727116638959785,
    "confusion_matrix": [
        [
            1314,
            47,
            152,
            66
        ],
        [
            33,
            111,
            17,
            0
        ],
        [
            131,
            89,
            4266,
            82
        ],
        [
            5,
            0,
            16,
            44
        ]
    ],
    "macro avg": {
        "f1-score": 0.6726988886762619,
        "precision": 0.6307593732032342,
        "recall": 0.7831060618933714,
        "support": 6373
    },
    "producer_accuracy": [
        88.60418071476737,
        44.93927125506073,
        95.84363064479892,
        22.916666666666664
    ],
    "user_accuracy": [
        83.21722609246358,
        68.94409937888199,
        93.38879159369527,
        67.6923076923077
    ],
    "weighted avg": {
        "f1-score": 0.9079550482796286,
        "precision": 0.9202016509327744,
        "recall": 0.8998901616193316,
        "support": 6373
    }
}