{
    "Mangroves": {
        "f1-score": 0.8973660308810172,
        "precision": 0.9156626506024096,
        "recall": 0.8797862867319679,
        "support": 1123
    },
    "Mangroves > Not Mangroves": {
        "f1-score": 0.5886792452830188,
        "precision": 0.5032258064516129,
        "recall": 0.7090909090909091,
        "support": 110
    },
    "Not Mangroves": {
        "f1-score": 0.9682045731294818,
        "precision": 0.9800054779512463,
        "recall": 0.9566844919786096,
        "support": 3740
    },
    "Not Mangroves > Mangroves": {
        "f1-score": 0.2112676056338028,
        "precision": 0.13043478260869565,
        "recall": 0.5555555555555556,
        "support": 27
    },
    "accuracy": 0.9318,
    "accuracy_conf_interval": [
        0.005846721216134733,
        0.0069875448680634614,
        0.008306622215606055,
        0.009197890693675374
    ],
    "cls_confidence_intervals": {
        "Mangroves": [
            0.013874292607136986,
            0.016581471652432008,
            0.019711647423554378,
            0.021826631052691114
        ],
        "Mangroves > Not Mangroves": [
            0.06586261421724,
            0.07871385601572586,
            0.09357310434522513,
            0.1036131370002922
        ],
        "Not Mangroves": [
            0.003799335948030171,
            0.004540669791548253,
            0.005397837048116036,
            0.0059770041133645375
        ],
        "Not Mangroves > Mangroves": [
            0.05150420845060734,
            0.061553810099506334,
            0.0731736620060458,
            0.08102491329424814
        ]
    },
    "cohen_kappa": 0.8314115902603558,
    "confusion_matrix": [
        [
            988,
            27,
            64,
            44
        ],
        [
            25,
            78,
            7,
            0
        ],
        [
            56,
            50,
            3578,
            56
        ],
        [
            10,
            0,
            2,
            15
        ]
    ],
    "macro avg": {
        "f1-score": 0.6663793637318302,
        "precision": 0.6323321794034912,
        "recall": 0.7752793108392606,
        "support": 5000
    },
    "producer_accuracy": [
        91.56626506024097,
        50.32258064516129,
        98.00054779512463,
        13.043478260869565
    ],
    "user_accuracy": [
        87.9786286731968,
        70.9090909090909,
        95.66844919786097,
        55.55555555555556
    ],
    "weighted avg": {
        "f1-score": 0.9398572197033778,
        "precision": 0.9504772444008559,
        "recall": 0.9318,
        "support": 5000
    }
}