{
    "Mangroves": {
        "f1-score": 0.840909090909091,
        "precision": 0.8519736842105263,
        "recall": 0.8301282051282052,
        "support": 1248
    },
    "Mangroves > Not Mangroves": {
        "f1-score": 0.5221052631578948,
        "precision": 0.43508771929824563,
        "recall": 0.6526315789473685,
        "support": 190
    },
    "Not Mangroves": {
        "f1-score": 0.9458236181593747,
        "precision": 0.9569802941992783,
        "recall": 0.9349240780911063,
        "support": 3688
    },
    "Not Mangroves > Mangroves": {
        "f1-score": 0.6074074074074075,
        "precision": 0.5616438356164384,
        "recall": 0.6612903225806451,
        "support": 124
    },
    "accuracy": 0.8933333333333333,
    "accuracy_conf_interval": [
        0.0069869128758266,
        0.00835021294915862,
        0.00992652865894877,
        0.010991606841239409
    ],
    "cls_confidence_intervals": {
        "Mangroves": [
            0.016701659134913366,
            0.019960519453920852,
            0.023728576697773257,
            0.026274561321997857
        ],
        "Mangroves > Not Mangroves": [
            0.04816153703693415,
            0.05755891011731155,
            0.06842462274149791,
            0.07576632046054275
        ],
        "Not Mangroves": [
            0.00554366441609161,
            0.006625355033865583,
            0.00787605981066674,
            0.008721130605802657
        ],
        "Not Mangroves > Mangroves": [
            0.06734594906723959,
            0.08048662205596926,
            0.09568052519918796,
            0.10594667597163301
        ]
    },
    "cohen_kappa": 0.7682267946538278,
    "confusion_matrix": [
        [
            1036,
            70,
            108,
            34
        ],
        [
            43,
            124,
            23,
            0
        ],
        [
            119,
            91,
            3448,
            30
        ],
        [
            18,
            0,
            24,
            82
        ]
    ],
    "macro avg": {
        "f1-score": 0.729061344908442,
        "precision": 0.7014213833311221,
        "recall": 0.7697435461868312,
        "support": 5250
    },
    "producer_accuracy": [
        85.19736842105263,
        43.50877192982456,
        95.69802941992783,
        56.16438356164384
    ],
    "user_accuracy": [
        83.01282051282051,
        65.26315789473685,
        93.49240780911063,
        66.12903225806451
    ],
    "weighted avg": {
        "f1-score": 0.8975562986180644,
        "precision": 0.9037937114637676,
        "recall": 0.8933333333333333,
        "support": 5250
    }
}