{
    "Mangroves": {
        "f1-score": 0.9168591224018476,
        "precision": 0.9352179034157833,
        "recall": 0.89920724801812,
        "support": 883
    },
    "Mangroves > Not Mangroves": {
        "f1-score": 0.2857142857142857,
        "precision": 0.16666666666666666,
        "recall": 1.0,
        "support": 2
    },
    "Not Mangroves": {
        "f1-score": 0.97101755870531,
        "precision": 0.968763191219924,
        "recall": 0.9732824427480916,
        "support": 2358
    },
    "Not Mangroves > Mangroves": {
        "f1-score": 0.2222222222222222,
        "precision": 0.15,
        "recall": 0.42857142857142855,
        "support": 7
    },
    "accuracy": 0.952,
    "accuracy_conf_interval": [
        0.006149520596699453,
        0.007349427054592029,
        0.00873681889653032,
        0.009674245816758896
    ],
    "cls_confidence_intervals": {
        "Mangroves": [
            0.013853959338439624,
            0.01655717091667175,
            0.01968275930400264,
            0.021794643349496483
        ],
        "Mangroves > Not Mangroves": [
            0.17643590799389341,
            0.21086242662684823,
            0.2506680887962022,
            0.2775638064781982
        ],
        "Not Mangroves": [
            0.005861428366458472,
            0.007005121706255247,
            0.008327517130395269,
            0.0092210275521115
        ],
        "Not Mangroves > Mangroves": [
            0.13094349926590476,
            0.15649345034217885,
            0.1860355812741208,
            0.20599648055245995
        ]
    },
    "cohen_kappa": 0.8800444900080846,
    "confusion_matrix": [
        [
            794,
            7,
            71,
            11
        ],
        [
            0,
            2,
            0,
            0
        ],
        [
            54,
            3,
            2295,
            6
        ],
        [
            1,
            0,
            3,
            3
        ]
    ],
    "macro avg": {
        "f1-score": 0.5989532972609164,
        "precision": 0.5551619403255935,
        "recall": 0.82526527983441,
        "support": 3250
    },
    "producer_accuracy": [
        93.52179034157832,
        16.666666666666664,
        96.87631912199241,
        15.0
    ],
    "user_accuracy": [
        89.920724801812,
        100.0,
        97.32824427480917,
        42.857142857142854
    ],
    "weighted avg": {
        "f1-score": 0.9542686131184421,
        "precision": 0.9573921067526311,
        "recall": 0.952,
        "support": 3250
    }
}