{
    "Mangroves": {
        "f1-score": 0.9047619047619047,
        "precision": 0.9008620689655172,
        "recall": 0.908695652173913,
        "support": 460
    },
    "Mangroves > Not Mangroves": {
        "f1-score": 0.49411764705882355,
        "precision": 0.5526315789473685,
        "recall": 0.44680851063829785,
        "support": 47
    },
    "Not Mangroves": {
        "f1-score": 0.9685492052756172,
        "precision": 0.9669142471303174,
        "recall": 0.9701897018970189,
        "support": 1476
    },
    "Not Mangroves > Mangroves": {
        "f1-score": 0.4117647058823529,
        "precision": 0.4117647058823529,
        "recall": 0.4117647058823529,
        "support": 17
    },
    "accuracy": 0.939,
    "accuracy_conf_interval": [
        0.008776605220698949,
        0.010489113556445086,
        0.012469201319651556,
        0.013807098456953226
    ],
    "cls_confidence_intervals": {
        "Mangroves": [
            0.022752752042588177,
            0.027192313416751726,
            0.03232555625562833,
            0.0357939635791936
        ],
        "Mangroves > Not Mangroves": [
            0.13228255091276306,
            0.15809378035915586,
            0.18793801440654753,
            0.2081030374115419
        ],
        "Not Mangroves": [
            0.007622208234211308,
            0.009109468377472051,
            0.010829112918117285,
            0.01199103490503974
        ],
        "Not Mangroves > Mangroves": [
            0.19575798497912078,
            0.2339546649750468,
            0.2781195762203363,
            0.30796073246715344
        ]
    },
    "cohen_kappa": 0.8473596662931984,
    "confusion_matrix": [
        [
            418,
            6,
            30,
            6
        ],
        [
            12,
            21,
            14,
            0
        ],
        [
            29,
            11,
            1432,
            4
        ],
        [
            5,
            0,
            5,
            7
        ]
    ],
    "macro avg": {
        "f1-score": 0.6947983657446746,
        "precision": 0.708043150231389,
        "recall": 0.6843646426478956,
        "support": 2000
    },
    "producer_accuracy": [
        90.08620689655173,
        55.26315789473685,
        96.69142471303174,
        41.17647058823529
    ],
    "user_accuracy": [
        90.8695652173913,
        44.680851063829785,
        97.01897018970189,
        41.17647058823529
    ],
    "weighted avg": {
        "f1-score": 0.9379963162945258,
        "precision": 0.9372678323495063,
        "recall": 0.939,
        "support": 2000
    }
}