overall accuracy,0.944
cohen kappa,0.8537054052276678
""
Confidence Interval,90%,95%,98%,99%
Overall Accuracy,0.006157553938591743,0.007359027877829157,0.008748232120072417,0.009686883635101645
""
class,f1-score,precision,recall,support
Mangroves,0.9022639425731641,0.920045045045045,0.8851570964247021,923
Mangroves > Not Mangroves,0.0,0.0,0.0,1
Not Mangroves,0.9687890137328339,0.972083035075161,0.9655172413793104,2813
Not Mangroves > Mangroves,0.3589743589743589,0.2692307692307692,0.5384615384615384,13
""
macro avg,0.5575068288200893,0.5403397123377438,0.5972839690663877,3750
weighted (pixel) avg,0.9500426083445757,0.9565789744648013,0.944,3750
""
Confidence Interval,90%,95%,98%,99%
Mangroves,0.01492672741501213,0.017839259593551083,0.021206874924986747,0.023482290689470303
Mangroves > Not Mangroves,0.0,0.0,0.0,0.0
Not Mangroves,0.005111124142539778,0.006108416658157295,0.007261536129340051,0.008040670907166236
Not Mangroves > Mangroves,0.14266243965622613,0.1704990132476849,0.2026850514628091,0.22443237458113627
""
Point Count Confusion Matrix
,Mangroves,Mangroves > Not Mangroves,Not Mangroves,Not Mangroves > Mangroves,User Acc
Mangroves,817,24,73,9,88.51570964247021
Mangroves > Not Mangroves,1,0,0,0,0.0
Not Mangroves,69,18,2716,10,96.55172413793103
Not Mangroves > Mangroves,1,0,5,7,53.84615384615385
Producer,92.0045045045045,0.0,97.2083035075161,26.923076923076923
""
