{
    "Mangroves": {
        "f1-score": 0.8677573278800271,
        "precision": 0.8834142956280361,
        "recall": 0.8526456798392499,
        "support": 1493
    },
    "Mangroves > Not Mangroves": {
        "f1-score": 0.4827586206896552,
        "precision": 0.3559322033898305,
        "recall": 0.75,
        "support": 56
    },
    "Not Mangroves": {
        "f1-score": 0.966867214642827,
        "precision": 0.9713945172824792,
        "recall": 0.9623819163292847,
        "support": 5928
    },
    "Not Mangroves > Mangroves": {
        "f1-score": 0.26373626373626374,
        "precision": 0.17647058823529413,
        "recall": 0.5217391304347826,
        "support": 23
    },
    "accuracy": 0.9376,
    "accuracy_conf_interval": [
        0.00458051500894823,
        0.0054742740350844695,
        0.006507682909054497,
        0.007205932148223434
    ],
    "cls_confidence_intervals": {
        "Mangroves": [
            0.013864899295148695,
            0.01657024549908015,
            0.019698302047375892,
            0.02181185376919734
        ],
        "Mangroves > Not Mangroves": [
            0.07228568126361566,
            0.0863902044370041,
            0.10269855935623447,
            0.11371771808544416
        ],
        "Not Mangroves": [
            0.0035672727147351554,
            0.004263325927366406,
            0.005068137454471288,
            0.005611929026839452
        ],
        "Not Mangroves > Mangroves": [
            0.07581674157112567,
            0.09061025212158921,
            0.10771524869556269,
            0.11927267881311233
        ]
    },
    "cohen_kappa": 0.8179013929298322,
    "confusion_matrix": [
        [
            1273,
            29,
            161,
            30
        ],
        [
            13,
            42,
            1,
            0
        ],
        [
            150,
            47,
            5705,
            26
        ],
        [
            5,
            0,
            6,
            12
        ]
    ],
    "macro avg": {
        "f1-score": 0.6452798567371932,
        "precision": 0.5968029011339099,
        "recall": 0.7716916816508294,
        "support": 7500
    },
    "producer_accuracy": [
        88.34142956280361,
        35.59322033898305,
        97.13945172824792,
        17.647058823529413
    ],
    "user_accuracy": [
        85.26456798392499,
        75.0,
        96.23819163292848,
        52.17391304347826
    ],
    "weighted avg": {
        "f1-score": 0.9413667941002818,
        "precision": 0.9468473691656583,
        "recall": 0.9376,
        "support": 7500
    }
}