{
    "Mangroves": {
        "f1-score": 0.8676848631483441,
        "precision": 0.8846746839346284,
        "recall": 0.8513353115727003,
        "support": 3370
    },
    "Mangroves > Not Mangroves": {
        "f1-score": 0.5978530140379851,
        "precision": 0.5020804438280166,
        "recall": 0.7387755102040816,
        "support": 490
    },
    "Not Mangroves": {
        "f1-score": 0.9509904022871144,
        "precision": 0.9629859387923904,
        "recall": 0.9392900363049617,
        "support": 9916
    },
    "Not Mangroves > Mangroves": {
        "f1-score": 0.4898648648648649,
        "precision": 0.39617486338797814,
        "recall": 0.6415929203539823,
        "support": 226
    },
    "accuracy": 0.9062991001285531,
    "accuracy_conf_interval": [
        0.004038838306062059,
        0.004826904317000997,
        0.005738105642149146,
        0.006353782213195191
    ],
    "cls_confidence_intervals": {
        "Mangroves": [
            0.009198658590603889,
            0.010993518803404647,
            0.013068825924455525,
            0.014471060465706119
        ],
        "Mangroves > Not Mangroves": [
            0.030538131475122934,
            0.03649679127514693,
            0.04338649166892466,
            0.0480416946376934
        ],
        "Not Mangroves": [
            0.003148321291177977,
            0.003762627884578558,
            0.00447291988319798,
            0.0049528469092921835
        ],
        "Not Mangroves > Mangroves": [
            0.041927827306701,
            0.05010886678117925,
            0.05956819367354472,
            0.06595963076298085
        ]
    },
    "cohen_kappa": 0.7930852404887321,
    "confusion_matrix": [
        [
            2869,
            139,
            265,
            97
        ],
        [
            73,
            362,
            55,
            0
        ],
        [
            259,
            219,
            9314,
            124
        ],
        [
            42,
            1,
            38,
            145
        ]
    ],
    "macro avg": {
        "f1-score": 0.7265982860845771,
        "precision": 0.6864789824857535,
        "recall": 0.7927484446089315,
        "support": 14002
    },
    "producer_accuracy": [
        88.46746839346284,
        50.20804438280167,
        96.29859387923904,
        39.61748633879781
    ],
    "user_accuracy": [
        85.13353115727003,
        73.87755102040816,
        93.92900363049617,
        64.15929203539822
    ],
    "weighted avg": {
        "f1-score": 0.9111395696491229,
        "precision": 0.9188599621858629,
        "recall": 0.9062991001285531,
        "support": 14002
    }
}