{
    "Mangroves": {
        "f1-score": 0.8855207997420187,
        "precision": 0.9068692206076618,
        "recall": 0.8651543793320731,
        "support": 1587
    },
    "Mangroves > Not Mangroves": {
        "f1-score": 0.12820512820512822,
        "precision": 0.07575757575757576,
        "recall": 0.4166666666666667,
        "support": 12
    },
    "Not Mangroves": {
        "f1-score": 0.9649911989047527,
        "precision": 0.9680204041593093,
        "recall": 0.961980892961591,
        "support": 5129
    },
    "Not Mangroves > Mangroves": {
        "f1-score": 0.18947368421052632,
        "precision": 0.1232876712328767,
        "recall": 0.4090909090909091,
        "support": 22
    },
    "accuracy": 0.9364444444444444,
    "accuracy_conf_interval": [
        0.004869784354473653,
        0.0058199861797368045,
        0.006918657040197325,
        0.007661002216184162
    ],
    "cls_confidence_intervals": {
        "Mangroves": [
            0.012248978158701091,
            0.014639022677472037,
            0.01740251165230094,
            0.019269733932590745
        ],
        "Mangroves > Not Mangroves": [
            0.05341679961822549,
            0.06383958978763535,
            0.07589094092101549,
            0.08403374574086693
        ],
        "Not Mangroves": [
            0.004041711149902101,
            0.004830337715736657,
            0.005742187182482863,
            0.006358301687041111
        ],
        "Not Mangroves > Mangroves": [
            0.0631060212827356,
            0.07541939128912303,
            0.08965672535900851,
            0.09927654567649868
        ]
    },
    "cohen_kappa": 0.82981064035102,
    "confusion_matrix": [
        [
            1373,
            28,
            152,
            34
        ],
        [
            5,
            5,
            2,
            0
        ],
        [
            132,
            33,
            4934,
            30
        ],
        [
            4,
            0,
            9,
            9
        ]
    ],
    "macro avg": {
        "f1-score": 0.5420477027656065,
        "precision": 0.5184837179393559,
        "recall": 0.66322321201281,
        "support": 6750
    },
    "producer_accuracy": [
        90.68692206076618,
        7.575757575757576,
        96.80204041593093,
        12.32876712328767
    ],
    "user_accuracy": [
        86.51543793320731,
        41.66666666666667,
        96.1980892961591,
        40.909090909090914
    ],
    "weighted avg": {
        "f1-score": 0.9422915927354302,
        "precision": 0.9493036334390623,
        "recall": 0.9364444444444444,
        "support": 6750
    }
}