{
    "Mangroves": {
        "f1-score": 0.842039800995025,
        "precision": 0.8884514435695539,
        "recall": 0.8002364066193853,
        "support": 846
    },
    "Mangroves > Not Mangroves": {
        "f1-score": 0.4224598930481283,
        "precision": 0.305019305019305,
        "recall": 0.6869565217391305,
        "support": 115
    },
    "Not Mangroves": {
        "f1-score": 0.9494163424124514,
        "precision": 0.9632846427161469,
        "recall": 0.9359416954353663,
        "support": 2607
    },
    "Not Mangroves > Mangroves": {
        "f1-score": 0.4999999999999999,
        "precision": 0.4492753623188406,
        "recall": 0.5636363636363636,
        "support": 55
    },
    "accuracy": 0.8906983163124482,
    "accuracy_conf_interval": [
        0.008501360301213508,
        0.010160162311206387,
        0.012078152135260655,
        0.013374091205567592
    ],
    "cls_confidence_intervals": {
        "Mangroves": [
            0.018703168574428084,
            0.022352567320657955,
            0.026572184620986244,
            0.02942327739147833
        ],
        "Mangroves > Not Mangroves": [
            0.04691848714352439,
            0.05607331390323647,
            0.06665858234415356,
            0.07381079075017863
        ],
        "Not Mangroves": [
            0.006128122678258609,
            0.007323853932552972,
            0.00870641819533083,
            0.0096405832377483
        ],
        "Not Mangroves > Mangroves": [
            0.09820709330774231,
            0.1173694529775457,
            0.13952593134575586,
            0.15449652483778975
        ]
    },
    "cohen_kappa": 0.754514347664058,
    "confusion_matrix": [
        [
            677,
            89,
            64,
            16
        ],
        [
            19,
            79,
            17,
            0
        ],
        [
            54,
            91,
            2440,
            22
        ],
        [
            12,
            0,
            12,
            31
        ]
    ],
    "macro avg": {
        "f1-score": 0.6784790091139011,
        "precision": 0.6515076884059616,
        "recall": 0.7466927468575614,
        "support": 3623
    },
    "producer_accuracy": [
        88.84514435695539,
        30.501930501930502,
        96.32846427161469,
        44.927536231884055
    ],
    "user_accuracy": [
        80.02364066193853,
        68.69565217391305,
        93.59416954353664,
        56.36363636363636
    ],
    "weighted avg": {
        "f1-score": 0.9007940833595327,
        "precision": 0.917112986427158,
        "recall": 0.8906983163124482,
        "support": 3623
    }
}