{
    "Mangroves": {
        "f1-score": 0.845224171539961,
        "precision": 0.8575949367088608,
        "recall": 0.8332052267486548,
        "support": 1301
    },
    "Mangroves > Not Mangroves": {
        "f1-score": 0.5724907063197027,
        "precision": 0.4873417721518987,
        "recall": 0.6936936936936937,
        "support": 222
    },
    "Not Mangroves": {
        "f1-score": 0.9453707469160906,
        "precision": 0.955604275143875,
        "recall": 0.9353540772532188,
        "support": 3728
    },
    "Not Mangroves > Mangroves": {
        "f1-score": 0.6074074074074075,
        "precision": 0.5616438356164384,
        "recall": 0.6612903225806451,
        "support": 124
    },
    "accuracy": 0.8943255813953488,
    "accuracy_conf_interval": [
        0.006876815522096328,
        0.008218633184944393,
        0.009770109857612466,
        0.010818404906712518
    ],
    "cls_confidence_intervals": {
        "Mangroves": [
            0.016120337526099843,
            0.01926576923850957,
            0.022902674655983314,
            0.025360043181303412
        ],
        "Mangroves > Not Mangroves": [
            0.04611381912863274,
            0.05511163749519522,
            0.0655153649815331,
            0.07254491058041004
        ],
        "Not Mangroves": [
            0.005591991903830427,
            0.006683112275309535,
            0.007944720204832254,
            0.008797157995050306
        ],
        "Not Mangroves > Mangroves": [
            0.06734594906723959,
            0.08048662205596926,
            0.09568052519918796,
            0.10594667597163301
        ]
    },
    "cohen_kappa": 0.774760036070856,
    "confusion_matrix": [
        [
            1084,
            70,
            113,
            34
        ],
        [
            43,
            154,
            25,
            0
        ],
        [
            119,
            92,
            3487,
            30
        ],
        [
            18,
            0,
            24,
            82
        ]
    ],
    "macro avg": {
        "f1-score": 0.7426232580457905,
        "precision": 0.7155462049052682,
        "recall": 0.7808858300690531,
        "support": 5375
    },
    "producer_accuracy": [
        85.75949367088607,
        48.734177215189874,
        95.5604275143875,
        56.16438356164384
    ],
    "user_accuracy": [
        83.32052267486549,
        69.36936936936937,
        93.53540772532189,
        66.12903225806451
    ],
    "weighted avg": {
        "f1-score": 0.8979330692089614,
        "precision": 0.9034525505913961,
        "recall": 0.8943255813953488,
        "support": 5375
    }
}