overall accuracy,0.944
cohen kappa,0.8554173813607776
""
Confidence Interval,90%,95%,98%,99%
Overall Accuracy,0.005784014775019777,0.006912603023804124,0.008217533186461026,0.009099242755823796
""
class,f1-score,precision,recall,support
Mangroves,0.8995305164319249,0.9071969696969697,0.8919925512104283,1074
Mangroves > Not Mangroves,0.16000000000000003,0.1,0.4,5
Not Mangroves,0.9665238775186419,0.9688295165394402,0.9642291864514086,3159
Not Mangroves > Mangroves,0.28571428571428575,0.2,0.5,12
""
macro avg,0.577942169916213,0.5440066215591025,0.6890554344154592,4250
weighted (pixel) avg,0.9467231235665525,0.9500616442829735,0.944,4250
""
Confidence Interval,90%,95%,98%,99%
Mangroves,0.014643461952446103,0.017500722821216074,0.020804430700731354,0.023036665754457893
Mangroves > Not Mangroves,0.11001454449298965,0.13148079707698765,0.15630115162723532,0.17307166145848374
Not Mangroves,0.0050827415771544674,0.006074496031233388,0.00722121211876214,0.007996020286011297
Not Mangroves > Mangroves,0.11976866590779633,0.14313816169468344,0.17015914119827164,0.18841655978177718
""
Point Count Confusion Matrix
,Mangroves,Mangroves > Not Mangroves,Not Mangroves,Not Mangroves > Mangroves,User Acc
Mangroves,958,7,94,15,89.19925512104282
Mangroves > Not Mangroves,2,2,1,0,40.0
Not Mangroves,93,11,3046,9,96.42291864514087
Not Mangroves > Mangroves,3,0,3,6,50.0
Producer,90.71969696969697,10.0,96.88295165394402,20.0
""
