{
    "Mangroves": {
        "f1-score": 0.8569982282966339,
        "precision": 0.8664278403275333,
        "recall": 0.8477716574862293,
        "support": 1997
    },
    "Mangroves > Not Mangroves": {
        "f1-score": 0.6111801242236025,
        "precision": 0.5418502202643172,
        "recall": 0.7008547008547008,
        "support": 351
    },
    "Not Mangroves": {
        "f1-score": 0.9489121676067688,
        "precision": 0.9638238664265837,
        "recall": 0.9344548484367561,
        "support": 6301
    },
    "Not Mangroves > Mangroves": {
        "f1-score": 0.37267080745341613,
        "precision": 0.2643171806167401,
        "recall": 0.631578947368421,
        "support": 95
    },
    "accuracy": 0.9019899359560841,
    "accuracy_conf_interval": [
        0.005214647496577729,
        0.00623213969103192,
        0.007408615040869579,
        0.008203530817786915
    ],
    "cls_confidence_intervals": {
        "Mangroves": [
            0.01262134800824475,
            0.01508405005863397,
            0.017931549304396506,
            0.019855535281263083
        ],
        "Mangroves > Not Mangroves": [
            0.038349463247944485,
            0.04583228534510439,
            0.05448429839494553,
            0.0603302531583517
        ],
        "Not Mangroves": [
            0.003918038487817616,
            0.004682533802513736,
            0.005566481510131126,
            0.006163743474737469
        ],
        "Not Mangroves > Mangroves": [
            0.04799974420905005,
            0.05736554795715738,
            0.06819475854090648,
            0.07551179271911533
        ]
    },
    "cohen_kappa": 0.778830028153866,
    "confusion_matrix": [
        [
            1693,
            65,
            166,
            73
        ],
        [
            62,
            246,
            43,
            0
        ],
        [
            176,
            143,
            5888,
            94
        ],
        [
            23,
            0,
            12,
            60
        ]
    ],
    "macro avg": {
        "f1-score": 0.6974403318951052,
        "precision": 0.6591047769087935,
        "recall": 0.7786650385365268,
        "support": 8744
    },
    "producer_accuracy": [
        86.64278403275333,
        54.18502202643172,
        96.38238664265837,
        26.431718061674008
    ],
    "user_accuracy": [
        84.77716574862293,
        70.08547008547008,
        93.44548484367562,
        63.1578947368421
    ],
    "weighted avg": {
        "f1-score": 0.9081025823775375,
        "precision": 0.9170414157089837,
        "recall": 0.9019899359560841,
        "support": 8744
    }
}