{
    "Mangroves": {
        "f1-score": 0.8676616915422886,
        "precision": 0.8786779524385329,
        "recall": 0.8569182389937107,
        "support": 2544
    },
    "Mangroves > Not Mangroves": {
        "f1-score": 0.4473007712082262,
        "precision": 0.36401673640167365,
        "recall": 0.58,
        "support": 150
    },
    "Not Mangroves": {
        "f1-score": 0.960431654676259,
        "precision": 0.969147005444646,
        "recall": 0.9518716577540107,
        "support": 8976
    },
    "Not Mangroves > Mangroves": {
        "f1-score": 0.2827586206896552,
        "precision": 0.19339622641509435,
        "recall": 0.5256410256410257,
        "support": 78
    },
    "accuracy": 0.9237316990125979,
    "accuracy_conf_interval": [
        0.004016121459041606,
        0.004799754914464358,
        0.005705831097296916,
        0.006318044734345942
    ],
    "cls_confidence_intervals": {
        "Mangroves": [
            0.010750166636749933,
            0.01284776012684748,
            0.015273102599772772,
            0.01691184751391148
        ],
        "Mangroves > Not Mangroves": [
            0.051042086232959624,
            0.061001517693049304,
            0.072517110318778,
            0.08029791614697307
        ],
        "Not Mangroves": [
            0.0030203101883218794,
            0.0036096390055554172,
            0.004291050450481695,
            0.004751463588945396
        ],
        "Not Mangroves > Mangroves": [
            0.04448668453279845,
            0.05316701322212498,
            0.06320364326915878,
            0.06998515005769514
        ]
    },
    "cohen_kappa": 0.7995734803824853,
    "confusion_matrix": [
        [
            2180,
            51,
            238,
            75
        ],
        [
            49,
            87,
            14,
            0
        ],
        [
            235,
            101,
            8544,
            96
        ],
        [
            17,
            0,
            20,
            41
        ]
    ],
    "macro avg": {
        "f1-score": 0.6395381845291072,
        "precision": 0.6013094801749868,
        "recall": 0.7286077305971868,
        "support": 11748
    },
    "producer_accuracy": [
        87.86779524385328,
        36.40167364016737,
        96.91470054446461,
        19.339622641509436
    ],
    "user_accuracy": [
        85.69182389937107,
        57.99999999999999,
        95.18716577540107,
        52.56410256410257
    ],
    "weighted avg": {
        "f1-score": 0.929291467803261,
        "precision": 0.9366792345927304,
        "recall": 0.9237316990125979,
        "support": 11748
    }
}