{
    "Mangroves": {
        "f1-score": 0.8,
        "precision": 0.8129251700680272,
        "recall": 0.7874794069192751,
        "support": 607
    },
    "Mangroves > Not Mangroves": {
        "f1-score": 0.5572139303482587,
        "precision": 0.4609053497942387,
        "recall": 0.7044025157232704,
        "support": 159
    },
    "Not Mangroves": {
        "f1-score": 0.9410131852879945,
        "precision": 0.958078191238813,
        "recall": 0.9245454545454546,
        "support": 2200
    },
    "Not Mangroves > Mangroves": {
        "f1-score": 0.475,
        "precision": 0.41304347826086957,
        "recall": 0.5588235294117647,
        "support": 34
    },
    "accuracy": 0.881,
    "accuracy_conf_interval": [
        0.009694929506362247,
        0.011586623068579271,
        0.013773893749892706,
        0.015251779345374755
    ],
    "cls_confidence_intervals": {
        "Mangroves": [
            0.026374737736638672,
            0.03152102802671451,
            0.03747142617461471,
            0.04149196546373645
        ],
        "Mangroves > Not Mangroves": [
            0.052441981963205854,
            0.06267456380968504,
            0.07450598656967662,
            0.08250019113723848
        ],
        "Not Mangroves": [
            0.007133281032452836,
            0.008525140746102172,
            0.010134478540009213,
            0.011221868941297756
        ],
        "Not Mangroves > Mangroves": [
            0.11905997391928387,
            0.14229118834255877,
            0.16915228001947039,
            0.1873016662876539
        ]
    },
    "cohen_kappa": 0.7276391348232059,
    "confusion_matrix": [
        [
            478,
            56,
            59,
            14
        ],
        [
            25,
            112,
            22,
            0
        ],
        [
            78,
            75,
            2034,
            13
        ],
        [
            7,
            0,
            8,
            19
        ]
    ],
    "macro avg": {
        "f1-score": 0.6933067789090633,
        "precision": 0.6612380473404872,
        "recall": 0.7438127266499412,
        "support": 3000
    },
    "producer_accuracy": [
        81.29251700680273,
        46.09053497942387,
        95.8078191238813,
        41.30434782608695
    ],
    "user_accuracy": [
        78.74794069192751,
        70.44025157232704,
        92.45454545454545,
        55.88235294117647
    ],
    "weighted avg": {
        "f1-score": 0.8868586741863205,
        "precision": 0.8961816759449449,
        "recall": 0.881,
        "support": 3000
    }
}