{
    "Mangroves": {
        "f1-score": 0.8852696344553023,
        "precision": 0.9025830258302583,
        "recall": 0.8686079545454546,
        "support": 1408
    },
    "Mangroves > Not Mangroves": {
        "f1-score": 0.6201550387596898,
        "precision": 0.5714285714285714,
        "recall": 0.6779661016949152,
        "support": 177
    },
    "Not Mangroves": {
        "f1-score": 0.9658455806251294,
        "precision": 0.9739094134836151,
        "recall": 0.9579141859987682,
        "support": 4871
    },
    "Not Mangroves > Mangroves": {
        "f1-score": 0.24468085106382975,
        "precision": 0.1597222222222222,
        "recall": 0.5227272727272727,
        "support": 44
    },
    "accuracy": 0.928,
    "accuracy_conf_interval": [
        0.005258082622167366,
        0.006284049963078072,
        0.007470324701006076,
        0.008271861686092565
    ],
    "cls_confidence_intervals": {
        "Mangroves": [
            0.013210981954950171,
            0.015788734531525815,
            0.018769260948191403,
            0.020783130148641124
        ],
        "Mangroves > Not Mangroves": [
            0.05600499769452587,
            0.06693280212272604,
            0.07956807599283248,
            0.08810542320236386
        ],
        "Not Mangroves": [
            0.003776869381153717,
            0.004513819504305662,
            0.005365918084200099,
            0.005941660367912556
        ],
        "Not Mangroves > Mangroves": [
            0.050067592986436024,
            0.05983687942281379,
            0.07113261686487558,
            0.07876487189329572
        ]
    },
    "cohen_kappa": 0.8206546952594885,
    "confusion_matrix": [
        [
            1223,
            31,
            102,
            52
        ],
        [
            39,
            120,
            18,
            0
        ],
        [
            77,
            59,
            4666,
            69
        ],
        [
            16,
            0,
            5,
            23
        ]
    ],
    "macro avg": {
        "f1-score": 0.6789877762259878,
        "precision": 0.6519108082411668,
        "recall": 0.7568038787416027,
        "support": 6500
    },
    "producer_accuracy": [
        90.25830258302582,
        57.14285714285714,
        97.39094134836151,
        15.972222222222221
    ],
    "user_accuracy": [
        86.86079545454545,
        67.79661016949152,
        95.79141859987682,
        52.27272727272727
    ],
    "weighted avg": {
        "f1-score": 0.9340964412069762,
        "precision": 0.9419877366720504,
        "recall": 0.928,
        "support": 6500
    }
}