{
    "Mangroves": {
        "f1-score": 0.7919463087248322,
        "precision": 0.8251748251748252,
        "recall": 0.7612903225806451,
        "support": 465
    },
    "Mangroves > Not Mangroves": {
        "f1-score": 0.5263157894736842,
        "precision": 0.4076086956521739,
        "recall": 0.7425742574257426,
        "support": 101
    },
    "Not Mangroves": {
        "f1-score": 0.9468367889420521,
        "precision": 0.9616630669546437,
        "recall": 0.9324607329842932,
        "support": 1910
    },
    "Not Mangroves > Mangroves": {
        "f1-score": 0.5084745762711864,
        "precision": 0.42857142857142855,
        "recall": 0.625,
        "support": 24
    },
    "accuracy": 0.89,
    "accuracy_conf_interval": [
        0.010262784027738281,
        0.012265278472175019,
        0.014580662673554998,
        0.0161451114582712
    ],
    "cls_confidence_intervals": {
        "Mangroves": [
            0.03007392916562232,
            0.03594201290525594,
            0.04272698472920732,
            0.047311425150796095
        ],
        "Mangroves > Not Mangroves": [
            0.05941019723676526,
            0.07100243084393897,
            0.08440595095223358,
            0.09346238345783804
        ],
        "Not Mangroves": [
            0.0073171761243046585,
            0.008744917807095812,
            0.010395744127823082,
            0.01151116731750367
        ],
        "Not Mangroves > Mangroves": [
            0.13718366739733664,
            0.16395121225535356,
            0.1949011859974356,
            0.21581333041776132
        ]
    },
    "cohen_kappa": 0.7243130985162631,
    "confusion_matrix": [
        [
            354,
            49,
            51,
            11
        ],
        [
            13,
            75,
            13,
            0
        ],
        [
            60,
            60,
            1781,
            9
        ],
        [
            2,
            0,
            7,
            15
        ]
    ],
    "macro avg": {
        "f1-score": 0.6933933658529386,
        "precision": 0.6557545040882677,
        "recall": 0.7653313282476703,
        "support": 2500
    },
    "producer_accuracy": [
        82.51748251748252,
        40.76086956521739,
        96.16630669546437,
        42.857142857142854
    ],
    "user_accuracy": [
        76.12903225806451,
        74.25742574257426,
        93.24607329842932,
        62.5
    ],
    "weighted avg": {
        "f1-score": 0.8968298340014867,
        "precision": 0.9087747776544988,
        "recall": 0.89,
        "support": 2500
    }
}