{
    "Mangroves": {
        "f1-score": 0.8456621004566209,
        "precision": 0.9025341130604289,
        "recall": 0.7955326460481099,
        "support": 582
    },
    "Mangroves > Not Mangroves": {
        "f1-score": 0.5304347826086956,
        "precision": 0.44525547445255476,
        "recall": 0.6559139784946236,
        "support": 93
    },
    "Not Mangroves": {
        "f1-score": 0.8756274400446179,
        "precision": 0.9170560747663551,
        "recall": 0.8377801494130203,
        "support": 937
    },
    "Not Mangroves > Mangroves": {
        "f1-score": 0.109375,
        "precision": 0.05982905982905983,
        "recall": 0.6363636363636364,
        "support": 11
    },
    "accuracy": 0.8108441158348737,
    "accuracy_conf_interval": [
        0.01594274870614034,
        0.0190535289414848,
        0.022650368588601828,
        0.025080665647464685
    ],
    "cls_confidence_intervals": {
        "Mangroves": [
            0.021475500694365733,
            0.025665842293266364,
            0.03051092476699522,
            0.033784629141136335
        ],
        "Mangroves > Not Mangroves": [
            0.06963614340221747,
            0.0832236835782599,
            0.09893427690680898,
            0.10954954266934212
        ],
        "Not Mangroves": [
            0.01545956265605411,
            0.018476062686503692,
            0.021963890846711024,
            0.02432053149549976
        ],
        "Not Mangroves > Mangroves": [
            0.03595923285343931,
            0.042975668532159186,
            0.05108842228567903,
            0.056570012659678925
        ]
    },
    "cohen_kappa": 0.6720808601459858,
    "confusion_matrix": [
        [
            463,
            13,
            54,
            52
        ],
        [
            17,
            61,
            15,
            0
        ],
        [
            31,
            63,
            785,
            58
        ],
        [
            2,
            0,
            2,
            7
        ]
    ],
    "macro avg": {
        "f1-score": 0.5902748307774836,
        "precision": 0.5811686805270996,
        "recall": 0.7313976025798475,
        "support": 1623
    },
    "producer_accuracy": [
        90.25341130604289,
        44.52554744525548,
        91.7056074766355,
        5.982905982905983
    ],
    "user_accuracy": [
        79.55326460481099,
        65.59139784946237,
        83.77801494130203,
        63.63636363636363
    ],
    "weighted avg": {
        "f1-score": 0.8399086959766907,
        "precision": 0.8790038660748316,
        "recall": 0.8108441158348737,
        "support": 1623
    }
}