{
    "Mangroves": {
        "f1-score": 0.86497277676951,
        "precision": 0.8709795321637427,
        "recall": 0.8590483056957462,
        "support": 2774
    },
    "Mangroves > Not Mangroves": {
        "f1-score": 0.5656565656565656,
        "precision": 0.5,
        "recall": 0.6511627906976745,
        "support": 301
    },
    "Not Mangroves": {
        "f1-score": 0.956352082055856,
        "precision": 0.9660997860119382,
        "recall": 0.9467991169977925,
        "support": 9060
    },
    "Not Mangroves > Mangroves": {
        "f1-score": 0.3450292397660818,
        "precision": 0.251063829787234,
        "recall": 0.5514018691588785,
        "support": 107
    },
    "accuracy": 0.916190165005718,
    "accuracy_conf_interval": [
        0.004107314572227547,
        0.004908741805832922,
        0.005835392044689138,
        0.006461507070943337
    ],
    "cls_confidence_intervals": {
        "Mangroves": [
            0.010510396075044575,
            0.012561205065297175,
            0.014932452960276744,
            0.016534647483911587
        ],
        "Mangroves > Not Mangroves": [
            0.04141625432664064,
            0.049497474683058325,
            0.05884138572016628,
            0.0651548391236176
        ],
        "Not Mangroves": [
            0.0031497351192743624,
            0.003764317581571799,
            0.0044749285536032106,
            0.004955071102273083
        ],
        "Not Mangroves > Mangroves": [
            0.046390002333894356,
            0.05544171010636155,
            0.06590774721827675,
            0.07297939391551674
        ]
    },
    "cohen_kappa": 0.7963967042126082,
    "confusion_matrix": [
        [
            2383,
            62,
            247,
            82
        ],
        [
            74,
            196,
            31,
            0
        ],
        [
            254,
            134,
            8578,
            94
        ],
        [
            25,
            0,
            23,
            59
        ]
    ],
    "macro avg": {
        "f1-score": 0.6830026660620034,
        "precision": 0.6470357869907286,
        "recall": 0.752103020637523,
        "support": 12242
    },
    "producer_accuracy": [
        87.09795321637426,
        50.0,
        96.60997860119383,
        25.106382978723403
    ],
    "user_accuracy": [
        85.90483056957461,
        65.11627906976744,
        94.67991169977925,
        55.140186915887845
    ],
    "weighted avg": {
        "f1-score": 0.9206963814002835,
        "precision": 0.9268359020811647,
        "recall": 0.916190165005718,
        "support": 12242
    }
}