overall accuracy,0.9376
cohen kappa,0.8179013929298322
""
Confidence Interval,90%,95%,98%,99%
Overall Accuracy,0.00458051500894823,0.0054742740350844695,0.006507682909054497,0.007205932148223434
""
class,f1-score,precision,recall,support
Mangroves,0.8677573278800271,0.8834142956280361,0.8526456798392499,1493
Mangroves > Not Mangroves,0.4827586206896552,0.3559322033898305,0.75,56
Not Mangroves,0.966867214642827,0.9713945172824792,0.9623819163292847,5928
Not Mangroves > Mangroves,0.26373626373626374,0.17647058823529413,0.5217391304347826,23
""
macro avg,0.6452798567371932,0.5968029011339099,0.7716916816508294,7500
weighted (pixel) avg,0.9413667941002818,0.9468473691656583,0.9376,7500
""
Confidence Interval,90%,95%,98%,99%
Mangroves,0.013864899295148695,0.01657024549908015,0.019698302047375892,0.02181185376919734
Mangroves > Not Mangroves,0.07228568126361566,0.0863902044370041,0.10269855935623447,0.11371771808544416
Not Mangroves,0.0035672727147351554,0.004263325927366406,0.005068137454471288,0.005611929026839452
Not Mangroves > Mangroves,0.07581674157112567,0.09061025212158921,0.10771524869556269,0.11927267881311233
""
Point Count Confusion Matrix
,Mangroves,Mangroves > Not Mangroves,Not Mangroves,Not Mangroves > Mangroves,User Acc
Mangroves,1273,29,161,30,85.26456798392499
Mangroves > Not Mangroves,13,42,1,0,75.0
Not Mangroves,150,47,5705,26,96.23819163292848
Not Mangroves > Mangroves,5,0,6,12,52.17391304347826
Producer,88.34142956280361,35.59322033898305,97.13945172824792,17.647058823529413
""
