overall accuracy,0.975
cohen kappa,0.8884625680378335
""
Confidence Interval,90%,95%,98%,99%
Overall Accuracy,0.008096851239833919,0.00967672465248444,0.011503453285861604,0.012737729389494823
""
class,f1-score,precision,recall,support
Mangroves,0.9236947791164659,0.9504132231404959,0.8984375,128
Mangroves > Not Mangroves,0.0,0.0,0.0,0
Not Mangroves,0.9862385321100918,0.9817351598173516,0.9907834101382489,868
Not Mangroves > Mangroves,0.0,0.0,0.0,4
""
macro avg,0.47748332780663943,0.48303709573946185,0.4723052275345622,1000
weighted (pixel) avg,0.9742879775984674,0.9737990112834447,0.975,1000
""
Confidence Interval,90%,95%,98%,99%
Mangroves,0.03236609749055515,0.038681433586273226,0.04598354094694726,0.050917397271727005
Mangroves > Not Mangroves,0.0,0.0,0.0,0.0
Not Mangroves,0.007419880412660718,0.008867661956594518,0.010541659366767972,0.011672738697966253
Not Mangroves > Mangroves,0.0,0.0,0.0,0.0
""
Point Count Confusion Matrix
,Mangroves,Mangroves > Not Mangroves,Not Mangroves,Not Mangroves > Mangroves,User Acc
Mangroves,115,0,12,1,89.84375
Mangroves > Not Mangroves,0,0,0,0,nan
Not Mangroves,6,2,860,0,99.07834101382488
Not Mangroves > Mangroves,0,0,4,0,0.0
Producer,95.0413223140496,0.0,98.17351598173516,0.0
""
