{
    "Mangroves": {
        "f1-score": 0.8584180510786016,
        "precision": 0.882262996941896,
        "recall": 0.8358281023660068,
        "support": 2071
    },
    "Mangroves > Not Mangroves": {
        "f1-score": 0.5426136363636364,
        "precision": 0.44522144522144524,
        "recall": 0.6945454545454546,
        "support": 275
    },
    "Not Mangroves": {
        "f1-score": 0.9509820379385598,
        "precision": 0.9590316573556797,
        "recall": 0.9430664225070751,
        "support": 6007
    },
    "Not Mangroves > Mangroves": {
        "f1-score": 0.5552407932011332,
        "precision": 0.4803921568627451,
        "recall": 0.6577181208053692,
        "support": 149
    },
    "accuracy": 0.9039049635379911,
    "accuracy_conf_interval": [
        0.005241977605989389,
        0.006264802504719026,
        0.007447443793875169,
        0.008246525746007698
    ],
    "cls_confidence_intervals": {
        "Mangroves": [
            0.011933006230122648,
            0.014261397689658775,
            0.016953600314747422,
            0.01877265614251002
        ],
        "Mangroves > Not Mangroves": [
            0.039351661329969256,
            0.04703003427240229,
            0.055908152987090474,
            0.06190688184836628
        ],
        "Not Mangroves": [
            0.004229616891904336,
            0.005054907992763719,
            0.006009150828132381,
            0.006653909500678773
        ],
        "Not Mangroves > Mangroves": [
            0.05736732075903975,
            0.06856094432177921,
            0.08150357156619673,
            0.09024858997458693
        ]
    },
    "cohen_kappa": 0.7868563675907397,
    "confusion_matrix": [
        [
            1731,
            114,
            180,
            46
        ],
        [
            50,
            191,
            34,
            0
        ],
        [
            158,
            124,
            5665,
            60
        ],
        [
            23,
            0,
            28,
            98
        ]
    ],
    "macro avg": {
        "f1-score": 0.7268136296454827,
        "precision": 0.6917270640954415,
        "recall": 0.7827895250559764,
        "support": 8502
    },
    "producer_accuracy": [
        88.2262996941896,
        44.52214452214452,
        95.90316573556798,
        48.03921568627451
    ],
    "user_accuracy": [
        83.58281023660068,
        69.45454545454545,
        94.30664225070751,
        65.77181208053692
    ],
    "weighted avg": {
        "f1-score": 0.9082901098409412,
        "precision": 0.9153239427441404,
        "recall": 0.9039049635379911,
        "support": 8502
    }
}