{
    "Mangroves": {
        "f1-score": 0.8816049731562589,
        "precision": 0.8944954128440367,
        "recall": 0.8690807799442897,
        "support": 3590
    },
    "Mangroves > Not Mangroves": {
        "f1-score": 0.6117179741807348,
        "precision": 0.5347222222222222,
        "recall": 0.7146171693735499,
        "support": 431
    },
    "Not Mangroves": {
        "f1-score": 0.9526660240474862,
        "precision": 0.9618891507017724,
        "recall": 0.9436180904522613,
        "support": 9950
    },
    "Not Mangroves > Mangroves": {
        "f1-score": 0.5578034682080925,
        "precision": 0.4606205250596659,
        "recall": 0.706959706959707,
        "support": 273
    },
    "accuracy": 0.9133670317326593,
    "accuracy_conf_interval": [
        0.0038653794076715297,
        0.0046195997799001205,
        0.00549166708528943,
        0.0060809017510930164
    ],
    "cls_confidence_intervals": {
        "Mangroves": [
            0.008530614960593538,
            0.01019512519680691,
            0.012119715157428624,
            0.013420113779470322
        ],
        "Mangroves > Not Mangroves": [
            0.0340841821982443,
            0.04073475433448709,
            0.04842447836701782,
            0.0536202378484575
        ],
        "Not Mangroves": [
            0.0031782167953225042,
            0.003798356657824456,
            0.0045153933738423385,
            0.004999877641421988
        ],
        "Not Mangroves > Mangroves": [
            0.03993518380742131,
            0.04772741479423522,
            0.05673718187273881,
            0.06282486233118718
        ]
    },
    "cohen_kappa": 0.8107650142908399,
    "confusion_matrix": [
        [
            3120,
            99,
            283,
            88
        ],
        [
            75,
            308,
            48,
            0
        ],
        [
            255,
            168,
            9389,
            138
        ],
        [
            38,
            1,
            41,
            193
        ]
    ],
    "macro avg": {
        "f1-score": 0.7509481098981432,
        "precision": 0.7129318277069243,
        "recall": 0.808568936682452,
        "support": 14244
    },
    "producer_accuracy": [
        89.44954128440367,
        53.47222222222222,
        96.18891507017725,
        46.06205250596659
    ],
    "user_accuracy": [
        86.90807799442896,
        71.46171693735499,
        94.36180904522612,
        70.6959706959707
    ],
    "weighted avg": {
        "f1-score": 0.9168716362395509,
        "precision": 0.9223708412462647,
        "recall": 0.9133670317326593,
        "support": 14244
    }
}