{
    "Mangroves": {
        "f1-score": 0.8745247148288974,
        "precision": 0.8753568030447193,
        "recall": 0.8736942070275404,
        "support": 1053
    },
    "Mangroves > Not Mangroves": {
        "f1-score": 0.5051194539249146,
        "precision": 0.43529411764705883,
        "recall": 0.6016260162601627,
        "support": 123
    },
    "Not Mangroves": {
        "f1-score": 0.9350172215843857,
        "precision": 0.9631031220435194,
        "recall": 0.9085229808121374,
        "support": 2241
    },
    "Not Mangroves > Mangroves": {
        "f1-score": 0.41129032258064513,
        "precision": 0.3090909090909091,
        "recall": 0.6144578313253012,
        "support": 83
    },
    "accuracy": 0.8802857142857143,
    "accuracy_conf_interval": [
        0.008999008088391025,
        0.010754912105638054,
        0.01278517612557993,
        0.014156976139054173
    ],
    "cls_confidence_intervals": {
        "Mangroves": [
            0.016709726267671744,
            0.01997016066136379,
            0.023740037929070222,
            0.026287252299142135
        ],
        "Mangroves > Not Mangroves": [
            0.06236227389841219,
            0.07453052246395603,
            0.08860005986786611,
            0.09810650405969723
        ],
        "Not Mangroves": [
            0.006723920373563071,
            0.00803590483669733,
            0.009552886872196315,
            0.010577874734019953
        ],
        "Not Mangroves > Mangroves": [
            0.05900046649248698,
            0.0705127526373625,
            0.08382383349237481,
            0.0928178070430588
        ]
    },
    "cohen_kappa": 0.7698242314106973,
    "confusion_matrix": [
        [
            920,
            23,
            58,
            52
        ],
        [
            35,
            74,
            14,
            0
        ],
        [
            71,
            72,
            2036,
            62
        ],
        [
            25,
            1,
            6,
            51
        ]
    ],
    "macro avg": {
        "f1-score": 0.6814879282297107,
        "precision": 0.6457112379565517,
        "recall": 0.7495752588562854,
        "support": 3500
    },
    "producer_accuracy": [
        87.53568030447192,
        43.529411764705884,
        96.31031220435194,
        30.909090909090907
    ],
    "user_accuracy": [
        87.36942070275404,
        60.16260162601627,
        90.85229808121375,
        61.44578313253012
    ],
    "weighted avg": {
        "f1-score": 0.8892899736835416,
        "precision": 0.9026458662945,
        "recall": 0.8802857142857143,
        "support": 3500
    }
}