{
    "Mangroves": {
        "f1-score": 0.88619475948377,
        "precision": 0.9049520766773163,
        "recall": 0.8681992337164751,
        "support": 1305
    },
    "Mangroves > Not Mangroves": {
        "f1-score": 0.09090909090909091,
        "precision": 0.05128205128205128,
        "recall": 0.4,
        "support": 5
    },
    "Not Mangroves": {
        "f1-score": 0.9658899831852029,
        "precision": 0.9684489402697495,
        "recall": 0.9633445136559655,
        "support": 4174
    },
    "Not Mangroves > Mangroves": {
        "f1-score": 0.1643835616438356,
        "precision": 0.10526315789473684,
        "recall": 0.375,
        "support": 16
    },
    "accuracy": 0.9385454545454546,
    "accuracy_conf_interval": [
        0.0053108882600082065,
        0.006347159140009808,
        0.007545347345011661,
        0.008354933970012912
    ],
    "cls_confidence_intervals": {
        "Mangroves": [
            0.013593327813350214,
            0.016245684459857572,
            0.019312471832381706,
            0.02138462546246558
        ],
        "Mangroves > Not Mangroves": [
            0.05792456718065431,
            0.06922692175248929,
            0.0822952692261735,
            0.09112523373541959
        ],
        "Not Mangroves": [
            0.004448980632543986,
            0.005317074414503788,
            0.006320807849894809,
            0.006999006117050905
        ],
        "Not Mangroves > Mangroves": [
            0.06666413952541168,
            0.07967177650597981,
            0.09471185676476172,
            0.10487407315583058
        ]
    },
    "cohen_kappa": 0.835261996785881,
    "confusion_matrix": [
        [
            1133,
            19,
            123,
            30
        ],
        [
            2,
            2,
            1,
            0
        ],
        [
            114,
            18,
            4021,
            21
        ],
        [
            3,
            0,
            7,
            6
        ]
    ],
    "macro avg": {
        "f1-score": 0.5268443488054748,
        "precision": 0.5074865565309634,
        "recall": 0.6516359368431102,
        "support": 5500
    },
    "producer_accuracy": [
        90.49520766773162,
        5.128205128205128,
        96.84489402697494,
        10.526315789473683
    ],
    "user_accuracy": [
        86.8199233716475,
        40.0,
        96.33445136559655,
        37.5
    ],
    "weighted avg": {
        "f1-score": 0.9438533878876733,
        "precision": 0.9500379922786469,
        "recall": 0.9385454545454546,
        "support": 5500
    }
}