{
    "Mangroves": {
        "f1-score": 0.8402848423194303,
        "precision": 0.8713080168776371,
        "recall": 0.8113948919449901,
        "support": 509
    },
    "Mangroves > Not Mangroves": {
        "f1-score": 0.4941176470588235,
        "precision": 0.4,
        "recall": 0.6461538461538462,
        "support": 65
    },
    "Not Mangroves": {
        "f1-score": 0.9456010745466755,
        "precision": 0.9750692520775623,
        "recall": 0.9178617992177314,
        "support": 1534
    },
    "Not Mangroves > Mangroves": {
        "f1-score": 0.08403361344537814,
        "precision": 0.049019607843137254,
        "recall": 0.29411764705882354,
        "support": 17
    },
    "accuracy": 0.8790588235294118,
    "accuracy_conf_interval": [
        0.011600065569303092,
        0.013863492997459793,
        0.016480580961265978,
        0.0182488836395134
    ],
    "cls_confidence_intervals": {
        "Mangroves": [
            0.0252241348125517,
            0.03014591721500081,
            0.035836728117832596,
            0.039681870619745964
        ],
        "Mangroves > Not Mangroves": [
            0.07840699677233622,
            0.09370592297181646,
            0.11139530638996549,
            0.12334759248330943
        ],
        "Not Mangroves": [
            0.006728924198376226,
            0.008041885017571587,
            0.009559995964766223,
            0.0105857466047626
        ],
        "Not Mangroves > Mangroves": [
            0.0350602056929776,
            0.041901221437948846,
            0.04981114589307185,
            0.055155689443830626
        ]
    },
    "cohen_kappa": 0.733689016064727,
    "confusion_matrix": [
        [
            413,
            21,
            34,
            41
        ],
        [
            21,
            42,
            2,
            0
        ],
        [
            28,
            42,
            1408,
            56
        ],
        [
            12,
            0,
            0,
            5
        ]
    ],
    "macro avg": {
        "f1-score": 0.5910092943425769,
        "precision": 0.5738492191995841,
        "recall": 0.6673820460938478,
        "support": 2125
    },
    "producer_accuracy": [
        87.13080168776372,
        40.0,
        97.50692520775624,
        4.901960784313726
    ],
    "user_accuracy": [
        81.13948919449902,
        64.61538461538461,
        91.78617992177314,
        29.411764705882355
    ],
    "weighted avg": {
        "f1-score": 0.8996721183918047,
        "precision": 0.9252166336993087,
        "recall": 0.8790588235294118,
        "support": 2125
    }
}