{
    "Mangroves": {
        "f1-score": 0.8538853885388539,
        "precision": 0.8783950617283951,
        "recall": 0.8307063631056626,
        "support": 1713
    },
    "Mangroves > Not Mangroves": {
        "f1-score": 0.5540540540540542,
        "precision": 0.462406015037594,
        "recall": 0.6910112359550562,
        "support": 178
    },
    "Not Mangroves": {
        "f1-score": 0.9470588235294117,
        "precision": 0.9587137753076618,
        "recall": 0.9356838434715227,
        "support": 5162
    },
    "Not Mangroves > Mangroves": {
        "f1-score": 0.34200743494423796,
        "precision": 0.23115577889447236,
        "recall": 0.6571428571428571,
        "support": 70
    },
    "accuracy": 0.9015864102204127,
    "accuracy_conf_interval": [
        0.00578820082927728,
        0.0069176058691362615,
        0.008223480446473209,
        0.009105828133863039
    ],
    "cls_confidence_intervals": {
        "Mangroves": [
            0.013317015013228205,
            0.01591545696702883,
            0.018919905476110804,
            0.020949938252517543
        ],
        "Mangroves > Not Mangroves": [
            0.050135109469188574,
            0.0599175698534205,
            0.07122853967268865,
            0.07887108684786984
        ],
        "Not Mangroves": [
            0.004596865915736835,
            0.005493815362709876,
            0.006530913160772455,
            0.007231654916220144
        ],
        "Not Mangroves > Mangroves": [
            0.049010469701878175,
            0.058573488180293426,
            0.06963072829596106,
            0.07710183648222299
        ]
    },
    "cohen_kappa": 0.7719430810333217,
    "confusion_matrix": [
        [
            1423,
            48,
            174,
            68
        ],
        [
            37,
            123,
            18,
            0
        ],
        [
            152,
            95,
            4830,
            85
        ],
        [
            8,
            0,
            16,
            46
        ]
    ],
    "macro avg": {
        "f1-score": 0.6742514252666395,
        "precision": 0.6326676577420308,
        "recall": 0.7786360749187746,
        "support": 7123
    },
    "producer_accuracy": [
        87.8395061728395,
        46.2406015037594,
        95.87137753076618,
        23.115577889447238
    ],
    "user_accuracy": [
        83.07063631056626,
        69.10112359550563,
        93.56838434715226,
        65.71428571428571
    ],
    "weighted avg": {
        "f1-score": 0.9088846637222516,
        "precision": 0.9198456302229672,
        "recall": 0.9015864102204127,
        "support": 7123
    }
}