{
    "Mangroves": {
        "f1-score": 0.8717948717948718,
        "precision": 0.8876967095851216,
        "recall": 0.8564527260179434,
        "support": 1449
    },
    "Mangroves > Not Mangroves": {
        "f1-score": 0.48837209302325585,
        "precision": 0.3620689655172414,
        "recall": 0.75,
        "support": 56
    },
    "Not Mangroves": {
        "f1-score": 0.9667767988252569,
        "precision": 0.9712336345196386,
        "recall": 0.9623606797003471,
        "support": 5473
    },
    "Not Mangroves > Mangroves": {
        "f1-score": 0.2588235294117647,
        "precision": 0.1746031746031746,
        "recall": 0.5,
        "support": 22
    },
    "accuracy": 0.9372857142857143,
    "accuracy_conf_interval": [
        0.004752411816239943,
        0.005679711682823346,
        0.006751902153560406,
        0.00747635517432869
    ],
    "cls_confidence_intervals": {
        "Mangroves": [
            0.013849012520103916,
            0.016551258865490047,
            0.01967573120234276,
            0.021786861159675673
        ],
        "Mangroves > Not Mangroves": [
            0.07318083647496922,
            0.08746002407984127,
            0.10397033474797457,
            0.11512595006428085
        ],
        "Not Mangroves": [
            0.0037224459435395256,
            0.004448776859352116,
            0.005288596980760424,
            0.00585604300873901
        ],
        "Not Mangroves > Mangroves": [
            0.07843881757240348,
            0.09374395270848221,
            0.11144051520957325,
            0.12339765203463475
        ]
    },
    "cohen_kappa": 0.8222295446397927,
    "confusion_matrix": [
        [
            1241,
            29,
            149,
            30
        ],
        [
            13,
            42,
            1,
            0
        ],
        [
            139,
            45,
            5267,
            22
        ],
        [
            5,
            0,
            6,
            11
        ]
    ],
    "macro avg": {
        "f1-score": 0.6464418232637873,
        "precision": 0.598900621056294,
        "recall": 0.7672033514295726,
        "support": 7000
    },
    "producer_accuracy": [
        88.76967095851217,
        36.206896551724135,
        97.12336345196387,
        17.46031746031746
    ],
    "user_accuracy": [
        85.64527260179435,
        75.0,
        96.23606797003471,
        50.0
    ],
    "weighted avg": {
        "f1-score": 0.9410633062939658,
        "precision": 0.9465644779750083,
        "recall": 0.9372857142857143,
        "support": 7000
    }
}