{
    "Mangroves": {
        "f1-score": 0.8826901031715706,
        "precision": 0.903755868544601,
        "recall": 0.8625840179238238,
        "support": 1339
    },
    "Mangroves > Not Mangroves": {
        "f1-score": 0.18181818181818182,
        "precision": 0.11363636363636363,
        "recall": 0.45454545454545453,
        "support": 11
    },
    "Not Mangroves": {
        "f1-score": 0.9655488153828544,
        "precision": 0.9678751720972923,
        "recall": 0.9632336149805891,
        "support": 4379
    },
    "Not Mangroves > Mangroves": {
        "f1-score": 0.17582417582417584,
        "precision": 0.11428571428571428,
        "recall": 0.38095238095238093,
        "support": 21
    },
    "accuracy": 0.936695652173913,
    "accuracy_conf_interval": [
        0.005266546794855389,
        0.006294165681656441,
        0.007482350019520158,
        0.008285177274833478
    ],
    "cls_confidence_intervals": {
        "Mangroves": [
            0.013529791847874995,
            0.016169751232826213,
            0.019222204271676063,
            0.0212846725411692
        ],
        "Mangroves > Not Mangroves": [
            0.07846611293442741,
            0.09377657399480349,
            0.11147929459586335,
            0.12344059229928216
        ],
        "Not Mangroves": [
            0.004380566874367325,
            0.005235311630341437,
            0.006223610254436505,
            0.0068913795950412806
        ],
        "Not Mangroves > Mangroves": [
            0.06236452606079173,
            0.07453321407265354,
            0.08860325958636875,
            0.09811004709563577
        ]
    },
    "cohen_kappa": 0.8293604678181017,
    "confusion_matrix": [
        [
            1155,
            21,
            129,
            34
        ],
        [
            4,
            5,
            2,
            0
        ],
        [
            115,
            18,
            4218,
            28
        ],
        [
            4,
            0,
            9,
            8
        ]
    ],
    "macro avg": {
        "f1-score": 0.5514703190491956,
        "precision": 0.5248882796409928,
        "recall": 0.665328867100562,
        "support": 5750
    },
    "producer_accuracy": [
        90.3755868544601,
        11.363636363636363,
        96.78751720972923,
        11.428571428571429
    ],
    "user_accuracy": [
        86.25840179238237,
        45.45454545454545,
        96.32336149805892,
        38.095238095238095
    ],
    "weighted avg": {
        "f1-score": 0.9418700205914018,
        "precision": 0.9481920846252633,
        "recall": 0.936695652173913,
        "support": 5750
    }
}