{
    "Mangroves": {
        "f1-score": 0.8222730739893211,
        "precision": 0.8343653250773994,
        "recall": 0.8105263157894737,
        "support": 665
    },
    "Mangroves > Not Mangroves": {
        "f1-score": 0.5018450184501844,
        "precision": 0.425,
        "recall": 0.6126126126126126,
        "support": 111
    },
    "Not Mangroves": {
        "f1-score": 0.947588223011067,
        "precision": 0.971318493150685,
        "recall": 0.9249898083978801,
        "support": 2453
    },
    "Not Mangroves > Mangroves": {
        "f1-score": 0.096,
        "precision": 0.05660377358490566,
        "recall": 0.3157894736842105,
        "support": 19
    },
    "accuracy": 0.8873152709359606,
    "accuracy_conf_interval": [
        0.009099286682175613,
        0.01087475725430744,
        0.012927645103334866,
        0.014314731487812855
    ],
    "cls_confidence_intervals": {
        "Mangroves": [
            0.023987298661667163,
            0.02866774718101685,
            0.034079515781514934,
            0.03773611618725688
        ],
        "Mangroves > Not Mangroves": [
            0.06409324262354027,
            0.07659924118423106,
            0.09105930202002978,
            0.10082961339556946
        ],
        "Not Mangroves": [
            0.0056635565295040215,
            0.006768640730382855,
            0.008046394337649006,
            0.008909741369585595
        ],
        "Not Mangroves > Mangroves": [
            0.03680956416729499,
            0.04399191815115743,
            0.05229651494499838,
            0.05790772899489091
        ]
    },
    "cohen_kappa": 0.7279664763662226,
    "confusion_matrix": [
        [
            539,
            30,
            55,
            41
        ],
        [
            32,
            68,
            11,
            0
        ],
        [
            63,
            62,
            2269,
            59
        ],
        [
            12,
            0,
            1,
            6
        ]
    ],
    "macro avg": {
        "f1-score": 0.5919265788626431,
        "precision": 0.5718218979532476,
        "recall": 0.6659795526210442,
        "support": 3248
    },
    "producer_accuracy": [
        83.43653250773994,
        42.5,
        97.1318493150685,
        5.660377358490567
    ],
    "user_accuracy": [
        81.05263157894737,
        61.261261261261254,
        92.49898083978802,
        31.57894736842105
    ],
    "weighted avg": {
        "f1-score": 0.9017162260766677,
        "precision": 0.9192572895853491,
        "recall": 0.8873152709359606,
        "support": 3248
    }
}