{
    "Mangroves": {
        "f1-score": 0.8677637947725072,
        "precision": 0.8836750788643533,
        "recall": 0.8524153670597185,
        "support": 2629
    },
    "Mangroves > Not Mangroves": {
        "f1-score": 0.563855421686747,
        "precision": 0.4727272727272727,
        "recall": 0.6985074626865672,
        "support": 335
    },
    "Not Mangroves": {
        "f1-score": 0.9523745368811047,
        "precision": 0.9602010323281717,
        "recall": 0.9446745957503675,
        "support": 7483
    },
    "Not Mangroves > Mangroves": {
        "f1-score": 0.5458937198067633,
        "precision": 0.4829059829059829,
        "recall": 0.6277777777777778,
        "support": 180
    },
    "accuracy": 0.9087230638938553,
    "accuracy_conf_interval": [
        0.0045817860964310776,
        0.005475793139637142,
        0.006509488783344153,
        0.007207931785848891
    ],
    "cls_confidence_intervals": {
        "Mangroves": [
            0.010441235961382996,
            0.012478550295311384,
            0.014834194993916087,
            0.01642584681729764
        ],
        "Mangroves > Not Mangroves": [
            0.0368013908134846,
            0.04398214999660355,
            0.05228490280208483,
            0.05789487091389651
        ],
        "Not Mangroves": [
            0.0037364823006733505,
            0.004465552017877907,
            0.0053085388783956754,
            0.0058781245949617355
        ],
        "Not Mangroves > Mangroves": [
            0.05357374039029858,
            0.06402715314938123,
            0.07611391165207054,
            0.08428064037010387
        ]
    },
    "cohen_kappa": 0.7977524963901997,
    "confusion_matrix": [
        [
            2241,
            120,
            217,
            51
        ],
        [
            60,
            234,
            41,
            0
        ],
        [
            203,
            141,
            7069,
            70
        ],
        [
            32,
            0,
            35,
            113
        ]
    ],
    "macro avg": {
        "f1-score": 0.7324718682867806,
        "precision": 0.6998773417064451,
        "recall": 0.7808438008186077,
        "support": 10627
    },
    "producer_accuracy": [
        88.36750788643532,
        47.27272727272727,
        96.02010323281716,
        48.29059829059829
    ],
    "user_accuracy": [
        85.24153670597185,
        69.85074626865672,
        94.46745957503676,
        62.77777777777778
    ],
    "weighted avg": {
        "f1-score": 0.9123103521001701,
        "precision": 0.9178180879394754,
        "recall": 0.9087230638938553,
        "support": 10627
    }
}