{
    "Mangroves": {
        "f1-score": 0.8691650230111768,
        "precision": 0.8848728246318608,
        "recall": 0.8540051679586563,
        "support": 2322
    },
    "Mangroves > Not Mangroves": {
        "f1-score": 0.46900269541778977,
        "precision": 0.3717948717948718,
        "recall": 0.635036496350365,
        "support": 137
    },
    "Not Mangroves": {
        "f1-score": 0.9573441420575179,
        "precision": 0.967112959833615,
        "recall": 0.9477707006369427,
        "support": 7850
    },
    "Not Mangroves > Mangroves": {
        "f1-score": 0.275092936802974,
        "precision": 0.18048780487804877,
        "recall": 0.578125,
        "support": 64
    },
    "accuracy": 0.920370191844211,
    "accuracy_conf_interval": [
        0.0043592398613315295,
        0.0052098232489084136,
        0.006193310290794185,
        0.006857828562338626
    ],
    "cls_confidence_intervals": {
        "Mangroves": [
            0.01105738097856438,
            0.013214918730479381,
            0.0157095717561311,
            0.017395148124814696
        ],
        "Mangroves > Not Mangroves": [
            0.05181295427341349,
            0.0619227990096893,
            0.0736123069860082,
            0.08151062318622367
        ],
        "Not Mangroves": [
            0.003334624815395065,
            0.003985283315959955,
            0.004737607207238111,
            0.005245934160804431
        ],
        "Not Mangroves > Mangroves": [
            0.044052297080274715,
            0.05264786724227954,
            0.06258649524209763,
            0.06930178443116389
        ]
    },
    "cohen_kappa": 0.7958046485798398,
    "confusion_matrix": [
        [
            1983,
            47,
            219,
            73
        ],
        [
            36,
            87,
            14,
            0
        ],
        [
            215,
            100,
            7440,
            95
        ],
        [
            7,
            0,
            20,
            37
        ]
    ],
    "macro avg": {
        "f1-score": 0.6426511993223647,
        "precision": 0.6010671152845991,
        "recall": 0.753734341236491,
        "support": 10373
    },
    "producer_accuracy": [
        88.48728246318608,
        37.17948717948718,
        96.7112959833615,
        18.048780487804876
    ],
    "user_accuracy": [
        85.40051679586563,
        63.503649635036496,
        94.77707006369427,
        57.8125
    ],
    "weighted avg": {
        "f1-score": 0.9269461116177669,
        "precision": 0.9359875205280199,
        "recall": 0.920370191844211,
        "support": 10373
    }
}