{
    "Mangroves": {
        "f1-score": 0.8497512437810945,
        "precision": 0.8655405405405405,
        "recall": 0.8345276872964169,
        "support": 1535
    },
    "Mangroves > Not Mangroves": {
        "f1-score": 0.5664939550949913,
        "precision": 0.4753623188405797,
        "recall": 0.7008547008547008,
        "support": 234
    },
    "Not Mangroves": {
        "f1-score": 0.9476372924648786,
        "precision": 0.9570825515947468,
        "recall": 0.9383766383076569,
        "support": 4349
    },
    "Not Mangroves > Mangroves": {
        "f1-score": 0.6075085324232081,
        "precision": 0.5527950310559007,
        "recall": 0.6742424242424242,
        "support": 132
    },
    "accuracy": 0.8984,
    "accuracy_conf_interval": [
        0.00626737332698795,
        0.007490275439570965,
        0.008904256007245077,
        0.009859648282700556
    ],
    "cls_confidence_intervals": {
        "Mangroves": [
            0.014542945548143794,
            0.01738059345997673,
            0.020661623858033565,
            0.022878536289153043
        ],
        "Mangroves > Not Mangroves": [
            0.044093687200100186,
            0.05269733348304657,
            0.06264529949770332,
            0.06936689815625519
        ],
        "Not Mangroves": [
            0.005090106817880321,
            0.006083298392100872,
            0.007231676149793384,
            0.00800760706715319
        ],
        "Not Mangroves > Mangroves": [
            0.06426378271376688,
            0.07680305738962384,
            0.09130159373358344,
            0.10109790207409669
        ]
    },
    "cohen_kappa": 0.7812707947749913,
    "confusion_matrix": [
        [
            1281,
            84,
            133,
            37
        ],
        [
            45,
            164,
            25,
            0
        ],
        [
            136,
            97,
            4081,
            35
        ],
        [
            18,
            0,
            25,
            89
        ]
    ],
    "macro avg": {
        "f1-score": 0.7428477559410431,
        "precision": 0.712695110507942,
        "recall": 0.7870003626752997,
        "support": 6250
    },
    "producer_accuracy": [
        86.55405405405405,
        47.53623188405797,
        95.70825515947467,
        55.27950310559007
    ],
    "user_accuracy": [
        83.45276872964169,
        70.08547008547008,
        93.83766383076569,
        67.42424242424242
    ],
    "weighted avg": {
        "f1-score": 0.9021429529449325,
        "precision": 0.9080256757317373,
        "recall": 0.8984,
        "support": 6250
    }
}