{
    "Mangroves": {
        "f1-score": 0.8583800305654611,
        "precision": 0.8780614903595623,
        "recall": 0.8395615346287992,
        "support": 2007
    },
    "Mangroves > Not Mangroves": {
        "f1-score": 0.5256410256410257,
        "precision": 0.4241379310344828,
        "recall": 0.6910112359550562,
        "support": 178
    },
    "Not Mangroves": {
        "f1-score": 0.9513281374264355,
        "precision": 0.9635894957306267,
        "recall": 0.9393749018376001,
        "support": 6367
    },
    "Not Mangroves > Mangroves": {
        "f1-score": 0.3381294964028777,
        "precision": 0.22705314009661837,
        "recall": 0.6619718309859155,
        "support": 71
    },
    "accuracy": 0.9087324597008002,
    "accuracy_conf_interval": [
        0.005086169728402977,
        0.006078593090042582,
        0.007226082601938376,
        0.008001413353219317
    ],
    "cls_confidence_intervals": {
        "Mangroves": [
            0.012250089656706582,
            0.014640351053137135,
            0.017404090792759962,
            0.019271482508721332
        ],
        "Mangroves > Not Mangroves": [
            0.047594595755430055,
            0.056881346146733486,
            0.06761915128667807,
            0.07487442502988388
        ],
        "Not Mangroves": [
            0.0038990818383568414,
            0.004659878294621591,
            0.005539549197177708,
            0.006133921428634543
        ],
        "Not Mangroves > Mangroves": [
            0.04775262500737346,
            0.05707021037466585,
            0.06784366845559767,
            0.07512303202379485
        ]
    },
    "cohen_kappa": 0.7805093793632985,
    "confusion_matrix": [
        [
            1685,
            58,
            192,
            72
        ],
        [
            37,
            123,
            18,
            0
        ],
        [
            189,
            109,
            5981,
            88
        ],
        [
            8,
            0,
            16,
            47
        ]
    ],
    "macro avg": {
        "f1-score": 0.66836967250895,
        "precision": 0.6232105143053226,
        "recall": 0.7829798758518428,
        "support": 8623
    },
    "producer_accuracy": [
        87.80614903595622,
        42.41379310344828,
        96.35894957306267,
        22.705314009661837
    ],
    "user_accuracy": [
        83.95615346287993,
        69.10112359550563,
        93.93749018376,
        66.19718309859155
    ],
    "weighted avg": {
        "f1-score": 0.915858317192126,
        "precision": 0.926482785009804,
        "recall": 0.9087324597008002,
        "support": 8623
    }
}