{
    "Mangroves": {
        "f1-score": 0.8975297346752059,
        "precision": 0.9151119402985075,
        "recall": 0.8806104129263914,
        "support": 1114
    },
    "Mangroves > Not Mangroves": {
        "f1-score": 0.5886792452830188,
        "precision": 0.5032258064516129,
        "recall": 0.7090909090909091,
        "support": 110
    },
    "Not Mangroves": {
        "f1-score": 0.966266106848125,
        "precision": 0.9791666666666666,
        "recall": 0.9537010574449842,
        "support": 3499
    },
    "Not Mangroves > Mangroves": {
        "f1-score": 0.2112676056338028,
        "precision": 0.13043478260869565,
        "recall": 0.5555555555555556,
        "support": 27
    },
    "accuracy": 0.9286315789473685,
    "accuracy_conf_interval": [
        0.006125926920976367,
        0.007321229734825414,
        0.008703298613338375,
        0.009637128936657944
    ],
    "cls_confidence_intervals": {
        "Mangroves": [
            0.013960689558372793,
            0.016684726545372362,
            0.019834394311590616,
            0.02196254820768403
        ],
        "Mangroves > Not Mangroves": [
            0.06586261421724,
            0.07871385601572586,
            0.09357310434522513,
            0.1036131370002922
        ],
        "Not Mangroves": [
            0.004012377132448991,
            0.00479527998756099,
            0.005700511413784238,
            0.006312154269340487
        ],
        "Not Mangroves > Mangroves": [
            0.05150420845060734,
            0.061553810099506334,
            0.0731736620060458,
            0.08102491329424814
        ]
    },
    "cohen_kappa": 0.8291248144939086,
    "confusion_matrix": [
        [
            981,
            27,
            62,
            44
        ],
        [
            25,
            78,
            7,
            0
        ],
        [
            56,
            50,
            3337,
            56
        ],
        [
            10,
            0,
            2,
            15
        ]
    ],
    "macro avg": {
        "f1-score": 0.6659356731100382,
        "precision": 0.6319847990063707,
        "recall": 0.7747394837544601,
        "support": 4750
    },
    "producer_accuracy": [
        91.51119402985076,
        50.32258064516129,
        97.91666666666666,
        13.043478260869565
    ],
    "user_accuracy": [
        88.06104129263915,
        70.9090909090909,
        95.37010574449842,
        55.55555555555556
    ],
    "weighted avg": {
        "f1-score": 0.9371099314995818,
        "precision": 0.948297988631435,
        "recall": 0.9286315789473685,
        "support": 4750
    }
}