{
    "Mangroves": {
        "f1-score": 0.8826815642458101,
        "precision": 0.8404255319148937,
        "recall": 0.9294117647058824,
        "support": 85
    },
    "Mangroves > Not Mangroves": {
        "f1-score": 0.0,
        "precision": 0.0,
        "recall": 0.0,
        "support": 0
    },
    "Not Mangroves": {
        "f1-score": 0.9374999999999999,
        "precision": 0.967741935483871,
        "recall": 0.9090909090909091,
        "support": 165
    },
    "accuracy": 0.916,
    "accuracy_conf_interval": [
        0.028771415147677382,
        0.03438534981063882,
        0.04087646176468799,
        0.04526234822012662
    ],
    "cls_confidence_intervals": {
        "Mangroves": [
            0.06194571110977138,
            0.07403267913119019,
            0.08800823590595569,
            0.09745117967268914
        ],
        "Mangroves > Not Mangroves": [
            0.0,
            0.0,
            0.0,
            0.0
        ],
        "Not Mangroves": [
            0.023274316319517995,
            0.02781564633308248,
            0.03306655916126642,
            0.036614473234363676
        ]
    },
    "cohen_kappa": 0.8185588387765682,
    "confusion_matrix": [
        [
            79,
            1,
            5
        ],
        [
            0,
            0,
            0
        ],
        [
            15,
            0,
            150
        ]
    ],
    "macro avg": {
        "f1-score": 0.6067271880819366,
        "precision": 0.6027224891329216,
        "recall": 0.6128342245989304,
        "support": 250
    },
    "producer_accuracy": [
        84.04255319148936,
        0.0,
        96.7741935483871
    ],
    "user_accuracy": [
        92.94117647058823,
        NaN,
        90.9090909090909
    ],
    "weighted avg": {
        "f1-score": 0.9188617318435754,
        "precision": 0.9244543582704187,
        "recall": 0.916,
        "support": 250
    }
}