{
    "Mangroves": {
        "f1-score": 0.8784205057152753,
        "precision": 0.9005681818181818,
        "recall": 0.8573360378634213,
        "support": 1479
    },
    "Mangroves > Not Mangroves": {
        "f1-score": 0.13157894736842107,
        "precision": 0.07692307692307693,
        "recall": 0.45454545454545453,
        "support": 11
    },
    "Not Mangroves": {
        "f1-score": 0.9643934821967411,
        "precision": 0.9677028663706096,
        "recall": 0.9611066559743384,
        "support": 4988
    },
    "Not Mangroves > Mangroves": {
        "f1-score": 0.18947368421052632,
        "precision": 0.1232876712328767,
        "recall": 0.4090909090909091,
        "support": 22
    },
    "accuracy": 0.9347692307692308,
    "accuracy_conf_interval": [
        0.005023028288101492,
        0.006003131368706662,
        0.007136375555656389,
        0.007902081087379177
    ],
    "cls_confidence_intervals": {
        "Mangroves": [
            0.013078667850423916,
            0.015630603040750535,
            0.01858127810456569,
            0.020574977472008357
        ],
        "Mangroves > Not Mangroves": [
            0.05420438738883091,
            0.06478085322079792,
            0.07700989183900978,
            0.08527275577023401
        ],
        "Not Mangroves": [
            0.004119256643955879,
            0.00492301403789849,
            0.0058523585246446335,
            0.006480293988662298
        ],
        "Not Mangroves > Mangroves": [
            0.0631060212827356,
            0.07541939128912303,
            0.08965672535900851,
            0.09927654567649868
        ]
    },
    "cohen_kappa": 0.8216723138179045,
    "confusion_matrix": [
        [
            1268,
            28,
            149,
            34
        ],
        [
            4,
            5,
            2,
            0
        ],
        [
            132,
            32,
            4794,
            30
        ],
        [
            4,
            0,
            9,
            9
        ]
    ],
    "macro avg": {
        "f1-score": 0.540966654872741,
        "precision": 0.5171204490861863,
        "recall": 0.6705197643685308,
        "support": 6500
    },
    "producer_accuracy": [
        90.05681818181817,
        7.6923076923076925,
        96.77028663706096,
        12.32876712328767
    ],
    "user_accuracy": [
        85.73360378634213,
        45.45454545454545,
        96.11066559743384,
        40.909090909090914
    ],
    "weighted avg": {
        "f1-score": 0.9407991394806032,
        "precision": 0.9480616493813797,
        "recall": 0.9347692307692308,
        "support": 6500
    }
}