{
    "Mangroves": {
        "f1-score": 0.8842159916926272,
        "precision": 0.9015352038115405,
        "recall": 0.8675496688741722,
        "support": 1963
    },
    "Mangroves > Not Mangroves": {
        "f1-score": 0.5874125874125874,
        "precision": 0.5228215767634855,
        "recall": 0.6702127659574468,
        "support": 188
    },
    "Not Mangroves": {
        "f1-score": 0.9655120139467899,
        "precision": 0.972811974950359,
        "recall": 0.9583207944628348,
        "support": 6646
    },
    "Not Mangroves > Mangroves": {
        "f1-score": 0.3260869565217391,
        "precision": 0.22727272727272727,
        "recall": 0.5769230769230769,
        "support": 78
    },
    "accuracy": 0.9287887323943662,
    "accuracy_conf_interval": [
        0.004477055668590945,
        0.005350627506364788,
        0.006360694943790795,
        0.00704317294205161
    ],
    "cls_confidence_intervals": {
        "Mangroves": [
            0.011242417447650893,
            0.013436059876460824,
            0.015972458934772307,
            0.017686242082280066
        ],
        "Mangroves > Not Mangroves": [
            0.052765793914313575,
            0.06306155858052111,
            0.07496603647582356,
            0.0830096026212982
        ],
        "Not Mangroves": [
            0.0032962941693964773,
            0.003939473519522619,
            0.004683149643105971,
            0.00518563351039202
        ],
        "Not Mangroves > Mangroves": [
            0.04884251684451932,
            0.058372764033693826,
            0.06939211234617684,
            0.07683761796271943
        ]
    },
    "cohen_kappa": 0.8218539612831393,
    "confusion_matrix": [
        [
            1703,
            48,
            144,
            68
        ],
        [
            44,
            126,
            18,
            0
        ],
        [
            125,
            67,
            6369,
            85
        ],
        [
            17,
            0,
            16,
            45
        ]
    ],
    "macro avg": {
        "f1-score": 0.6908068873934359,
        "precision": 0.656110370699528,
        "recall": 0.7682515765543827,
        "support": 8875
    },
    "producer_accuracy": [
        90.15352038115405,
        52.282157676348554,
        97.2811974950359,
        22.727272727272727
    ],
    "user_accuracy": [
        86.75496688741721,
        67.02127659574468,
        95.83207944628349,
        57.692307692307686
    ],
    "weighted avg": {
        "f1-score": 0.9339016546958034,
        "precision": 0.9409622219448954,
        "recall": 0.9287887323943662,
        "support": 8875
    }
}