{
    "Mangroves": {
        "f1-score": 0.8429510591672755,
        "precision": 0.8657164291072769,
        "recall": 0.8213523131672598,
        "support": 1405
    },
    "Mangroves > Not Mangroves": {
        "f1-score": 0.5557163531114327,
        "precision": 0.4549763033175355,
        "recall": 0.7137546468401487,
        "support": 269
    },
    "Not Mangroves": {
        "f1-score": 0.9480449919657206,
        "precision": 0.958414554905783,
        "recall": 0.9378974141585418,
        "support": 4718
    },
    "Not Mangroves > Mangroves": {
        "f1-score": 0.5526315789473685,
        "precision": 0.5080645161290323,
        "recall": 0.6057692307692307,
        "support": 104
    },
    "accuracy": 0.8980911330049262,
    "accuracy_conf_interval": [
        0.006155835854059352,
        0.007356974557290445,
        0.008745791182901396,
        0.00968418079480069
    ],
    "cls_confidence_intervals": {
        "Mangroves": [
            0.015315389415165139,
            0.018303758081538824,
            0.0217590593520334,
            0.024093722372637842
        ],
        "Mangroves > Not Mangroves": [
            0.039754811994528134,
            0.047511848481265335,
            0.056480921919055224,
            0.06254110667431866
        ],
        "Not Mangroves": [
            0.004818493617821285,
            0.005758687494469341,
            0.006845786664343656,
            0.007580313130474949
        ],
        "Not Mangroves > Mangroves": [
            0.07362859488149574,
            0.08799514998032419,
            0.10460647931334457,
            0.1158303504843043
        ]
    },
    "cohen_kappa": 0.7664848601448404,
    "confusion_matrix": [
        [
            1154,
            95,
            136,
            20
        ],
        [
            37,
            192,
            40,
            0
        ],
        [
            118,
            134,
            4425,
            41
        ],
        [
            24,
            1,
            16,
            63
        ]
    ],
    "macro avg": {
        "f1-score": 0.7248359957979493,
        "precision": 0.6967929508649069,
        "recall": 0.7696934012337953,
        "support": 6496
    },
    "producer_accuracy": [
        86.57164291072769,
        45.497630331753555,
        95.8414554905783,
        50.806451612903224
    ],
    "user_accuracy": [
        82.13523131672598,
        71.37546468401487,
        93.78974141585418,
        60.57692307692307
    ],
    "weighted avg": {
        "f1-score": 0.9027376683223205,
        "precision": 0.9103076952295327,
        "recall": 0.8980911330049262,
        "support": 6496
    }
}