{
    "Mangroves": {
        "f1-score": 0.8579003181336161,
        "precision": 0.8836701256144184,
        "recall": 0.833590932509016,
        "support": 1941
    },
    "Mangroves > Not Mangroves": {
        "f1-score": 0.546494992846924,
        "precision": 0.44730679156908665,
        "recall": 0.7022058823529411,
        "support": 272
    },
    "Not Mangroves": {
        "f1-score": 0.9456831352519398,
        "precision": 0.9549692521325134,
        "recall": 0.9365758754863813,
        "support": 5140
    },
    "Not Mangroves > Mangroves": {
        "f1-score": 0.5568181818181819,
        "precision": 0.4827586206896552,
        "recall": 0.6577181208053692,
        "support": 149
    },
    "accuracy": 0.8958944281524927,
    "accuracy_conf_interval": [
        0.0057825676593284935,
        0.006910873544075517,
        0.008215477223314262,
        0.009096966195772875
    ],
    "cls_confidence_intervals": {
        "Mangroves": [
            0.012288260005342585,
            0.014685969274677723,
            0.01745832061734648,
            0.019331530984014553
        ],
        "Mangroves > Not Mangroves": [
            0.039461602776092855,
            0.04716142770801341,
            0.05606435028554656,
            0.062079838513609494
        ],
        "Not Mangroves": [
            0.004789991838726793,
            0.005724624392624705,
            0.006805293283069164,
            0.0075354749658019075
        ],
        "Not Mangroves > Mangroves": [
            0.05751849030714461,
            0.06874161036707527,
            0.08171834293637009,
            0.09048640548319091
        ]
    },
    "cohen_kappa": 0.7803035910514802,
    "confusion_matrix": [
        [
            1618,
            113,
            165,
            45
        ],
        [
            47,
            191,
            34,
            0
        ],
        [
            143,
            123,
            4814,
            60
        ],
        [
            23,
            0,
            28,
            98
        ]
    ],
    "macro avg": {
        "f1-score": 0.7267241570126655,
        "precision": 0.6921761975014185,
        "recall": 0.782522702788427,
        "support": 7502
    },
    "producer_accuracy": [
        88.36701256144184,
        44.730679156908664,
        95.49692521325134,
        48.275862068965516
    ],
    "user_accuracy": [
        83.3590932509016,
        70.22058823529412,
        93.65758754863813,
        65.77181208053692
    ],
    "weighted avg": {
        "f1-score": 0.9007742441798976,
        "precision": 0.9087368903716683,
        "recall": 0.8958944281524927,
        "support": 7502
    }
}