{
    "Mangroves": {
        "f1-score": 0.8736979166666666,
        "precision": 0.8878597419781674,
        "recall": 0.8599807753925024,
        "support": 3121
    },
    "Mangroves > Not Mangroves": {
        "f1-score": 0.6070901033973413,
        "precision": 0.5163316582914573,
        "recall": 0.7365591397849462,
        "support": 558
    },
    "Not Mangroves": {
        "f1-score": 0.9420534093855327,
        "precision": 0.9580751483190507,
        "recall": 0.9265587147775086,
        "support": 7843
    },
    "Not Mangroves > Mangroves": {
        "f1-score": 0.5298245614035088,
        "precision": 0.438953488372093,
        "recall": 0.668141592920354,
        "support": 226
    },
    "accuracy": 0.894875723527409,
    "accuracy_conf_interval": [
        0.004640820301176271,
        0.005546346213600909,
        0.006593360549841898,
        0.007300802668923646
    ],
    "cls_confidence_intervals": {
        "Mangroves": [
            0.009411909273651067,
            0.011248379375826886,
            0.013371797931467677,
            0.014806540198792534
        ],
        "Mangroves > Not Mangroves": [
            0.029048621120610085,
            0.03471664475389986,
            0.04127029707989116,
            0.04569844054339879
        ],
        "Not Mangroves": [
            0.0037739975200916146,
            0.0045103872801094905,
            0.00536183794013016,
            0.005937142440144126
        ],
        "Not Mangroves > Mangroves": [
            0.04388067629303122,
            0.05244275947215926,
            0.06234266814802606,
            0.06903179563171985
        ]
    },
    "cohen_kappa": 0.7884081491792273,
    "confusion_matrix": [
        [
            2684,
            130,
            231,
            76
        ],
        [
            89,
            411,
            58,
            0
        ],
        [
            206,
            253,
            7267,
            117
        ],
        [
            44,
            2,
            29,
            151
        ]
    ],
    "macro avg": {
        "f1-score": 0.7381664977132623,
        "precision": 0.7003050092401921,
        "recall": 0.7978100557188278,
        "support": 11748
    },
    "producer_accuracy": [
        88.78597419781674,
        51.63316582914573,
        95.80751483190507,
        43.895348837209305
    ],
    "user_accuracy": [
        85.99807753925023,
        73.65591397849462,
        92.65587147775086,
        66.8141592920354
    ],
    "weighted avg": {
        "f1-score": 0.9000538573629817,
        "precision": 0.9084533705038221,
        "recall": 0.894875723527409,
        "support": 11748
    }
}