{
    "Mangroves": {
        "f1-score": 0.8805662046593925,
        "precision": 0.8823877068557919,
        "recall": 0.8787522071806946,
        "support": 1699
    },
    "Mangroves > Not Mangroves": {
        "f1-score": 0.635036496350365,
        "precision": 0.5667752442996743,
        "recall": 0.7219917012448133,
        "support": 241
    },
    "Not Mangroves": {
        "f1-score": 0.9501318101933216,
        "precision": 0.9662645218945487,
        "recall": 0.9345289541918755,
        "support": 4628
    },
    "Not Mangroves > Mangroves": {
        "f1-score": 0.5617977528089888,
        "precision": 0.4646840148698885,
        "recall": 0.7102272727272727,
        "support": 176
    },
    "accuracy": 0.9070284697508897,
    "accuracy_conf_interval": [
        0.00579923244214309,
        0.006930789991829547,
        0.008239153408654512,
        0.009123182744347057
    ],
    "cls_confidence_intervals": {
        "Mangroves": [
            0.01284398388687258,
            0.015350127084311133,
            0.018247855156349458,
            0.02020577952934833
        ],
        "Mangroves > Not Mangroves": [
            0.04638063918240649,
            0.055430519998485805,
            0.06589444469207752,
            0.07296466407963949
        ],
        "Not Mangroves": [
            0.004425784472910528,
            0.005289352174941851,
            0.006287852330415568,
            0.006962514597627539
        ],
        "Not Mangroves > Mangroves": [
            0.04987141384933313,
            0.05960242142969081,
            0.07085389894447938,
            0.07845624861663382
        ]
    },
    "cohen_kappa": 0.8057704417371911,
    "confusion_matrix": [
        [
            1493,
            34,
            114,
            58
        ],
        [
            46,
            174,
            21,
            0
        ],
        [
            119,
            98,
            4325,
            86
        ],
        [
            34,
            1,
            16,
            125
        ]
    ],
    "macro avg": {
        "f1-score": 0.756883066003017,
        "precision": 0.7200278719799759,
        "recall": 0.811375033836164,
        "support": 6744
    },
    "producer_accuracy": [
        88.2387706855792,
        56.67752442996743,
        96.62645218945487,
        46.468401486988846
    ],
    "user_accuracy": [
        87.87522071806946,
        72.19917012448133,
        93.45289541918756,
        71.02272727272727
    ],
    "weighted avg": {
        "f1-score": 0.9112117733401276,
        "precision": 0.9177678146158488,
        "recall": 0.9070284697508897,
        "support": 6744
    }
}