overall accuracy,0.9475
cohen kappa,0.8670871354587788
""
Confidence Interval,90%,95%,98%,99%
Overall Accuracy,0.0057833984386345015,0.006911866426660746,0.00821665753781609,0.009098273153461595
""
class,f1-score,precision,recall,support
Mangroves,0.9068982151471299,0.9152872444011685,0.8986615678776291,1046
Mangroves > Not Mangroves,0.21052631578947364,0.14285714285714285,0.4,5
Not Mangroves,0.9688085904209988,0.9699658703071672,0.9676540687776642,2937
Not Mangroves > Mangroves,0.2926829268292683,0.20689655172413793,0.5,12
""
macro avg,0.5947290120467176,0.5587517023224041,0.6915789091638234,4000
weighted (pixel) avg,0.9496427974528175,0.9523443157676869,0.9475,4000
""
Confidence Interval,90%,95%,98%,99%
Mangroves,0.014249897345793157,0.017030365120582067,0.020245280985181743,0.022417521434235577
Mangroves > Not Mangroves,0.1533760028515832,0.1833030277982336,0.2179061503927981,0.2412866386323687
Not Mangroves,0.0051712530540155704,0.00618027804016495,0.007346963180400171,0.008135263950829374
Not Mangroves > Mangroves,0.1233634181805133,0.14743432904500373,0.17526631973207074,0.19407171884495386
""
Point Count Confusion Matrix
,Mangroves,Mangroves > Not Mangroves,Not Mangroves,Not Mangroves > Mangroves,User Acc
Mangroves,940,7,84,15,89.8661567877629
Mangroves > Not Mangroves,2,2,1,0,40.0
Not Mangroves,82,5,2842,8,96.76540687776642
Not Mangroves > Mangroves,3,0,3,6,50.0
Producer,91.52872444011685,14.285714285714285,96.99658703071673,20.689655172413794
""
