{
    "Mangroves": {
        "f1-score": 0.8790697674418605,
        "precision": 0.8901098901098901,
        "recall": 0.8683001531393568,
        "support": 2612
    },
    "Mangroves > Not Mangroves": {
        "f1-score": 0.66,
        "precision": 0.5945945945945946,
        "recall": 0.7415730337078652,
        "support": 356
    },
    "Not Mangroves": {
        "f1-score": 0.9589559065682748,
        "precision": 0.9676307692307692,
        "recall": 0.9504352030947776,
        "support": 8272
    },
    "Not Mangroves > Mangroves": {
        "f1-score": 0.3989501312335958,
        "precision": 0.30158730158730157,
        "recall": 0.5891472868217055,
        "support": 129
    },
    "accuracy": 0.9209253232474273,
    "accuracy_conf_interval": [
        0.004150626313589362,
        0.004960504618679969,
        0.005896926408940984,
        0.006529643834793021
    ],
    "cls_confidence_intervals": {
        "Mangroves": [
            0.010161205937968409,
            0.012143880267328098,
            0.01443634746065024,
            0.0159853117804625
        ],
        "Mangroves > Not Mangroves": [
            0.038212689800859005,
            0.045668824396148576,
            0.05428998002195213,
            0.060115085174522104
        ],
        "Not Mangroves": [
            0.0032199800989957724,
            0.0038482688987998255,
            0.004574727823573262,
            0.005065578448420179
        ],
        "Not Mangroves > Mangroves": [
            0.04741395322479917,
            0.05666545629305267,
            0.06736250671572078,
            0.07459024348779382
        ]
    },
    "cohen_kappa": 0.8148358353557569,
    "confusion_matrix": [
        [
            2268,
            59,
            209,
            76
        ],
        [
            63,
            264,
            29,
            0
        ],
        [
            190,
            120,
            7862,
            100
        ],
        [
            27,
            1,
            25,
            76
        ]
    ],
    "macro avg": {
        "f1-score": 0.7242439513109328,
        "precision": 0.6884806388806388,
        "recall": 0.7873639191909263,
        "support": 11369
    },
    "producer_accuracy": [
        89.01098901098901,
        59.45945945945946,
        96.76307692307692,
        30.158730158730158
    ],
    "user_accuracy": [
        86.83001531393569,
        74.15730337078652,
        95.04352030947776,
        58.91472868217055
    ],
    "weighted avg": {
        "f1-score": 0.9248868025877421,
        "precision": 0.9305822142338281,
        "recall": 0.9209253232474273,
        "support": 11369
    }
}