{
    "Mangroves": {
        "f1-score": 0.8487706298416975,
        "precision": 0.8571428571428571,
        "recall": 0.8405603735823882,
        "support": 1499
    },
    "Mangroves > Not Mangroves": {
        "f1-score": 0.6438569206842923,
        "precision": 0.575,
        "recall": 0.7314487632508834,
        "support": 283
    },
    "Not Mangroves": {
        "f1-score": 0.9517573423206549,
        "precision": 0.965234375,
        "recall": 0.9386514719848054,
        "support": 5265
    },
    "Not Mangroves > Mangroves": {
        "f1-score": 0.3375527426160338,
        "precision": 0.23952095808383234,
        "recall": 0.5714285714285714,
        "support": 70
    },
    "accuracy": 0.9061402276239989,
    "accuracy_conf_interval": [
        0.00566934412328324,
        0.006775557610753141,
        0.008054616955640213,
        0.008918846242726075
    ],
    "cls_confidence_intervals": {
        "Mangroves": [
            0.01496796523714145,
            0.01788854381999832,
            0.021265462806426577,
            0.023547164824283505
        ],
        "Mangroves > Not Mangroves": [
            0.04272882841569352,
            0.05106616078948738,
            0.06070620134668653,
            0.06721974226371298
        ],
        "Not Mangroves": [
            0.004198559172173017,
            0.005017790230157996,
            0.0059650261409531285,
            0.006605050405003894
        ],
        "Not Mangroves > Mangroves": [
            0.05416278627195696,
            0.06473113481282662,
            0.07695078781320716,
            0.08520731011076157
        ]
    },
    "cohen_kappa": 0.7776123620641966,
    "confusion_matrix": [
        [
            1260,
            43,
            141,
            55
        ],
        [
            52,
            207,
            24,
            0
        ],
        [
            141,
            110,
            4942,
            72
        ],
        [
            17,
            0,
            13,
            40
        ]
    ],
    "macro avg": {
        "f1-score": 0.6954844088656696,
        "precision": 0.6592245475566724,
        "recall": 0.7705222950616621,
        "support": 7117
    },
    "producer_accuracy": [
        85.71428571428571,
        57.49999999999999,
        96.5234375,
        23.952095808383234
    ],
    "user_accuracy": [
        84.05603735823883,
        73.14487632508833,
        93.86514719848054,
        57.14285714285714
    ],
    "weighted avg": {
        "f1-score": 0.9117816189388407,
        "precision": 0.919812785485178,
        "recall": 0.9061402276239989,
        "support": 7117
    }
}