{
    "Mangroves": {
        "f1-score": 0.8788927335640139,
        "precision": 0.8919083969465649,
        "recall": 0.8662514827995255,
        "support": 3372
    },
    "Mangroves > Not Mangroves": {
        "f1-score": 0.6126126126126127,
        "precision": 0.5368421052631579,
        "recall": 0.7132867132867133,
        "support": 429
    },
    "Not Mangroves": {
        "f1-score": 0.9529882997786444,
        "precision": 0.9623203831825439,
        "recall": 0.9438354734314647,
        "support": 9579
    },
    "Not Mangroves > Mangroves": {
        "f1-score": 0.5339805825242718,
        "precision": 0.43535620052770446,
        "recall": 0.6903765690376569,
        "support": 239
    },
    "accuracy": 0.9129157794258022,
    "accuracy_conf_interval": [
        0.0039623818856453896,
        0.0047355295706493685,
        0.005629481581435219,
        0.006233503210344577
    ],
    "cls_confidence_intervals": {
        "Mangroves": [
            0.008898038920747937,
            0.010634241636991438,
            0.012641726027647985,
            0.01399813439971322
        ],
        "Mangroves > Not Mangroves": [
            0.03425265507441984,
            0.04093609996698956,
            0.04866383312402331,
            0.053885274446343404
        ],
        "Not Mangroves": [
            0.003221873887677743,
            0.00385053220722462,
            0.004577418389200697,
            0.005068557701346694
        ],
        "Not Mangroves > Mangroves": [
            0.04176705862452749,
            0.04991672860004505,
            0.05933978450923723,
            0.06570671417761033
        ]
    },
    "cohen_kappa": 0.8079505688460049,
    "confusion_matrix": [
        [
            2921,
            98,
            268,
            85
        ],
        [
            75,
            306,
            48,
            0
        ],
        [
            244,
            165,
            9041,
            129
        ],
        [
            35,
            1,
            38,
            165
        ]
    ],
    "macro avg": {
        "f1-score": 0.7446185571198858,
        "precision": 0.7066067714799927,
        "recall": 0.8034375596388401,
        "support": 13619
    },
    "producer_accuracy": [
        89.19083969465649,
        53.68421052631579,
        96.23203831825438,
        43.53562005277045
    ],
    "user_accuracy": [
        86.62514827995254,
        71.32867132867133,
        94.38354734314646,
        69.0376569037657
    ],
    "weighted avg": {
        "f1-score": 0.9165675446942948,
        "precision": 0.9222363947494987,
        "recall": 0.9129157794258022,
        "support": 13619
    }
}