{
    "Mangroves": {
        "f1-score": 0.8693028426234716,
        "precision": 0.8906605922551253,
        "recall": 0.8489454094292804,
        "support": 3224
    },
    "Mangroves > Not Mangroves": {
        "f1-score": 0.5900178253119429,
        "precision": 0.4910979228486647,
        "recall": 0.7388392857142857,
        "support": 448
    },
    "Not Mangroves": {
        "f1-score": 0.9493804522976053,
        "precision": 0.9607512370670266,
        "recall": 0.9382756727073037,
        "support": 9105
    },
    "Not Mangroves > Mangroves": {
        "f1-score": 0.48979591836734687,
        "precision": 0.39669421487603307,
        "recall": 0.64,
        "support": 225
    },
    "accuracy": 0.9040916782033533,
    "accuracy_conf_interval": [
        0.004235192442326337,
        0.005061571455463183,
        0.006017072189402661,
        0.0066626807934158224
    ],
    "cls_confidence_intervals": {
        "Mangroves": [
            0.009232239133672706,
            0.011033651647560063,
            0.013116534866742321,
            0.014523888393216819
        ],
        "Mangroves > Not Mangroves": [
            0.03158021338342675,
            0.037742206238729537,
            0.04486701047767338,
            0.04968106739587868
        ],
        "Not Mangroves": [
            0.0033772451266367706,
            0.004036219785492726,
            0.004798159234794925,
            0.00531298318702614
        ],
        "Not Mangroves > Mangroves": [
            0.04211019126167018,
            0.05032681394687411,
            0.05982728392664117,
            0.06624652039945675
        ]
    },
    "cohen_kappa": 0.791598633227919,
    "confusion_matrix": [
        [
            2737,
            136,
            256,
            95
        ],
        [
            62,
            331,
            55,
            0
        ],
        [
            232,
            206,
            8543,
            124
        ],
        [
            42,
            1,
            38,
            144
        ]
    ],
    "macro avg": {
        "f1-score": 0.7246242596500917,
        "precision": 0.6848009917617124,
        "recall": 0.7915150919627175,
        "support": 13002
    },
    "producer_accuracy": [
        89.06605922551253,
        49.10979228486647,
        96.07512370670266,
        39.66942148760331
    ],
    "user_accuracy": [
        84.89454094292805,
        73.88392857142857,
        93.82756727073037,
        64.0
    ],
    "weighted avg": {
        "f1-score": 0.9091888517274398,
        "precision": 0.9174279211436017,
        "recall": 0.9040916782033533,
        "support": 13002
    }
}