{
    "Mangroves": {
        "f1-score": 0.8609451385116784,
        "precision": 0.8815350389321468,
        "recall": 0.8412951167728238,
        "support": 1884
    },
    "Mangroves > Not Mangroves": {
        "f1-score": 0.5491071428571428,
        "precision": 0.45555555555555555,
        "recall": 0.6910112359550562,
        "support": 178
    },
    "Not Mangroves": {
        "f1-score": 0.9500044087822943,
        "precision": 0.9617925370469559,
        "recall": 0.9385017421602787,
        "support": 5740
    },
    "Not Mangroves > Mangroves": {
        "f1-score": 0.3418181818181818,
        "precision": 0.23039215686274508,
        "recall": 0.6619718309859155,
        "support": 71
    },
    "accuracy": 0.9071510224819002,
    "accuracy_conf_interval": [
        0.005364164433656303,
        0.006410830664613631,
        0.007621038494158042,
        0.008438746487093453
    ],
    "cls_confidence_intervals": {
        "Mangroves": [
            0.01249866857057625,
            0.01493743316971308,
            0.01775725473746504,
            0.019662539580540688
        ],
        "Mangroves > Not Mangroves": [
            0.049706069749207916,
            0.05940481506612654,
            0.07061898933881369,
            0.07819613411765637
        ],
        "Not Mangroves": [
            0.0042007405927618246,
            0.005020397293788522,
            0.005968125354350641,
            0.006608482152027749
        ],
        "Not Mangroves > Mangroves": [
            0.048350097264912836,
            0.057784262584895836,
            0.06869251623612617,
            0.07606295789236289
        ]
    },
    "cohen_kappa": 0.7818726154718697,
    "confusion_matrix": [
        [
            1585,
            50,
            180,
            69
        ],
        [
            37,
            123,
            18,
            0
        ],
        [
            168,
            97,
            5387,
            88
        ],
        [
            8,
            0,
            16,
            47
        ]
    ],
    "macro avg": {
        "f1-score": 0.6754687179923243,
        "precision": 0.6323188220993509,
        "recall": 0.7831949814685185,
        "support": 7873
    },
    "producer_accuracy": [
        88.15350389321468,
        45.55555555555556,
        96.17925370469558,
        23.03921568627451
    ],
    "user_accuracy": [
        84.12951167728238,
        69.10112359550563,
        93.85017421602787,
        66.19718309859155
    ],
    "weighted avg": {
        "f1-score": 0.9141440505149286,
        "precision": 0.9245456507079686,
        "recall": 0.9071510224819002,
        "support": 7873
    }
}