{
    "Mangroves": {
        "f1-score": 0.8815165876777252,
        "precision": 0.899736147757256,
        "recall": 0.8640202702702703,
        "support": 1184
    },
    "Mangroves > Not Mangroves": {
        "f1-score": 0.25316455696202533,
        "precision": 0.15151515151515152,
        "recall": 0.7692307692307693,
        "support": 13
    },
    "Not Mangroves": {
        "f1-score": 0.9674320524835988,
        "precision": 0.9719868173258004,
        "recall": 0.9629197761194029,
        "support": 4288
    },
    "Not Mangroves > Mangroves": {
        "f1-score": 0.21874999999999997,
        "precision": 0.14285714285714285,
        "recall": 0.4666666666666667,
        "support": 15
    },
    "accuracy": 0.9398181818181818,
    "accuracy_conf_interval": [
        0.00525916839412336,
        0.006285347592976698,
        0.007471867291650871,
        0.008273569790755041
    ],
    "cls_confidence_intervals": {
        "Mangroves": [
            0.01460808857606481,
            0.01745844732261404,
            0.02075417462331159,
            0.02298101739405318
        ],
        "Mangroves > Not Mangroves": [
            0.07238056322771197,
            0.0865035999550704,
            0.1028333611710786,
            0.11386698361432737
        ],
        "Not Mangroves": [
            0.00415205414272699,
            0.0049622110486249385,
            0.005898954971069443,
            0.0065318900538022156
        ],
        "Not Mangroves > Mangroves": [
            0.08198292200335534,
            0.09797958971132711,
            0.11647573674866948,
            0.12897313339552244
        ]
    },
    "cohen_kappa": 0.8296492627570058,
    "confusion_matrix": [
        [
            1023,
            24,
            114,
            23
        ],
        [
            3,
            10,
            0,
            0
        ],
        [
            108,
            32,
            4129,
            19
        ],
        [
            3,
            0,
            5,
            7
        ]
    ],
    "macro avg": {
        "f1-score": 0.5802157992808373,
        "precision": 0.5415238148638376,
        "recall": 0.7657093705717773,
        "support": 5500
    },
    "producer_accuracy": [
        89.9736147757256,
        15.151515151515152,
        97.19868173258004,
        14.285714285714285
    ],
    "user_accuracy": [
        86.40202702702703,
        76.92307692307693,
        96.2919776119403,
        46.666666666666664
    ],
    "weighted avg": {
        "f1-score": 0.945206667291019,
        "precision": 0.9522326592273048,
        "recall": 0.9398181818181818,
        "support": 5500
    }
}