{
    "Mangroves": {
        "f1-score": 0.8620309050772627,
        "precision": 0.869226488592098,
        "recall": 0.8549534756431308,
        "support": 1827
    },
    "Mangroves > Not Mangroves": {
        "f1-score": 0.601123595505618,
        "precision": 0.5323383084577115,
        "recall": 0.6903225806451613,
        "support": 310
    },
    "Not Mangroves": {
        "f1-score": 0.9495376486129459,
        "precision": 0.9642282239313182,
        "recall": 0.9352879944482998,
        "support": 5764
    },
    "Not Mangroves > Mangroves": {
        "f1-score": 0.3973063973063974,
        "precision": 0.28921568627450983,
        "recall": 0.6344086021505376,
        "support": 93
    },
    "accuracy": 0.9039279459594696,
    "accuracy_conf_interval": [
        0.00540539232669235,
        0.00646010302458354,
        0.0076796122690202286,
        0.008503605001747721
    ],
    "cls_confidence_intervals": {
        "Mangroves": [
            0.013043561141842654,
            0.015588646242690003,
            0.01853140089054475,
            0.02051974862558174
        ],
        "Mangroves > Not Mangroves": [
            0.04081225389234597,
            0.04877562050548665,
            0.05798326315193056,
            0.06420464331844672
        ],
        "Not Mangroves": [
            0.004073420769197769,
            0.004868234577821724,
            0.005787238044043173,
            0.006408186332030638
        ],
        "Not Mangroves > Mangroves": [
            0.05206053224586931,
            0.06221868487920967,
            0.07396404886150945,
            0.0819001056063066
        ]
    },
    "cohen_kappa": 0.782682551195628,
    "confusion_matrix": [
        [
            1562,
            60,
            146,
            59
        ],
        [
            53,
            214,
            43,
            0
        ],
        [
            159,
            128,
            5391,
            86
        ],
        [
            23,
            0,
            11,
            59
        ]
    ],
    "macro avg": {
        "f1-score": 0.702499636625556,
        "precision": 0.6637521768139093,
        "recall": 0.7787431632217824,
        "support": 7994
    },
    "producer_accuracy": [
        86.9226488592098,
        53.233830845771145,
        96.42282239313182,
        28.921568627450984
    ],
    "user_accuracy": [
        85.49534756431308,
        69.03225806451613,
        93.52879944482999,
        63.44086021505376
    ],
    "weighted avg": {
        "f1-score": 0.9096026119261215,
        "precision": 0.9179147125147988,
        "recall": 0.9039279459594696,
        "support": 7994
    }
}