{
    "Mangroves": {
        "f1-score": 0.854152128401954,
        "precision": 0.8637967537050106,
        "recall": 0.84472049689441,
        "support": 1449
    },
    "Mangroves > Not Mangroves": {
        "f1-score": 0.5869074492099323,
        "precision": 0.5138339920948617,
        "recall": 0.6842105263157895,
        "support": 190
    },
    "Not Mangroves": {
        "f1-score": 0.9554257608361513,
        "precision": 0.9688279301745636,
        "recall": 0.9423893268647665,
        "support": 4947
    },
    "Not Mangroves > Mangroves": {
        "f1-score": 0.1566265060240964,
        "precision": 0.0962962962962963,
        "recall": 0.41935483870967744,
        "support": 31
    },
    "accuracy": 0.9111379779356203,
    "accuracy_conf_interval": [
        0.005736717329911153,
        0.006856076808918207,
        0.008150336206520113,
        0.009024835799494375
    ],
    "cls_confidence_intervals": {
        "Mangroves": [
            0.014943710175651269,
            0.017859556063583224,
            0.021231002871504548,
            0.023509007471451387
        ],
        "Mangroves > Not Mangroves": [
            0.05153322218407961,
            0.061588485049265874,
            0.0732148827371375,
            0.08107055685056426
        ],
        "Not Mangroves": [
            0.004108536827252309,
            0.004910202549643003,
            0.005837128541157244,
            0.0064634298867749735
        ],
        "Not Mangroves > Mangroves": [
            0.0416384722777134,
            0.0497630522343404,
            0.05915709780919038,
            0.06550442590030522
        ]
    },
    "cohen_kappa": 0.7823237993319658,
    "confusion_matrix": [
        [
            1224,
            38,
            134,
            53
        ],
        [
            47,
            130,
            13,
            0
        ],
        [
            131,
            85,
            4662,
            69
        ],
        [
            15,
            0,
            3,
            13
        ]
    ],
    "macro avg": {
        "f1-score": 0.6382779611180336,
        "precision": 0.6106887430676831,
        "recall": 0.7226687971961608,
        "support": 6617
    },
    "producer_accuracy": [
        86.37967537050106,
        51.38339920948617,
        96.88279301745636,
        9.62962962962963
    ],
    "user_accuracy": [
        84.472049689441,
        68.42105263157895,
        94.23893268647664,
        41.935483870967744
    ],
    "weighted avg": {
        "f1-score": 0.918924816374113,
        "precision": 0.9286756703000356,
        "recall": 0.9111379779356203,
        "support": 6617
    }
}