{
    "Mangroves": {
        "f1-score": 0.8892200695479385,
        "precision": 0.9001005698960778,
        "recall": 0.8785994764397905,
        "support": 3056
    },
    "Mangroves > Not Mangroves": {
        "f1-score": 0.6909469302809572,
        "precision": 0.6335877862595419,
        "recall": 0.7597254004576659,
        "support": 437
    },
    "Not Mangroves": {
        "f1-score": 0.9587133145415353,
        "precision": 0.9652754590984975,
        "recall": 0.9522397891963109,
        "support": 9108
    },
    "Not Mangroves > Mangroves": {
        "f1-score": 0.5834633385335413,
        "precision": 0.49866666666666665,
        "recall": 0.7030075187969925,
        "support": 266
    },
    "accuracy": 0.9230589881091164,
    "accuracy_conf_interval": [
        0.0038529987857202144,
        0.004604803426836354,
        0.005474077543126891,
        0.0060614249189988745
    ],
    "cls_confidence_intervals": {
        "Mangroves": [
            0.009004181592034428,
            0.010761095073407,
            0.012792526286244036,
            0.014165114943566358
        ],
        "Mangroves > Not Mangroves": [
            0.03451966510907514,
            0.041255209520602,
            0.04904318274642993,
            0.05430532681793528
        ],
        "Not Mangroves": [
            0.003167588051469804,
            0.003785654012732205,
            0.004500292780441856,
            0.004983156812678106
        ],
        "Not Mangroves > Mangroves": [
            0.04234446735962528,
            0.050606802454186306,
            0.0601601274072725,
            0.0666150766998983
        ]
    },
    "cohen_kappa": 0.8285081879160694,
    "confusion_matrix": [
        [
            2685,
            57,
            233,
            81
        ],
        [
            67,
            332,
            38,
            0
        ],
        [
            194,
            134,
            8673,
            107
        ],
        [
            37,
            1,
            41,
            187
        ]
    ],
    "macro avg": {
        "f1-score": 0.7805859132259931,
        "precision": 0.749407620480196,
        "recall": 0.8233930462226899,
        "support": 12867
    },
    "producer_accuracy": [
        90.01005698960778,
        63.358778625954194,
        96.52754590984975,
        49.86666666666667
    ],
    "user_accuracy": [
        87.85994764397905,
        75.97254004576659,
        95.2239789196311,
        70.30075187969925
    ],
    "weighted avg": {
        "f1-score": 0.9253565289473463,
        "precision": 0.9288846987643027,
        "recall": 0.9230589881091164,
        "support": 12867
    }
}