{
    "Mangroves": {
        "f1-score": 0.8248730964467005,
        "precision": 0.8217446270543616,
        "recall": 0.8280254777070064,
        "support": 785
    },
    "Mangroves > Not Mangroves": {
        "f1-score": 0.5377358490566039,
        "precision": 0.456,
        "recall": 0.6551724137931034,
        "support": 174
    },
    "Not Mangroves": {
        "f1-score": 0.9473684210526314,
        "precision": 0.9636507309363888,
        "recall": 0.9316271963330787,
        "support": 2618
    },
    "Not Mangroves > Mangroves": {
        "f1-score": 0.4554455445544555,
        "precision": 0.4339622641509434,
        "recall": 0.4791666666666667,
        "support": 48
    },
    "accuracy": 0.8899310344827587,
    "accuracy_conf_interval": [
        0.00852511921872176,
        0.010188557115057714,
        0.01211190718269616,
        0.013411468039208624
    ],
    "cls_confidence_intervals": {
        "Mangroves": [
            0.022317490442070893,
            0.02667212272345058,
            0.031707166298795844,
            0.03510922276862372
        ],
        "Mangroves > Not Mangroves": [
            0.05166015619024008,
            0.061740186666384485,
            0.07339522190442646,
            0.08127024571391428
        ],
        "Not Mangroves": [
            0.006101062080817594,
            0.0072915132185381,
            0.008667972346527435,
            0.009598012297871581
        ],
        "Not Mangroves > Mangroves": [
            0.11164893609216842,
            0.13343409435405493,
            0.15862318359436123,
            0.1756428384864601
        ]
    },
    "cohen_kappa": 0.7526501978285377,
    "confusion_matrix": [
        [
            650,
            58,
            62,
            15
        ],
        [
            38,
            114,
            22,
            0
        ],
        [
            86,
            78,
            2439,
            15
        ],
        [
            17,
            0,
            8,
            23
        ]
    ],
    "macro avg": {
        "f1-score": 0.6913557277775978,
        "precision": 0.6688394055354234,
        "recall": 0.7234979386249637,
        "support": 3625
    },
    "producer_accuracy": [
        82.17446270543616,
        45.6,
        96.36507309363887,
        43.39622641509434
    ],
    "user_accuracy": [
        82.80254777070064,
        65.51724137931035,
        93.16271963330787,
        47.91666666666667
    ],
    "weighted avg": {
        "f1-score": 0.8946657464554241,
        "precision": 0.9015396784850717,
        "recall": 0.8899310344827587,
        "support": 3625
    }
}