{
    "Mangroves": {
        "f1-score": 0.7656765676567656,
        "precision": 0.8055555555555556,
        "recall": 0.7295597484276729,
        "support": 159
    },
    "Mangroves > Not Mangroves": {
        "f1-score": 0.6857142857142857,
        "precision": 0.6741573033707865,
        "recall": 0.6976744186046512,
        "support": 86
    },
    "Not Mangroves": {
        "f1-score": 0.8990825688073394,
        "precision": 0.9036885245901639,
        "recall": 0.8945233265720081,
        "support": 493
    },
    "Not Mangroves > Mangroves": {
        "f1-score": 0.37837837837837834,
        "precision": 0.25925925925925924,
        "recall": 0.7,
        "support": 10
    },
    "accuracy": 0.8342245989304813,
    "accuracy_conf_interval": [
        0.022299472441262846,
        0.026650589015167793,
        0.031681567553745384,
        0.035080877377108625
    ],
    "cls_confidence_intervals": {
        "Mangroves": [
            0.05408889637034955,
            0.06464282736944214,
            0.07684581008714296,
            0.08509106868018405
        ],
        "Mangroves > Not Mangroves": [
            0.08147670590887549,
            0.09737459974475364,
            0.11575653949248775,
            0.12817676905176756
        ],
        "Not Mangroves": [
            0.021901927586925874,
            0.026175474433155314,
            0.031116762974108102,
            0.03445547144772485
        ],
        "Not Mangroves > Mangroves": [
            0.13831275107961924,
            0.16530060494881324,
            0.19650531098506882,
            0.21758957182037664
        ]
    },
    "cohen_kappa": 0.6780562304755293,
    "confusion_matrix": [
        [
            116,
            1,
            31,
            11
        ],
        [
            11,
            60,
            15,
            0
        ],
        [
            15,
            28,
            441,
            9
        ],
        [
            2,
            0,
            1,
            7
        ]
    ],
    "macro avg": {
        "f1-score": 0.6822129501391924,
        "precision": 0.6606651606939413,
        "recall": 0.7554393734010831,
        "support": 748
    },
    "producer_accuracy": [
        80.55555555555556,
        67.41573033707866,
        90.3688524590164,
        25.925925925925924
    ],
    "user_accuracy": [
        72.95597484276729,
        69.76744186046511,
        89.4523326572008,
        70.0
    ],
    "weighted avg": {
        "f1-score": 0.8392319425597011,
        "precision": 0.8478233912282948,
        "recall": 0.8342245989304813,
        "support": 748
    }
}