{
    "Mangroves": {
        "f1-score": 0.8729508196721312,
        "precision": 0.8709112149532711,
        "recall": 0.875,
        "support": 1704
    },
    "Mangroves > Not Mangroves": {
        "f1-score": 0.579047619047619,
        "precision": 0.5314685314685315,
        "recall": 0.6359832635983264,
        "support": 239
    },
    "Not Mangroves": {
        "f1-score": 0.9567103649910402,
        "precision": 0.964075270861053,
        "recall": 0.9494571321602396,
        "support": 5342
    },
    "Not Mangroves > Mangroves": {
        "f1-score": 0.5631067961165049,
        "precision": 0.5,
        "recall": 0.6444444444444445,
        "support": 90
    },
    "accuracy": 0.9183728813559322,
    "accuracy_conf_interval": [
        0.0052286502755842295,
        0.006248874719600665,
        0.0074285092329946685,
        0.008225559579882509
    ],
    "cls_confidence_intervals": {
        "Mangroves": [
            0.01328994446362222,
            0.015883104358963143,
            0.018881445487951082,
            0.02090735165618618
        ],
        "Mangroves > Not Mangroves": [
            0.04839148966948786,
            0.0578337315562172,
            0.06875132373774799,
            0.07612807521175528
        ],
        "Not Mangroves": [
            0.004207866180889744,
            0.0050289132405755485,
            0.005978248903337259,
            0.006619691918716793
        ],
        "Not Mangroves > Mangroves": [
            0.07613508865259126,
            0.0909907157067554,
            0.10816753448813271,
            0.11977349312419845
        ]
    },
    "cohen_kappa": 0.8093736020212001,
    "confusion_matrix": [
        [
            1491,
            52,
            139,
            22
        ],
        [
            47,
            152,
            40,
            0
        ],
        [
            152,
            82,
            5072,
            36
        ],
        [
            22,
            0,
            10,
            58
        ]
    ],
    "macro avg": {
        "f1-score": 0.7429538999568238,
        "precision": 0.7166137543207138,
        "recall": 0.7762212100507525,
        "support": 7375
    },
    "producer_accuracy": [
        87.0911214953271,
        53.14685314685315,
        96.4075270861053,
        50.0
    ],
    "user_accuracy": [
        87.5,
        63.59832635983263,
        94.94571321602396,
        64.44444444444444
    ],
    "weighted avg": {
        "f1-score": 0.9203155198788224,
        "precision": 0.9228669540665896,
        "recall": 0.9183728813559322,
        "support": 7375
    }
}