{
    "Mangroves": {
        "f1-score": 0.8519134775374376,
        "precision": 0.862436833239753,
        "recall": 0.8416438356164384,
        "support": 1825
    },
    "Mangroves > Not Mangroves": {
        "f1-score": 0.5855194123819518,
        "precision": 0.5008976660682226,
        "recall": 0.7045454545454546,
        "support": 396
    },
    "Not Mangroves": {
        "f1-score": 0.9460876076375888,
        "precision": 0.9577411407996967,
        "recall": 0.9347142592935084,
        "support": 5407
    },
    "Not Mangroves > Mangroves": {
        "f1-score": 0.5375494071146245,
        "precision": 0.5112781954887218,
        "recall": 0.5666666666666667,
        "support": 120
    },
    "accuracy": 0.8953278265358803,
    "accuracy_conf_interval": [
        0.005703687256350438,
        0.006816601842955402,
        0.008103409333717391,
        0.00897287385450252
    ],
    "cls_confidence_intervals": {
        "Mangroves": [
            0.01338525406359957,
            0.015997010954058023,
            0.01901685485865061,
            0.021057289929321276
        ],
        "Mangroves > Not Mangroves": [
            0.034744459091167634,
            0.04152386574310278,
            0.0493625546844028,
            0.05465896613122714
        ],
        "Not Mangroves": [
            0.0045418549159871955,
            0.0054280705093505514,
            0.0064527572891769315,
            0.007145113221492053
        ],
        "Not Mangroves > Mangroves": [
            0.07108492691995344,
            0.0849551565628712,
            0.10099260958749484,
            0.11182872649602434
        ]
    },
    "cohen_kappa": 0.7756801143285206,
    "confusion_matrix": [
        [
            1536,
            103,
            163,
            23
        ],
        [
            73,
            279,
            44,
            0
        ],
        [
            138,
            173,
            5054,
            42
        ],
        [
            34,
            2,
            16,
            68
        ]
    ],
    "macro avg": {
        "f1-score": 0.7302674761679008,
        "precision": 0.7080884588990985,
        "recall": 0.761892554030517,
        "support": 7748
    },
    "producer_accuracy": [
        86.24368332397529,
        50.08976660682226,
        95.77411407996968,
        51.127819548872175
    ],
    "user_accuracy": [
        84.16438356164385,
        70.45454545454545,
        93.47142592935084,
        56.666666666666664
    ],
    "weighted avg": {
        "f1-score": 0.8991493814093022,
        "precision": 0.9050287078198467,
        "recall": 0.8953278265358803,
        "support": 7748
    }
}