overall accuracy,0.944
cohen kappa,0.8851061036014677
""
Confidence Interval,90%,95%,98%,99%
Overall Accuracy,0.009735947630645244,0.011635644729307731,0.013832169499636232,0.0153163078579663
""
class,f1-score,precision,recall,support
Mangroves,0.933786078098472,0.9466437177280551,0.9212730318257957,597
Mangroves > Not Mangroves,0.25,0.14285714285714285,1.0,1
Not Mangroves,0.9610244988864142,0.9588888888888889,0.9631696428571429,896
Not Mangroves > Mangroves,0.2222222222222222,0.16666666666666666,0.3333333333333333,6
""
macro avg,0.5917581998017771,0.5537641040351883,0.804444002004068,1500
weighted (pixel) avg,0.9467543819735654,0.950302400713967,0.944,1500
""
Confidence Interval,90%,95%,98%,99%
Mangroves,0.015291209593188566,0.018274860245518044,0.021724706312274,0.024055683384406404
Mangroves > Not Mangroves,0.21690642337528349,0.25922962793631443,0.30816583321000646,0.34123083677331184
Not Mangroves,0.010853913190645506,0.01297174991077146,0.015420498618417093,0.017075058556015495
Not Mangroves > Mangroves,0.17643590799389341,0.21086242662684823,0.2506680887962022,0.2775638064781982
""
Point Count Confusion Matrix
,Mangroves,Mangroves > Not Mangroves,Not Mangroves,Not Mangroves > Mangroves,User Acc
Mangroves,550,5,34,8,92.12730318257957
Mangroves > Not Mangroves,0,1,0,0,100.0
Not Mangroves,30,1,863,2,96.31696428571429
Not Mangroves > Mangroves,1,0,3,2,33.33333333333333
Producer,94.66437177280551,14.285714285714285,95.88888888888889,16.666666666666664
""
