{
    "Mangroves": {
        "f1-score": 0.8535862477771191,
        "precision": 0.8561236623067776,
        "recall": 0.851063829787234,
        "support": 846
    },
    "Mangroves > Not Mangroves": {
        "f1-score": 0.5085910652920962,
        "precision": 0.44047619047619047,
        "recall": 0.6016260162601627,
        "support": 123
    },
    "Not Mangroves": {
        "f1-score": 0.9195121951219513,
        "precision": 0.9538266919671095,
        "recall": 0.8875809299587993,
        "support": 1699
    },
    "Not Mangroves > Mangroves": {
        "f1-score": 0.4132231404958678,
        "precision": 0.3125,
        "recall": 0.6097560975609756,
        "support": 82
    },
    "accuracy": 0.8552727272727273,
    "accuracy_conf_interval": [
        0.01100284517887774,
        0.013149741799146566,
        0.015632091016332398,
        0.01730935400091742
    ],
    "cls_confidence_intervals": {
        "Mangroves": [
            0.01984763605597419,
            0.02372034553031062,
            0.028198165860012114,
            0.031223720136837448
        ],
        "Mangroves > Not Mangroves": [
            0.06281447179051282,
            0.07507095409110069,
            0.08924251175115541,
            0.09881788854848969
        ],
        "Not Mangroves": [
            0.008655818552735513,
            0.01034475875814732,
            0.012297595870654723,
            0.013617080406132697
        ],
        "Not Mangroves > Mangroves": [
            0.060095951922737686,
            0.07182199132229626,
            0.08538022437803587,
            0.09454119265894101
        ]
    },
    "cohen_kappa": 0.7350591644717366,
    "confusion_matrix": [
        [
            720,
            22,
            53,
            51
        ],
        [
            35,
            74,
            14,
            0
        ],
        [
            61,
            71,
            1508,
            59
        ],
        [
            25,
            1,
            6,
            50
        ]
    ],
    "macro avg": {
        "f1-score": 0.6737281621717586,
        "precision": 0.6407316361875194,
        "recall": 0.7375067183917929,
        "support": 2750
    },
    "producer_accuracy": [
        85.61236623067776,
        44.047619047619044,
        95.38266919671095,
        31.25
    ],
    "user_accuracy": [
        85.1063829787234,
        60.16260162601627,
        88.75809299587993,
        60.97560975609756
    ],
    "weighted avg": {
        "f1-score": 0.8657549758848097,
        "precision": 0.8816857234153543,
        "recall": 0.8552727272727273,
        "support": 2750
    }
}