{
    "Mangroves": {
        "f1-score": 0.8530827412330966,
        "precision": 0.8627723690310617,
        "recall": 0.8436083408884859,
        "support": 2206
    },
    "Mangroves > Not Mangroves": {
        "f1-score": 0.643985419198056,
        "precision": 0.5888888888888889,
        "recall": 0.710455764075067,
        "support": 373
    },
    "Not Mangroves": {
        "f1-score": 0.9560836993025058,
        "precision": 0.9654362853788966,
        "recall": 0.9469105795062044,
        "support": 7817
    },
    "Not Mangroves > Mangroves": {
        "f1-score": 0.356687898089172,
        "precision": 0.25688073394495414,
        "recall": 0.5833333333333334,
        "support": 96
    },
    "accuracy": 0.9134578726648875,
    "accuracy_conf_interval": [
        0.00450166063551728,
        0.005380033442447482,
        0.0063956520004605265,
        0.007081880755874746
    ],
    "cls_confidence_intervals": {
        "Mangroves": [
            0.012150318782894881,
            0.014521112691752418,
            0.017262343148868948,
            0.019114525890163898
        ],
        "Mangroves > Not Mangroves": [
            0.038039419305831,
            0.045461745024041926,
            0.05404380913572331,
            0.0598425011030756
        ],
        "Not Mangroves": [
            0.003421394323594215,
            0.004088983459905281,
            0.004860883398764952,
            0.005382437411507973
        ],
        "Not Mangroves > Mangroves": [
            0.048530037669061395,
            0.057999313311805085,
            0.06894816327372748,
            0.07634603486962098
        ]
    },
    "cohen_kappa": 0.789240853364801,
    "confusion_matrix": [
        [
            1861,
            61,
            213,
            71
        ],
        [
            73,
            265,
            35,
            0
        ],
        [
            200,
            124,
            7402,
            91
        ],
        [
            23,
            0,
            17,
            56
        ]
    ],
    "macro avg": {
        "f1-score": 0.7024599394557075,
        "precision": 0.6684945693109503,
        "recall": 0.7710770044507727,
        "support": 10492
    },
    "producer_accuracy": [
        86.27723690310617,
        58.88888888888889,
        96.54362853788966,
        25.688073394495415
    ],
    "user_accuracy": [
        84.36083408884859,
        71.0455764075067,
        94.69105795062043,
        58.333333333333336
    ],
    "weighted avg": {
        "f1-score": 0.9178474460718008,
        "precision": 0.9239808801852484,
        "recall": 0.9134578726648875,
        "support": 10492
    }
}