{
    "Mangroves": {
        "f1-score": 0.875187969924812,
        "precision": 0.8871951219512195,
        "recall": 0.8635014836795252,
        "support": 3033
    },
    "Mangroves > Not Mangroves": {
        "f1-score": 0.5953693495038589,
        "precision": 0.5152671755725191,
        "recall": 0.7049608355091384,
        "support": 383
    },
    "Not Mangroves": {
        "f1-score": 0.9528688524590164,
        "precision": 0.9642857142857143,
        "recall": 0.9417191719171917,
        "support": 8888
    },
    "Not Mangroves > Mangroves": {
        "f1-score": 0.49621212121212116,
        "precision": 0.3875739644970414,
        "recall": 0.6894736842105263,
        "support": 190
    },
    "accuracy": 0.9116375860412999,
    "accuracy_conf_interval": [
        0.0041642615058470785,
        0.004976800336256265,
        0.005916298358916887,
        0.006551094320174064
    ],
    "cls_confidence_intervals": {
        "Mangroves": [
            0.009549028384575619,
            0.011412253435224522,
            0.013566607400037314,
            0.015022251970856769
        ],
        "Mangroves > Not Mangroves": [
            0.035805163231293666,
            0.04279153654471682,
            0.05086953068836234,
            0.056327634839474186
        ],
        "Not Mangroves": [
            0.003266689346590058,
            0.003904092145924704,
            0.004641089132655388,
            0.005139060069635579
        ],
        "Not Mangroves > Mangroves": [
            0.04345998961300442,
            0.05193998758627358,
            0.06174498524286604,
            0.06836998365948257
        ]
    },
    "cohen_kappa": 0.8021997575123755,
    "confusion_matrix": [
        [
            2619,
            91,
            241,
            82
        ],
        [
            67,
            270,
            46,
            0
        ],
        [
            231,
            162,
            8370,
            125
        ],
        [
            35,
            1,
            23,
            131
        ]
    ],
    "macro avg": {
        "f1-score": 0.7299095732749521,
        "precision": 0.6885804940766236,
        "recall": 0.7999137938290954,
        "support": 12494
    },
    "producer_accuracy": [
        88.71951219512195,
        51.526717557251914,
        96.42857142857143,
        38.75739644970414
    ],
    "user_accuracy": [
        86.35014836795251,
        70.49608355091384,
        94.17191719171917,
        68.94736842105263
    ],
    "weighted avg": {
        "f1-score": 0.9161077507065771,
        "precision": 0.9230367068151265,
        "recall": 0.9116375860412999,
        "support": 12494
    }
}