{
    "Mangroves": {
        "f1-score": 0.8421052631578948,
        "precision": 0.862436833239753,
        "recall": 0.822710230316015,
        "support": 1867
    },
    "Mangroves > Not Mangroves": {
        "f1-score": 0.5608040201005026,
        "precision": 0.4657762938230384,
        "recall": 0.7045454545454546,
        "support": 396
    },
    "Not Mangroves": {
        "f1-score": 0.9387944645676604,
        "precision": 0.9577411407996967,
        "recall": 0.9205828779599271,
        "support": 5490
    },
    "Not Mangroves > Mangroves": {
        "f1-score": 0.4047619047619047,
        "precision": 0.3148148148148148,
        "recall": 0.5666666666666667,
        "support": 120
    },
    "accuracy": 0.8811126635335959,
    "accuracy_conf_interval": [
        0.005982149227428916,
        0.007149397857171144,
        0.008499029085310595,
        0.00941094207729671
    ],
    "cls_confidence_intervals": {
        "Mangroves": [
            0.01338525406359957,
            0.015997010954058023,
            0.01901685485865061,
            0.021057289929321276
        ],
        "Mangroves > Not Mangroves": [
            0.033425714950501506,
            0.03994780567255058,
            0.047488973069919824,
            0.05258435644652066
        ],
        "Not Mangroves": [
            0.0045418549159871955,
            0.0054280705093505514,
            0.0064527572891769315,
            0.007145113221492053
        ],
        "Not Mangroves > Mangroves": [
            0.05182610079750736,
            0.06193851070921611,
            0.07363098466962936,
            0.08153130491315182
        ]
    },
    "cohen_kappa": 0.7495636045738836,
    "confusion_matrix": [
        [
            1536,
            110,
            163,
            58
        ],
        [
            73,
            279,
            44,
            0
        ],
        [
            138,
            208,
            5054,
            90
        ],
        [
            34,
            2,
            16,
            68
        ]
    ],
    "macro avg": {
        "f1-score": 0.6866164131469906,
        "precision": 0.6501922706693257,
        "recall": 0.7536263073720157,
        "support": 7873
    },
    "producer_accuracy": [
        86.24368332397529,
        46.57762938230384,
        95.77411407996968,
        31.48148148148148
    ],
    "user_accuracy": [
        82.2710230316015,
        70.45454545454545,
        92.05828779599271,
        56.666666666666664
    ],
    "weighted avg": {
        "f1-score": 0.8887135726309504,
        "precision": 0.9005961667446531,
        "recall": 0.8811126635335959,
        "support": 7873
    }
}