{
    "Mangroves": {
        "f1-score": 0.867992766726944,
        "precision": 0.8333333333333334,
        "recall": 0.9056603773584906,
        "support": 530
    },
    "Mangroves > Not Mangroves": {
        "f1-score": 0.5228758169934641,
        "precision": 0.547945205479452,
        "recall": 0.5,
        "support": 80
    },
    "Not Mangroves": {
        "f1-score": 0.9214594928880643,
        "precision": 0.9371069182389937,
        "recall": 0.9063260340632603,
        "support": 822
    },
    "Not Mangroves > Mangroves": {
        "f1-score": 0.6129032258064516,
        "precision": 0.6785714285714286,
        "recall": 0.5588235294117647,
        "support": 68
    },
    "accuracy": 0.8686666666666667,
    "accuracy_conf_interval": [
        0.014302510669006228,
        0.017093244458080616,
        0.020320030401697876,
        0.022500291174412237
    ],
    "cls_confidence_intervals": {
        "Mangroves": [
            0.025466329743747594,
            0.030435369693747126,
            0.036180822135934085,
            0.04006288459687122
        ],
        "Mangroves > Not Mangroves": [
            0.09553148384117914,
            0.11417177337116532,
            0.13572460814021184,
            0.15028733433551356
        ],
        "Not Mangroves": [
            0.014120702186357354,
            0.016875961149549035,
            0.020061729325739415,
            0.022214275390732913
        ],
        "Not Mangroves > Mangroves": [
            0.1023504740268832,
            0.12232129822725067,
            0.14541256370892555,
            0.1610147701154626
        ]
    },
    "cohen_kappa": 0.7694256005468241,
    "confusion_matrix": [
        [
            480,
            9,
            32,
            9
        ],
        [
            26,
            40,
            14,
            0
        ],
        [
            45,
            23,
            745,
            9
        ],
        [
            25,
            1,
            4,
            38
        ]
    ],
    "macro avg": {
        "f1-score": 0.731307825603731,
        "precision": 0.7492392214058019,
        "recall": 0.7177024852083789,
        "support": 1500
    },
    "producer_accuracy": [
        83.33333333333334,
        54.794520547945204,
        93.71069182389937,
        67.85714285714286
    ],
    "user_accuracy": [
        90.56603773584906,
        50.0,
        90.63260340632603,
        55.88235294117647
    ],
    "weighted avg": {
        "f1-score": 0.8673222361557233,
        "precision": 0.8679646846935553,
        "recall": 0.8686666666666667,
        "support": 1500
    }
}