overall accuracy,0.8984
cohen kappa,0.7812707947749913
""
Confidence Interval,90%,95%,98%,99%
Overall Accuracy,0.00626737332698795,0.007490275439570965,0.008904256007245077,0.009859648282700556
""
class,f1-score,precision,recall,support
Mangroves,0.8497512437810945,0.8655405405405405,0.8345276872964169,1535
Mangroves > Not Mangroves,0.5664939550949913,0.4753623188405797,0.7008547008547008,234
Not Mangroves,0.9476372924648786,0.9570825515947468,0.9383766383076569,4349
Not Mangroves > Mangroves,0.6075085324232081,0.5527950310559007,0.6742424242424242,132
""
macro avg,0.7428477559410431,0.712695110507942,0.7870003626752997,6250
weighted (pixel) avg,0.9021429529449325,0.9080256757317373,0.8984,6250
""
Confidence Interval,90%,95%,98%,99%
Mangroves,0.014542945548143794,0.01738059345997673,0.020661623858033565,0.022878536289153043
Mangroves > Not Mangroves,0.044093687200100186,0.05269733348304657,0.06264529949770332,0.06936689815625519
Not Mangroves,0.005090106817880321,0.006083298392100872,0.007231676149793384,0.00800760706715319
Not Mangroves > Mangroves,0.06426378271376688,0.07680305738962384,0.09130159373358344,0.10109790207409669
""
Point Count Confusion Matrix
,Mangroves,Mangroves > Not Mangroves,Not Mangroves,Not Mangroves > Mangroves,User Acc
Mangroves,1281,84,133,37,83.45276872964169
Mangroves > Not Mangroves,45,164,25,0,70.08547008547008
Not Mangroves,136,97,4081,35,93.83766383076569
Not Mangroves > Mangroves,18,0,25,89,67.42424242424242
Producer,86.55405405405405,47.53623188405797,95.70825515947467,55.27950310559007
""
