{
    "Mangroves": {
        "f1-score": 0.8683886838868389,
        "precision": 0.8781094527363185,
        "recall": 0.8588807785888077,
        "support": 2877
    },
    "Mangroves > Not Mangroves": {
        "f1-score": 0.6509129967776583,
        "precision": 0.5929549902152642,
        "recall": 0.7214285714285714,
        "support": 420
    },
    "Not Mangroves": {
        "f1-score": 0.9570454060967811,
        "precision": 0.9656915465691547,
        "recall": 0.9485527149799282,
        "support": 9466
    },
    "Not Mangroves > Mangroves": {
        "f1-score": 0.3333333333333333,
        "precision": 0.23770491803278687,
        "recall": 0.5576923076923077,
        "support": 104
    },
    "accuracy": 0.9179295873163907,
    "accuracy_conf_interval": [
        0.0039682880616903945,
        0.0047425881712885205,
        0.005637872673011354,
        0.00624279463363489
    ],
    "cls_confidence_intervals": {
        "Mangroves": [
            0.010114423666393304,
            0.01208796974764078,
            0.014369882404083172,
            0.01591171528005776
        ],
        "Mangroves > Not Mangroves": [
            0.03564228016030609,
            0.042596871411097526,
            0.050638117544825126,
            0.05607139195950593
        ],
        "Not Mangroves": [
            0.003095771249245836,
            0.0036998241759279506,
            0.004398260372404145,
            0.004870176721374547
        ],
        "Not Mangroves > Mangroves": [
            0.04469197811536803,
            0.05341236408909837,
            0.06349531037122409,
            0.07030811191320092
        ]
    },
    "cohen_kappa": 0.8036734759163435,
    "confusion_matrix": [
        [
            2471,
            65,
            258,
            83
        ],
        [
            78,
            303,
            39,
            0
        ],
        [
            241,
            143,
            8979,
            103
        ],
        [
            24,
            0,
            22,
            58
        ]
    ],
    "macro avg": {
        "f1-score": 0.7024201050236529,
        "precision": 0.668615226888381,
        "recall": 0.7716385931724037,
        "support": 12867
    },
    "producer_accuracy": [
        87.81094527363184,
        59.295499021526425,
        96.56915465691547,
        23.770491803278688
    ],
    "user_accuracy": [
        85.88807785888078,
        72.14285714285714,
        94.85527149799282,
        55.769230769230774
    ],
    "weighted avg": {
        "f1-score": 0.922188247685385,
        "precision": 0.9280577821335064,
        "recall": 0.9179295873163907,
        "support": 12867
    }
}