{
    "Mangroves": {
        "f1-score": 0.8359456635318704,
        "precision": 0.8830022075055187,
        "recall": 0.7936507936507936,
        "support": 504
    },
    "Mangroves > Not Mangroves": {
        "f1-score": 0.4357142857142857,
        "precision": 0.2975609756097561,
        "recall": 0.8133333333333334,
        "support": 75
    },
    "Not Mangroves": {
        "f1-score": 0.9378986236992279,
        "precision": 0.9667820069204153,
        "recall": 0.9106910039113429,
        "support": 1534
    },
    "Not Mangroves > Mangroves": {
        "f1-score": 0.13333333333333333,
        "precision": 0.1,
        "recall": 0.2,
        "support": 10
    },
    "accuracy": 0.8761186999528968,
    "accuracy_conf_interval": [
        0.011726089459916468,
        0.014014106915509927,
        0.016659627098539864,
        0.01844714073572225
    ],
    "cls_confidence_intervals": {
        "Mangroves": [
            0.0247664908206919,
            0.02959897683448544,
            0.03518653878793423,
            0.03896191848621043
        ],
        "Mangroves > Not Mangroves": [
            0.05236718391530627,
            0.06258517102073188,
            0.07439971861138026,
            0.08238252103749402
        ],
        "Not Mangroves": [
            0.007731449066186345,
            0.009240024493734901,
            0.010984314831837918,
            0.012162889384610227
        ],
        "Not Mangroves > Mangroves": [
            0.11001454449298965,
            0.13148079707698765,
            0.15630115162723532,
            0.17307166145848374
        ]
    },
    "cohen_kappa": 0.727183755396724,
    "confusion_matrix": [
        [
            400,
            64,
            35,
            5
        ],
        [
            6,
            61,
            8,
            0
        ],
        [
            44,
            80,
            1397,
            13
        ],
        [
            3,
            0,
            5,
            2
        ]
    ],
    "macro avg": {
        "f1-score": 0.5857229765696793,
        "precision": 0.5618362975089225,
        "recall": 0.6794187827238676,
        "support": 2123
    },
    "producer_accuracy": [
        88.30022075055187,
        29.756097560975608,
        96.67820069204153,
        10.0
    ],
    "user_accuracy": [
        79.36507936507937,
        81.33333333333333,
        91.0691003911343,
        20.0
    ],
    "weighted avg": {
        "f1-score": 0.892164393752512,
        "precision": 0.9191680566978004,
        "recall": 0.8761186999528968,
        "support": 2123
    }
}