{
    "Mangroves": {
        "f1-score": 0.8744872846595569,
        "precision": 0.8895688456189151,
        "recall": 0.8599085775746168,
        "support": 3719
    },
    "Mangroves > Not Mangroves": {
        "f1-score": 0.6141732283464568,
        "precision": 0.5234899328859061,
        "recall": 0.7428571428571429,
        "support": 525
    },
    "Not Mangroves": {
        "f1-score": 0.9502970583973337,
        "precision": 0.9615835777126099,
        "recall": 0.9392724147808651,
        "support": 10473
    },
    "Not Mangroves > Mangroves": {
        "f1-score": 0.5475177304964539,
        "precision": 0.45305164319248825,
        "recall": 0.6917562724014337,
        "support": 279
    },
    "accuracy": 0.9081088290210723,
    "accuracy_conf_interval": [
        0.0038686725692602874,
        0.004623535509603758,
        0.005496345784375896,
        0.0060860824565192335
    ],
    "cls_confidence_intervals": {
        "Mangroves": [
            0.008572944043606787,
            0.010245713613091038,
            0.012179853427807204,
            0.013486704653966775
        ],
        "Mangroves > Not Mangroves": [
            0.030009303718944006,
            0.03586477761532333,
            0.042635169308011915,
            0.04720975828955826
        ],
        "Not Mangroves": [
            0.0031164345349400137,
            0.0037245193222453826,
            0.004427617357567215,
            0.004902683597649535
        ],
        "Not Mangroves > Mangroves": [
            0.03955360429386096,
            0.04727138074144359,
            0.056195059758961004,
            0.06222457260863493
        ]
    },
    "cohen_kappa": 0.8010379251233581,
    "confusion_matrix": [
        [
            3198,
            134,
            293,
            94
        ],
        [
            80,
            390,
            55,
            0
        ],
        [
            277,
            220,
            9837,
            139
        ],
        [
            40,
            1,
            45,
            193
        ]
    ],
    "macro avg": {
        "f1-score": 0.7466188254749504,
        "precision": 0.7069234998524798,
        "recall": 0.8084486019035146,
        "support": 14996
    },
    "producer_accuracy": [
        88.95688456189151,
        52.348993288590606,
        96.158357771261,
        45.305164319248824
    ],
    "user_accuracy": [
        85.99085775746168,
        74.28571428571429,
        93.92724147808651,
        69.17562724014337
    ],
    "weighted avg": {
        "f1-score": 0.9122351090913957,
        "precision": 0.9189253780645981,
        "recall": 0.9081088290210723,
        "support": 14996
    }
}