{
    "Mangroves": {
        "f1-score": 0.8763897972531065,
        "precision": 0.8821593153390388,
        "recall": 0.8706952566601689,
        "support": 1539
    },
    "Mangroves > Not Mangroves": {
        "f1-score": 0.6127659574468084,
        "precision": 0.5433962264150943,
        "recall": 0.7024390243902439,
        "support": 205
    },
    "Not Mangroves": {
        "f1-score": 0.9514608311023164,
        "precision": 0.966650898770104,
        "recall": 0.9367407746963099,
        "support": 4363
    },
    "Not Mangroves > Mangroves": {
        "f1-score": 0.5249343832020997,
        "precision": 0.42016806722689076,
        "recall": 0.6993006993006993,
        "support": 143
    },
    "accuracy": 0.90736,
    "accuracy_conf_interval": [
        0.006014408574665873,
        0.007187951711186044,
        0.008544860962787492,
        0.009461691538193874
    ],
    "cls_confidence_intervals": {
        "Mangroves": [
            0.013567071129447654,
            0.01621430452055939,
            0.01927516812903234,
            0.021343319215838385
        ],
        "Mangroves > Not Mangroves": [
            0.05018211580838255,
            0.05997374816123768,
            0.07129532306922644,
            0.0789450358448945
        ],
        "Not Mangroves": [
            0.004528488354847749,
            0.005412095838720481,
            0.006433766991948327,
            0.007124085338723898
        ],
        "Not Mangroves > Mangroves": [
            0.05247083261027607,
            0.06270904385130555,
            0.07454697559874589,
            0.08254557813080017
        ]
    },
    "cohen_kappa": 0.8010542926752355,
    "confusion_matrix": [
        [
            1340,
            32,
            109,
            58
        ],
        [
            41,
            144,
            20,
            0
        ],
        [
            108,
            88,
            4087,
            80
        ],
        [
            30,
            1,
            12,
            100
        ]
    ],
    "macro avg": {
        "f1-score": 0.7413877422510827,
        "precision": 0.703093626937782,
        "recall": 0.8022939387618555,
        "support": 6250
    },
    "producer_accuracy": [
        88.21593153390388,
        54.339622641509436,
        96.6650898770104,
        42.016806722689076
    ],
    "user_accuracy": [
        87.06952566601689,
        70.24390243902438,
        93.67407746963099,
        69.93006993006993
    ],
    "weighted avg": {
        "f1-score": 0.9121072227434295,
        "precision": 0.9194594108270855,
        "recall": 0.90736,
        "support": 6250
    }
}