overall accuracy,0.937
cohen kappa,0.8291935501005694
""
Confidence Interval,90%,95%,98%,99%
Overall Accuracy,0.004762499007873911,0.005691767106971259,0.006766233346552569,0.007492224048972372
""
class,f1-score,precision,recall,support
Mangroves,0.8839709136895353,0.9036845507433743,0.8650990099009901,1616
Mangroves > Not Mangroves,0.12658227848101264,0.07462686567164178,0.4166666666666667,12
Not Mangroves,0.9653943543092938,0.96875588179936,0.9620560747663551,5350
Not Mangroves > Mangroves,0.18947368421052632,0.1232876712328767,0.4090909090909091,22
""
macro avg,0.541355307672592,0.5175887423618132,0.6632281651062303,7000
weighted (pixel) avg,0.942720600067345,0.9495437218261502,0.937,7000
""
Confidence Interval,90%,95%,98%,99%
Mangroves,0.012301415773957597,0.01470169202253469,0.017477011434951954,0.019352227254152806
Mangroves > Not Mangroves,0.052651711252391875,0.06292521588700492,0.07480395562077627,0.0828301311165677
Not Mangroves,0.003914400446843277,0.004678185899885868,0.0055613128299663635,0.006158020215155887
Not Mangroves > Mangroves,0.0631060212827356,0.07541939128912303,0.08965672535900851,0.09927654567649868
""
Point Count Confusion Matrix
,Mangroves,Mangroves > Not Mangroves,Not Mangroves,Not Mangroves > Mangroves,User Acc
Mangroves,1398,29,155,34,86.50990099009901
Mangroves > Not Mangroves,5,5,2,0,41.66666666666667
Not Mangroves,140,33,5147,30,96.2056074766355
Not Mangroves > Mangroves,4,0,9,9,40.909090909090914
Producer,90.36845507433743,7.462686567164178,96.875588179936,12.32876712328767
""
