{
    "Mangroves": {
        "f1-score": 0.873046532045654,
        "precision": 0.8894454382826475,
        "recall": 0.8572413793103448,
        "support": 2900
    },
    "Mangroves > Not Mangroves": {
        "f1-score": 0.6107331821617537,
        "precision": 0.520618556701031,
        "recall": 0.7385740402193784,
        "support": 547
    },
    "Not Mangroves": {
        "f1-score": 0.944585053949647,
        "precision": 0.9596697794018135,
        "recall": 0.929967213114754,
        "support": 7625
    },
    "Not Mangroves > Mangroves": {
        "f1-score": 0.47413793103448276,
        "precision": 0.3819444444444444,
        "recall": 0.625,
        "support": 176
    },
    "accuracy": 0.8971372688477952,
    "accuracy_conf_interval": [
        0.004697477072808897,
        0.005614057965064292,
        0.0066738546217345925,
        0.007389933443809119
    ],
    "cls_confidence_intervals": {
        "Mangroves": [
            0.009727493103614222,
            0.011625540538465777,
            0.013820157885012889,
            0.015303007443490666
        ],
        "Mangroves > Not Mangroves": [
            0.029411245660303183,
            0.035150025301337956,
            0.041785489261284406,
            0.04626891085584282
        ],
        "Not Mangroves": [
            0.0037534205111294204,
            0.004485795245008332,
            0.0053326035310558234,
            0.005904771291898723
        ],
        "Not Mangroves > Mangroves": [
            0.046952796096715314,
            0.056114317286318306,
            0.06670732616179677,
            0.0738647645911741
        ]
    },
    "cohen_kappa": 0.7887201219292529,
    "confusion_matrix": [
        [
            2486,
            126,
            217,
            71
        ],
        [
            86,
            404,
            57,
            0
        ],
        [
            183,
            244,
            7091,
            107
        ],
        [
            40,
            2,
            24,
            110
        ]
    ],
    "macro avg": {
        "f1-score": 0.7256256747978843,
        "precision": 0.6879195547074841,
        "recall": 0.7876956581611194,
        "support": 11248
    },
    "producer_accuracy": [
        88.94454382826476,
        52.0618556701031,
        95.96697794018135,
        38.19444444444444
    ],
    "user_accuracy": [
        85.72413793103448,
        73.85740402193784,
        92.99672131147541,
        62.5
    ],
    "weighted avg": {
        "f1-score": 0.9025440350109356,
        "precision": 0.9111730451365748,
        "recall": 0.8971372688477952,
        "support": 11248
    }
}