{
    "Mangroves": {
        "f1-score": 0.8855498721227621,
        "precision": 0.8816040738383195,
        "recall": 0.8895311496467566,
        "support": 1557
    },
    "Mangroves > Not Mangroves": {
        "f1-score": 0.602020202020202,
        "precision": 0.5665399239543726,
        "recall": 0.6422413793103449,
        "support": 232
    },
    "Not Mangroves": {
        "f1-score": 0.9609657947686118,
        "precision": 0.9666059502125076,
        "recall": 0.9553910782156432,
        "support": 4999
    },
    "Not Mangroves > Mangroves": {
        "f1-score": 0.5989304812834224,
        "precision": 0.56,
        "recall": 0.6436781609195402,
        "support": 87
    },
    "accuracy": 0.9259636363636363,
    "accuracy_conf_interval": [
        0.005178774520418527,
        0.006189267109768484,
        0.007357649166204372,
        0.008147096501634025
    ],
    "cls_confidence_intervals": {
        "Mangroves": [
            0.013367830472230197,
            0.015976187637543406,
            0.018992100609936807,
            0.02102987964533775
        ],
        "Mangroves > Not Mangroves": [
            0.050113621117010294,
            0.05989188865203669,
            0.07119801048941098,
            0.07883728200115035
        ],
        "Not Mangroves": [
            0.004191753140461735,
            0.005009656192259146,
            0.005955356595899903,
            0.006594343355116631
        ],
        "Not Mangroves > Mangroves": [
            0.0814074591177,
            0.09729184138456831,
            0.11565815838063478,
            0.12806783202662564
        ]
    },
    "cohen_kappa": 0.8254658661733484,
    "confusion_matrix": [
        [
            1385,
            40,
            116,
            16
        ],
        [
            44,
            149,
            39,
            0
        ],
        [
            121,
            74,
            4776,
            28
        ],
        [
            21,
            0,
            10,
            56
        ]
    ],
    "macro avg": {
        "f1-score": 0.7618665875487496,
        "precision": 0.7436874870012999,
        "recall": 0.7827104420230713,
        "support": 6875
    },
    "producer_accuracy": [
        88.16040738383195,
        56.65399239543726,
        96.66059502125076,
        56.00000000000001
    ],
    "user_accuracy": [
        88.95311496467566,
        64.22413793103449,
        95.53910782156431,
        64.36781609195403
    ],
    "weighted avg": {
        "f1-score": 0.9271919705721854,
        "precision": 0.9287095200634187,
        "recall": 0.9259636363636363,
        "support": 6875
    }
}