{
    "Mangroves": {
        "f1-score": 0.8684050939963613,
        "precision": 0.8796068796068796,
        "recall": 0.8574850299401198,
        "support": 2505
    },
    "Mangroves > Not Mangroves": {
        "f1-score": 0.4473007712082262,
        "precision": 0.36401673640167365,
        "recall": 0.58,
        "support": 150
    },
    "Not Mangroves": {
        "f1-score": 0.9590989922940131,
        "precision": 0.9682824655894674,
        "recall": 0.9500880798590722,
        "support": 8515
    },
    "Not Mangroves > Mangroves": {
        "f1-score": 0.2827586206896552,
        "precision": 0.19339622641509435,
        "recall": 0.5256410256410257,
        "support": 78
    },
    "accuracy": 0.9215860597439545,
    "accuracy_conf_interval": [
        0.004156911526888177,
        0.00496801621506148,
        0.005905856010761862,
        0.006539531548397255
    ],
    "cls_confidence_intervals": {
        "Mangroves": [
            0.01079981117624148,
            0.01290709140575201,
            0.015343634171123565,
            0.016989946850428667
        ],
        "Mangroves > Not Mangroves": [
            0.051042086232959624,
            0.061001517693049304,
            0.072517110318778,
            0.08029791614697307
        ],
        "Not Mangroves": [
            0.0031442810947370026,
            0.0037577993571247105,
            0.004467179848010498,
            0.004946490990500894
        ],
        "Not Mangroves > Mangroves": [
            0.04448668453279845,
            0.05316701322212498,
            0.06320364326915878,
            0.06998515005769514
        ]
    },
    "cohen_kappa": 0.7983798543739882,
    "confusion_matrix": [
        [
            2148,
            51,
            231,
            75
        ],
        [
            49,
            87,
            14,
            0
        ],
        [
            228,
            101,
            8090,
            96
        ],
        [
            17,
            0,
            20,
            41
        ]
    ],
    "macro avg": {
        "f1-score": 0.6393908695470639,
        "precision": 0.6013255770032788,
        "recall": 0.7283035338600544,
        "support": 11248
    },
    "producer_accuracy": [
        87.96068796068795,
        36.40167364016737,
        96.82824655894674,
        19.339622641509436
    ],
    "user_accuracy": [
        85.74850299401197,
        57.99999999999999,
        95.00880798590721,
        52.56410256410257
    ],
    "weighted avg": {
        "f1-score": 0.927385576808271,
        "precision": 0.9351020487224552,
        "recall": 0.9215860597439545,
        "support": 11248
    }
}