{
    "Mangroves": {
        "f1-score": 0.8790222000498877,
        "precision": 0.8903486609398686,
        "recall": 0.8679802955665025,
        "support": 2030
    },
    "Mangroves > Not Mangroves": {
        "f1-score": 0.6068702290076337,
        "precision": 0.5408163265306123,
        "recall": 0.691304347826087,
        "support": 230
    },
    "Not Mangroves": {
        "f1-score": 0.9636910437908017,
        "precision": 0.9727528505849252,
        "recall": 0.954796511627907,
        "support": 6880
    },
    "Not Mangroves > Mangroves": {
        "f1-score": 0.4011976047904192,
        "precision": 0.29910714285714285,
        "recall": 0.6090909090909091,
        "support": 110
    },
    "accuracy": 0.9250810810810811,
    "accuracy_conf_interval": [
        0.00448909330511623,
        0.005365013950016958,
        0.0063777971956834245,
        0.0070621101995121185
    ],
    "cls_confidence_intervals": {
        "Mangroves": [
            0.011518819573421999,
            0.013766394124333609,
            0.01636515219882516,
            0.018121069816724854
        ],
        "Mangroves > Not Mangroves": [
            0.04766375997273774,
            0.05696400582107681,
            0.06771741508321887,
            0.07498323215223376
        ],
        "Not Mangroves": [
            0.003249056516910707,
            0.0038830187641127963,
            0.004616037612440212,
            0.005111320618066844
        ],
        "Not Mangroves > Mangroves": [
            0.05017172672604666,
            0.059961331940885036,
            0.07128056297054192,
            0.07892869204463439
        ]
    },
    "cohen_kappa": 0.8168093316716311,
    "confusion_matrix": [
        [
            1762,
            53,
            147,
            68
        ],
        [
            53,
            159,
            18,
            0
        ],
        [
            141,
            81,
            6569,
            89
        ],
        [
            23,
            1,
            19,
            67
        ]
    ],
    "macro avg": {
        "f1-score": 0.7126952694096855,
        "precision": 0.6757562452281373,
        "recall": 0.7807930160278513,
        "support": 9250
    },
    "producer_accuracy": [
        89.03486609398686,
        54.08163265306123,
        97.27528505849253,
        29.910714285714285
    ],
    "user_accuracy": [
        86.79802955665025,
        69.1304347826087,
        95.4796511627907,
        60.909090909090914
    ],
    "weighted avg": {
        "f1-score": 0.9295482526033177,
        "precision": 0.9359175064376807,
        "recall": 0.9250810810810811,
        "support": 9250
    }
}