{
    "Mangroves": {
        "f1-score": 0.8517132162395624,
        "precision": 0.8568945538818077,
        "recall": 0.8465941614195764,
        "support": 1747
    },
    "Mangroves > Not Mangroves": {
        "f1-score": 0.6371951219512195,
        "precision": 0.5694822888283378,
        "recall": 0.7231833910034602,
        "support": 289
    },
    "Not Mangroves": {
        "f1-score": 0.9565420197465598,
        "precision": 0.9685138539042821,
        "recall": 0.9448625403163876,
        "support": 6511
    },
    "Not Mangroves > Mangroves": {
        "f1-score": 0.3305785123966942,
        "precision": 0.23255813953488372,
        "recall": 0.5714285714285714,
        "support": 70
    },
    "accuracy": 0.9144713937565278,
    "accuracy_conf_interval": [
        0.004940905655547466,
        0.00590498480784941,
        0.007019701327698534,
        0.007772888165434429
    ],
    "cls_confidence_intervals": {
        "Mangroves": [
            0.013823411123425977,
            0.016520662074338364,
            0.01963935848633081,
            0.021746585791731114
        ],
        "Mangroves > Not Mangroves": [
            0.042388342832126134,
            0.050659238994492206,
            0.06022246268222799,
            0.06668410030907648
        ],
        "Not Mangroves": [
            0.0035933645181465915,
            0.004294508814370317,
            0.005105206906878999,
            0.005652975888303785
        ],
        "Not Mangroves > Mangroves": [
            0.052828482890628116,
            0.06313647955221409,
            0.07505510069217287,
            0.08310822308403693
        ]
    },
    "cohen_kappa": 0.7866118291778825,
    "confusion_matrix": [
        [
            1479,
            45,
            163,
            60
        ],
        [
            56,
            209,
            24,
            0
        ],
        [
            174,
            113,
            6152,
            72
        ],
        [
            17,
            0,
            13,
            40
        ]
    ],
    "macro avg": {
        "f1-score": 0.694007217583509,
        "precision": 0.6568622090373278,
        "recall": 0.7715171660419988,
        "support": 8617
    },
    "producer_accuracy": [
        85.68945538818078,
        56.94822888283378,
        96.85138539042822,
        23.25581395348837
    ],
    "user_accuracy": [
        84.65941614195765,
        72.31833910034602,
        94.48625403163877,
        57.14285714285714
    ],
    "weighted avg": {
        "f1-score": 0.919493787333415,
        "precision": 0.9265229128050517,
        "recall": 0.9144713937565278,
        "support": 8617
    }
}