{
    "Mangroves": {
        "f1-score": 0.8755522827687777,
        "precision": 0.8846726190476191,
        "recall": 0.8666180758017493,
        "support": 1372
    },
    "Mangroves > Not Mangroves": {
        "f1-score": 0.6241758241758242,
        "precision": 0.5568627450980392,
        "recall": 0.71,
        "support": 200
    },
    "Not Mangroves": {
        "f1-score": 0.9486438110973426,
        "precision": 0.964715765891907,
        "recall": 0.9330985915492958,
        "support": 3692
    },
    "Not Mangroves > Mangroves": {
        "f1-score": 0.48101265822784817,
        "precision": 0.37073170731707317,
        "recall": 0.6846846846846847,
        "support": 111
    },
    "accuracy": 0.9026976744186046,
    "accuracy_conf_interval": [
        0.006629600913798835,
        0.007923181579905925,
        0.009418884225092248,
        0.010429494120488412
    ],
    "cls_confidence_intervals": {
        "Mangroves": [
            0.014288996220728366,
            0.01707709304428512,
            0.020300829996522617,
            0.02247903063992633
        ],
        "Mangroves > Not Mangroves": [
            0.05101724134786409,
            0.06097182502549611,
            0.07248181240275814,
            0.08025883090090816
        ],
        "Not Mangroves": [
            0.005063361772569779,
            0.006051334801363883,
            0.007193678615907064,
            0.007965532544652458
        ],
        "Not Mangroves > Mangroves": [
            0.055324144598988205,
            0.06611909964269323,
            0.07860076641197715,
            0.0870343250398717
        ]
    },
    "cohen_kappa": 0.796129386449988,
    "confusion_matrix": [
        [
            1189,
            27,
            98,
            58
        ],
        [
            38,
            142,
            20,
            0
        ],
        [
            91,
            85,
            3445,
            71
        ],
        [
            26,
            1,
            8,
            76
        ]
    ],
    "macro avg": {
        "f1-score": 0.7323461440674481,
        "precision": 0.6942457093386596,
        "recall": 0.7986003380089324,
        "support": 5375
    },
    "producer_accuracy": [
        88.46726190476191,
        55.68627450980392,
        96.4715765891907,
        37.073170731707314
    ],
    "user_accuracy": [
        86.66180758017494,
        71.0,
        93.30985915492957,
        68.46846846846847
    ],
    "weighted avg": {
        "f1-score": 0.9082564190564852,
        "precision": 0.9168418994489408,
        "recall": 0.9026976744186046,
        "support": 5375
    }
}