{
    "Mangroves": {
        "f1-score": 0.8898678414096917,
        "precision": 0.9033989266547406,
        "recall": 0.8767361111111112,
        "support": 1152
    },
    "Mangroves > Not Mangroves": {
        "f1-score": 0.10526315789473685,
        "precision": 0.06060606060606061,
        "recall": 0.4,
        "support": 5
    },
    "Not Mangroves": {
        "f1-score": 0.9665312981375157,
        "precision": 0.9693820224719101,
        "recall": 0.9636972912594247,
        "support": 3581
    },
    "Not Mangroves > Mangroves": {
        "f1-score": 0.23529411764705882,
        "precision": 0.15384615384615385,
        "recall": 0.5,
        "support": 12
    },
    "accuracy": 0.9408421052631579,
    "accuracy_conf_interval": [
        0.005613862495001645,
        0.006709250298904406,
        0.007975792447166972,
        0.008831564168966004
    ],
    "cls_confidence_intervals": {
        "Mangroves": [
            0.014489510280948088,
            0.01731673179918186,
            0.020585706679639663,
            0.0227944734907598
        ],
        "Mangroves > Not Mangroves": [
            0.06811908143160246,
            0.08141060951581759,
            0.09677893886319132,
            0.10716294517898438
        ],
        "Not Mangroves": [
            0.0047353772102128044,
            0.005659353251229937,
            0.006727700548655997,
            0.007449556830700632
        ],
        "Not Mangroves > Mangroves": [
            0.09475006850508073,
            0.11323788674997454,
            0.134614426595633,
            0.1490580345994563
        ]
    },
    "cohen_kappa": 0.8434415712449055,
    "confusion_matrix": [
        [
            1010,
            18,
            105,
            19
        ],
        [
            2,
            2,
            1,
            0
        ],
        [
            103,
            13,
            3451,
            14
        ],
        [
            3,
            0,
            3,
            6
        ]
    ],
    "macro avg": {
        "f1-score": 0.5492391037722507,
        "precision": 0.5218082908947163,
        "recall": 0.685108350592634,
        "support": 4750
    },
    "producer_accuracy": [
        90.33989266547407,
        6.0606060606060606,
        96.93820224719101,
        15.384615384615385
    ],
    "user_accuracy": [
        87.67361111111111,
        40.0,
        96.36972912594247,
        50.0
    ],
    "weighted avg": {
        "f1-score": 0.9451844583443467,
        "precision": 0.9503624779215486,
        "recall": 0.9408421052631579,
        "support": 4750
    }
}