{
    "Mangroves": {
        "f1-score": 0.8727709190672154,
        "precision": 0.8842946490618485,
        "recall": 0.8615436696005416,
        "support": 2954
    },
    "Mangroves > Not Mangroves": {
        "f1-score": 0.5946547884187081,
        "precision": 0.5154440154440154,
        "recall": 0.7026315789473684,
        "support": 380
    },
    "Not Mangroves": {
        "f1-score": 0.9529572961863438,
        "precision": 0.9644095216085047,
        "recall": 0.9417738659444821,
        "support": 8862
    },
    "Not Mangroves > Mangroves": {
        "f1-score": 0.4715447154471545,
        "precision": 0.36363636363636365,
        "recall": 0.6705202312138728,
        "support": 173
    },
    "accuracy": 0.9114722289594955,
    "accuracy_conf_interval": [
        0.00418878470030335,
        0.00500610854426498,
        0.0059511392388456145,
        0.006589673491940637
    ],
    "cls_confidence_intervals": {
        "Mangroves": [
            0.009778532279656638,
            0.011686538578126227,
            0.013892670860731688,
            0.015383300781411055
        ],
        "Mangroves > Not Mangroves": [
            0.0360115404879681,
            0.0430381825344009,
            0.05116273740058883,
            0.056652301499364455
        ],
        "Not Mangroves": [
            0.00326612694259602,
            0.0039034200045659755,
            0.004640290107468736,
            0.005138175312132763
        ],
        "Not Mangroves > Mangroves": [
            0.04417075646660697,
            0.05278944065521321,
            0.06275479424828917,
            0.0694881412706378
        ]
    },
    "cohen_kappa": 0.7994862789450167,
    "confusion_matrix": [
        [
            2545,
            89,
            241,
            79
        ],
        [
            67,
            267,
            46,
            0
        ],
        [
            231,
            161,
            8346,
            124
        ],
        [
            35,
            1,
            21,
            116
        ]
    ],
    "macro avg": {
        "f1-score": 0.7229819297798555,
        "precision": 0.6819461374376831,
        "recall": 0.7941173364265661,
        "support": 12369
    },
    "producer_accuracy": [
        88.42946490618485,
        51.54440154440154,
        96.44095216085047,
        36.36363636363637
    ],
    "user_accuracy": [
        86.15436696005416,
        70.26315789473684,
        94.17738659444821,
        67.05202312138728
    ],
    "weighted avg": {
        "f1-score": 0.9160658831837172,
        "precision": 0.9230803937748473,
        "recall": 0.9114722289594955,
        "support": 12369
    }
}