{
    "Mangroves": {
        "f1-score": 0.8908614081097439,
        "precision": 0.8935653581545933,
        "recall": 0.8881737731295254,
        "support": 2486
    },
    "Mangroves > Not Mangroves": {
        "f1-score": 0.6538952745849298,
        "precision": 0.5995316159250585,
        "recall": 0.7191011235955056,
        "support": 356
    },
    "Not Mangroves": {
        "f1-score": 0.9526515151515151,
        "precision": 0.963909294155222,
        "recall": 0.9416536661466459,
        "support": 6410
    },
    "Not Mangroves > Mangroves": {
        "f1-score": 0.6013986013986015,
        "precision": 0.5180722891566265,
        "recall": 0.7166666666666667,
        "support": 240
    },
    "accuracy": 0.9136114622840287,
    "accuracy_conf_interval": [
        0.004729049005896753,
        0.005651790275340021,
        0.006718709868133801,
        0.007439601484886355
    ],
    "cls_confidence_intervals": {
        "Mangroves": [
            0.010174478038880254,
            0.012159742046466646,
            0.01445520355523841,
            0.01600619106116528
        ],
        "Mangroves > Not Mangroves": [
            0.0388883998377098,
            0.0464763802938483,
            0.055249982696258436,
            0.06117809242761664
        ],
        "Not Mangroves": [
            0.0038654769531472556,
            0.004619716358639403,
            0.005491805671239699,
            0.006081055206780439
        ],
        "Not Mangroves > Mangroves": [
            0.04497394011502305,
            0.053749343064295844,
            0.06389590272439251,
            0.07075168627851189
        ]
    },
    "cohen_kappa": 0.8214153867220129,
    "confusion_matrix": [
        [
            2208,
            53,
            159,
            66
        ],
        [
            65,
            256,
            35,
            0
        ],
        [
            163,
            117,
            6036,
            94
        ],
        [
            35,
            1,
            32,
            172
        ]
    ],
    "macro avg": {
        "f1-score": 0.7747016998111975,
        "precision": 0.743769639347875,
        "recall": 0.8163988073845859,
        "support": 9492
    },
    "producer_accuracy": [
        89.35653581545932,
        59.95316159250586,
        96.3909294155222,
        51.80722891566265
    ],
    "user_accuracy": [
        88.81737731295254,
        71.91011235955057,
        94.16536661466459,
        71.66666666666667
    ],
    "weighted avg": {
        "f1-score": 0.9163822223735708,
        "precision": 0.9205470565290984,
        "recall": 0.9136114622840287,
        "support": 9492
    }
}