{
    "Mangroves": {
        "f1-score": 0.9236947791164659,
        "precision": 0.9504132231404959,
        "recall": 0.8984375,
        "support": 128
    },
    "Mangroves > Not Mangroves": {
        "f1-score": 0.0,
        "precision": 0.0,
        "recall": 0.0,
        "support": 0
    },
    "Not Mangroves": {
        "f1-score": 0.9862385321100918,
        "precision": 0.9817351598173516,
        "recall": 0.9907834101382489,
        "support": 868
    },
    "Not Mangroves > Mangroves": {
        "f1-score": 0.0,
        "precision": 0.0,
        "recall": 0.0,
        "support": 4
    },
    "accuracy": 0.975,
    "accuracy_conf_interval": [
        0.008096851239833919,
        0.00967672465248444,
        0.011503453285861604,
        0.012737729389494823
    ],
    "cls_confidence_intervals": {
        "Mangroves": [
            0.03236609749055515,
            0.038681433586273226,
            0.04598354094694726,
            0.050917397271727005
        ],
        "Mangroves > Not Mangroves": [
            0.0,
            0.0,
            0.0,
            0.0
        ],
        "Not Mangroves": [
            0.007419880412660718,
            0.008867661956594518,
            0.010541659366767972,
            0.011672738697966253
        ],
        "Not Mangroves > Mangroves": [
            0.0,
            0.0,
            0.0,
            0.0
        ]
    },
    "cohen_kappa": 0.8884625680378335,
    "confusion_matrix": [
        [
            115,
            0,
            12,
            1
        ],
        [
            0,
            0,
            0,
            0
        ],
        [
            6,
            2,
            860,
            0
        ],
        [
            0,
            0,
            4,
            0
        ]
    ],
    "macro avg": {
        "f1-score": 0.47748332780663943,
        "precision": 0.48303709573946185,
        "recall": 0.4723052275345622,
        "support": 1000
    },
    "producer_accuracy": [
        95.0413223140496,
        0.0,
        98.17351598173516,
        0.0
    ],
    "user_accuracy": [
        89.84375,
        NaN,
        99.07834101382488,
        0.0
    ],
    "weighted avg": {
        "f1-score": 0.9742879775984674,
        "precision": 0.9737990112834447,
        "recall": 0.975,
        "support": 1000
    }
}