{
    "Mangroves": {
        "f1-score": 0.8761651131824234,
        "precision": 0.8820375335120644,
        "recall": 0.8703703703703703,
        "support": 1512
    },
    "Mangroves > Not Mangroves": {
        "f1-score": 0.6180257510729613,
        "precision": 0.5454545454545454,
        "recall": 0.7128712871287128,
        "support": 202
    },
    "Not Mangroves": {
        "f1-score": 0.945744541770166,
        "precision": 0.9629925452609158,
        "recall": 0.9291035191369124,
        "support": 3893
    },
    "Not Mangroves > Mangroves": {
        "f1-score": 0.5249343832020997,
        "precision": 0.42016806722689076,
        "recall": 0.6993006993006993,
        "support": 143
    },
    "accuracy": 0.9003478260869565,
    "accuracy_conf_interval": [
        0.0064782614974587685,
        0.007742312521353162,
        0.009203871517731057,
        0.01019141138014855
    ],
    "cls_confidence_intervals": {
        "Mangroves": [
            0.013695405383742733,
            0.016367679604960828,
            0.01945749667324425,
            0.021545210908570887
        ],
        "Mangroves > Not Mangroves": [
            0.050258535201805316,
            0.06006507865581611,
            0.07140389452451609,
            0.07906525659796203
        ],
        "Not Mangroves": [
            0.005051695062294899,
            0.006037391659815855,
            0.007177103350699461,
            0.007947178817512708
        ],
        "Not Mangroves > Mangroves": [
            0.05247083261027607,
            0.06270904385130555,
            0.07454697559874589,
            0.08254557813080017
        ]
    },
    "cohen_kappa": 0.7953206056783055,
    "confusion_matrix": [
        [
            1316,
            31,
            107,
            58
        ],
        [
            38,
            144,
            20,
            0
        ],
        [
            108,
            88,
            3617,
            80
        ],
        [
            30,
            1,
            12,
            100
        ]
    ],
    "macro avg": {
        "f1-score": 0.7412174473069126,
        "precision": 0.702663172863604,
        "recall": 0.8029114689841736,
        "support": 5750
    },
    "producer_accuracy": [
        88.20375335120644,
        54.54545454545454,
        96.29925452609159,
        42.016806722689076
    ],
    "user_accuracy": [
        87.03703703703704,
        71.28712871287128,
        92.91035191369123,
        69.93006993006993
    ],
    "weighted avg": {
        "f1-score": 0.9054699079578642,
        "precision": 0.9135367967245652,
        "recall": 0.9003478260869565,
        "support": 5750
    }
}