{
    "Mangroves": {
        "f1-score": 0.8735368372733532,
        "precision": 0.8855281526291299,
        "recall": 0.8618659420289855,
        "support": 2208
    },
    "Mangroves > Not Mangroves": {
        "f1-score": 0.6363636363636364,
        "precision": 0.5697674418604651,
        "recall": 0.7205882352941176,
        "support": 272
    },
    "Not Mangroves": {
        "f1-score": 0.9620897521768252,
        "precision": 0.9708029197080292,
        "recall": 0.9535315985130112,
        "support": 7532
    },
    "Not Mangroves > Mangroves": {
        "f1-score": 0.39769452449567727,
        "precision": 0.2948717948717949,
        "recall": 0.6106194690265486,
        "support": 113
    },
    "accuracy": 0.9234567901234568,
    "accuracy_conf_interval": [
        0.004333192241780227,
        0.005178693167005638,
        0.006156303611797519,
        0.006816851209629871
    ],
    "cls_confidence_intervals": {
        "Mangroves": [
            0.01126357285528866,
            0.013461343168515716,
            0.0160025150931845,
            0.017719523150393136
        ],
        "Mangroves > Not Mangroves": [
            0.04377892342629443,
            0.052321152387522614,
            0.0621981046239427,
            0.06887172099990221
        ],
        "Not Mangroves": [
            0.003210124923827013,
            0.003836490762622528,
            0.004560726263729843,
            0.005050074575288838
        ],
        "Not Mangroves > Mangroves": [
            0.04888623368099407,
            0.05842501098460267,
            0.06945422224190011,
            0.07690639201034433
        ]
    },
    "cohen_kappa": 0.8128527714079317,
    "confusion_matrix": [
        [
            1903,
            55,
            177,
            73
        ],
        [
            56,
            196,
            20,
            0
        ],
        [
            166,
            92,
            7182,
            92
        ],
        [
            24,
            1,
            19,
            69
        ]
    ],
    "macro avg": {
        "f1-score": 0.7174211875773729,
        "precision": 0.6802425772673547,
        "recall": 0.7866513112156657,
        "support": 10125
    },
    "producer_accuracy": [
        88.55281526291299,
        56.97674418604651,
        97.08029197080292,
        29.48717948717949
    ],
    "user_accuracy": [
        86.18659420289855,
        72.05882352941177,
        95.35315985130111,
        61.06194690265486
    ],
    "weighted avg": {
        "f1-score": 0.9277293570819094,
        "precision": 0.933889482395314,
        "recall": 0.9234567901234568,
        "support": 10125
    }
}