overall accuracy,0.9382
cohen kappa,0.836981294526792
""
Confidence Interval,90%,95%,98%,99%
Overall Accuracy,0.005584712205584096,0.006674412148137091,0.00793437770671399,0.008785705786833518
""
class,f1-score,precision,recall,support
Mangroves,0.8877679697351829,0.9048843187660668,0.8712871287128713,1212
Mangroves > Not Mangroves,0.09523809523809523,0.05405405405405406,0.4,5
Not Mangroves,0.9656549520766773,0.9695268644747393,0.9618138424821002,3771
Not Mangroves > Mangroves,0.1791044776119403,0.10909090909090909,0.5,12
""
macro avg,0.5319413736654739,0.5093890365964423,0.6832752427987429,5000
weighted (pixel) avg,0.9440170095615451,0.9508769922916152,0.9382,5000
""
Confidence Interval,90%,95%,98%,99%
Mangroves,0.014084162021646512,0.01683229119660193,0.020009815555144132,0.02215679147307805
Mangroves > Not Mangroves,0.060966362208909074,0.07286223776186694,0.08661684386997448,0.09591049664572282
Not Mangroves,0.004608806653723315,0.005508086000791279,0.006547877745838613,0.0072504397357354596
Not Mangroves > Mangroves,0.06894034921991246,0.08239212467745635,0.0979457400502415,0.10845493962644766
""
Point Count Confusion Matrix
,Mangroves,Mangroves > Not Mangroves,Not Mangroves,Not Mangroves > Mangroves,User Acc
Mangroves,1056,18,110,28,87.12871287128714
Mangroves > Not Mangroves,2,2,1,0,40.0
Not Mangroves,106,17,3627,21,96.18138424821002
Not Mangroves > Mangroves,3,0,3,6,50.0
Producer,90.48843187660668,5.405405405405405,96.95268644747394,10.909090909090908
""
