{
    "Mangroves": {
        "f1-score": 0.8683937823834197,
        "precision": 0.8914893617021277,
        "recall": 0.8464646464646465,
        "support": 2970
    },
    "Mangroves > Not Mangroves": {
        "f1-score": 0.5717151454363089,
        "precision": 0.473421926910299,
        "recall": 0.7215189873417721,
        "support": 395
    },
    "Not Mangroves": {
        "f1-score": 0.9486087975815906,
        "precision": 0.9603997501561524,
        "recall": 0.9371038517796197,
        "support": 8204
    },
    "Not Mangroves > Mangroves": {
        "f1-score": 0.45669291338582674,
        "precision": 0.3569230769230769,
        "recall": 0.6338797814207651,
        "support": 183
    },
    "accuracy": 0.9022294077603812,
    "accuracy_conf_interval": [
        0.004493146394824749,
        0.005369857886497871,
        0.006383555548744918,
        0.007068486401614545
    ],
    "cls_confidence_intervals": {
        "Mangroves": [
            0.009605357545583306,
            0.011479573652038584,
            0.013646636025127503,
            0.01511086735829569
        ],
        "Mangroves > Not Mangroves": [
            0.033373455214054326,
            0.03988534891435761,
            0.04741472600533329,
            0.05250214295869523
        ],
        "Not Mangroves": [
            0.003574688162024573,
            0.004272188291200099,
            0.005078672815559302,
            0.005623594791477682
        ],
        "Not Mangroves > Mangroves": [
            0.04358338365390776,
            0.052087458513206834,
            0.061920295069271394,
            0.0685641035530988
        ]
    },
    "cohen_kappa": 0.7882333867110438,
    "confusion_matrix": [
        [
            2514,
            133,
            233,
            90
        ],
        [
            61,
            285,
            49,
            0
        ],
        [
            213,
            184,
            7688,
            119
        ],
        [
            32,
            0,
            35,
            116
        ]
    ],
    "macro avg": {
        "f1-score": 0.7113526596967865,
        "precision": 0.670558528922914,
        "recall": 0.7847418167517008,
        "support": 11752
    },
    "producer_accuracy": [
        89.14893617021276,
        47.3421926910299,
        96.03997501561524,
        35.69230769230769
    ],
    "user_accuracy": [
        84.64646464646465,
        72.15189873417721,
        93.71038517796197,
        63.387978142076506
    ],
    "weighted avg": {
        "f1-score": 0.9080087129539715,
        "precision": 0.9172193276670256,
        "recall": 0.9022294077603812,
        "support": 11752
    }
}