overall accuracy,0.9352
cohen kappa,0.823152655256773
""
Confidence Interval,90%,95%,98%,99%
Overall Accuracy,0.00510673816859255,0.006103174884415486,0.007255304837085757,0.008033771021322427
""
class,f1-score,precision,recall,support
Mangroves,0.8795397339086659,0.8972853998532648,0.8624823695345557,1418
Mangroves > Not Mangroves,0.1333333333333333,0.078125,0.45454545454545453,11
Not Mangroves,0.9649324819428452,0.9697033452556281,0.9602083333333333,4800
Not Mangroves > Mangroves,0.17582417582417584,0.11428571428571428,0.38095238095238093,21
""
macro avg,0.538407431252255,0.5148498648486518,0.6645471345914311,6250
weighted (pixel) avg,0.9414435568587392,0.9488297806750311,0.9352,6250
""
Confidence Interval,90%,95%,98%,99%
Mangroves,0.013485818508107181,0.01611719772920127,0.019159729953591303,0.021215494970071056
Mangroves > Not Mangroves,0.05501547855703315,0.06575020608035669,0.07816223477919954,0.08654874065679606
Not Mangroves,0.0040773381123248445,0.0048729162805833505,0.005792803537632249,0.006414348981584207
Not Mangroves > Mangroves,0.06236452606079173,0.07453321407265354,0.08860325958636875,0.09811004709563577
""
Point Count Confusion Matrix
,Mangroves,Mangroves > Not Mangroves,Not Mangroves,Not Mangroves > Mangroves,User Acc
Mangroves,1223,28,133,34,86.24823695345557
Mangroves > Not Mangroves,4,5,2,0,45.45454545454545
Not Mangroves,132,31,4609,28,96.02083333333333
Not Mangroves > Mangroves,4,0,9,8,38.095238095238095
Producer,89.72853998532648,7.8125,96.9703345255628,11.428571428571429
""
