{
    "Mangroves": {
        "f1-score": 0.9070422535211267,
        "precision": 0.9096045197740112,
        "recall": 0.9044943820224719,
        "support": 356
    },
    "Mangroves > Not Mangroves": {
        "f1-score": 0.22222222222222224,
        "precision": 0.14285714285714285,
        "recall": 0.5,
        "support": 4
    },
    "Not Mangroves": {
        "f1-score": 0.9359916054564533,
        "precision": 0.9409282700421941,
        "recall": 0.9311064718162839,
        "support": 479
    },
    "Not Mangroves > Mangroves": {
        "f1-score": 0.6956521739130435,
        "precision": 0.7272727272727273,
        "recall": 0.6666666666666666,
        "support": 36
    },
    "accuracy": 0.9074285714285715,
    "accuracy_conf_interval": [
        0.016068840101101014,
        0.019204223535462188,
        0.022829510631442295,
        0.025279028939536964
    ],
    "cls_confidence_intervals": {
        "Mangroves": [
            0.02499435189865332,
            0.029871298610585677,
            0.03551026824625746,
            0.039320382864954616
        ],
        "Mangroves > Not Mangroves": [
            0.1533760028515832,
            0.1833030277982336,
            0.2179061503927981,
            0.2412866386323687
        ],
        "Not Mangroves": [
            0.017759174744106303,
            0.02122437957222461,
            0.0252310226547364,
            0.02793821392670382
        ],
        "Not Mangroves > Mangroves": [
            0.12714515448116404,
            0.15195396511163506,
            0.1806391524031172,
            0.2000210357081727
        ]
    },
    "cohen_kappa": 0.8276851336336738,
    "confusion_matrix": [
        [
            322,
            7,
            24,
            3
        ],
        [
            1,
            2,
            1,
            0
        ],
        [
            23,
            4,
            446,
            6
        ],
        [
            8,
            1,
            3,
            24
        ]
    ],
    "macro avg": {
        "f1-score": 0.6902270637782114,
        "precision": 0.6801656649865189,
        "recall": 0.7505668801263556,
        "support": 875
    },
    "producer_accuracy": [
        90.96045197740112,
        14.285714285714285,
        94.09282700421942,
        72.72727272727273
    ],
    "user_accuracy": [
        90.4494382022472,
        50.0,
        93.1106471816284,
        66.66666666666666
    ],
    "weighted avg": {
        "f1-score": 0.9110621581907664,
        "precision": 0.9157452538777208,
        "recall": 0.9074285714285715,
        "support": 875
    }
}