overall accuracy,0.8952
cohen kappa,0.8020114428317865
""
Confidence Interval,90%,95%,98%,99%
Overall Accuracy,0.014207887826584218,0.016980158622015285,0.02018559672923246,0.02235143328816298
""
class,f1-score,precision,recall,support
Mangroves,0.8809272918861959,0.8513238289205702,0.9126637554585153,458
Mangroves > Not Mangroves,0.11428571428571428,0.11764705882352941,0.1111111111111111,18
Not Mangroves,0.9410939691444601,0.9558404558404558,0.9267955801104972,724
Not Mangroves > Mangroves,0.6222222222222222,0.7,0.56,50
""
macro avg,0.6396322993846482,0.6562028358961389,0.6276426116700309,1250
weighted (pixel) avg,0.8943879898501765,0.8952419605863478,0.8952,1250
""
Confidence Interval,90%,95%,98%,99%
Mangroves,0.02633123207416104,0.03146903345448515,0.0374096163004849,0.04142352362886311
Mangroves > Not Mangroves,0.12815368343697847,0.1531592802051694,0.18207200146839017,0.20160762394353932
Not Mangroves,0.012716871615784543,0.015198212418864454,0.018067262722425603,0.02000581022483178
Not Mangroves > Mangroves,0.11882928931875339,0.1420154921126565,0.16882453909310696,0.18693876002584375
""
Point Count Confusion Matrix
,Mangroves,Mangroves > Not Mangroves,Not Mangroves,Not Mangroves > Mangroves,User Acc
Mangroves,418,8,27,5,91.26637554585153
Mangroves > Not Mangroves,15,2,1,0,11.11111111111111
Not Mangroves,40,6,671,7,92.67955801104972
Not Mangroves > Mangroves,18,1,3,28,56.00000000000001
Producer,85.13238289205702,11.76470588235294,95.58404558404558,70.0
""
