{
    "Mangroves": {
        "f1-score": 0.8672405980969642,
        "precision": 0.8847457627118644,
        "recall": 0.8504146919431279,
        "support": 3376
    },
    "Mangroves > Not Mangroves": {
        "f1-score": 0.5978530140379851,
        "precision": 0.5020804438280166,
        "recall": 0.7387755102040816,
        "support": 490
    },
    "Not Mangroves": {
        "f1-score": 0.9519920318725099,
        "precision": 0.963508064516129,
        "recall": 0.940748031496063,
        "support": 10160
    },
    "Not Mangroves > Mangroves": {
        "f1-score": 0.4898648648648649,
        "precision": 0.39617486338797814,
        "recall": 0.6415929203539823,
        "support": 226
    },
    "accuracy": 0.9076620825147348,
    "accuracy_conf_interval": [
        0.003977022752781168,
        0.004753027192348225,
        0.005650282325597635,
        0.006256535794009399
    ],
    "cls_confidence_intervals": {
        "Mangroves": [
            0.009193358451224837,
            0.01098718449048822,
            0.013061295848386507,
            0.014462722441561025
        ],
        "Mangroves > Not Mangroves": [
            0.030538131475122934,
            0.03649679127514693,
            0.04338649166892466,
            0.0480416946376934
        ],
        "Not Mangroves": [
            0.0030875509871728015,
            0.0036899999602796898,
            0.0043865815854345295,
            0.004857244845674286
        ],
        "Not Mangroves > Mangroves": [
            0.041927827306701,
            0.05010886678117925,
            0.05956819367354472,
            0.06595963076298085
        ]
    },
    "cohen_kappa": 0.7937608417608137,
    "confusion_matrix": [
        [
            2871,
            139,
            269,
            97
        ],
        [
            73,
            362,
            55,
            0
        ],
        [
            259,
            219,
            9558,
            124
        ],
        [
            42,
            1,
            38,
            145
        ]
    ],
    "macro avg": {
        "f1-score": 0.726737627218081,
        "precision": 0.6866272836109971,
        "recall": 0.7928827884993137,
        "support": 14252
    },
    "producer_accuracy": [
        88.47457627118645,
        50.20804438280167,
        96.3508064516129,
        39.61748633879781
    ],
    "user_accuracy": [
        85.0414691943128,
        73.87755102040816,
        94.0748031496063,
        64.15929203539822
    ],
    "weighted avg": {
        "f1-score": 0.9124123448876035,
        "precision": 0.9199900762700348,
        "recall": 0.9076620825147348,
        "support": 14252
    }
}