{
    "Mangroves": {
        "f1-score": 0.833910034602076,
        "precision": 0.8827838827838828,
        "recall": 0.7901639344262295,
        "support": 610
    },
    "Mangroves > Not Mangroves": {
        "f1-score": 0.4248366013071896,
        "precision": 0.28888888888888886,
        "recall": 0.8024691358024691,
        "support": 81
    },
    "Not Mangroves": {
        "f1-score": 0.9454362584862963,
        "precision": 0.9690721649484536,
        "recall": 0.9229258713794797,
        "support": 2037
    },
    "Not Mangroves > Mangroves": {
        "f1-score": 0.2807017543859649,
        "precision": 0.21621621621621623,
        "recall": 0.4,
        "support": 20
    },
    "accuracy": 0.886098981077147,
    "accuracy_conf_interval": [
        0.009938947739359077,
        0.01187825461533158,
        0.014120578190674788,
        0.015635661687528307
    ],
    "cls_confidence_intervals": {
        "Mangroves": [
            0.022577112139112867,
            0.026982402312598304,
            0.03207601907569085,
            0.035517652023726344
        ],
        "Mangroves > Not Mangroves": [
            0.04955491556913876,
            0.059224167387507305,
            0.07040423980249592,
            0.07795834278559635
        ],
        "Not Mangroves": [
            0.006446081660778608,
            0.007703853692150044,
            0.009158152603423267,
            0.010140787002932201
        ],
        "Not Mangroves > Mangroves": [
            0.11099035855612427,
            0.13264701388414854,
            0.15768752160717658,
            0.17460678358219553
        ]
    },
    "cohen_kappa": 0.7351589540779487,
    "confusion_matrix": [
        [
            482,
            72,
            45,
            11
        ],
        [
            6,
            65,
            10,
            0
        ],
        [
            51,
            88,
            1880,
            18
        ],
        [
            7,
            0,
            5,
            8
        ]
    ],
    "macro avg": {
        "f1-score": 0.6212211621953817,
        "precision": 0.5892402882093604,
        "recall": 0.7288897354020446,
        "support": 2748
    },
    "producer_accuracy": [
        88.27838827838828,
        28.888888888888886,
        96.90721649484536,
        21.62162162162162
    ],
    "user_accuracy": [
        79.01639344262294,
        80.24691358024691,
        92.29258713794796,
        40.0
    ],
    "weighted avg": {
        "f1-score": 0.9004965718476905,
        "precision": 0.9243895534288548,
        "recall": 0.886098981077147,
        "support": 2748
    }
}