{
    "Mangroves": {
        "f1-score": 0.8587908566545609,
        "precision": 0.8682505399568035,
        "recall": 0.849535080304311,
        "support": 2366
    },
    "Mangroves > Not Mangroves": {
        "f1-score": 0.6416464891041163,
        "precision": 0.5849889624724062,
        "recall": 0.710455764075067,
        "support": 373
    },
    "Not Mangroves": {
        "f1-score": 0.9569360227694592,
        "precision": 0.9660212367270457,
        "recall": 0.9480201054309182,
        "support": 8157
    },
    "Not Mangroves > Mangroves": {
        "f1-score": 0.3555555555555555,
        "precision": 0.2557077625570776,
        "recall": 0.5833333333333334,
        "support": 96
    },
    "accuracy": 0.9155749636098981,
    "accuracy_conf_interval": [
        0.004348986611070735,
        0.00519756936445039,
        0.006178743173045617,
        0.006841698449123473
    ],
    "cls_confidence_intervals": {
        "Mangroves": [
            0.011528300898223725,
            0.013777725463730793,
            0.016378622617598343,
            0.018135985559400738
        ],
        "Mangroves > Not Mangroves": [
            0.037966311498390616,
            0.04537437227856439,
            0.05393994255564033,
            0.05972749004015109
        ],
        "Not Mangroves": [
            0.0033209344299264076,
            0.003968921635765707,
            0.004718156842517396,
            0.0052243968470793494
        ],
        "Not Mangroves > Mangroves": [
            0.048346550348882605,
            0.05778002358768897,
            0.06868747702005883,
            0.0760573779878763
        ]
    },
    "cohen_kappa": 0.795415627389942,
    "confusion_matrix": [
        [
            2010,
            64,
            220,
            72
        ],
        [
            73,
            265,
            35,
            0
        ],
        [
            209,
            124,
            7733,
            91
        ],
        [
            23,
            0,
            17,
            56
        ]
    ],
    "macro avg": {
        "f1-score": 0.703232231020923,
        "precision": 0.6687421254283332,
        "recall": 0.7728360707859074,
        "support": 10992
    },
    "producer_accuracy": [
        86.82505399568035,
        58.498896247240616,
        96.60212367270456,
        25.570776255707763
    ],
    "user_accuracy": [
        84.9535080304311,
        71.0455764075067,
        94.80201054309182,
        58.333333333333336
    ],
    "weighted avg": {
        "f1-score": 0.9198593320910061,
        "precision": 0.925842870608442,
        "recall": 0.9155749636098981,
        "support": 10992
    }
}