{
    "Mangroves": {
        "f1-score": 0.8615725359911406,
        "precision": 0.8812868146805618,
        "recall": 0.8427209705372617,
        "support": 2308
    },
    "Mangroves > Not Mangroves": {
        "f1-score": 0.5714285714285714,
        "precision": 0.47560975609756095,
        "recall": 0.7155963302752294,
        "support": 327
    },
    "Not Mangroves": {
        "f1-score": 0.951782280727703,
        "precision": 0.9603044321743024,
        "recall": 0.9434100571763671,
        "support": 6821
    },
    "Not Mangroves > Mangroves": {
        "f1-score": 0.5527638190954774,
        "precision": 0.4845814977973568,
        "recall": 0.6432748538011696,
        "support": 171
    },
    "accuracy": 0.9062013088189467,
    "accuracy_conf_interval": [
        0.0048731423066360295,
        0.005823999342077207,
        0.006923427789306068,
        0.007666284848244487
    ],
    "cls_confidence_intervals": {
        "Mangroves": [
            0.011291478106533729,
            0.013494693346832993,
            0.016042160968429017,
            0.017763422874912817
        ],
        "Mangroves > Not Mangroves": [
            0.03692444494026066,
            0.04412921468470177,
            0.052459729701711796,
            0.05808845606455641
        ],
        "Not Mangroves": [
            0.003911555665427644,
            0.004674786039169624,
            0.005557271158808788,
            0.00615354488829471
        ],
        "Not Mangroves > Mangroves": [
            0.05439942831499943,
            0.06501395091304811,
            0.07728699266704188,
            0.0855795884467674
        ]
    },
    "cohen_kappa": 0.7914211453382373,
    "confusion_matrix": [
        [
            1945,
            119,
            195,
            49
        ],
        [
            53,
            234,
            40,
            0
        ],
        [
            179,
            139,
            6435,
            68
        ],
        [
            30,
            0,
            31,
            110
        ]
    ],
    "macro avg": {
        "f1-score": 0.7343868018107231,
        "precision": 0.7004456251874456,
        "recall": 0.7862505529475069,
        "support": 9627
    },
    "producer_accuracy": [
        88.12868146805619,
        47.5609756097561,
        96.03044321743025,
        48.458149779735685
    ],
    "user_accuracy": [
        84.27209705372617,
        71.55963302752293,
        94.3410057176367,
        64.32748538011695
    ],
    "weighted avg": {
        "f1-score": 0.9101481360583445,
        "precision": 0.9164469020993978,
        "recall": 0.9062013088189467,
        "support": 9627
    }
}