{
    "Mangroves": {
        "f1-score": 0.8697924227028597,
        "precision": 0.8829944002357796,
        "recall": 0.8569794050343249,
        "support": 3496
    },
    "Mangroves > Not Mangroves": {
        "f1-score": 0.6011477761836442,
        "precision": 0.5097323600973236,
        "recall": 0.7325174825174825,
        "support": 572
    },
    "Not Mangroves": {
        "f1-score": 0.9458506551597117,
        "precision": 0.9599444563127537,
        "recall": 0.9321647132040245,
        "support": 9641
    },
    "Not Mangroves > Mangroves": {
        "f1-score": 0.552112676056338,
        "precision": 0.4655581947743468,
        "recall": 0.6782006920415224,
        "support": 289
    },
    "accuracy": 0.8999857122446063,
    "accuracy_conf_interval": [
        0.004158720030018223,
        0.004970177596851047,
        0.0059084254085015,
        0.006542376632589644
    ],
    "cls_confidence_intervals": {
        "Mangroves": [
            0.009049700708708558,
            0.010815495968944374,
            0.012857196738592038,
            0.01423672428565127
        ],
        "Mangroves > Not Mangroves": [
            0.028595365783892112,
            0.03417494935148082,
            0.04062634285150526,
            0.044985392513683935
        ],
        "Not Mangroves": [
            0.003323639391653381,
            0.003972154394902822,
            0.004721999867409987,
            0.005228652213698612
        ],
        "Not Mangroves > Mangroves": [
            0.03986942745571561,
            0.04764882793487964,
            0.056643759738913044,
            0.06272141636325994
        ]
    },
    "cohen_kappa": 0.789799938284596,
    "confusion_matrix": [
        [
            2996,
            137,
            274,
            89
        ],
        [
            95,
            419,
            58,
            0
        ],
        [
            254,
            264,
            8987,
            136
        ],
        [
            48,
            2,
            43,
            196
        ]
    ],
    "macro avg": {
        "f1-score": 0.7422258825256385,
        "precision": 0.7045573528550508,
        "recall": 0.7999655731993385,
        "support": 13998
    },
    "producer_accuracy": [
        88.29944002357796,
        50.97323600973236,
        95.99444563127537,
        46.55581947743468
    ],
    "user_accuracy": [
        85.69794050343249,
        73.25174825174825,
        93.21647132040245,
        67.82006920415225
    ],
    "weighted avg": {
        "f1-score": 0.9046404891785472,
        "precision": 0.9121221713674095,
        "recall": 0.8999857122446063,
        "support": 13998
    }
}