{
    "Mangroves": {
        "f1-score": 0.8712163940590338,
        "precision": 0.8803191489361702,
        "recall": 0.8622999627837737,
        "support": 2687
    },
    "Mangroves > Not Mangroves": {
        "f1-score": 0.44050632911392407,
        "precision": 0.36401673640167365,
        "recall": 0.5576923076923077,
        "support": 156
    },
    "Not Mangroves": {
        "f1-score": 0.9600933748332592,
        "precision": 0.9688166012338755,
        "recall": 0.951525834526826,
        "support": 9077
    },
    "Not Mangroves > Mangroves": {
        "f1-score": 0.2827586206896552,
        "precision": 0.19339622641509435,
        "recall": 0.5256410256410257,
        "support": 78
    },
    "accuracy": 0.9236539423237207,
    "accuracy_conf_interval": [
        0.0039759175654727336,
        0.004751706358735706,
        0.005648712150946018,
        0.006254797145682715
    ],
    "cls_confidence_intervals": {
        "Mangroves": [
            0.01037608006946563,
            0.012400681058629655,
            0.01474162595235056,
            0.016323345475134955
        ],
        "Mangroves > Not Mangroves": [
            0.051042086232959624,
            0.061001517693049304,
            0.072517110318778,
            0.08029791614697307
        ],
        "Not Mangroves": [
            0.0030190178759538808,
            0.003608094534676589,
            0.004289214421324721,
            0.004749430560951837
        ],
        "Not Mangroves > Mangroves": [
            0.04448668453279845,
            0.05316701322212498,
            0.06320364326915878,
            0.06998515005769514
        ]
    },
    "cohen_kappa": 0.8034119050606708,
    "confusion_matrix": [
        [
            2317,
            51,
            244,
            75
        ],
        [
            55,
            87,
            14,
            0
        ],
        [
            243,
            101,
            8637,
            96
        ],
        [
            17,
            0,
            20,
            41
        ]
    ],
    "macro avg": {
        "f1-score": 0.6386436796739681,
        "precision": 0.6016371782467034,
        "recall": 0.7242897826609833,
        "support": 11998
    },
    "producer_accuracy": [
        88.03191489361703,
        36.40167364016737,
        96.88166012338755,
        19.339622641509436
    ],
    "user_accuracy": [
        86.22999627837737,
        55.769230769230774,
        95.1525834526826,
        52.56410256410257
    ],
    "weighted avg": {
        "f1-score": 0.9290298528049411,
        "precision": 0.9360924620045353,
        "recall": 0.9236539423237207,
        "support": 11998
    }
}