{
    "Mangroves": {
        "f1-score": 0.8655921513665031,
        "precision": 0.8805246649558027,
        "recall": 0.8511576626240352,
        "support": 3628
    },
    "Mangroves > Not Mangroves": {
        "f1-score": 0.5947850599013389,
        "precision": 0.5017835909631391,
        "recall": 0.7301038062283737,
        "support": 578
    },
    "Not Mangroves": {
        "f1-score": 0.9463994060876021,
        "precision": 0.9602289846339259,
        "recall": 0.9329625292740047,
        "support": 10248
    },
    "Not Mangroves > Mangroves": {
        "f1-score": 0.5373134328358209,
        "precision": 0.4469525959367946,
        "recall": 0.673469387755102,
        "support": 294
    },
    "accuracy": 0.8997152156224573,
    "accuracy_conf_interval": [
        0.004056461315606781,
        0.004847965962554445,
        0.005763143210587683,
        0.006381506216015546
    ],
    "cls_confidence_intervals": {
        "Mangroves": [
            0.008982264851430678,
            0.010734901895612273,
            0.012761388477947245,
            0.014130636168714118
        ],
        "Mangroves > Not Mangroves": [
            0.028275682166233655,
            0.03379288844257193,
            0.04017215819958806,
            0.04448247560297734
        ],
        "Not Mangroves": [
            0.003211813649410827,
            0.0038385089956373304,
            0.004563125489711725,
            0.00505273122895118
        ],
        "Not Mangroves > Mangroves": [
            0.03873948973524032,
            0.04629841456162868,
            0.05503842139214022,
            0.06094383141275612
        ]
    },
    "cohen_kappa": 0.7864145574880652,
    "confusion_matrix": [
        [
            3088,
            151,
            292,
            97
        ],
        [
            97,
            422,
            59,
            0
        ],
        [
            273,
            266,
            9561,
            148
        ],
        [
            49,
            2,
            45,
            198
        ]
    ],
    "macro avg": {
        "f1-score": 0.7360225125478164,
        "precision": 0.6973724591224155,
        "recall": 0.796923346470379,
        "support": 14748
    },
    "producer_accuracy": [
        88.05246649558028,
        50.178359096313905,
        96.0228984633926,
        44.69525959367946
    ],
    "user_accuracy": [
        85.11576626240353,
        73.01038062283737,
        93.29625292740047,
        67.3469387755102
    ],
    "weighted avg": {
        "f1-score": 0.9045853914171499,
        "precision": 0.9124223689836071,
        "recall": 0.8997152156224573,
        "support": 14748
    }
}