{
    "Mangroves": {
        "f1-score": 0.8608695652173913,
        "precision": 0.9152542372881356,
        "recall": 0.8125854993160054,
        "support": 731
    },
    "Mangroves > Not Mangroves": {
        "f1-score": 0.5258620689655172,
        "precision": 0.43884892086330934,
        "recall": 0.6559139784946236,
        "support": 93
    },
    "Not Mangroves": {
        "f1-score": 0.9018036072144289,
        "precision": 0.9289843104872006,
        "recall": 0.8761682242990654,
        "support": 1284
    },
    "Not Mangroves > Mangroves": {
        "f1-score": 0.15827338129496402,
        "precision": 0.08870967741935484,
        "recall": 0.7333333333333333,
        "support": 15
    },
    "accuracy": 0.843617522373999,
    "accuracy_conf_interval": [
        0.012928129435437747,
        0.01545069127649877,
        0.018367403405225583,
        0.020338154843554508
    ],
    "cls_confidence_intervals": {
        "Mangroves": [
            0.01792880608898772,
            0.021427109716107274,
            0.02547202328496426,
            0.028205072993651412
        ],
        "Mangroves > Not Mangroves": [
            0.06902936312099402,
            0.08249850714460262,
            0.09807220492190005,
            0.10859497369034427
        ],
        "Not Mangroves": [
            0.012104674628565282,
            0.014466562360968266,
            0.017197495051559215,
            0.019042719842499046
        ],
        "Not Mangroves > Mangroves": [
            0.041874234867861834,
            0.05004481728110317,
            0.059492053196413465,
            0.06587532070675826
        ]
    },
    "cohen_kappa": 0.7138301720788356,
    "confusion_matrix": [
        [
            594,
            15,
            69,
            53
        ],
        [
            17,
            61,
            15,
            0
        ],
        [
            36,
            63,
            1125,
            60
        ],
        [
            2,
            0,
            2,
            11
        ]
    ],
    "macro avg": {
        "f1-score": 0.6117021556730753,
        "precision": 0.5929492865145001,
        "recall": 0.7695002588607569,
        "support": 2123
    },
    "producer_accuracy": [
        91.52542372881356,
        43.884892086330936,
        92.89843104872007,
        8.870967741935484
    ],
    "user_accuracy": [
        81.25854993160054,
        65.59139784946237,
        87.61682242990653,
        73.33333333333333
    ],
    "weighted avg": {
        "f1-score": 0.8659871676733194,
        "precision": 0.896848938730462,
        "recall": 0.843617522373999,
        "support": 2123
    }
}