{
    "Mangroves": {
        "f1-score": 0.8681462140992167,
        "precision": 0.8911222780569514,
        "recall": 0.8463251670378619,
        "support": 3143
    },
    "Mangroves > Not Mangroves": {
        "f1-score": 0.5917266187050361,
        "precision": 0.493993993993994,
        "recall": 0.7376681614349776,
        "support": 446
    },
    "Not Mangroves": {
        "f1-score": 0.9488616863059146,
        "precision": 0.9601759666589488,
        "recall": 0.9378109452736318,
        "support": 8844
    },
    "Not Mangroves > Mangroves": {
        "f1-score": 0.46240601503759404,
        "precision": 0.363905325443787,
        "recall": 0.634020618556701,
        "support": 194
    },
    "accuracy": 0.9033024471370872,
    "accuracy_conf_interval": [
        0.004313383701150444,
        0.00515501954527736,
        0.006128160990049107,
        0.0067856889932732594
    ],
    "cls_confidence_intervals": {
        "Mangroves": [
            0.009349961953341049,
            0.011174344773505157,
            0.013283787409319906,
            0.014709086487573114
        ],
        "Mangroves > Not Mangroves": [
            0.03177206217137195,
            0.0379714889365177,
            0.04513957613371747,
            0.049982878293987586
        ],
        "Not Mangroves": [
            0.0034505258496853384,
            0.004123799186209307,
            0.004902271481565146,
            0.005428266275724496
        ],
        "Not Mangroves > Mangroves": [
            0.042918109483505044,
            0.0512923747485792,
            0.0609751189613212,
            0.06751751369966039
        ]
    },
    "cohen_kappa": 0.7896711386292203,
    "confusion_matrix": [
        [
            2660,
            134,
            254,
            95
        ],
        [
            62,
            329,
            55,
            0
        ],
        [
            227,
            203,
            8294,
            120
        ],
        [
            36,
            0,
            35,
            123
        ]
    ],
    "macro avg": {
        "f1-score": 0.7177851335369403,
        "precision": 0.6772993910384203,
        "recall": 0.788956223075793,
        "support": 12627
    },
    "producer_accuracy": [
        89.11222780569514,
        49.3993993993994,
        96.01759666589487,
        36.3905325443787
    ],
    "user_accuracy": [
        84.63251670378618,
        73.76681614349776,
        93.78109452736318,
        63.4020618556701
    ],
    "weighted avg": {
        "f1-score": 0.9086824379079026,
        "precision": 0.9173606180028634,
        "recall": 0.9033024471370872,
        "support": 12627
    }
}