{
    "Mangroves": {
        "f1-score": 0.9284649776453054,
        "precision": 0.9496951219512195,
        "recall": 0.9081632653061225,
        "support": 686
    },
    "Mangroves > Not Mangroves": {
        "f1-score": 0.25,
        "precision": 0.14285714285714285,
        "recall": 1.0,
        "support": 1
    },
    "Not Mangroves": {
        "f1-score": 0.9665399239543727,
        "precision": 0.9606953892668179,
        "recall": 0.9724560061208876,
        "support": 1307
    },
    "Not Mangroves > Mangroves": {
        "f1-score": 0.2,
        "precision": 0.14285714285714285,
        "recall": 0.3333333333333333,
        "support": 6
    },
    "accuracy": 0.9485,
    "accuracy_conf_interval": [
        0.00810496478709192,
        0.009686421330914734,
        0.011514980459709863,
        0.012750493384571435
    ],
    "cls_confidence_intervals": {
        "Mangroves": [
            0.013995521387302402,
            0.016726354828727263,
            0.019883880995374758,
            0.02201734462148793
        ],
        "Mangroves > Not Mangroves": [
            0.21690642337528349,
            0.25922962793631443,
            0.30816583321000646,
            0.34123083677331184
        ],
        "Not Mangroves": [
            0.00876150128237629,
            0.01047106250820581,
            0.012447742675571194,
            0.013783337383250506
        ],
        "Not Mangroves > Mangroves": [
            0.1533760028515832,
            0.1833030277982336,
            0.2179061503927981,
            0.2412866386323687
        ]
    },
    "cohen_kappa": 0.8868586919986028,
    "confusion_matrix": [
        [
            623,
            5,
            49,
            9
        ],
        [
            0,
            1,
            0,
            0
        ],
        [
            32,
            1,
            1271,
            3
        ],
        [
            1,
            0,
            3,
            2
        ]
    ],
    "macro avg": {
        "f1-score": 0.5862512253999196,
        "precision": 0.5490261992330807,
        "recall": 0.8034881511900859,
        "support": 2000
    },
    "producer_accuracy": [
        94.96951219512195,
        14.285714285714285,
        96.06953892668179,
        14.285714285714285
    ],
    "user_accuracy": [
        90.81632653061224,
        100.0,
        97.24560061208875,
        33.33333333333333
    ],
    "weighted avg": {
        "f1-score": 0.9508223276365223,
        "precision": 0.9540598637151337,
        "recall": 0.9485,
        "support": 2000
    }
}