{
    "Mangroves": {
        "f1-score": 0.8744386563678821,
        "precision": 0.8896198830409356,
        "recall": 0.8597668668315083,
        "support": 2831
    },
    "Mangroves > Not Mangroves": {
        "f1-score": 0.5922651933701658,
        "precision": 0.5009345794392523,
        "recall": 0.7243243243243244,
        "support": 370
    },
    "Not Mangroves": {
        "f1-score": 0.9535092213114754,
        "precision": 0.961265332472563,
        "recall": 0.945877270994791,
        "support": 7871
    },
    "Not Mangroves > Mangroves": {
        "f1-score": 0.5432692307692307,
        "precision": 0.4788135593220339,
        "recall": 0.6277777777777778,
        "support": 180
    },
    "accuracy": 0.9118378954852471,
    "accuracy_conf_interval": [
        0.004383578409952319,
        0.005238910782625943,
        0.006227888838529819,
        0.006896117254681087
    ],
    "cls_confidence_intervals": {
        "Mangroves": [
            0.00982502053830393,
            0.011742097716509574,
            0.013958718203809851,
            0.015456434749283012
        ],
        "Mangroves > Not Mangroves": [
            0.03545162956588882,
            0.0423690207006964,
            0.05036725420031766,
            0.05577146602438608
        ],
        "Not Mangroves": [
            0.0035958758855531136,
            0.004297510204685428,
            0.0051087748861821675,
            0.0056569266980042885
        ],
        "Not Mangroves > Mangroves": [
            0.05332951340381807,
            0.06373527211675818,
            0.07576693062859519,
            0.08389642962307965
        ]
    },
    "cohen_kappa": 0.8064190944510896,
    "confusion_matrix": [
        [
            2434,
            121,
            223,
            53
        ],
        [
            60,
            268,
            42,
            0
        ],
        [
            210,
            146,
            7445,
            70
        ],
        [
            32,
            0,
            35,
            113
        ]
    ],
    "macro avg": {
        "f1-score": 0.7408705754546885,
        "precision": 0.7076583385686962,
        "recall": 0.7894365599821004,
        "support": 11252
    },
    "producer_accuracy": [
        88.96198830409357,
        50.09345794392524,
        96.12653324725629,
        47.88135593220339
    ],
    "user_accuracy": [
        85.97668668315083,
        72.43243243243244,
        94.5877270994791,
        62.77777777777778
    ],
    "weighted avg": {
        "f1-score": 0.9151736135980733,
        "precision": 0.9203844255111021,
        "recall": 0.9118378954852471,
        "support": 11252
    }
}