{
    "Mangroves": {
        "f1-score": 0.851213095586086,
        "precision": 0.8682170542635659,
        "recall": 0.8348623853211009,
        "support": 1744
    },
    "Mangroves > Not Mangroves": {
        "f1-score": 0.5948827292110873,
        "precision": 0.5027027027027027,
        "recall": 0.7284595300261096,
        "support": 383
    },
    "Not Mangroves": {
        "f1-score": 0.9462123345536468,
        "precision": 0.9576287288618659,
        "recall": 0.935064935064935,
        "support": 5390
    },
    "Not Mangroves > Mangroves": {
        "f1-score": 0.5470085470085471,
        "precision": 0.5,
        "recall": 0.6037735849056604,
        "support": 106
    },
    "accuracy": 0.8971533516988063,
    "accuracy_conf_interval": [
        0.005705704840640891,
        0.006819013102229357,
        0.008106275779691021,
        0.008976047859057012
    ],
    "cls_confidence_intervals": {
        "Mangroves": [
            0.01354631213632466,
            0.016189494992192886,
            0.019245675169290523,
            0.021310661775437577
        ],
        "Mangroves > Not Mangroves": [
            0.03480655301102691,
            0.04159807554976388,
            0.049450773485178484,
            0.05475665046856674
        ],
        "Not Mangroves": [
            0.004553669352479717,
            0.005442190201744052,
            0.00646954243370594,
            0.007163699347193702
        ],
        "Not Mangroves > Mangroves": [
            0.07247844507162113,
            0.08662058069535207,
            0.102972425010291,
            0.1140209684663308
        ]
    },
    "cohen_kappa": 0.77525229828904,
    "confusion_matrix": [
        [
            1456,
            102,
            163,
            23
        ],
        [
            60,
            279,
            44,
            0
        ],
        [
            137,
            172,
            5040,
            41
        ],
        [
            24,
            2,
            16,
            64
        ]
    ],
    "macro avg": {
        "f1-score": 0.7348291765898418,
        "precision": 0.7071371214570337,
        "recall": 0.7755401088294515,
        "support": 7623
    },
    "producer_accuracy": [
        86.82170542635659,
        50.27027027027027,
        95.76287288618659,
        50.0
    ],
    "user_accuracy": [
        83.4862385321101,
        72.84595300261097,
        93.5064935064935,
        60.37735849056604
    ],
    "weighted avg": {
        "f1-score": 0.9012754969456963,
        "precision": 0.9079528435440445,
        "recall": 0.8971533516988063,
        "support": 7623
    }
}