overall accuracy,0.892
cohen kappa,0.8056274454047089
""
Confidence Interval,90%,95%,98%,99%
Overall Accuracy,0.016096748292745336,0.01923757722791516,0.02286916068420527,0.02532293328980669
""
class,f1-score,precision,recall,support
Mangroves,0.8983240223463688,0.8777292576419214,0.919908466819222,437
Mangroves > Not Mangroves,0.12121212121212122,0.125,0.11764705882352941,17
Not Mangroves,0.9349593495934959,0.9426229508196722,0.9274193548387096,496
Not Mangroves > Mangroves,0.6363636363636364,0.7368421052631579,0.56,50
""
macro avg,0.6477147823789056,0.6705485784311879,0.6312437201203652,1000
weighted (pixel) avg,0.890186223042525,0.8900757744592349,0.892,1000
""
Confidence Interval,90%,95%,98%,99%
Mangroves,0.025104563298240762,0.030003014673507255,0.035666849076159135,0.03949376421308608
Mangroves > Not Mangroves,0.13559475469206025,0.16205226780270618,0.1926437673368905,0.21331369945458264
Not Mangroves,0.017265217212775755,0.02063404008356127,0.02452924152790702,0.027161134395708202
Not Mangroves > Mangroves,0.11715139618555848,0.14001020519737478,0.16644070311728737,0.18429914765776884
""
Point Count Confusion Matrix
,Mangroves,Mangroves > Not Mangroves,Not Mangroves,Not Mangroves > Mangroves,User Acc
Mangroves,402,8,24,3,91.9908466819222
Mangroves > Not Mangroves,14,2,1,0,11.76470588235294
Not Mangroves,24,5,460,7,92.74193548387096
Not Mangroves > Mangroves,18,1,3,28,56.00000000000001
Producer,87.77292576419214,12.5,94.26229508196722,73.68421052631578
""
