{
    "Mangroves": {
        "f1-score": 0.8541769649036085,
        "precision": 0.8657314629258517,
        "recall": 0.8429268292682927,
        "support": 2050
    },
    "Mangroves > Not Mangroves": {
        "f1-score": 0.6296809986130374,
        "precision": 0.5604938271604938,
        "recall": 0.7183544303797469,
        "support": 316
    },
    "Not Mangroves": {
        "f1-score": 0.9561117659294184,
        "precision": 0.9666339548577036,
        "recall": 0.9458161865569273,
        "support": 7290
    },
    "Not Mangroves > Mangroves": {
        "f1-score": 0.35374149659863946,
        "precision": 0.25,
        "recall": 0.6046511627906976,
        "support": 86
    },
    "accuracy": 0.913775405460891,
    "accuracy_conf_interval": [
        0.004663963018949676,
        0.005574004583622784,
        0.006626240142776065,
        0.007337210115176931
    ],
    "cls_confidence_intervals": {
        "Mangroves": [
            0.012515330094546936,
            0.014957345722751217,
            0.017780926292862417,
            0.01968875100239701
        ],
        "Mangroves > Not Mangroves": [
            0.04044680702489797,
            0.048338866932195135,
            0.05746406120000749,
            0.0636297330025834
        ],
        "Not Mangroves": [
            0.003487314582237625,
            0.0041677662080400885,
            0.0049545384003741874,
            0.005486141233032362
        ],
        "Not Mangroves > Mangroves": [
            0.04923940729506429,
            0.05884709652336952,
            0.06995598719359744,
            0.0774619944032109
        ]
    },
    "cohen_kappa": 0.7883780027611549,
    "confusion_matrix": [
        [
            1728,
            60,
            195,
            67
        ],
        [
            62,
            227,
            27,
            0
        ],
        [
            188,
            118,
            6895,
            89
        ],
        [
            18,
            0,
            16,
            52
        ]
    ],
    "macro avg": {
        "f1-score": 0.698427806511176,
        "precision": 0.6607148112360123,
        "recall": 0.7779371522489162,
        "support": 9742
    },
    "producer_accuracy": [
        86.57314629258516,
        56.04938271604938,
        96.66339548577037,
        25.0
    ],
    "user_accuracy": [
        84.29268292682927,
        71.83544303797468,
        94.58161865569274,
        60.46511627906976
    ],
    "weighted avg": {
        "f1-score": 0.9187557499432416,
        "precision": 0.9259009525039388,
        "recall": 0.913775405460891,
        "support": 9742
    }
}