{
    "Mangroves": {
        "f1-score": 0.8677173720559588,
        "precision": 0.8775071633237822,
        "recall": 0.8581436077057794,
        "support": 2855
    },
    "Mangroves > Not Mangroves": {
        "f1-score": 0.6516129032258065,
        "precision": 0.5941176470588235,
        "recall": 0.7214285714285714,
        "support": 420
    },
    "Not Mangroves": {
        "f1-score": 0.9561417881915998,
        "precision": 0.9649432256642047,
        "recall": 0.9474994587573068,
        "support": 9238
    },
    "Not Mangroves > Mangroves": {
        "f1-score": 0.3333333333333333,
        "precision": 0.23770491803278687,
        "recall": 0.5576923076923077,
        "support": 104
    },
    "accuracy": 0.9165411746056907,
    "accuracy_conf_interval": [
        0.004038107911625763,
        0.004826031406577131,
        0.005737067947614651,
        0.006352633178045407
    ],
    "cls_confidence_intervals": {
        "Mangroves": [
            0.01017575922543706,
            0.012161273220644291,
            0.014457023777602652,
            0.016008206586358303
        ],
        "Mangroves > Not Mangroves": [
            0.035661127558250724,
            0.042619396350104526,
            0.050664894640685486,
            0.056101042134321266
        ],
        "Not Mangroves": [
            0.0031670368881501947,
            0.0037849953053502327,
            0.0044995097252377774,
            0.004982289738675307
        ],
        "Not Mangroves > Mangroves": [
            0.04469197811536803,
            0.05341236408909837,
            0.06349531037122409,
            0.07030811191320092
        ]
    },
    "cohen_kappa": 0.8022374200199747,
    "confusion_matrix": [
        [
            2450,
            65,
            257,
            83
        ],
        [
            78,
            303,
            39,
            0
        ],
        [
            240,
            142,
            8753,
            103
        ],
        [
            24,
            0,
            22,
            58
        ]
    ],
    "macro avg": {
        "f1-score": 0.7022013492016747,
        "precision": 0.6685682385198993,
        "recall": 0.7711909863959914,
        "support": 12617
    },
    "producer_accuracy": [
        87.75071633237822,
        59.411764705882355,
        96.49432256642046,
        23.770491803278688
    ],
    "user_accuracy": [
        85.81436077057793,
        72.14285714285714,
        94.74994587573067,
        55.769230769230774
    ],
    "weighted avg": {
        "f1-score": 0.9208619341012337,
        "precision": 0.9268193067460915,
        "recall": 0.9165411746056907,
        "support": 12617
    }
}