{
    "Mangroves": {
        "f1-score": 0.8035426731078906,
        "precision": 0.8127035830618893,
        "recall": 0.7945859872611465,
        "support": 628
    },
    "Mangroves > Not Mangroves": {
        "f1-score": 0.5572139303482587,
        "precision": 0.4609053497942387,
        "recall": 0.7044025157232704,
        "support": 159
    },
    "Not Mangroves": {
        "f1-score": 0.9453403141361256,
        "precision": 0.9620630861040068,
        "recall": 0.9291889666529436,
        "support": 2429
    },
    "Not Mangroves > Mangroves": {
        "f1-score": 0.4691358024691358,
        "precision": 0.40425531914893614,
        "recall": 0.5588235294117647,
        "support": 34
    },
    "accuracy": 0.8883076923076924,
    "accuracy_conf_interval": [
        0.009061404361190151,
        0.01082948326093457,
        0.012873824488764056,
        0.014255136129189385
    ],
    "cls_confidence_intervals": {
        "Mangroves": [
            0.025822036122482725,
            0.030860482195162284,
            0.036686185466698024,
            0.04062247146097893
        ],
        "Mangroves > Not Mangroves": [
            0.052441981963205854,
            0.06267456380968504,
            0.07450598656967662,
            0.08250019113723848
        ],
        "Not Mangroves": [
            0.006468634597282931,
            0.00773080720163082,
            0.009190194275408067,
            0.010176266622554855
        ],
        "Not Mangroves > Mangroves": [
            0.11739588585130942,
            0.14030240016376003,
            0.16678805733753108,
            0.18468377164413313
        ]
    },
    "cohen_kappa": 0.7341851126088523,
    "confusion_matrix": [
        [
            499,
            56,
            59,
            14
        ],
        [
            25,
            112,
            22,
            0
        ],
        [
            83,
            75,
            2257,
            14
        ],
        [
            7,
            0,
            8,
            19
        ]
    ],
    "macro avg": {
        "f1-score": 0.6938081800153527,
        "precision": 0.6599818345272678,
        "recall": 0.7467502497622813,
        "support": 3250
    },
    "producer_accuracy": [
        81.27035830618892,
        46.09053497942387,
        96.20630861040068,
        40.42553191489361
    ],
    "user_accuracy": [
        79.45859872611464,
        70.44025157232704,
        92.91889666529435,
        55.88235294117647
    ],
    "weighted avg": {
        "f1-score": 0.8939704781408394,
        "precision": 0.9028485285470298,
        "recall": 0.8883076923076924,
        "support": 3250
    }
}