{
    "Mangroves": {
        "f1-score": 0.8807081635520585,
        "precision": 0.8928774928774929,
        "recall": 0.8688660937066814,
        "support": 3607
    },
    "Mangroves > Not Mangroves": {
        "f1-score": 0.6295620437956205,
        "precision": 0.5564516129032258,
        "recall": 0.7247899159663865,
        "support": 476
    },
    "Not Mangroves": {
        "f1-score": 0.9526465169546382,
        "precision": 0.9618903971845149,
        "recall": 0.9435786151114618,
        "support": 10138
    },
    "Not Mangroves > Mangroves": {
        "f1-score": 0.5578034682080925,
        "precision": 0.4606205250596659,
        "recall": 0.706959706959707,
        "support": 273
    },
    "accuracy": 0.9133434524630881,
    "accuracy_conf_interval": [
        0.0038323703426019003,
        0.004580149921646174,
        0.005444770059916115,
        0.006028972856044454
    ],
    "cls_confidence_intervals": {
        "Mangroves": [
            0.00856104129426252,
            0.010231488376069844,
            0.012162942814409558,
            0.013467979597071529
        ],
        "Mangroves > Not Mangroves": [
            0.03272142496654386,
            0.03910609325269876,
            0.04648836595856536,
            0.05147638805712388
        ],
        "Not Mangroves": [
            0.003148628775026552,
            0.0037629953652756356,
            0.004473356735251138,
            0.004953330633883235
        ],
        "Not Mangroves > Mangroves": [
            0.03993518380742131,
            0.04772741479423522,
            0.05673718187273881,
            0.06282486233118718
        ]
    },
    "cohen_kappa": 0.8107320410894798,
    "confusion_matrix": [
        [
            3134,
            100,
            285,
            88
        ],
        [
            78,
            345,
            53,
            0
        ],
        [
            260,
            174,
            9566,
            138
        ],
        [
            38,
            1,
            41,
            193
        ]
    ],
    "macro avg": {
        "f1-score": 0.7551800481276024,
        "precision": 0.7179600070062249,
        "recall": 0.8110485829360592,
        "support": 14494
    },
    "producer_accuracy": [
        89.28774928774928,
        55.64516129032258,
        96.18903971845148,
        46.06205250596659
    ],
    "user_accuracy": [
        86.88660937066814,
        72.47899159663865,
        94.35786151114618,
        70.6959706959707
    ],
    "weighted avg": {
        "f1-score": 0.9166963305151042,
        "precision": 0.9219590406063856,
        "recall": 0.9133434524630881,
        "support": 14494
    }
}