{
    "Mangroves": {
        "f1-score": 0.8639106145251396,
        "precision": 0.8818430656934306,
        "recall": 0.8466929478756022,
        "support": 2283
    },
    "Mangroves > Not Mangroves": {
        "f1-score": 0.5232067510548524,
        "precision": 0.42033898305084744,
        "recall": 0.6927374301675978,
        "support": 179
    },
    "Not Mangroves": {
        "f1-score": 0.9539437396580254,
        "precision": 0.9649881433951737,
        "recall": 0.9431492842535787,
        "support": 7335
    },
    "Not Mangroves > Mangroves": {
        "f1-score": 0.3412969283276451,
        "precision": 0.2304147465437788,
        "recall": 0.6578947368421053,
        "support": 76
    },
    "accuracy": 0.9141091866707182,
    "accuracy_conf_interval": [
        0.004624786343501116,
        0.005527183678818407,
        0.0065705805977790245,
        0.007275578515995658
    ],
    "cls_confidence_intervals": {
        "Mangroves": [
            0.011307037496530179,
            0.013513288715365336,
            0.01606426668714349,
            0.017787900451858456
        ],
        "Mangroves > Not Mangroves": [
            0.04713241813392384,
            0.05632898752590898,
            0.0669625208853918,
            0.07414734072288019
        ],
        "Not Mangroves": [
            0.0035602714941342954,
            0.0042549586149409875,
            0.005058190598373725,
            0.005600914911503953
        ],
        "Not Mangroves > Mangroves": [
            0.04688106672721551,
            0.05602859194228195,
            0.06660541797220253,
            0.07375192204647318
        ]
    },
    "cohen_kappa": 0.7897350690258982,
    "confusion_matrix": [
        [
            1933,
            58,
            216,
            76
        ],
        [
            37,
            124,
            18,
            0
        ],
        [
            213,
            113,
            6918,
            91
        ],
        [
            9,
            0,
            17,
            50
        ]
    ],
    "macro avg": {
        "f1-score": 0.6705895083914156,
        "precision": 0.6243962346708077,
        "recall": 0.785118599784721,
        "support": 9873
    },
    "producer_accuracy": [
        88.18430656934306,
        42.03389830508474,
        96.49881433951737,
        23.04147465437788
    ],
    "user_accuracy": [
        84.66929478756022,
        69.27374301675978,
        94.31492842535786,
        65.78947368421053
    ],
    "weighted avg": {
        "f1-score": 0.9205993961657277,
        "precision": 0.9302327508847494,
        "recall": 0.9141091866707182,
        "support": 9873
    }
}