{
    "Mangroves": {
        "f1-score": 0.8830203442879498,
        "precision": 0.891390205371248,
        "recall": 0.8748062015503876,
        "support": 2580
    },
    "Mangroves > Not Mangroves": {
        "f1-score": 0.5558912386706948,
        "precision": 0.467005076142132,
        "recall": 0.6865671641791045,
        "support": 134
    },
    "Not Mangroves": {
        "f1-score": 0.9671570490201401,
        "precision": 0.9716404886561955,
        "recall": 0.9627147952015562,
        "support": 9253
    },
    "Not Mangroves > Mangroves": {
        "f1-score": 0.25,
        "precision": 0.1650485436893204,
        "recall": 0.5151515151515151,
        "support": 33
    },
    "accuracy": 0.9395,
    "accuracy_conf_interval": [
        0.0035692692015780107,
        0.004265711972617623,
        0.005070973926632174,
        0.0056150698415068714
    ],
    "cls_confidence_intervals": {
        "Mangroves": [
            0.010140991588392212,
            0.012119721654419961,
            0.014407628293264547,
            0.015953511157348724
        ],
        "Mangroves > Not Mangroves": [
            0.058295236965534486,
            0.06966991734905341,
            0.08282189154249717,
            0.09170836059212133
        ],
        "Not Mangroves": [
            0.0028432085684641194,
            0.0033979809720668746,
            0.00403943656373256,
            0.004472852504047212
        ],
        "Not Mangroves > Mangroves": [
            0.05998762905990308,
            0.07169253229110369,
            0.0852263266521794,
            0.09437078230155486
        ]
    },
    "cohen_kappa": 0.8343919518594589,
    "confusion_matrix": [
        [
            2257,
            41,
            241,
            41
        ],
        [
            32,
            92,
            10,
            0
        ],
        [
            236,
            64,
            8908,
            45
        ],
        [
            7,
            0,
            9,
            17
        ]
    ],
    "macro avg": {
        "f1-score": 0.6640171579946962,
        "precision": 0.6237710784647239,
        "recall": 0.7598099190206409,
        "support": 12000
    },
    "producer_accuracy": [
        89.13902053712481,
        46.7005076142132,
        97.16404886561955,
        16.50485436893204
    ],
    "user_accuracy": [
        87.48062015503876,
        68.65671641791045,
        96.27147952015562,
        51.515151515151516
    ],
    "weighted avg": {
        "f1-score": 0.942503007402345,
        "precision": 0.9465334544615324,
        "recall": 0.9395,
        "support": 12000
    }
}