{
    "Mangroves": {
        "f1-score": 0.8258527827648116,
        "precision": 0.8394160583941606,
        "recall": 0.8127208480565371,
        "support": 849
    },
    "Mangroves > Not Mangroves": {
        "f1-score": 0.5555555555555556,
        "precision": 0.4807692307692308,
        "recall": 0.6578947368421053,
        "support": 152
    },
    "Not Mangroves": {
        "f1-score": 0.9524411439405909,
        "precision": 0.971318079278118,
        "recall": 0.9342839429634222,
        "support": 3226
    },
    "Not Mangroves > Mangroves": {
        "f1-score": 0.10294117647058824,
        "precision": 0.06086956521739131,
        "recall": 0.3333333333333333,
        "support": 21
    },
    "accuracy": 0.8971280602636534,
    "accuracy_conf_interval": [
        0.007644116174718006,
        0.009135651038077617,
        0.010860238223837167,
        0.012025499835836864
    ],
    "cls_confidence_intervals": {
        "Mangroves": [
            0.021001370307293377,
            0.025099198659935987,
            0.029837312692679006,
            0.03303874109318104
        ],
        "Mangroves > Not Mangroves": [
            0.05681470072507418,
            0.06790049598850328,
            0.0807184467618432,
            0.08937922431139718
        ],
        "Not Mangroves": [
            0.004914030095914529,
            0.005872865236580779,
            0.00698151836797613,
            0.007730608321621637
        ],
        "Not Mangroves > Mangroves": [
            0.03656436076310238,
            0.04369887018029309,
            0.051948146693919846,
            0.05752198217610009
        ]
    },
    "cohen_kappa": 0.7458174141968643,
    "confusion_matrix": [
        [
            690,
            35,
            76,
            48
        ],
        [
            41,
            100,
            11,
            0
        ],
        [
            79,
            73,
            3014,
            60
        ],
        [
            12,
            0,
            2,
            7
        ]
    ],
    "macro avg": {
        "f1-score": 0.6091976646828866,
        "precision": 0.5880932334147252,
        "recall": 0.6845582152988495,
        "support": 4248
    },
    "producer_accuracy": [
        83.94160583941606,
        48.07692307692308,
        97.13180792781179,
        6.086956521739131
    ],
    "user_accuracy": [
        81.2720848056537,
        65.78947368421053,
        93.42839429634222,
        33.33333333333333
    ],
    "weighted avg": {
        "f1-score": 0.9087406666831445,
        "precision": 0.9229029051964076,
        "recall": 0.8971280602636534,
        "support": 4248
    }
}