overall accuracy,0.938
cohen kappa,0.8341068670481296
""
Confidence Interval,90%,95%,98%,99%
Overall Accuracy,0.004566784099706636,0.0054578639240396385,0.0064881749709246725,0.00718433108368483
""
class,f1-score,precision,recall,support
Mangroves,0.8874783612233123,0.9036427732079906,0.8718820861678005,1764
Mangroves > Not Mangroves,0.11627906976744186,0.07352941176470588,0.2777777777777778,18
Not Mangroves,0.9659120937197218,0.9692416475163514,0.9626053370786517,5696
Not Mangroves > Mangroves,0.18947368421052632,0.1232876712328767,0.4090909090909091,22
""
macro avg,0.5397858022302506,0.5174253759304811,0.6303390275287848,7500
weighted (pixel) avg,0.9431478079111872,0.9491816179161228,0.938,7500
""
Confidence Interval,90%,95%,98%,99%
Mangroves,0.011730178102607996,0.014018993342141264,0.016665435962851603,0.01845357286873697
Mangroves > Not Mangroves,0.05190817449380648,0.06203659878528092,0.07374758937229824,0.08166042085001264
Not Mangroves,0.003764855629554489,0.004499461606052926,0.005348849766379244,0.005922760685518648
Not Mangroves > Mangroves,0.0631060212827356,0.07541939128912303,0.08965672535900851,0.09927654567649868
""
Point Count Confusion Matrix
,Mangroves,Mangroves > Not Mangroves,Not Mangroves,Not Mangroves > Mangroves,User Acc
Mangroves,1538,29,163,34,87.18820861678005
Mangroves > Not Mangroves,11,5,2,0,27.77777777777778
Not Mangroves,149,34,5483,30,96.26053370786516
Not Mangroves > Mangroves,4,0,9,9,40.909090909090914
Producer,90.36427732079906,7.352941176470589,96.92416475163515,12.32876712328767
""
