{
    "Mangroves": {
        "f1-score": 0.8774842767295598,
        "precision": 0.8857287963433215,
        "recall": 0.8693918245264207,
        "support": 2006
    },
    "Mangroves > Not Mangroves": {
        "f1-score": 0.528428093645485,
        "precision": 0.4463276836158192,
        "recall": 0.6475409836065574,
        "support": 122
    },
    "Not Mangroves": {
        "f1-score": 0.9640850579617382,
        "precision": 0.9682857142857143,
        "recall": 0.9599206911202379,
        "support": 7061
    },
    "Not Mangroves > Mangroves": {
        "f1-score": 0.43478260869565216,
        "precision": 0.3431372549019608,
        "recall": 0.5932203389830508,
        "support": 59
    },
    "accuracy": 0.9338235294117647,
    "accuracy_conf_interval": [
        0.004239397548470231,
        0.005066597070122959,
        0.006023046517033926,
        0.006669296143325119
    ],
    "cls_confidence_intervals": {
        "Mangroves": [
            0.011758171035653622,
            0.014052448310903111,
            0.01670520641041033,
            0.018497610531698995
        ],
        "Mangroves > Not Mangroves": [
            0.061278839496106734,
            0.0732356862270544,
            0.08706079025971263,
            0.09640207676826548
        ],
        "Not Mangroves": [
            0.003434978772134484,
            0.004105218532550969,
            0.00488018325553253,
            0.005403808068357908
        ],
        "Not Mangroves > Mangroves": [
            0.07709301203150437,
            0.09213555096448084,
            0.10952848660573487,
            0.12128047014712275
        ]
    },
    "cohen_kappa": 0.8237986906915141,
    "confusion_matrix": [
        [
            1744,
            35,
            193,
            34
        ],
        [
            32,
            79,
            11,
            0
        ],
        [
            187,
            63,
            6778,
            33
        ],
        [
            6,
            0,
            18,
            35
        ]
    ],
    "macro avg": {
        "f1-score": 0.7011950092581087,
        "precision": 0.660869862286704,
        "recall": 0.7675184595590667,
        "support": 9248
    },
    "producer_accuracy": [
        88.57287963433215,
        44.632768361581924,
        96.82857142857144,
        34.31372549019608
    ],
    "user_accuracy": [
        86.93918245264207,
        64.75409836065575,
        95.9920691120238,
        59.32203389830508
    ],
    "weighted avg": {
        "f1-score": 0.9361763034953636,
        "precision": 0.9395041597617299,
        "recall": 0.9338235294117647,
        "support": 9248
    }
}