overall accuracy,0.897
cohen kappa,0.7823588079179133
""
Confidence Interval,90%,95%,98%,99%
Overall Accuracy,0.006435511292818931,0.007691220813368967,0.009143134946504946,0.01012415800943466
""
class,f1-score,precision,recall,support
Mangroves,0.851664984863774,0.8701030927835052,0.83399209486166,1518
Mangroves > Not Mangroves,0.5684575389948007,0.478134110787172,0.7008547008547008,234
Not Mangroves,0.9468267581475128,0.9552533992583436,0.9385474860335196,4117
Not Mangroves > Mangroves,0.611111111111111,0.5605095541401274,0.6717557251908397,131
""
macro avg,0.7445150982792996,0.716000039242287,0.78628750173518,6000
weighted (pixel) avg,0.9006646383328096,0.9064841455180861,0.897,6000
""
Confidence Interval,90%,95%,98%,99%
Mangroves,0.014454301620993927,0.01727465315679762,0.020535684620070643,0.022739084257417278
Mangroves > Not Mangroves,0.0442334799330944,0.05286440284686891,0.06284390746592071,0.06958681599230704
Not Mangroves,0.005331186865688767,0.006371418449237795,0.007574186217716359,0.008386867142364036
Not Mangroves > Mangroves,0.06496212919504038,0.07763766659895069,0.092293756722222,0.10219652031902694
""
Point Count Confusion Matrix
,Mangroves,Mangroves > Not Mangroves,Not Mangroves,Not Mangroves > Mangroves,User Acc
Mangroves,1266,84,131,37,83.399209486166
Mangroves > Not Mangroves,45,164,25,0,70.08547008547008
Not Mangroves,126,95,3864,32,93.85474860335195
Not Mangroves > Mangroves,18,0,25,88,67.17557251908397
Producer,87.01030927835052,47.8134110787172,95.52533992583436,56.05095541401274
""
