{
    "Mangroves": {
        "f1-score": 0.8706110035941387,
        "precision": 0.8862932732901773,
        "recall": 0.8554740559630535,
        "support": 3681
    },
    "Mangroves > Not Mangroves": {
        "f1-score": 0.6074980872226473,
        "precision": 0.5142487046632125,
        "recall": 0.7420560747663552,
        "support": 535
    },
    "Not Mangroves": {
        "f1-score": 0.9499927804784135,
        "precision": 0.9618908382066277,
        "recall": 0.9383854711419606,
        "support": 10517
    },
    "Not Mangroves > Mangroves": {
        "f1-score": 0.516320474777448,
        "precision": 0.4233576642335766,
        "recall": 0.6615969581749049,
        "support": 263
    },
    "accuracy": 0.9061749799946652,
    "accuracy_conf_interval": [
        0.0039050041383662973,
        0.0046669561653645995,
        0.005547963196581386,
        0.00614323821767381
    ],
    "cls_confidence_intervals": {
        "Mangroves": [
            0.008734298893550346,
            0.010438552336194317,
            0.012409095379251408,
            0.01374054338131701
        ],
        "Mangroves > Not Mangroves": [
            0.029500459783624165,
            0.03525664705847766,
            0.04191223859502702,
            0.04640925990350631
        ],
        "Not Mangroves": [
            0.0030999005421834314,
            0.0037047591845606864,
            0.004404126989809388,
            0.004876672804166618
        ],
        "Not Mangroves > Mangroves": [
            0.03996961015552501,
            0.04776855847855428,
            0.05678609247705688,
            0.0628790208544235
        ]
    },
    "cohen_kappa": 0.7958965867186246,
    "confusion_matrix": [
        [
            3149,
            143,
            291,
            98
        ],
        [
            80,
            397,
            58,
            0
        ],
        [
            278,
            231,
            9869,
            139
        ],
        [
            46,
            1,
            42,
            174
        ]
    ],
    "macro avg": {
        "f1-score": 0.7361055865181618,
        "precision": 0.6964476200983986,
        "recall": 0.7993781400115685,
        "support": 14996
    },
    "producer_accuracy": [
        88.62932732901773,
        51.42487046632125,
        96.18908382066277,
        42.33576642335766
    ],
    "user_accuracy": [
        85.54740559630535,
        74.20560747663552,
        93.83854711419606,
        66.15969581749049
    ],
    "weighted avg": {
        "f1-score": 0.9106826445753591,
        "precision": 0.9179192856153972,
        "recall": 0.9061749799946652,
        "support": 14996
    }
}