{
    "Mangroves": {
        "f1-score": 0.8427389014296464,
        "precision": 0.8595548733691482,
        "recall": 0.8265682656826568,
        "support": 1355
    },
    "Mangroves > Not Mangroves": {
        "f1-score": 0.5714285714285714,
        "precision": 0.4823529411764706,
        "recall": 0.7008547008547008,
        "support": 234
    },
    "Not Mangroves": {
        "f1-score": 0.9446672012830793,
        "precision": 0.9546191247974068,
        "recall": 0.9349206349206349,
        "support": 3780
    },
    "Not Mangroves > Mangroves": {
        "f1-score": 0.6153846153846154,
        "precision": 0.567741935483871,
        "recall": 0.6717557251908397,
        "support": 131
    },
    "accuracy": 0.892,
    "accuracy_conf_interval": [
        0.006863676534018511,
        0.00820293049187578,
        0.009751442880648251,
        0.010797735035224243
    ],
    "cls_confidence_intervals": {
        "Mangroves": [
            0.015785624967139946,
            0.01886574691194774,
            0.022427137910631754,
            0.02483348318001284
        ],
        "Mangroves > Not Mangroves": [
            0.044443037180606354,
            0.0531148493134076,
            0.06314163209195904,
            0.06991648532071
        ],
        "Not Mangroves": [
            0.005610184447068911,
            0.006704854583082357,
            0.007970566927847905,
            0.00882577797160841
        ],
        "Not Mangroves > Mangroves": [
            0.06525668952305431,
            0.07798970211291857,
            0.09271224791994911,
            0.10265991400578058
        ]
    },
    "cohen_kappa": 0.7729832721956277,
    "confusion_matrix": [
        [
            1120,
            81,
            118,
            36
        ],
        [
            45,
            164,
            25,
            0
        ],
        [
            120,
            95,
            3534,
            31
        ],
        [
            18,
            0,
            25,
            88
        ]
    ],
    "macro avg": {
        "f1-score": 0.7435548223814782,
        "precision": 0.7160672187067242,
        "recall": 0.7835248316622081,
        "support": 5500
    },
    "producer_accuracy": [
        85.95548733691481,
        48.23529411764706,
        95.46191247974069,
        56.774193548387096
    ],
    "user_accuracy": [
        82.65682656826569,
        70.08547008547008,
        93.4920634920635,
        67.17557251908397
    ],
    "weighted avg": {
        "f1-score": 0.8958332550212511,
        "precision": 0.9018912594423772,
        "recall": 0.892,
        "support": 5500
    }
}