{
    "Mangroves": {
        "f1-score": 0.9109489051094891,
        "precision": 0.9258160237388724,
        "recall": 0.896551724137931,
        "support": 348
    },
    "Mangroves > Not Mangroves": {
        "f1-score": 0.576271186440678,
        "precision": 0.5,
        "recall": 0.68,
        "support": 25
    },
    "Not Mangroves": {
        "f1-score": 0.970281124497992,
        "precision": 0.970281124497992,
        "recall": 0.970281124497992,
        "support": 1245
    },
    "Not Mangroves > Mangroves": {
        "f1-score": 0.375,
        "precision": 0.3333333333333333,
        "recall": 0.42857142857142855,
        "support": 7
    },
    "accuracy": 0.9476923076923077,
    "accuracy_conf_interval": [
        0.009058027259978438,
        0.010825447213144962,
        0.012869026533993756,
        0.014249823372405103
    ],
    "cls_confidence_intervals": {
        "Mangroves": [
            0.02341241955147151,
            0.02798069653712449,
            0.03326276680178575,
            0.036831733196827136
        ],
        "Mangroves > Not Mangroves": [
            0.14062883981685725,
            0.16806861343965868,
            0.19979585169102282,
            0.22123317483383642
        ],
        "Not Mangroves": [
            0.007892673728382255,
            0.009432707626603185,
            0.011213371821421132,
            0.012416523304406232
        ],
        "Not Mangroves > Mangroves": [
            0.2577011380324306,
            0.30798428691680735,
            0.3661241778143679,
            0.40540788788028725
        ]
    },
    "cohen_kappa": 0.857956152285402,
    "confusion_matrix": [
        [
            312,
            6,
            26,
            4
        ],
        [
            1,
            17,
            7,
            0
        ],
        [
            24,
            11,
            1208,
            2
        ],
        [
            0,
            0,
            4,
            3
        ]
    ],
    "macro avg": {
        "f1-score": 0.7081253040120398,
        "precision": 0.6823576203925494,
        "recall": 0.7438510693018379,
        "support": 1625
    },
    "producer_accuracy": [
        92.58160237388724,
        50.0,
        97.0281124497992,
        33.33333333333333
    ],
    "user_accuracy": [
        89.65517241379311,
        68.0,
        97.0281124497992,
        42.857142857142854
    ],
    "weighted avg": {
        "f1-score": 0.9489489222394579,
        "precision": 0.9507798828273605,
        "recall": 0.9476923076923077,
        "support": 1625
    }
}