{
    "Mangroves": {
        "f1-score": 0.8422141748577341,
        "precision": 0.8828633405639913,
        "recall": 0.8051434223541049,
        "support": 1011
    },
    "Mangroves > Not Mangroves": {
        "f1-score": 0.42105263157894735,
        "precision": 0.3054545454545455,
        "recall": 0.6774193548387096,
        "support": 124
    },
    "Not Mangroves": {
        "f1-score": 0.9477540618031219,
        "precision": 0.9609173126614987,
        "recall": 0.9349465744814582,
        "support": 3182
    },
    "Not Mangroves > Mangroves": {
        "f1-score": 0.47058823529411764,
        "precision": 0.4,
        "recall": 0.5714285714285714,
        "support": 56
    },
    "accuracy": 0.8929796478390121,
    "accuracy_conf_interval": [
        0.007666693082469314,
        0.009162633196121863,
        0.010892313952532623,
        0.012061017166323677
    ],
    "cls_confidence_intervals": {
        "Mangroves": [
            0.017368869280961204,
            0.020757916945539003,
            0.024676503307707078,
            0.027324196795658482
        ],
        "Mangroves > Not Mangroves": [
            0.045551337552452074,
            0.054439403416345164,
            0.06471622957147155,
            0.07166003102763802
        ],
        "Not Mangroves": [
            0.005711873626281219,
            0.0068263855533604815,
            0.00811503996904588,
            0.008985752412076553
        ],
        "Not Mangroves > Mangroves": [
            0.08982649943084724,
            0.10735362127101256,
            0.1276193558987037,
            0.14131241983633286
        ]
    },
    "cohen_kappa": 0.7534537976745993,
    "confusion_matrix": [
        [
            814,
            91,
            90,
            16
        ],
        [
            21,
            84,
            19,
            0
        ],
        [
            75,
            100,
            2975,
            32
        ],
        [
            12,
            0,
            12,
            32
        ]
    ],
    "macro avg": {
        "f1-score": 0.6704022758834802,
        "precision": 0.6373087996700089,
        "recall": 0.747234480775711,
        "support": 4373
    },
    "producer_accuracy": [
        88.28633405639913,
        30.545454545454547,
        96.09173126614988,
        40.0
    ],
    "user_accuracy": [
        80.51434223541048,
        67.74193548387096,
        93.49465744814583,
        57.14285714285714
    ],
    "weighted avg": {
        "f1-score": 0.9023085805924911,
        "precision": 0.9171026960520118,
        "recall": 0.8929796478390121,
        "support": 4373
    }
}