{
    "Mangroves": {
        "f1-score": 0.8650446350428846,
        "precision": 0.8719124911785462,
        "recall": 0.8582841264327892,
        "support": 2879
    },
    "Mangroves > Not Mangroves": {
        "f1-score": 0.5654008438818565,
        "precision": 0.5012468827930174,
        "recall": 0.6483870967741936,
        "support": 310
    },
    "Not Mangroves": {
        "f1-score": 0.9563358452247341,
        "precision": 0.9656772800863465,
        "recall": 0.9471734067330086,
        "support": 9446
    },
    "Not Mangroves > Mangroves": {
        "f1-score": 0.33810888252148996,
        "precision": 0.24380165289256198,
        "recall": 0.5514018691588785,
        "support": 107
    },
    "accuracy": 0.9164966253335426,
    "accuracy_conf_interval": [
        0.004019226640649891,
        0.004803465985166943,
        0.005710242727264784,
        0.006322929715168731
    ],
    "cls_confidence_intervals": {
        "Mangroves": [
            0.010295175738069094,
            0.012303990516228918,
            0.014626682603476215,
            0.016196069148913576
        ],
        "Mangroves > Not Mangroves": [
            0.0409487185660846,
            0.04893871243263769,
            0.058177142840839705,
            0.0644193255490843
        ],
        "Not Mangroves": [
            0.0031019014173654645,
            0.0037071504744123846,
            0.004406969696622886,
            0.004879820522440792
        ],
        "Not Mangroves > Mangroves": [
            0.04526602404300836,
            0.054098418978229514,
            0.06431087562207896,
            0.07121118416522049
        ]
    },
    "cohen_kappa": 0.7962263139089405,
    "confusion_matrix": [
        [
            2471,
            64,
            262,
            82
        ],
        [
            76,
            201,
            33,
            0
        ],
        [
            262,
            136,
            8947,
            101
        ],
        [
            25,
            0,
            23,
            59
        ]
    ],
    "macro avg": {
        "f1-score": 0.6812225516677413,
        "precision": 0.6456595767376181,
        "recall": 0.7513116247747175,
        "support": 12742
    },
    "producer_accuracy": [
        87.19124911785462,
        50.12468827930174,
        96.56772800863465,
        24.380165289256198
    ],
    "user_accuracy": [
        85.82841264327892,
        64.83870967741936,
        94.71734067330087,
        55.140186915887845
    ],
    "weighted avg": {
        "f1-score": 0.9210064205238172,
        "precision": 0.9271305101494272,
        "recall": 0.9164966253335426,
        "support": 12742
    }
}