overall accuracy,0.94575
cohen kappa,0.8583172199096298
""
Confidence Interval,90%,95%,98%,99%
Overall Accuracy,0.005873566614502641,0.0070196283929421805,0.008344762324262898,0.009240123088668789
""
class,f1-score,precision,recall,support
Mangroves,0.9036649214659687,0.9210245464247598,0.8869475847893115,973
Mangroves > Not Mangroves,0.2903225806451613,0.17647058823529413,0.8181818181818182,11
Not Mangroves,0.9701018874227493,0.9725385130609511,0.967677440853049,3001
Not Mangroves > Mangroves,0.3414634146341463,0.2692307692307692,0.4666666666666667,15
""
macro avg,0.6263882010420063,0.5848161042379435,0.7848683776227113,4000
weighted (pixel) avg,0.9497143080871667,0.9551811498440639,0.94575,4000
""
Confidence Interval,90%,95%,98%,99%
Mangroves,0.014449596490048261,0.017269029951521093,0.020528999891349056,0.022731682283124707
Mangroves > Not Mangroves,0.08754563231033938,0.10462770690747877,0.1243788556604212,0.13772422643943635
Not Mangroves,0.004904721758311134,0.0058617406379816,0.006968293717600576,0.007715964717343126
Not Mangroves > Mangroves,0.14266243965622613,0.1704990132476849,0.2026850514628091,0.22443237458113627
""
Point Count Confusion Matrix
,Mangroves,Mangroves > Not Mangroves,Not Mangroves,Not Mangroves > Mangroves,User Acc
Mangroves,863,24,77,9,88.69475847893115
Mangroves > Not Mangroves,2,9,0,0,81.81818181818183
Not Mangroves,69,18,2904,10,96.7677440853049
Not Mangroves > Mangroves,3,0,5,7,46.666666666666664
Producer,92.10245464247599,17.647058823529413,97.2538513060951,26.923076923076923
""
