{
    "Mangroves": {
        "f1-score": 0.8899376369458958,
        "precision": 0.89857045609258,
        "recall": 0.8814691151919867,
        "support": 2995
    },
    "Mangroves > Not Mangroves": {
        "f1-score": 0.6916666666666668,
        "precision": 0.6347992351816444,
        "recall": 0.7597254004576659,
        "support": 437
    },
    "Not Mangroves": {
        "f1-score": 0.9588793492995933,
        "precision": 0.9663023679417122,
        "recall": 0.9515695067264573,
        "support": 8920
    },
    "Not Mangroves > Mangroves": {
        "f1-score": 0.5839874411302983,
        "precision": 0.5,
        "recall": 0.7018867924528301,
        "support": 265
    },
    "accuracy": 0.9230403423951811,
    "accuracy_conf_interval": [
        0.003891416368102155,
        0.004650717122853795,
        0.00552865862053538,
        0.006121862335185098
    ],
    "cls_confidence_intervals": {
        "Mangroves": [
            0.009134320721174066,
            0.010916627203354373,
            0.012977419073375353,
            0.014369846012578716
        ],
        "Mangroves > Not Mangroves": [
            0.03452844659241465,
            0.04126570446410532,
            0.04905565887824765,
            0.05431914159050598
        ],
        "Not Mangroves": [
            0.0031575766248054154,
            0.0037736891369625695,
            0.00448606922914428,
            0.004967407129267056
        ],
        "Not Mangroves > Mangroves": [
            0.04251501948394743,
            0.050810633041790836,
            0.06040243621804727,
            0.06688338431011243
        ]
    },
    "cohen_kappa": 0.8291551622943452,
    "confusion_matrix": [
        [
            2640,
            57,
            217,
            81
        ],
        [
            67,
            332,
            38,
            0
        ],
        [
            194,
            133,
            8488,
            105
        ],
        [
            37,
            1,
            41,
            186
        ]
    ],
    "macro avg": {
        "f1-score": 0.7811177735106136,
        "precision": 0.7499180148039841,
        "recall": 0.8236627037072349,
        "support": 12617
    },
    "producer_accuracy": [
        89.857045609258,
        63.47992351816444,
        96.63023679417122,
        50.0
    ],
    "user_accuracy": [
        88.14691151919867,
        75.97254004576659,
        95.15695067264573,
        70.18867924528301
    ],
    "weighted avg": {
        "f1-score": 0.9253849586778308,
        "precision": 0.9289484745828429,
        "recall": 0.9230403423951811,
        "support": 12617
    }
}