{
    "Mangroves": {
        "f1-score": 0.8783339422725611,
        "precision": 0.8963460104399702,
        "recall": 0.8610315186246418,
        "support": 1396
    },
    "Mangroves > Not Mangroves": {
        "f1-score": 0.13513513513513514,
        "precision": 0.07936507936507936,
        "recall": 0.45454545454545453,
        "support": 11
    },
    "Not Mangroves": {
        "f1-score": 0.963508463398549,
        "precision": 0.9684047724259832,
        "recall": 0.9586614173228346,
        "support": 4572
    },
    "Not Mangroves > Mangroves": {
        "f1-score": 0.17582417582417584,
        "precision": 0.11428571428571428,
        "recall": 0.38095238095238093,
        "support": 21
    },
    "accuracy": 0.933,
    "accuracy_conf_interval": [
        0.005293543010120912,
        0.006326429451120115,
        0.007520704398525443,
        0.00832764693055607
    ],
    "cls_confidence_intervals": {
        "Mangroves": [
            0.01365086951054824,
            0.016314453805289363,
            0.019394223146083783,
            0.021475148376350284
        ],
        "Mangroves > Not Mangroves": [
            0.05585113752003884,
            0.06674892045077813,
            0.07934948196444543,
            0.08786337487908549
        ],
        "Not Mangroves": [
            0.004264084257488813,
            0.0050961006979744344,
            0.006058119707285935,
            0.006708132551415328
        ],
        "Not Mangroves > Mangroves": [
            0.06236452606079173,
            0.07453321407265354,
            0.08860325958636875,
            0.09811004709563577
        ]
    },
    "cohen_kappa": 0.8204412455392268,
    "confusion_matrix": [
        [
            1202,
            28,
            132,
            34
        ],
        [
            4,
            5,
            2,
            0
        ],
        [
            131,
            30,
            4383,
            28
        ],
        [
            4,
            0,
            9,
            8
        ]
    ],
    "macro avg": {
        "f1-score": 0.5382004291576052,
        "precision": 0.5146003941291868,
        "recall": 0.663797692861328,
        "support": 6000
    },
    "producer_accuracy": [
        89.63460104399702,
        7.936507936507936,
        96.84047724259833,
        11.428571428571429
    ],
    "user_accuracy": [
        86.10315186246417,
        45.45454545454545,
        95.86614173228347,
        38.095238095238095
    ],
    "weighted avg": {
        "f1-score": 0.939415612041576,
        "precision": 0.9470197776631348,
        "recall": 0.933,
        "support": 6000
    }
}