{
    "Mangroves": {
        "f1-score": 0.8838709677419355,
        "precision": 0.8575899843505478,
        "recall": 0.9118136439267887,
        "support": 601
    },
    "Mangroves > Not Mangroves": {
        "f1-score": 0.5251396648044692,
        "precision": 0.6438356164383562,
        "recall": 0.44339622641509435,
        "support": 106
    },
    "Not Mangroves": {
        "f1-score": 0.9616368286445012,
        "precision": 0.9608177172061328,
        "recall": 0.962457337883959,
        "support": 1758
    },
    "Not Mangroves > Mangroves": {
        "f1-score": 0.41379310344827586,
        "precision": 0.48,
        "recall": 0.36363636363636365,
        "support": 33
    },
    "accuracy": 0.9203362690152121,
    "accuracy_conf_interval": [
        0.00888487292699172,
        0.010618506668843761,
        0.012623020682860187,
        0.013977422043682096
    ],
    "cls_confidence_intervals": {
        "Mangroves": [
            0.022672715381719496,
            0.02709665984644525,
            0.03221184563378441,
            0.035668052246851406
        ],
        "Mangroves > Not Mangroves": [
            0.09191685596886208,
            0.10985185225546933,
            0.13058919171185895,
            0.14460090756077085
        ],
        "Not Mangroves": [
            0.0075827989070939685,
            0.00906236942555133,
            0.010773122837517652,
            0.011929037305062465
        ],
        "Not Mangroves > Mangroves": [
            0.16386874747797395,
            0.19584313722977376,
            0.2328135253802923,
            0.2577935173738859
        ]
    },
    "cohen_kappa": 0.8193383835520454,
    "confusion_matrix": [
        [
            548,
            7,
            40,
            6
        ],
        [
            36,
            47,
            23,
            0
        ],
        [
            40,
            19,
            1692,
            7
        ],
        [
            15,
            0,
            6,
            12
        ]
    ],
    "macro avg": {
        "f1-score": 0.6961101411597954,
        "precision": 0.7355608294987592,
        "recall": 0.6703258929655515,
        "support": 2498
    },
    "producer_accuracy": [
        85.75899843505478,
        64.38356164383562,
        96.08177172061329,
        48.0
    ],
    "user_accuracy": [
        91.18136439267886,
        44.339622641509436,
        96.24573378839591,
        36.36363636363637
    ],
    "weighted avg": {
        "f1-score": 0.917167323159729,
        "precision": 0.9161792244938058,
        "recall": 0.9203362690152121,
        "support": 2498
    }
}