{
    "Mangroves": {
        "f1-score": 0.7837150127226462,
        "precision": 0.9058823529411765,
        "recall": 0.6905829596412556,
        "support": 223
    },
    "Mangroves > Not Mangroves": {
        "f1-score": 0.34594594594594597,
        "precision": 0.2206896551724138,
        "recall": 0.8,
        "support": 40
    },
    "Not Mangroves": {
        "f1-score": 0.9231863442389758,
        "precision": 0.9657738095238095,
        "recall": 0.8841961852861036,
        "support": 734
    },
    "Not Mangroves > Mangroves": {
        "f1-score": 0.08333333333333333,
        "precision": 0.058823529411764705,
        "recall": 0.14285714285714285,
        "support": 7
    },
    "accuracy": 0.8326693227091634,
    "accuracy_conf_interval": [
        0.019319730254117692,
        0.02308943371833578,
        0.027448153348837944,
        0.030393234180258324
    ],
    "cls_confidence_intervals": {
        "Mangroves": [
            0.03672745351429386,
            0.04389378590732681,
            0.052179857736771154,
            0.05777855491882815
        ],
        "Mangroves > Not Mangroves": [
            0.05648147836970399,
            0.06750225463696331,
            0.0802450271959819,
            0.08885500865477823
        ],
        "Not Mangroves": [
            0.011502075258505964,
            0.013746382626019323,
            0.016341363019706644,
            0.018094728150576455
        ],
        "Not Mangroves > Mangroves": [
            0.09359021766107906,
            0.11185172354616767,
            0.13296658972580136,
            0.14723339119852683
        ]
    },
    "cohen_kappa": 0.6418389642819983,
    "confusion_matrix": [
        [
            154,
            53,
            12,
            4
        ],
        [
            1,
            32,
            7,
            0
        ],
        [
            13,
            60,
            649,
            12
        ],
        [
            2,
            0,
            4,
            1
        ]
    ],
    "macro avg": {
        "f1-score": 0.5340451590602254,
        "precision": 0.537792336762291,
        "recall": 0.6294090719461255,
        "support": 1004
    },
    "producer_accuracy": [
        90.58823529411765,
        22.06896551724138,
        96.57738095238095,
        5.88235294117647
    ],
    "user_accuracy": [
        69.05829596412556,
        80.0,
        88.41961852861036,
        14.285714285714285
    ],
    "weighted avg": {
        "f1-score": 0.863354975776623,
        "precision": 0.9164632388537224,
        "recall": 0.8326693227091634,
        "support": 1004
    }
}