{
    "Mangroves": {
        "f1-score": 0.8501529051987766,
        "precision": 0.8580246913580247,
        "recall": 0.8424242424242424,
        "support": 1485
    },
    "Mangroves > Not Mangroves": {
        "f1-score": 0.6442307692307692,
        "precision": 0.5759312320916905,
        "recall": 0.730909090909091,
        "support": 275
    },
    "Not Mangroves": {
        "f1-score": 0.952808988764045,
        "precision": 0.9670765569218565,
        "recall": 0.9389562873098402,
        "support": 5193
    },
    "Not Mangroves > Mangroves": {
        "f1-score": 0.20879120879120877,
        "precision": 0.13286713286713286,
        "recall": 0.48717948717948717,
        "support": 39
    },
    "accuracy": 0.9077517162471396,
    "accuracy_conf_interval": [
        0.005675522177928225,
        0.006782941139475196,
        0.008063394313763881,
        0.008928565377472452
    ],
    "cls_confidence_intervals": {
        "Mangroves": [
            0.014990681936348527,
            0.01791569304587995,
            0.021297737141275655,
            0.023582902070597076
        ],
        "Mangroves > Not Mangroves": [
            0.04338449973829087,
            0.051849767979908604,
            0.06163773438427911,
            0.06825122519804297
        ],
        "Not Mangroves": [
            0.0041212169611900855,
            0.004925356856056444,
            0.005855143609495671,
            0.006483377902360013
        ],
        "Not Mangroves > Mangroves": [
            0.046550830649849245,
            0.05563391955713691,
            0.06613624110618826,
            0.07323240431500674
        ]
    },
    "cohen_kappa": 0.7793434240735373,
    "confusion_matrix": [
        [
            1251,
            40,
            139,
            55
        ],
        [
            50,
            201,
            24,
            0
        ],
        [
            140,
            108,
            4876,
            69
        ],
        [
            17,
            0,
            3,
            19
        ]
    ],
    "macro avg": {
        "f1-score": 0.6639959679962,
        "precision": 0.6334749033096762,
        "recall": 0.7498672769556651,
        "support": 6992
    },
    "producer_accuracy": [
        85.80246913580247,
        57.59312320916905,
        96.70765569218564,
        13.286713286713287
    ],
    "user_accuracy": [
        84.24242424242424,
        73.0909090909091,
        93.89562873098401,
        48.717948717948715
    ],
    "weighted avg": {
        "f1-score": 0.9147197456454788,
        "precision": 0.9238784516259868,
        "recall": 0.9077517162471396,
        "support": 6992
    }
}