{
    "Mangroves": {
        "f1-score": 0.8673003802281368,
        "precision": 0.8786594761171033,
        "recall": 0.8562312312312312,
        "support": 2664
    },
    "Mangroves > Not Mangroves": {
        "f1-score": 0.6593406593406593,
        "precision": 0.6024096385542169,
        "recall": 0.7281553398058253,
        "support": 412
    },
    "Not Mangroves": {
        "f1-score": 0.956461163357715,
        "precision": 0.9650890346766635,
        "recall": 0.9479861910241657,
        "support": 8690
    },
    "Not Mangroves > Mangroves": {
        "f1-score": 0.33136094674556216,
        "precision": 0.23628691983122363,
        "recall": 0.5544554455445545,
        "support": 101
    },
    "accuracy": 0.9164068425044241,
    "accuracy_conf_interval": [
        0.00416680237846536,
        0.004979836988897626,
        0.005919908257209933,
        0.00655509154661014
    ],
    "cls_confidence_intervals": {
        "Mangroves": [
            0.010510048868969548,
            0.012560790111695315,
            0.014931959673596982,
            0.016534101269476485
        ],
        "Mangroves > Not Mangroves": [
            0.035966075896023415,
            0.04298384680256457,
            0.05109814441325278,
            0.05658077793398806
        ],
        "Not Mangroves": [
            0.00325822644511377,
            0.003893977946599384,
            0.004629065620192125,
            0.00512574648072776
        ],
        "Not Mangroves > Mangroves": [
            0.04525375590451483,
            0.054083757056615285,
            0.06429344588873144,
            0.07119188428880992
        ]
    },
    "cohen_kappa": 0.8021601333929561,
    "confusion_matrix": [
        [
            2281,
            64,
            238,
            81
        ],
        [
            74,
            300,
            38,
            0
        ],
        [
            218,
            134,
            8238,
            100
        ],
        [
            23,
            0,
            22,
            56
        ]
    ],
    "macro avg": {
        "f1-score": 0.7036157874180183,
        "precision": 0.6706112672948019,
        "recall": 0.7717070519014442,
        "support": 11867
    },
    "producer_accuracy": [
        87.86594761171033,
        60.24096385542169,
        96.50890346766636,
        23.628691983122362
    ],
    "user_accuracy": [
        85.62312312312312,
        72.81553398058253,
        94.79861910241657,
        55.44554455445545
    ],
    "weighted avg": {
        "f1-score": 0.9208099376233214,
        "precision": 0.9268922478893957,
        "recall": 0.9164068425044241,
        "support": 11867
    }
}