{
    "Mangroves": {
        "f1-score": 0.8661105612894104,
        "precision": 0.8816925734024179,
        "recall": 0.8510697415948875,
        "support": 3599
    },
    "Mangroves > Not Mangroves": {
        "f1-score": 0.5952045133991538,
        "precision": 0.5023809523809524,
        "recall": 0.7301038062283737,
        "support": 578
    },
    "Not Mangroves": {
        "f1-score": 0.9457709429380817,
        "precision": 0.9596550662149677,
        "recall": 0.9322828363418769,
        "support": 10027
    },
    "Not Mangroves > Mangroves": {
        "f1-score": 0.5373134328358209,
        "precision": 0.4469525959367946,
        "recall": 0.673469387755102,
        "support": 294
    },
    "accuracy": 0.8988136294661333,
    "accuracy_conf_interval": [
        0.00410757625127665,
        0.004909054544208679,
        0.005835763820411338,
        0.006461918736764486
    ],
    "cls_confidence_intervals": {
        "Mangroves": [
            0.008986561198913421,
            0.010740036554798967,
            0.01276749243504163,
            0.014137395056827212
        ],
        "Mangroves > Not Mangroves": [
            0.02829236715244328,
            0.03381282903584685,
            0.04019586308853222,
            0.044508723934941256
        ],
        "Not Mangroves": [
            0.003269596502046088,
            0.003907566551225813,
            0.004645219420589869,
            0.005143633521511529
        ],
        "Not Mangroves > Mangroves": [
            0.03873948973524032,
            0.04629841456162868,
            0.05503842139214022,
            0.06094383141275612
        ]
    },
    "cohen_kappa": 0.7860311882933886,
    "confusion_matrix": [
        [
            3063,
            150,
            289,
            97
        ],
        [
            97,
            422,
            59,
            0
        ],
        [
            265,
            266,
            9348,
            148
        ],
        [
            49,
            2,
            45,
            198
        ]
    ],
    "macro avg": {
        "f1-score": 0.7360998626156168,
        "precision": 0.6976702969837831,
        "recall": 0.79673144298006,
        "support": 14498
    },
    "producer_accuracy": [
        88.16925734024178,
        50.23809523809524,
        95.96550662149677,
        44.69525959367946
    ],
    "user_accuracy": [
        85.10697415948874,
        73.01038062283737,
        93.22828363418769,
        67.3469387755102
    ],
    "weighted avg": {
        "f1-score": 0.9037367576851412,
        "precision": 0.9116742429503649,
        "recall": 0.8988136294661333,
        "support": 14498
    }
}