{
    "Mangroves": {
        "f1-score": 0.8587724063009234,
        "precision": 0.883733929569592,
        "recall": 0.8351822503961965,
        "support": 1893
    },
    "Mangroves > Not Mangroves": {
        "f1-score": 0.5562130177514792,
        "precision": 0.45965770171149145,
        "recall": 0.704119850187266,
        "support": 267
    },
    "Not Mangroves": {
        "f1-score": 0.9464587265322341,
        "precision": 0.9549007817197835,
        "recall": 0.9381646317447814,
        "support": 5078
    },
    "Not Mangroves > Mangroves": {
        "f1-score": 0.5592705167173252,
        "precision": 0.4842105263157895,
        "recall": 0.6618705035971223,
        "support": 139
    },
    "accuracy": 0.8980615426325065,
    "accuracy_conf_interval": [
        0.0057773148267407995,
        0.006904595768543883,
        0.008208014357503698,
        0.009088702593287357
    ],
    "cls_confidence_intervals": {
        "Mangroves": [
            0.012428706706990814,
            0.0148538202107939,
            0.01765785769956622,
            0.019552477624412378
        ],
        "Mangroves > Not Mangroves": [
            0.04041419638570602,
            0.04829989324145354,
            0.05741773023091161,
            0.06357843089946436
        ],
        "Not Mangroves": [
            0.00481837645070151,
            0.0057585474654725365,
            0.006845620201301536,
            0.007580128806591401
        ],
        "Not Mangroves > Mangroves": [
            0.05945938297889524,
            0.07106121380404554,
            0.08447583069562557,
            0.09353976102777423
        ]
    },
    "cohen_kappa": 0.7829937391538511,
    "confusion_matrix": [
        [
            1581,
            105,
            165,
            42
        ],
        [
            47,
            188,
            32,
            0
        ],
        [
            142,
            116,
            4764,
            56
        ],
        [
            19,
            0,
            28,
            92
        ]
    ],
    "macro avg": {
        "f1-score": 0.7301786668254905,
        "precision": 0.6956257348291641,
        "recall": 0.7848343089813415,
        "support": 7377
    },
    "producer_accuracy": [
        88.3733929569592,
        45.965770171149146,
        95.49007817197835,
        48.421052631578945
    ],
    "user_accuracy": [
        83.51822503961965,
        70.4119850187266,
        93.81646317447814,
        66.18705035971223
    ],
    "weighted avg": {
        "f1-score": 0.9025377600680068,
        "precision": 0.909845244376191,
        "recall": 0.8980615426325065,
        "support": 7377
    }
}