{
    "Mangroves": {
        "f1-score": 0.8732394366197184,
        "precision": 0.8857142857142857,
        "recall": 0.8611111111111112,
        "support": 2304
    },
    "Mangroves > Not Mangroves": {
        "f1-score": 0.6340694006309148,
        "precision": 0.5694050991501416,
        "recall": 0.7153024911032029,
        "support": 281
    },
    "Not Mangroves": {
        "f1-score": 0.9607044289656985,
        "precision": 0.9693674578968307,
        "recall": 0.9521948677868959,
        "support": 7677
    },
    "Not Mangroves > Mangroves": {
        "f1-score": 0.38983050847457623,
        "precision": 0.2863070539419087,
        "recall": 0.6106194690265486,
        "support": 113
    },
    "accuracy": 0.9218313253012048,
    "accuracy_conf_interval": [
        0.004322071038842981,
        0.005165401973251368,
        0.006140503366161066,
        0.006799355658667618
    ],
    "cls_confidence_intervals": {
        "Mangroves": [
            0.011024594820767753,
            0.013175735273600485,
            0.015662991422188334,
            0.017343569900963907
        ],
        "Mangroves > Not Mangroves": [
            0.04322167691633135,
            0.051655174851225276,
            0.06140640683844638,
            0.06799507710008226
        ],
        "Not Mangroves": [
            0.0032543564182619146,
            0.003889352792556923,
            0.004623567350335526,
            0.005119658267753501
        ],
        "Not Mangroves > Mangroves": [
            0.04775370288679909,
            0.05707149857202818,
            0.06784519983307433,
            0.07512472771215954
        ]
    },
    "cohen_kappa": 0.8107526055092531,
    "confusion_matrix": [
        [
            1984,
            57,
            190,
            73
        ],
        [
            58,
            201,
            22,
            0
        ],
        [
            174,
            94,
            7310,
            99
        ],
        [
            24,
            1,
            19,
            69
        ]
    ],
    "macro avg": {
        "f1-score": 0.714460943672727,
        "precision": 0.6776984741757917,
        "recall": 0.7848069847569396,
        "support": 10375
    },
    "producer_accuracy": [
        88.57142857142857,
        56.94050991501416,
        96.93674578968306,
        28.63070539419087
    ],
    "user_accuracy": [
        86.11111111111111,
        71.53024911032028,
        95.21948677868959,
        61.06194690265486
    ],
    "weighted avg": {
        "f1-score": 0.9262164734627868,
        "precision": 0.9325180933509695,
        "recall": 0.9218313253012048,
        "support": 10375
    }
}