overall accuracy,0.9485
cohen kappa,0.8868586919986028
""
Confidence Interval,90%,95%,98%,99%
Overall Accuracy,0.00810496478709192,0.009686421330914734,0.011514980459709863,0.012750493384571435
""
class,f1-score,precision,recall,support
Mangroves,0.9284649776453054,0.9496951219512195,0.9081632653061225,686
Mangroves > Not Mangroves,0.25,0.14285714285714285,1.0,1
Not Mangroves,0.9665399239543727,0.9606953892668179,0.9724560061208876,1307
Not Mangroves > Mangroves,0.2,0.14285714285714285,0.3333333333333333,6
""
macro avg,0.5862512253999196,0.5490261992330807,0.8034881511900859,2000
weighted (pixel) avg,0.9508223276365223,0.9540598637151337,0.9485,2000
""
Confidence Interval,90%,95%,98%,99%
Mangroves,0.013995521387302402,0.016726354828727263,0.019883880995374758,0.02201734462148793
Mangroves > Not Mangroves,0.21690642337528349,0.25922962793631443,0.30816583321000646,0.34123083677331184
Not Mangroves,0.00876150128237629,0.01047106250820581,0.012447742675571194,0.013783337383250506
Not Mangroves > Mangroves,0.1533760028515832,0.1833030277982336,0.2179061503927981,0.2412866386323687
""
Point Count Confusion Matrix
,Mangroves,Mangroves > Not Mangroves,Not Mangroves,Not Mangroves > Mangroves,User Acc
Mangroves,623,5,49,9,90.81632653061224
Mangroves > Not Mangroves,0,1,0,0,100.0
Not Mangroves,32,1,1271,3,97.24560061208875
Not Mangroves > Mangroves,1,0,3,2,33.33333333333333
Producer,94.96951219512195,14.285714285714285,96.06953892668179,14.285714285714285
""
