overall accuracy,0.9
cohen kappa,0.7938049078681488
""
Confidence Interval,90%,95%,98%,99%
Overall Accuracy,0.007138686301082514,0.008531600701293737,0.010142157976537962,0.01123037235170298
""
class,f1-score,precision,recall,support
Mangroves,0.8781074578989574,0.8809332260659695,0.8752997601918465,1251
Mangroves > Not Mangroves,0.5736842105263158,0.5,0.6728395061728395,162
Not Mangroves,0.9470690472428503,0.9673983214977405,0.9275766016713092,3231
Not Mangroves > Mangroves,0.4983164983164984,0.387434554973822,0.6981132075471698,106
""
macro avg,0.7242943034961554,0.6839415256343829,0.7934572688957913,4750
weighted (pixel) avg,0.9061580868210647,0.9157430537673583,0.9,4750
""
Confidence Interval,90%,95%,98%,99%
Mangroves,0.01506520592454997,0.018004758300071914,0.021403615734269167,0.023700141027645685
Mangroves > Not Mangroves,0.055537407841244904,0.06637397522490245,0.07890375626225649,0.08736982453073894
Not Mangroves,0.005232699393935724,0.006253713909825621,0.007434261943823316,0.008231929534362298
Not Mangroves > Mangroves,0.05780994922289076,0.06908993931516212,0.0821324278593509,0.09094492011893791
""
Point Count Confusion Matrix
,Mangroves,Mangroves > Not Mangroves,Not Mangroves,Not Mangroves > Mangroves,User Acc
Mangroves,1095,25,78,53,87.52997601918466
Mangroves > Not Mangroves,36,109,17,0,67.28395061728395
Not Mangroves,87,83,2997,64,92.75766016713092
Not Mangroves > Mangroves,25,1,6,74,69.81132075471697
Producer,88.09332260659694,50.0,96.73983214977405,38.7434554973822
""
