{
    "Mangroves": {
        "f1-score": 0.8338918142651988,
        "precision": 0.872745490981964,
        "recall": 0.7983501374885427,
        "support": 1091
    },
    "Mangroves > Not Mangroves": {
        "f1-score": 0.46025104602510464,
        "precision": 0.35714285714285715,
        "recall": 0.6470588235294118,
        "support": 170
    },
    "Not Mangroves": {
        "f1-score": 0.9442806603773585,
        "precision": 0.9541257074769139,
        "recall": 0.9346367084913919,
        "support": 3427
    },
    "Not Mangroves > Mangroves": {
        "f1-score": 0.46808510638297873,
        "precision": 0.39759036144578314,
        "recall": 0.5689655172413793,
        "support": 58
    },
    "accuracy": 0.8885377159713443,
    "accuracy_conf_interval": [
        0.007491725974212625,
        0.008953526164302892,
        0.010643732634094766,
        0.01178576403260279
    ],
    "cls_confidence_intervals": {
        "Mangroves": [
            0.017300512719097064,
            0.02067622251794527,
            0.024579386972863514,
            0.027216660253213676
        ],
        "Mangroves > Not Mangroves": [
            0.044776146104877096,
            0.05351295510095068,
            0.06361489050266077,
            0.07044052253084325
        ],
        "Not Mangroves": [
            0.005921826320236938,
            0.0070773046266246345,
            0.008413326418385407,
            0.009316043845250794
        ],
        "Not Mangroves > Mangroves": [
            0.08809853399547064,
            0.1052884918482454,
            0.1251643806155162,
            0.1385940351879965
        ]
    },
    "cohen_kappa": 0.7457350225362653,
    "confusion_matrix": [
        [
            871,
            91,
            113,
            16
        ],
        [
            32,
            110,
            28,
            0
        ],
        [
            83,
            107,
            3203,
            34
        ],
        [
            12,
            0,
            13,
            33
        ]
    ],
    "macro avg": {
        "f1-score": 0.6766271567626602,
        "precision": 0.6454011042618796,
        "recall": 0.7372527966876815,
        "support": 4746
    },
    "producer_accuracy": [
        87.2745490981964,
        35.714285714285715,
        95.41257074769139,
        39.75903614457831
    ],
    "user_accuracy": [
        79.83501374885427,
        64.70588235294117,
        93.46367084913919,
        56.896551724137936
    ],
    "weighted avg": {
        "f1-score": 0.8957474518480866,
        "precision": 0.9072331767515482,
        "recall": 0.8885377159713443,
        "support": 4746
    }
}