{
    "Mangroves": {
        "f1-score": 0.8568164508758568,
        "precision": 0.887223974763407,
        "recall": 0.8284241531664213,
        "support": 1358
    },
    "Mangroves > Not Mangroves": {
        "f1-score": 0.5522388059701492,
        "precision": 0.4605809128630705,
        "recall": 0.6894409937888198,
        "support": 161
    },
    "Not Mangroves": {
        "f1-score": 0.9348801237432329,
        "precision": 0.9515113350125944,
        "recall": 0.9188203101246579,
        "support": 3289
    },
    "Not Mangroves > Mangroves": {
        "f1-score": 0.3478260869565218,
        "precision": 0.23404255319148937,
        "recall": 0.676923076923077,
        "support": 65
    },
    "accuracy": 0.8828237225528421,
    "accuracy_conf_interval": [
        0.007556183361074218,
        0.009030560602259432,
        0.010735309287379834,
        0.011887166507055782
    ],
    "cls_confidence_intervals": {
        "Mangroves": [
            0.014568312462861164,
            0.017410910016590172,
            0.020697663438089337,
            0.022918442776940124
        ],
        "Mangroves > Not Mangroves": [
            0.05265643463838407,
            0.06293086090928827,
            0.07481066628502127,
            0.08283756180916518
        ],
        "Not Mangroves": [
            0.006250729393448828,
            0.007470383909243722,
            0.008880609443131567,
            0.009833464533596329
        ],
        "Not Mangroves > Mangroves": [
            0.050642444223121946,
            0.06052389675446282,
            0.0719493262438257,
            0.07966921103393576
        ]
    },
    "cohen_kappa": 0.7586179764558917,
    "confusion_matrix": [
        [
            1125,
            47,
            121,
            65
        ],
        [
            33,
            111,
            17,
            0
        ],
        [
            105,
            83,
            3022,
            79
        ],
        [
            5,
            0,
            16,
            44
        ]
    ],
    "macro avg": {
        "f1-score": 0.6729403668864402,
        "precision": 0.6333396939576403,
        "recall": 0.778402133500744,
        "support": 4873
    },
    "producer_accuracy": [
        88.7223974763407,
        46.058091286307054,
        95.15113350125944,
        23.404255319148938
    ],
    "user_accuracy": [
        82.84241531664213,
        68.94409937888199,
        91.88203101246579,
        67.6923076923077
    ],
    "weighted avg": {
        "f1-score": 0.8926527007375898,
        "precision": 0.9078057113715433,
        "recall": 0.8828237225528421,
        "support": 4873
    }
}