overall accuracy,0.952
cohen kappa,0.8526450218576551
""
Confidence Interval,90%,95%,98%,99%
Overall Accuracy,0.01567826276090563,0.018737435982545753,0.022274605020067145,0.024664584099473492
""
class,f1-score,precision,recall,support
Mangroves,0.8811881188118811,0.8476190476190476,0.9175257731958762,97
Mangroves > Not Mangroves,0.0,0.0,0.0,0
Not Mangroves,0.9723618090452262,0.9847328244274809,0.9602977667493796,403
Not Mangroves > Mangroves,0.0,0.0,0.0,0
""
macro avg,0.4633874819642768,0.4580879680116321,0.46945588498631396,500
weighted (pixel) avg,0.9546741131399572,0.9581327517266449,0.952,500
""
Confidence Interval,90%,95%,98%,99%
Mangroves,0.05751947243790234,0.0687427841331028,0.08171973828067833,0.0904879505425537
Mangroves > Not Mangroves,0.0,0.0,0.0,0.0
Not Mangroves,0.01014346021609462,0.012122671965576497,0.014411135550914918,0.015957394730197635
Not Mangroves > Mangroves,0.0,0.0,0.0,0.0
""
Point Count Confusion Matrix
,Mangroves,Mangroves > Not Mangroves,Not Mangroves,Not Mangroves > Mangroves,User Acc
Mangroves,89,1,6,1,91.75257731958763
Mangroves > Not Mangroves,0,0,0,0,nan
Not Mangroves,16,0,387,0,96.02977667493796
Not Mangroves > Mangroves,0,0,0,0,nan
Producer,84.76190476190476,0.0,98.47328244274809,0.0
""
