overall accuracy,0.9536
cohen kappa,0.9045053707496657
""
Confidence Interval,90%,95%,98%,99%
Overall Accuracy,0.009757329092902422,0.011661198184200455,0.013862546821013807,0.015349944548590396
""
class,f1-score,precision,recall,support
Mangroves,0.9455645161290323,0.9436619718309859,0.9474747474747475,495
Mangroves > Not Mangroves,0.0,0.0,0.0,0
Not Mangroves,0.9658405894172806,0.9703903095558546,0.9613333333333334,750
Not Mangroves > Mangroves,0.3636363636363636,0.3333333333333333,0.4,5
""
macro avg,0.5687603672956691,0.5618464036800435,0.5772020202020202,1250
weighted (pixel) avg,0.9554024474920106,0.9572576599119166,0.9536,1250
""
Confidence Interval,90%,95%,98%,99%
Mangroves,0.016961907948231176,0.0202715485234958,0.024098320438645515,0.026683977138071
Mangroves > Not Mangroves,0.0,0.0,0.0,0.0
Not Mangroves,0.01019857749268646,0.012188543832722843,0.01448944241338991,0.016044103616543334
Not Mangroves > Mangroves,0.31561814715699543,0.3772021758705555,0.44840870907060937,0.4965212315030782
""
Point Count Confusion Matrix
,Mangroves,Mangroves > Not Mangroves,Not Mangroves,Not Mangroves > Mangroves,User Acc
Mangroves,469,3,20,3,94.74747474747474
Mangroves > Not Mangroves,0,0,0,0,nan
Not Mangroves,27,1,721,1,96.13333333333334
Not Mangroves > Mangroves,1,0,2,2,40.0
Producer,94.36619718309859,0.0,97.03903095558546,33.33333333333333
""
