{
    "Mangroves": {
        "f1-score": 0.8942374450358713,
        "precision": 0.8973525313516024,
        "recall": 0.8911439114391144,
        "support": 2168
    },
    "Mangroves > Not Mangroves": {
        "f1-score": 0.6585735963581184,
        "precision": 0.5961538461538461,
        "recall": 0.735593220338983,
        "support": 295
    },
    "Not Mangroves": {
        "f1-score": 0.9533973674848809,
        "precision": 0.9657657657657658,
        "recall": 0.9413417632595715,
        "support": 5694
    },
    "Not Mangroves > Mangroves": {
        "f1-score": 0.5836575875486382,
        "precision": 0.4966887417218543,
        "recall": 0.7075471698113207,
        "support": 212
    },
    "accuracy": 0.9151631019237663,
    "accuracy_conf_interval": [
        0.0049951519683979675,
        0.005969815767109766,
        0.007096770784370284,
        0.007858226877113876
    ],
    "cls_confidence_intervals": {
        "Mangroves": [
            0.010726980748286636,
            0.012820050162586468,
            0.015240161672870648,
            0.016875372152792393
        ],
        "Mangroves > Not Mangroves": [
            0.04217744879758947,
            0.0504071949044362,
            0.059922838840477735,
            0.06635232798645174
        ],
        "Not Mangroves": [
            0.004002797028266444,
            0.004783830594757457,
            0.005686900656012691,
            0.006297083129833796
        ],
        "Not Mangroves > Mangroves": [
            0.04718466294713704,
            0.056391426449017436,
            0.06703674674806666,
            0.07422953073391071
        ]
    },
    "cohen_kappa": 0.8231516541404831,
    "confusion_matrix": [
        [
            1932,
            39,
            137,
            60
        ],
        [
            52,
            217,
            26,
            0
        ],
        [
            135,
            107,
            5360,
            92
        ],
        [
            34,
            1,
            27,
            150
        ]
    ],
    "macro avg": {
        "f1-score": 0.7724664991068773,
        "precision": 0.7389902212482672,
        "recall": 0.8189065162122473,
        "support": 8369
    },
    "producer_accuracy": [
        89.73525313516024,
        59.61538461538461,
        96.57657657657658,
        49.668874172185426
    ],
    "user_accuracy": [
        89.11439114391145,
        73.5593220338983,
        94.13417632595716,
        70.75471698113208
    ],
    "weighted avg": {
        "f1-score": 0.9183135393455176,
        "precision": 0.9231322686224114,
        "recall": 0.9151631019237663,
        "support": 8369
    }
}