{
    "Mangroves": {
        "f1-score": 0.8764876165969765,
        "precision": 0.8899412148922273,
        "recall": 0.8634347275031685,
        "support": 3156
    },
    "Mangroves > Not Mangroves": {
        "f1-score": 0.5927552140504939,
        "precision": 0.5113636363636364,
        "recall": 0.7049608355091384,
        "support": 383
    },
    "Not Mangroves": {
        "f1-score": 0.953008977058628,
        "precision": 0.9635813536530704,
        "recall": 0.9426660819995615,
        "support": 9122
    },
    "Not Mangroves > Mangroves": {
        "f1-score": 0.5115452930728241,
        "precision": 0.4056338028169014,
        "recall": 0.6923076923076923,
        "support": 208
    },
    "accuracy": 0.9121143834019737,
    "accuracy_conf_interval": [
        0.0040931249435343835,
        0.004891783469102068,
        0.005815232389289704,
        0.0064391843623894576
    ],
    "cls_confidence_intervals": {
        "Mangroves": [
            0.009275434699043638,
            0.011085275615930203,
            0.013177904176080292,
            0.01459184239239792
        ],
        "Mangroves > Not Mangroves": [
            0.03567670187565363,
            0.042638009558708,
            0.050687021567239615,
            0.056125543194625836
        ],
        "Not Mangroves": [
            0.003252146945506879,
            0.003886712203166758,
            0.004620428282335993,
            0.005116182389882773
        ],
        "Not Mangroves > Mangroves": [
            0.04273894447351821,
            0.05107825071225348,
            0.06072057355079112,
            0.06723565654980304
        ]
    },
    "cohen_kappa": 0.8040193035648266,
    "confusion_matrix": [
        [
            2725,
            95,
            251,
            85
        ],
        [
            67,
            270,
            46,
            0
        ],
        [
            235,
            162,
            8599,
            126
        ],
        [
            35,
            1,
            28,
            144
        ]
    ],
    "macro avg": {
        "f1-score": 0.7334492751947306,
        "precision": 0.6926300019314588,
        "recall": 0.80084233432989,
        "support": 12869
    },
    "producer_accuracy": [
        88.99412148922274,
        51.13636363636363,
        96.35813536530704,
        40.563380281690144
    ],
    "user_accuracy": [
        86.34347275031685,
        70.49608355091384,
        94.26660819995615,
        69.23076923076923
    ],
    "weighted avg": {
        "f1-score": 0.916385847746472,
        "precision": 0.9230451228484238,
        "recall": 0.9121143834019737,
        "support": 12869
    }
}