{
    "Mangroves": {
        "f1-score": 0.8807174887892376,
        "precision": 0.8823000898472596,
        "recall": 0.8791405550581916,
        "support": 1117
    },
    "Mangroves > Not Mangroves": {
        "f1-score": 0.5016949152542374,
        "precision": 0.43023255813953487,
        "recall": 0.6016260162601627,
        "support": 123
    },
    "Not Mangroves": {
        "f1-score": 0.9361317986910404,
        "precision": 0.9637546468401487,
        "recall": 0.910048266783677,
        "support": 2279
    },
    "Not Mangroves > Mangroves": {
        "f1-score": 0.5034013605442177,
        "precision": 0.39361702127659576,
        "recall": 0.6981132075471698,
        "support": 106
    },
    "accuracy": 0.8838620689655172,
    "accuracy_conf_interval": [
        0.008727083540822349,
        0.010429929109763297,
        0.012398844298851266,
        0.01372919239958638
    ],
    "cls_confidence_intervals": {
        "Mangroves": [
            0.015841361083489415,
            0.018932358368072714,
            0.02250632397837216,
            0.02492116560695286
        ],
        "Mangroves > Not Mangroves": [
            0.06191274725555879,
            0.07399328330542392,
            0.08796140311308047,
            0.09739932190203761
        ],
        "Not Mangroves": [
            0.0066074232156068,
            0.007896676525969102,
            0.009387375666075516,
            0.010394604814796064
        ],
        "Not Mangroves > Mangroves": [
            0.05843531099116901,
            0.06983732289188492,
            0.08302089915208768,
            0.09192872094952198
        ]
    },
    "cohen_kappa": 0.7804740623874411,
    "confusion_matrix": [
        [
            982,
            25,
            58,
            52
        ],
        [
            35,
            74,
            14,
            0
        ],
        [
            71,
            72,
            2074,
            62
        ],
        [
            25,
            1,
            6,
            74
        ]
    ],
    "macro avg": {
        "f1-score": 0.7054863908196833,
        "precision": 0.6674760790258848,
        "recall": 0.7722320114123002,
        "support": 3625
    },
    "producer_accuracy": [
        88.23000898472596,
        43.02325581395349,
        96.37546468401487,
        39.361702127659576
    ],
    "user_accuracy": [
        87.91405550581915,
        60.16260162601627,
        91.0048266783677,
        69.81132075471697
    ],
    "weighted avg": {
        "f1-score": 0.8916620201347359,
        "precision": 0.9038808412178123,
        "recall": 0.8838620689655172,
        "support": 3625
    }
}