{
    "Mangroves": {
        "f1-score": 0.8895853423336548,
        "precision": 0.909314933464761,
        "recall": 0.8706937234544596,
        "support": 2119
    },
    "Mangroves > Not Mangroves": {
        "f1-score": 0.21052631578947367,
        "precision": 0.1411764705882353,
        "recall": 0.41379310344827586,
        "support": 29
    },
    "Not Mangroves": {
        "f1-score": 0.9648708374609465,
        "precision": 0.9670077898274019,
        "recall": 0.9627433090024331,
        "support": 6576
    },
    "Not Mangroves > Mangroves": {
        "f1-score": 0.22608695652173913,
        "precision": 0.14606741573033707,
        "recall": 0.5,
        "support": 26
    },
    "accuracy": 0.9372571428571429,
    "accuracy_conf_interval": [
        0.004251589704280232,
        0.0050811681831641805,
        0.006040368299373745,
        0.00668847648600183
    ],
    "cls_confidence_intervals": {
        "Mangroves": [
            0.010455092372849915,
            0.01249511039682063,
            0.014853881237036771,
            0.01644764531826389
        ],
        "Mangroves > Not Mangroves": [
            0.06193947394617985,
            0.07402522496006861,
            0.08799937456987748,
            0.09744136754947808
        ],
        "Not Mangroves": [
            0.0036202900693086786,
            0.004326688131612811,
            0.005143460891151965,
            0.005695334377327068
        ],
        "Not Mangroves > Mangroves": [
            0.06139560882539991,
            0.07337523981572185,
            0.08722668814828159,
            0.0965857748594706
        ]
    },
    "cohen_kappa": 0.8355172938735084,
    "confusion_matrix": [
        [
            1845,
            34,
            203,
            37
        ],
        [
            13,
            12,
            4,
            0
        ],
        [
            167,
            39,
            6331,
            39
        ],
        [
            4,
            0,
            9,
            13
        ]
    ],
    "macro avg": {
        "f1-score": 0.5727673630264535,
        "precision": 0.5408916524026838,
        "recall": 0.6868075339762921,
        "support": 8750
    },
    "producer_accuracy": [
        90.9314933464761,
        14.117647058823529,
        96.70077898274019,
        14.606741573033707
    ],
    "user_accuracy": [
        87.06937234544596,
        41.37931034482759,
        96.27433090024331,
        50.0
    ],
    "weighted avg": {
        "f1-score": 0.9419434847515039,
        "precision": 0.9478598217568994,
        "recall": 0.9372571428571429,
        "support": 8750
    }
}