{
    "Mangroves": {
        "f1-score": 0.9844961240310077,
        "precision": 0.9921875,
        "recall": 0.9769230769230769,
        "support": 130
    },
    "Mangroves > Not Mangroves": {
        "f1-score": 0.0,
        "precision": 0.0,
        "recall": 0.0,
        "support": 1
    },
    "Not Mangroves": {
        "f1-score": 0.9945945945945944,
        "precision": 0.9919137466307277,
        "recall": 0.997289972899729,
        "support": 369
    },
    "accuracy": 0.99,
    "accuracy_conf_interval": [
        0.007297539311302136,
        0.008721449420824505,
        0.010367845484959743,
        0.011480275258024093
    ],
    "cls_confidence_intervals": {
        "Mangroves": [
            0.012762353036540592,
            0.015252568263182659,
            0.01813187961898755,
            0.020077360264801666
        ],
        "Mangroves > Not Mangroves": [
            0.0,
            0.0,
            0.0,
            0.0
        ],
        "Not Mangroves": [
            0.007625485863948987,
            0.009113385544719521,
            0.010833769550610451,
            0.011996191176212432
        ]
    },
    "cohen_kappa": 0.9740825212523325,
    "confusion_matrix": [
        [
            127,
            0,
            3
        ],
        [
            1,
            0,
            0
        ],
        [
            0,
            1,
            368
        ]
    ],
    "macro avg": {
        "f1-score": 0.659696906208534,
        "precision": 0.6613670822102425,
        "recall": 0.6580710166076019,
        "support": 500
    },
    "producer_accuracy": [
        99.21875,
        0.0,
        99.19137466307278
    ],
    "user_accuracy": [
        97.6923076923077,
        0.0,
        99.7289972899729
    ],
    "weighted avg": {
        "f1-score": 0.9899798030588727,
        "precision": 0.9900010950134771,
        "recall": 0.99,
        "support": 500
    }
}