overall accuracy,0.96
cohen kappa,0.8726620116509543
""
Confidence Interval,90%,95%,98%,99%
Overall Accuracy,0.00958149327262371,0.011451052935574678,0.013612731295861736,0.015073324782542178
""
class,f1-score,precision,recall,support
Mangroves,0.9217877094972068,0.9482758620689655,0.8967391304347826,184
Mangroves > Not Mangroves,0.68,0.68,0.68,25
Not Mangroves,0.9792122538293216,0.9738846572361263,0.9845984598459846,909
Not Mangroves > Mangroves,0.42857142857142855,0.42857142857142855,0.42857142857142855,7
""
macro avg,0.7523928479744892,0.7576829869691301,0.7474772547130489,1125
weighted (pixel) avg,0.9597447798029684,0.9597723662651808,0.96,1125
""
Confidence Interval,90%,95%,98%,99%
Mangroves,0.02753488090864021,0.03290754059813098,0.03911967836410469,0.04331706874651936
Mangroves > Not Mangroves,0.15300417772074068,0.1828586514223486,0.2173778866398328,0.240701694219214
Not Mangroves,0.00862755466061471,0.010310979960246849,0.012257440462946509,0.013572616478284118
Not Mangroves > Mangroves,0.3067520057031664,0.3666060555964672,0.4358123007855962,0.4825732772647374
""
Point Count Confusion Matrix
,Mangroves,Mangroves > Not Mangroves,Not Mangroves,Not Mangroves > Mangroves,User Acc
Mangroves,165,3,13,3,89.67391304347827
Mangroves > Not Mangroves,1,17,7,0,68.0
Not Mangroves,8,5,895,1,98.45984598459846
Not Mangroves > Mangroves,0,0,4,3,42.857142857142854
Producer,94.82758620689656,68.0,97.38846572361263,42.857142857142854
""
