{
    "Mangroves": {
        "f1-score": 0.8558352402745995,
        "precision": 0.8639630390143738,
        "recall": 0.8478589420654912,
        "support": 1985
    },
    "Mangroves > Not Mangroves": {
        "f1-score": 0.6335766423357663,
        "precision": 0.5695538057742782,
        "recall": 0.7138157894736842,
        "support": 304
    },
    "Not Mangroves": {
        "f1-score": 0.9551958375487787,
        "precision": 0.9663693522444802,
        "recall": 0.9442777539648521,
        "support": 6999
    },
    "Not Mangroves > Mangroves": {
        "f1-score": 0.33093525179856115,
        "precision": 0.23115577889447236,
        "recall": 0.5822784810126582,
        "support": 79
    },
    "accuracy": 0.913312693498452,
    "accuracy_conf_interval": [
        0.004767943377883003,
        0.005698273793079687,
        0.006773968335650853,
        0.007500788972523262
    ],
    "cls_confidence_intervals": {
        "Mangroves": [
            0.012738708923231458,
            0.015224310664349792,
            0.018098287677517866,
            0.020040164037766563
        ],
        "Mangroves > Not Mangroves": [
            0.04160142197650399,
            0.04971877260606574,
            0.05910445927149652,
            0.06544613945084164
        ],
        "Not Mangroves": [
            0.0035750880005015495,
            0.004272666146940876,
            0.005079240878761348,
            0.0056242238056670715
        ],
        "Not Mangroves > Mangroves": [
            0.049010469701878175,
            0.058573488180293426,
            0.06963072829596106,
            0.07710183648222299
        ]
    },
    "cohen_kappa": 0.7879930604696378,
    "confusion_matrix": [
        [
            1683,
            49,
            188,
            65
        ],
        [
            60,
            217,
            27,
            0
        ],
        [
            187,
            115,
            6609,
            88
        ],
        [
            18,
            0,
            15,
            46
        ]
    ],
    "macro avg": {
        "f1-score": 0.6938857429894264,
        "precision": 0.6577604939819011,
        "recall": 0.7720577416291715,
        "support": 9367
    },
    "producer_accuracy": [
        86.39630390143738,
        56.95538057742782,
        96.63693522444802,
        23.115577889447238
    ],
    "user_accuracy": [
        84.78589420654912,
        71.38157894736842,
        94.42777539648522,
        58.22784810126582
    ],
    "weighted avg": {
        "f1-score": 0.9184370452771582,
        "precision": 0.9255889177207958,
        "recall": 0.913312693498452,
        "support": 9367
    }
}