{
    "Mangroves": {
        "f1-score": 0.8874783612233123,
        "precision": 0.9036427732079906,
        "recall": 0.8718820861678005,
        "support": 1764
    },
    "Mangroves > Not Mangroves": {
        "f1-score": 0.11627906976744186,
        "precision": 0.07352941176470588,
        "recall": 0.2777777777777778,
        "support": 18
    },
    "Not Mangroves": {
        "f1-score": 0.9659120937197218,
        "precision": 0.9692416475163514,
        "recall": 0.9626053370786517,
        "support": 5696
    },
    "Not Mangroves > Mangroves": {
        "f1-score": 0.18947368421052632,
        "precision": 0.1232876712328767,
        "recall": 0.4090909090909091,
        "support": 22
    },
    "accuracy": 0.938,
    "accuracy_conf_interval": [
        0.004566784099706636,
        0.0054578639240396385,
        0.0064881749709246725,
        0.00718433108368483
    ],
    "cls_confidence_intervals": {
        "Mangroves": [
            0.011730178102607996,
            0.014018993342141264,
            0.016665435962851603,
            0.01845357286873697
        ],
        "Mangroves > Not Mangroves": [
            0.05190817449380648,
            0.06203659878528092,
            0.07374758937229824,
            0.08166042085001264
        ],
        "Not Mangroves": [
            0.003764855629554489,
            0.004499461606052926,
            0.005348849766379244,
            0.005922760685518648
        ],
        "Not Mangroves > Mangroves": [
            0.0631060212827356,
            0.07541939128912303,
            0.08965672535900851,
            0.09927654567649868
        ]
    },
    "cohen_kappa": 0.8341068670481296,
    "confusion_matrix": [
        [
            1538,
            29,
            163,
            34
        ],
        [
            11,
            5,
            2,
            0
        ],
        [
            149,
            34,
            5483,
            30
        ],
        [
            4,
            0,
            9,
            9
        ]
    ],
    "macro avg": {
        "f1-score": 0.5397858022302506,
        "precision": 0.5174253759304811,
        "recall": 0.6303390275287848,
        "support": 7500
    },
    "producer_accuracy": [
        90.36427732079906,
        7.352941176470589,
        96.92416475163515,
        12.32876712328767
    ],
    "user_accuracy": [
        87.18820861678005,
        27.77777777777778,
        96.26053370786516,
        40.909090909090914
    ],
    "weighted avg": {
        "f1-score": 0.9431478079111872,
        "precision": 0.9491816179161228,
        "recall": 0.938,
        "support": 7500
    }
}