{
    "Mangroves": {
        "f1-score": 0.8736343772760379,
        "precision": 0.8881895594224362,
        "recall": 0.8595485489072017,
        "support": 2791
    },
    "Mangroves > Not Mangroves": {
        "f1-score": 0.5631768953068592,
        "precision": 0.4717741935483871,
        "recall": 0.6985074626865672,
        "support": 335
    },
    "Not Mangroves": {
        "f1-score": 0.953854086104666,
        "precision": 0.9616634178037686,
        "recall": 0.946170566423731,
        "support": 7821
    },
    "Not Mangroves > Mangroves": {
        "f1-score": 0.5445783132530121,
        "precision": 0.4808510638297872,
        "recall": 0.6277777777777778,
        "support": 180
    },
    "accuracy": 0.9118360744135886,
    "accuracy_conf_interval": [
        0.004408173187449886,
        0.005268304541098645,
        0.006262831418755021,
        0.006934809038793114
    ],
    "cls_confidence_intervals": {
        "Mangroves": [
            0.009944330902329875,
            0.011884688151564973,
            0.014128226220993054,
            0.015644130321957973
        ],
        "Mangroves > Not Mangroves": [
            0.03676037285132054,
            0.04393312852962699,
            0.052226627282668824,
            0.057830342656345735
        ],
        "Not Mangroves": [
            0.0035896968971580864,
            0.004290125560018201,
            0.005099996201450209,
            0.005647206094309673
        ],
        "Not Mangroves > Mangroves": [
            0.053451659319738644,
            0.06388125138212668,
            0.07594046720426284,
            0.08408858600300348
        ]
    },
    "cohen_kappa": 0.804662256297505,
    "confusion_matrix": [
        [
            2399,
            121,
            219,
            52
        ],
        [
            60,
            234,
            41,
            0
        ],
        [
            210,
            141,
            7400,
            70
        ],
        [
            32,
            0,
            35,
            113
        ]
    ],
    "macro avg": {
        "f1-score": 0.7338109179851439,
        "precision": 0.7006195586510948,
        "recall": 0.7830010889488194,
        "support": 11127
    },
    "producer_accuracy": [
        88.81895594224362,
        47.17741935483871,
        96.16634178037687,
        48.08510638297872
    ],
    "user_accuracy": [
        85.95485489072017,
        69.85074626865672,
        94.6170566423731,
        62.77777777777778
    ],
    "weighted avg": {
        "f1-score": 0.915349574073457,
        "precision": 0.9207067670818158,
        "recall": 0.9118360744135886,
        "support": 11127
    }
}