overall accuracy,0.9312
cohen kappa,0.828785021942652
""
Confidence Interval,90%,95%,98%,99%
Overall Accuracy,0.0055347535490811745,0.006614705461097013,0.007863399859365327,0.008707112290627702
""
class,f1-score,precision,recall,support
Mangroves,0.8927826449728827,0.9106382978723404,0.8756137479541735,1222
Mangroves > Not Mangroves,0.6512968299711814,0.5707070707070707,0.7583892617449665,149
Not Mangroves,0.9666148139284433,0.9777293633502784,0.9557501183151916,4226
Not Mangroves > Mangroves,0.21476510067114093,0.1322314049586777,0.5714285714285714,28
""
macro avg,0.6813648473859121,0.6478265342220918,0.7902954248607257,5625
weighted (pixel) avg,0.9384802215649709,0.9481639328697729,0.9312,5625
""
Confidence Interval,90%,95%,98%,99%
Mangroves,0.013648143700661372,0.016311196130058714,0.019390350501549393,0.021470860212016066
Mangroves > Not Mangroves,0.05768923065757652,0.06894566590783535,0.08196091916594714,0.09075500920521185
Not Mangroves,0.003765233342267756,0.004499913018807806,0.005349386394807239,0.005923354892104153
Not Mangroves > Mangroves,0.050503378681213344,0.06035769647266961,0.07175175141904092,0.07945043719361612
""
Point Count Confusion Matrix
,Mangroves,Mangroves > Not Mangroves,Not Mangroves,Not Mangroves > Mangroves,User Acc
Mangroves,1070,27,80,45,87.56137479541735
Mangroves > Not Mangroves,26,113,10,0,75.83892617449665
Not Mangroves,69,58,4039,60,95.57501183151916
Not Mangroves > Mangroves,10,0,2,16,57.14285714285714
Producer,91.06382978723404,57.07070707070707,97.77293633502784,13.223140495867769
""
