{
    "Mangroves": {
        "f1-score": 0.8659239339223973,
        "precision": 0.8784099766173032,
        "recall": 0.8537878787878788,
        "support": 2640
    },
    "Mangroves > Not Mangroves": {
        "f1-score": 0.588957055214724,
        "precision": 0.49740932642487046,
        "recall": 0.7218045112781954,
        "support": 266
    },
    "Not Mangroves": {
        "f1-score": 0.95696088883901,
        "precision": 0.9669993195735994,
        "recall": 0.9471287348661557,
        "support": 9003
    },
    "Not Mangroves > Mangroves": {
        "f1-score": 0.3344262295081967,
        "precision": 0.22972972972972974,
        "recall": 0.6144578313253012,
        "support": 83
    },
    "accuracy": 0.9192795196797865,
    "accuracy_conf_interval": [
        0.004079563516363065,
        0.004875575909799761,
        0.0057959652397109405,
        0.006417849922083359
    ],
    "cls_confidence_intervals": {
        "Mangroves": [
            0.010580668865776103,
            0.01264518962007388,
            0.015032291742230685,
            0.016645198581525824
        ],
        "Mangroves > Not Mangroves": [
            0.0417363408362012,
            0.04988001709692339,
            0.05929614277338342,
            0.06565838985207263
        ],
        "Not Mangroves": [
            0.0031198472581385334,
            0.0037285979426533696,
            0.004432465921623649,
            0.004908052393900864
        ],
        "Not Mangroves > Mangroves": [
            0.046301763208463916,
            0.055336253590603214,
            0.06578238309495178,
            0.07284057870599811
        ]
    },
    "cohen_kappa": 0.7982024560486367,
    "confusion_matrix": [
        [
            2254,
            61,
            245,
            80
        ],
        [
            50,
            192,
            24,
            0
        ],
        [
            252,
            133,
            8527,
            91
        ],
        [
            10,
            0,
            22,
            51
        ]
    ],
    "macro avg": {
        "f1-score": 0.686567026871082,
        "precision": 0.6431370880863757,
        "recall": 0.7842947390643827,
        "support": 11992
    },
    "producer_accuracy": [
        87.84099766173033,
        49.740932642487046,
        96.69993195735994,
        22.972972972972975
    ],
    "user_accuracy": [
        85.37878787878788,
        72.18045112781954,
        94.71287348661556,
        61.44578313253012
    ],
    "weighted avg": {
        "f1-score": 0.92444780032597,
        "precision": 0.9319776234812691,
        "recall": 0.9192795196797865,
        "support": 11992
    }
}