{
    "Mangroves": {
        "f1-score": 0.8674538499916847,
        "precision": 0.8907103825136612,
        "recall": 0.8453808752025932,
        "support": 3085
    },
    "Mangroves > Not Mangroves": {
        "f1-score": 0.5922592259225922,
        "precision": 0.49473684210526314,
        "recall": 0.7376681614349776,
        "support": 446
    },
    "Not Mangroves": {
        "f1-score": 0.9483655926554002,
        "precision": 0.9598721590909091,
        "recall": 0.93713163064833,
        "support": 8653
    },
    "Not Mangroves > Mangroves": {
        "f1-score": 0.46124763705103966,
        "precision": 0.3630952380952381,
        "recall": 0.6321243523316062,
        "support": 193
    },
    "accuracy": 0.9023188171608629,
    "accuracy_conf_interval": [
        0.004376446408450248,
        0.005230387171074688,
        0.006217756177859196,
        0.006884897398659539
    ],
    "cls_confidence_intervals": {
        "Mangroves": [
            0.009456186350782405,
            0.011301295882642387,
            0.013434703778855491,
            0.014876195600621103
        ],
        "Mangroves > Not Mangroves": [
            0.03179647438357556,
            0.038000664507200056,
            0.04517425933764088,
            0.05002128287172252
        ],
        "Not Mangroves": [
            0.003501841535276835,
            0.004185127688501583,
            0.004975177303167699,
            0.005508994610374534
        ],
        "Not Mangroves > Mangroves": [
            0.04302508470139542,
            0.05142022317971648,
            0.0611271020452752,
            0.06768580398146354
        ]
    },
    "cohen_kappa": 0.7883338781364246,
    "confusion_matrix": [
        [
            2608,
            134,
            249,
            94
        ],
        [
            62,
            329,
            55,
            0
        ],
        [
            222,
            202,
            8109,
            120
        ],
        [
            36,
            0,
            35,
            122
        ]
    ],
    "macro avg": {
        "f1-score": 0.7173315764051792,
        "precision": 0.6771036554512679,
        "recall": 0.7880762549043767,
        "support": 12377
    },
    "producer_accuracy": [
        89.07103825136612,
        49.473684210526315,
        95.9872159090909,
        36.30952380952381
    ],
    "user_accuracy": [
        84.53808752025932,
        73.76681614349776,
        93.71316306483301,
        63.212435233160626
    ],
    "weighted avg": {
        "f1-score": 0.9077701389014988,
        "precision": 0.9165666425789457,
        "recall": 0.9023188171608629,
        "support": 12377
    }
}