{
    "Mangroves": {
        "f1-score": 0.8564408564408564,
        "precision": 0.8840579710144928,
        "recall": 0.8304969366916269,
        "support": 1469
    },
    "Mangroves > Not Mangroves": {
        "f1-score": 0.5441176470588236,
        "precision": 0.4493927125506073,
        "recall": 0.6894409937888198,
        "support": 161
    },
    "Not Mangroves": {
        "f1-score": 0.9403853614379931,
        "precision": 0.9555847568988174,
        "recall": 0.9256619144602851,
        "support": 3928
    },
    "Not Mangroves > Mangroves": {
        "f1-score": 0.34375,
        "precision": 0.23036649214659685,
        "recall": 0.676923076923077,
        "support": 65
    },
    "accuracy": 0.8911613017961942,
    "accuracy_conf_interval": [
        0.006811294138410682,
        0.0081403271410274,
        0.009677021550302983,
        0.010715328583597293
    ],
    "cls_confidence_intervals": {
        "Mangroves": [
            0.014134001241011478,
            0.016891855141696645,
            0.02008062371436387,
            0.022235197074274154
        ],
        "Mangroves > Not Mangroves": [
            0.05190741025193121,
            0.06203568542303974,
            0.07374650358963399,
            0.08165921856706253
        ],
        "Not Mangroves": [
            0.005477307786927814,
            0.006546050769742998,
            0.007781784843623053,
            0.008616740298947415
        ],
        "Not Mangroves > Mangroves": [
            0.04996648542072463,
            0.05971604355159773,
            0.07098897014041974,
            0.07860581243016436
        ]
    },
    "cohen_kappa": 0.7641780434268206,
    "confusion_matrix": [
        [
            1220,
            47,
            136,
            66
        ],
        [
            33,
            111,
            17,
            0
        ],
        [
            122,
            89,
            3636,
            81
        ],
        [
            5,
            0,
            16,
            44
        ]
    ],
    "macro avg": {
        "f1-score": 0.6711734662344182,
        "precision": 0.6298504831526286,
        "recall": 0.7806307304659523,
        "support": 5623
    },
    "producer_accuracy": [
        88.40579710144928,
        44.93927125506073,
        95.55847568988173,
        23.036649214659686
    ],
    "user_accuracy": [
        83.04969366916269,
        68.94409937888199,
        92.56619144602851,
        67.6923076923077
    ],
    "weighted avg": {
        "f1-score": 0.9002119880875913,
        "precision": 0.9140217202968204,
        "recall": 0.8911613017961942,
        "support": 5623
    }
}