{
    "Mangroves": {
        "f1-score": 0.8515799553143952,
        "precision": 0.8713259307642064,
        "recall": 0.83270911360799,
        "support": 1602
    },
    "Mangroves > Not Mangroves": {
        "f1-score": 0.5501432664756447,
        "precision": 0.45390070921985815,
        "recall": 0.6981818181818182,
        "support": 275
    },
    "Not Mangroves": {
        "f1-score": 0.9485449602255563,
        "precision": 0.9580960130187144,
        "recall": 0.9391824526420738,
        "support": 5015
    },
    "Not Mangroves > Mangroves": {
        "f1-score": 0.5478260869565217,
        "precision": 0.5,
        "recall": 0.6057692307692307,
        "support": 104
    },
    "accuracy": 0.9003716409376786,
    "accuracy_conf_interval": [
        0.005872477210344548,
        0.007018326422119095,
        0.008343214573233414,
        0.00923840926993228
    ],
    "cls_confidence_intervals": {
        "Mangroves": [
            0.01403434310894746,
            0.016772751520449405,
            0.01993903624624853,
            0.02207841781773442
        ],
        "Mangroves > Not Mangroves": [
            0.03969994465150824,
            0.04744627531521716,
            0.05640297014513061,
            0.06245479097615321
        ],
        "Not Mangroves": [
            0.004686731788235119,
            0.00560121603959807,
            0.006658588455236481,
            0.007373029276613786
        ],
        "Not Mangroves > Mangroves": [
            0.07305140612272933,
            0.0873053390247253,
            0.10378644894265814,
            0.11492233402234249
        ]
    },
    "cohen_kappa": 0.7753744958410849,
    "confusion_matrix": [
        [
            1334,
            96,
            150,
            22
        ],
        [
            43,
            192,
            40,
            0
        ],
        [
            130,
            134,
            4710,
            41
        ],
        [
            24,
            1,
            16,
            63
        ]
    ],
    "macro avg": {
        "f1-score": 0.7245235672430295,
        "precision": 0.6958306632506948,
        "recall": 0.7689606538002782,
        "support": 6996
    },
    "producer_accuracy": [
        87.13259307642063,
        45.39007092198582,
        95.80960130187144,
        50.0
    ],
    "user_accuracy": [
        83.270911360799,
        69.81818181818183,
        93.91824526420737,
        60.57692307692307
    ],
    "weighted avg": {
        "f1-score": 0.9047237528972422,
        "precision": 0.9115978189549131,
        "recall": 0.9003716409376786,
        "support": 6996
    }
}