{
    "Mangroves": {
        "f1-score": 0.8584608932690291,
        "precision": 0.8677405680373039,
        "recall": 0.8493775933609958,
        "support": 2410
    },
    "Mangroves > Not Mangroves": {
        "f1-score": 0.5988023952095808,
        "precision": 0.5230125523012552,
        "recall": 0.7002801120448179,
        "support": 357
    },
    "Not Mangroves": {
        "f1-score": 0.9523211256988505,
        "precision": 0.9647448135420644,
        "recall": 0.940213346564128,
        "support": 8062
    },
    "Not Mangroves > Mangroves": {
        "f1-score": 0.47311827956989244,
        "precision": 0.36666666666666664,
        "recall": 0.6666666666666666,
        "support": 165
    },
    "accuracy": 0.9084045843187193,
    "accuracy_conf_interval": [
        0.00451172384459893,
        0.005392060204520674,
        0.006409949120680189,
        0.0070977119018690495
    ],
    "cls_confidence_intervals": {
        "Mangroves": [
            0.011439002503981143,
            0.01367100299256283,
            0.016251753557485406,
            0.017995503939189847
        ],
        "Mangroves > Not Mangroves": [
            0.03746618135275872,
            0.044776655763053105,
            0.053229391799955984,
            0.058940699932998476
        ],
        "Not Mangroves": [
            0.00341218999854157,
            0.004077983168988706,
            0.0048478065223182066,
            0.005367957436730031
        ],
        "Not Mangroves > Mangroves": [
            0.045628386226444925,
            0.05453148597794638,
            0.06482569506561993,
            0.07178124174648044
        ]
    },
    "cohen_kappa": 0.7855278752246774,
    "confusion_matrix": [
        [
            2047,
            74,
            214,
            75
        ],
        [
            63,
            250,
            44,
            0
        ],
        [
            214,
            153,
            7580,
            115
        ],
        [
            35,
            1,
            19,
            110
        ]
    ],
    "macro avg": {
        "f1-score": 0.7206756734368382,
        "precision": 0.6805411501368226,
        "recall": 0.789134429659152,
        "support": 10994
    },
    "producer_accuracy": [
        86.77405680373039,
        52.30125523012552,
        96.47448135420645,
        36.666666666666664
    ],
    "user_accuracy": [
        84.93775933609959,
        70.02801120448179,
        94.0213346564128,
        66.66666666666666
    ],
    "weighted avg": {
        "f1-score": 0.9130744623777829,
        "precision": 0.920160354458575,
        "recall": 0.9084045843187193,
        "support": 10994
    }
}