{
    "Mangroves": {
        "f1-score": 0.8752399232245681,
        "precision": 0.8894668400520156,
        "recall": 0.8614609571788413,
        "support": 3176
    },
    "Mangroves > Not Mangroves": {
        "f1-score": 0.5935483870967742,
        "precision": 0.5120593692022264,
        "recall": 0.7058823529411765,
        "support": 391
    },
    "Not Mangroves": {
        "f1-score": 0.9534460616438356,
        "precision": 0.9631351351351352,
        "recall": 0.9439499894045349,
        "support": 9438
    },
    "Not Mangroves > Mangroves": {
        "f1-score": 0.5339805825242718,
        "precision": 0.43535620052770446,
        "recall": 0.6903765690376569,
        "support": 239
    },
    "accuracy": 0.9125641800060404,
    "accuracy_conf_interval": [
        0.004025415037030551,
        0.004810861873524317,
        0.0057190347782202335,
        0.006332665119230988
    ],
    "cls_confidence_intervals": {
        "Mangroves": [
            0.009271753062286819,
            0.01108087561102571,
            0.013172673558005055,
            0.014586050549207313
        ],
        "Mangroves > Not Mangroves": [
            0.035309625838222475,
            0.04219930892860735,
            0.05016550500186486,
            0.05554806991622804
        ],
        "Not Mangroves": [
            0.003213090202793285,
            0.003840034632606609,
            0.004564939129578265,
            0.005054739465369924
        ],
        "Not Mangroves > Mangroves": [
            0.04176705862452749,
            0.04991672860004505,
            0.05933978450923723,
            0.06570671417761033
        ]
    },
    "cohen_kappa": 0.8034564834406898,
    "confusion_matrix": [
        [
            2736,
            98,
            257,
            85
        ],
        [
            69,
            276,
            46,
            0
        ],
        [
            236,
            164,
            8909,
            129
        ],
        [
            35,
            1,
            38,
            165
        ]
    ],
    "macro avg": {
        "f1-score": 0.7390537386223626,
        "precision": 0.7000043862292704,
        "recall": 0.8004174671405524,
        "support": 13244
    },
    "producer_accuracy": [
        88.94668400520156,
        51.20593692022264,
        96.31351351351351,
        43.53562005277045
    ],
    "user_accuracy": [
        86.14609571788414,
        70.58823529411765,
        94.39499894045349,
        69.0376569037657
    ],
    "weighted avg": {
        "f1-score": 0.9164968819491007,
        "precision": 0.9226277132810933,
        "recall": 0.9125641800060404,
        "support": 13244
    }
}