{
    "Mangroves": {
        "f1-score": 0.867516879219805,
        "precision": 0.8834224598930481,
        "recall": 0.8521739130434782,
        "support": 6785
    },
    "Mangroves > Not Mangroves": {
        "f1-score": 0.1554236373448462,
        "precision": 0.08812729498164015,
        "recall": 0.6575342465753424,
        "support": 219
    },
    "Not Mangroves": {
        "f1-score": 0.9198357875070674,
        "precision": 0.9794775142662688,
        "recall": 0.8670405042172583,
        "support": 21578
    },
    "Not Mangroves > Mangroves": {
        "f1-score": 0.16915995397008055,
        "precision": 0.09671052631578947,
        "recall": 0.6743119266055045,
        "support": 218
    },
    "accuracy": 0.8604861111111111,
    "accuracy_conf_interval": [
        0.0033483300379356213,
        0.004001662728264523,
        0.004757078651457316,
        0.005267494815776771
    ],
    "cls_confidence_intervals": {
        "Mangroves": [
            0.00650550004730295,
            0.007774865910191331,
            0.009242570189156021,
            0.010234262269537569
        ],
        "Mangroves > Not Mangroves": [
            0.01150112040270882,
            0.013745241456895907,
            0.016340006425799726,
            0.018093225999383386
        ],
        "Not Mangroves": [
            0.0016823951673501688,
            0.0020106673951258117,
            0.0023902321584913988,
            0.0026466948364411197
        ],
        "Not Mangroves > Mangroves": [
            0.012432898899734842,
            0.01485883039236603,
            0.017663813680720845,
            0.01955907265933896
        ]
    },
    "cohen_kappa": 0.6890808067935847,
    "confusion_matrix": [
        [
            5782,
            393,
            354,
            256
        ],
        [
            28,
            144,
            16,
            31
        ],
        [
            719,
            1064,
            18709,
            1086
        ],
        [
            16,
            33,
            22,
            147
        ]
    ],
    "macro avg": {
        "f1-score": 0.5279840645104499,
        "precision": 0.5119344488641866,
        "recall": 0.7627651476103959,
        "support": 28800
    },
    "producer_accuracy": [
        88.34224598930481,
        8.812729498164016,
        97.94775142662688,
        9.671052631578947
    ],
    "user_accuracy": [
        85.21739130434783,
        65.75342465753424,
        86.70405042172582,
        67.43119266055045
    ],
    "weighted avg": {
        "f1-score": 0.8960150449610375,
        "precision": 0.9433878460260313,
        "recall": 0.8604861111111111,
        "support": 28800
    }
}