{
    "Mangroves": {
        "f1-score": 0.8671868301466175,
        "precision": 0.8842454974645917,
        "recall": 0.8507738896366084,
        "support": 5944
    },
    "Mangroves > Not Mangroves": {
        "f1-score": 0.15055079559363524,
        "precision": 0.08535739070090215,
        "recall": 0.6373056994818653,
        "support": 193
    },
    "Not Mangroves": {
        "f1-score": 0.9198606271777003,
        "precision": 0.9792402034101106,
        "recall": 0.8672707041805754,
        "support": 18873
    },
    "Not Mangroves > Mangroves": {
        "f1-score": 0.16897689768976895,
        "precision": 0.09660377358490566,
        "recall": 0.6736842105263158,
        "support": 190
    },
    "accuracy": 0.8601587301587301,
    "accuracy_conf_interval": [
        0.003583030936175455,
        0.004282158923721885,
        0.005090525659322446,
        0.005636719399593094
    ],
    "cls_confidence_intervals": {
        "Mangroves": [
            0.006938077948217137,
            0.008291849255186334,
            0.00985714732886947,
            0.010914781162439156
        ],
        "Mangroves > Not Mangroves": [
            0.012071413804804046,
            0.014426811620375568,
            0.01715024034463014,
            0.01899039488804539
        ],
        "Not Mangroves": [
            0.0018086178894608101,
            0.0021615189410629193,
            0.0025695607819778586,
            0.0028452647285420064
        ],
        "Not Mangroves > Mangroves": [
            0.013309817195320376,
            0.015906854696846304,
            0.01890967930798566,
            0.02093861485605279
        ]
    },
    "cohen_kappa": 0.6884634636824127,
    "confusion_matrix": [
        [
            5057,
            346,
            313,
            228
        ],
        [
            25,
            123,
            15,
            30
        ],
        [
            625,
            941,
            16368,
            939
        ],
        [
            12,
            31,
            19,
            128
        ]
    ],
    "macro avg": {
        "f1-score": 0.5266437876519304,
        "precision": 0.5113617162901275,
        "recall": 0.7572586259563412,
        "support": 25200
    },
    "producer_accuracy": [
        88.42454974645916,
        8.535739070090214,
        97.92402034101106,
        9.660377358490566
    ],
    "user_accuracy": [
        85.07738896366084,
        63.730569948186535,
        86.72707041805754,
        67.36842105263158
    ],
    "weighted avg": {
        "f1-score": 0.8958829384613833,
        "precision": 0.9433327098918632,
        "recall": 0.8601587301587301,
        "support": 25200
    }
}