{
    "Mangroves": {
        "f1-score": 0.8677443422034321,
        "precision": 0.8828947368421053,
        "recall": 0.8531051344743277,
        "support": 10225
    },
    "Mangroves > Not Mangroves": {
        "f1-score": 0.1636697247706422,
        "precision": 0.0931884663602173,
        "recall": 0.6716867469879518,
        "support": 332
    },
    "Not Mangroves": {
        "f1-score": 0.9211791145158379,
        "precision": 0.9804455618409107,
        "recall": 0.8686693685610866,
        "support": 32323
    },
    "Not Mangroves > Mangroves": {
        "f1-score": 0.16634725948639326,
        "precision": 0.09480122324159021,
        "recall": 0.678125,
        "support": 320
    },
    "accuracy": 0.8620601851851852,
    "accuracy_conf_interval": [
        0.0027209188391700834,
        0.0032518298321788804,
        0.003865695667845302,
        0.004280469881133424
    ],
    "cls_confidence_intervals": {
        "Mangroves": [
            0.005305276787387913,
            0.006340452745902628,
            0.007537374947935267,
            0.008346106165524888
        ],
        "Mangroves > Not Mangroves": [
            0.009745678909009205,
            0.01164727479369393,
            0.01384599503536064,
            0.01533161682027058
        ],
        "Not Mangroves": [
            0.0013418591108810155,
            0.0016036852788577991,
            0.001906421785580955,
            0.0021109734793128172
        ],
        "Not Mangroves > Mangroves": [
            0.010041530263667723,
            0.012000853241944354,
            0.014266320435576706,
            0.015797041512355323
        ]
    },
    "cohen_kappa": 0.6928145146015334,
    "confusion_matrix": [
        [
            8723,
            583,
            503,
            416
        ],
        [
            44,
            223,
            25,
            40
        ],
        [
            1088,
            1541,
            28078,
            1616
        ],
        [
            25,
            46,
            32,
            217
        ]
    ],
    "macro avg": {
        "f1-score": 0.5297351102440764,
        "precision": 0.5128324970712058,
        "recall": 0.7678965625058416,
        "support": 43200
    },
    "producer_accuracy": [
        88.28947368421053,
        9.31884663602173,
        98.04455618409106,
        9.480122324159021
    ],
    "user_accuracy": [
        85.31051344743277,
        67.16867469879519,
        86.86693685610865,
        67.8125
    ],
    "weighted avg": {
        "f1-score": 0.8971187011385421,
        "precision": 0.9439772116172034,
        "recall": 0.8620601851851852,
        "support": 43200
    }
}