{
    "Mangroves": {
        "f1-score": 0.8663627639155469,
        "precision": 0.8809465723347157,
        "recall": 0.8522539532688223,
        "support": 8474
    },
    "Mangroves > Not Mangroves": {
        "f1-score": 0.16209034543844109,
        "precision": 0.09228441754916793,
        "recall": 0.6654545454545454,
        "support": 275
    },
    "Not Mangroves": {
        "f1-score": 0.9206224457717699,
        "precision": 0.9800460154779335,
        "recall": 0.8679930347152754,
        "support": 26991
    },
    "Not Mangroves > Mangroves": {
        "f1-score": 0.16283348666053357,
        "precision": 0.09247648902821316,
        "recall": 0.6807692307692308,
        "support": 260
    },
    "accuracy": 0.8613888888888889,
    "accuracy_conf_interval": [
        0.0029866975990232043,
        0.0035694678622472443,
        0.004243295979100041,
        0.004698585247243822
    ],
    "cls_confidence_intervals": {
        "Mangroves": [
            0.005865913141559813,
            0.007010481559425142,
            0.00833388879258193,
            0.00922808286903922
        ],
        "Mangroves > Not Mangroves": [
            0.010659125464569891,
            0.012738954823510359,
            0.015143757519785275,
            0.016768624206457514
        ],
        "Not Mangroves": [
            0.001483329121810224,
            0.0017727591943585603,
            0.0021074127157425745,
            0.002333529959920962
        ],
        "Not Mangroves > Mangroves": [
            0.010859691555408505,
            0.012978655761341872,
            0.015428708124452328,
            0.01708414891033777
        ]
    },
    "cohen_kappa": 0.6904185513612098,
    "confusion_matrix": [
        [
            7222,
            489,
            429,
            334
        ],
        [
            36,
            183,
            21,
            35
        ],
        [
            921,
            1274,
            23428,
            1368
        ],
        [
            19,
            37,
            27,
            177
        ]
    ],
    "macro avg": {
        "f1-score": 0.5279772604465729,
        "precision": 0.5114383735975075,
        "recall": 0.7666176910519684,
        "support": 36000
    },
    "producer_accuracy": [
        88.09465723347158,
        9.228441754916792,
        98.00460154779334,
        9.247648902821316
    ],
    "user_accuracy": [
        85.22539532688222,
        66.54545454545455,
        86.79930347152755,
        68.07692307692308
    ],
    "weighted avg": {
        "f1-score": 0.8965830568548193,
        "precision": 0.9435273711028512,
        "recall": 0.8613888888888889,
        "support": 36000
    }
}