{
    "Mangroves": {
        "f1-score": 0.8675946714563688,
        "precision": 0.8836514421611074,
        "recall": 0.852111019640127,
        "support": 17006
    },
    "Mangroves > Not Mangroves": {
        "f1-score": 0.16721097322011758,
        "precision": 0.09585621567648527,
        "recall": 0.6541737649063032,
        "support": 587
    },
    "Not Mangroves": {
        "f1-score": 0.9211209439528023,
        "precision": 0.9794036467045835,
        "recall": 0.869385255030069,
        "support": 53876
    },
    "Not Mangroves > Mangroves": {
        "f1-score": 0.16550441655044162,
        "precision": 0.09440466719702996,
        "recall": 0.6704331450094162,
        "support": 531
    },
    "accuracy": 0.8620833333333333,
    "accuracy_conf_interval": [
        0.002107466114097188,
        0.0025186790144088346,
        0.0029941439303941757,
        0.0033154040087626496
    ],
    "cls_confidence_intervals": {
        "Mangroves": [
            0.004106351885864908,
            0.004907591278228793,
            0.005834024325649534,
            0.0064599926009338195
        ],
        "Mangroves > Not Mangroves": [
            0.007628115597548054,
            0.009116528397069626,
            0.010837505696516442,
            0.012000328196142671
        ],
        "Not Mangroves": [
            0.0010651160376046838,
            0.0012729435571373052,
            0.0015132441265968985,
            0.0016756093762317589
        ],
        "Not Mangroves > Mangroves": [
            0.007808711944411404,
            0.009332363055516069,
            0.011094084652730839,
            0.012284437083281356
        ]
    },
    "cohen_kappa": 0.6923843253637877,
    "confusion_matrix": [
        [
            14491,
            949,
            872,
            694
        ],
        [
            77,
            384,
            53,
            73
        ],
        [
            1793,
            2596,
            46839,
            2648
        ],
        [
            38,
            77,
            60,
            356
        ]
    ],
    "macro avg": {
        "f1-score": 0.5303577512949326,
        "precision": 0.5133289929348015,
        "recall": 0.7615257961464789,
        "support": 72000
    },
    "producer_accuracy": [
        88.36514421611074,
        9.585621567648527,
        97.94036467045835,
        9.440466719702997
    ],
    "user_accuracy": [
        85.2111019640127,
        65.41737649063032,
        86.9385255030069,
        67.04331450094162
    ],
    "weighted avg": {
        "f1-score": 0.8967592034118983,
        "precision": 0.9430572746129396,
        "recall": 0.8620833333333333,
        "support": 72000
    }
}