{
    "Mangroves": {
        "f1-score": 0.8662837296286401,
        "precision": 0.8812338632966435,
        "recall": 0.8518323919611192,
        "support": 7613
    },
    "Mangroves > Not Mangroves": {
        "f1-score": 0.1568436434486118,
        "precision": 0.08890115958034235,
        "recall": 0.6652892561983471,
        "support": 242
    },
    "Not Mangroves": {
        "f1-score": 0.9202767290107157,
        "precision": 0.9797397769516729,
        "recall": 0.8676186165178388,
        "support": 24301
    },
    "Not Mangroves > Mangroves": {
        "f1-score": 0.1668372569089048,
        "precision": 0.09532163742690059,
        "recall": 0.6680327868852459,
        "support": 244
    },
    "accuracy": 0.860895061728395,
    "accuracy_conf_interval": [
        0.003152954657241851,
        0.0037681653220695294,
        0.0044795026532765325,
        0.004960135985173157
    ],
    "cls_confidence_intervals": {
        "Mangroves": [
            0.00618480982522597,
            0.007391601986245672,
            0.008786955422424702,
            0.009729761798221345
        ],
        "Mangroves > Not Mangroves": [
            0.010967839404129435,
            0.013107905629325423,
            0.015582357202208283,
            0.01725428394064265
        ],
        "Not Mangroves": [
            0.0015750712196280665,
            0.0018824021893115918,
            0.002237753623008168,
            0.002477855943073422
        ],
        "Not Mangroves > Mangroves": [
            0.011646317926725307,
            0.013918770205110733,
            0.016546293151993883,
            0.018321646494482497
        ]
    },
    "cohen_kappa": 0.6892537125094546,
    "confusion_matrix": [
        [
            6485,
            437,
            392,
            299
        ],
        [
            32,
            161,
            17,
            32
        ],
        [
            825,
            1176,
            21084,
            1216
        ],
        [
            17,
            37,
            27,
            163
        ]
    ],
    "macro avg": {
        "f1-score": 0.5275603397492181,
        "precision": 0.5112991093138899,
        "recall": 0.7631932628906377,
        "support": 32400
    },
    "producer_accuracy": [
        88.12338632966436,
        8.890115958034235,
        97.97397769516729,
        9.53216374269006
    ],
    "user_accuracy": [
        85.18323919611191,
        66.52892561983471,
        86.76186165178387,
        66.80327868852459
    ],
    "weighted avg": {
        "f1-score": 0.8962138048689067,
        "precision": 0.9432797000348938,
        "recall": 0.860895061728395,
        "support": 32400
    }
}