{
    "Mangroves": {
        "f1-score": 0.8658512131542008,
        "precision": 0.8870172555464256,
        "recall": 0.8456717587152369,
        "support": 2553
    },
    "Mangroves > Not Mangroves": {
        "f1-score": 0.13927576601671313,
        "precision": 0.07836990595611286,
        "recall": 0.625,
        "support": 80
    },
    "Not Mangroves": {
        "f1-score": 0.9188020184808965,
        "precision": 0.9778211745013251,
        "recall": 0.8665018541409147,
        "support": 8090
    },
    "Not Mangroves > Mangroves": {
        "f1-score": 0.16352201257861637,
        "precision": 0.09302325581395349,
        "recall": 0.6753246753246753,
        "support": 77
    },
    "accuracy": 0.8584259259259259,
    "accuracy_conf_interval": [
        0.00550142565097561,
        0.006574874558483047,
        0.00781604985778852,
        0.008654681816778705
    ],
    "cls_confidence_intervals": {
        "Mangroves": [
            0.010523389745769518,
            0.012576734086407472,
            0.014950913480270108,
            0.016555088746393512
        ],
        "Mangroves > Not Mangroves": [
            0.017449640949283328,
            0.020854448939387392,
            0.024791258177945218,
            0.027451264420214016
        ],
        "Not Mangroves": [
            0.002852420497395392,
            0.0034089903505457124,
            0.00405252424325077,
            0.004487344441024458
        ],
        "Not Mangroves > Mangroves": [
            0.0201479928331259,
            0.024079308507882178,
            0.02862489225681912,
            0.03169623262772246
        ]
    },
    "cohen_kappa": 0.6844694166136983,
    "confusion_matrix": [
        [
            2159,
            158,
            143,
            93
        ],
        [
            8,
            50,
            7,
            15
        ],
        [
            261,
            420,
            7010,
            399
        ],
        [
            6,
            10,
            9,
            52
        ]
    ],
    "macro avg": {
        "f1-score": 0.5218627525576067,
        "precision": 0.5090578979544543,
        "recall": 0.7531245720452067,
        "support": 10800
    },
    "producer_accuracy": [
        88.70172555464256,
        7.836990595611286,
        97.78211745013252,
        9.30232558139535
    ],
    "user_accuracy": [
        84.56717587152369,
        62.5,
        86.65018541409147,
        67.53246753246754
    ],
    "weighted avg": {
        "f1-score": 0.8951259011984277,
        "precision": 0.9433852535462878,
        "recall": 0.8584259259259259,
        "support": 10800
    }
}