{
    "Mangroves": {
        "f1-score": 0.8652110625909754,
        "precision": 0.8898203592814371,
        "recall": 0.8419263456090652,
        "support": 1765
    },
    "Mangroves > Not Mangroves": {
        "f1-score": 0.1375,
        "precision": 0.07801418439716312,
        "recall": 0.5789473684210527,
        "support": 57
    },
    "Not Mangroves": {
        "f1-score": 0.918247740141055,
        "precision": 0.9763413603717787,
        "recall": 0.8666791674479655,
        "support": 5333
    },
    "Not Mangroves > Mangroves": {
        "f1-score": 0.14832535885167464,
        "precision": 0.08310991957104558,
        "recall": 0.6888888888888889,
        "support": 45
    },
    "accuracy": 0.8572222222222222,
    "accuracy_conf_interval": [
        0.006761680089067077,
        0.00808103230156797,
        0.009606533297272127,
        0.01063727721328845
    ],
    "cls_confidence_intervals": {
        "Mangroves": [
            0.01256572229653738,
            0.015017570549520284,
            0.017852520092031768,
            0.01976802653967466
        ],
        "Mangroves > Not Mangroves": [
            0.02138565569265091,
            0.025558466559509625,
            0.030383279124315016,
            0.03364328761404838
        ],
        "Not Mangroves": [
            0.003622642264017226,
            0.004329499291142539,
            0.005146802728756181,
            0.005699034781197832
        ],
        "Not Mangroves > Mangroves": [
            0.023440911773200877,
            0.028014748216752268,
            0.033303246604608566,
            0.03687655632613309
        ]
    },
    "cohen_kappa": 0.6864410671374344,
    "confusion_matrix": [
        [
            1486,
            117,
            102,
            60
        ],
        [
            6,
            33,
            4,
            14
        ],
        [
            175,
            268,
            4622,
            268
        ],
        [
            3,
            5,
            6,
            31
        ]
    ],
    "macro avg": {
        "f1-score": 0.5173210403959263,
        "precision": 0.5068214559053561,
        "recall": 0.7441104425917431,
        "support": 7200
    },
    "producer_accuracy": [
        88.98203592814372,
        7.801418439716312,
        97.63413603717787,
        8.310991957104557
    ],
    "user_accuracy": [
        84.19263456090653,
        57.89473684210527,
        86.66791674479654,
        68.88888888888889
    ],
    "weighted avg": {
        "f1-score": 0.8942534534435617,
        "precision": 0.9424372449841344,
        "recall": 0.8572222222222222,
        "support": 7200
    }
}