{
    "Mangroves": {
        "f1-score": 0.8668082524271844,
        "precision": 0.8864412038473471,
        "recall": 0.8480261205105373,
        "support": 3369
    },
    "Mangroves > Not Mangroves": {
        "f1-score": 0.15859938208032956,
        "precision": 0.0903755868544601,
        "recall": 0.6470588235294118,
        "support": 119
    },
    "Not Mangroves": {
        "f1-score": 0.9200823690919788,
        "precision": 0.978415015641293,
        "recall": 0.86831389968536,
        "support": 10806
    },
    "Not Mangroves > Mangroves": {
        "f1-score": 0.16171224732461353,
        "precision": 0.09251700680272108,
        "recall": 0.6415094339622641,
        "support": 106
    },
    "accuracy": 0.8600694444444444,
    "accuracy_conf_interval": [
        0.004741171232386989,
        0.005666277814316158,
        0.006735932299671759,
        0.007458671816803922
    ],
    "cls_confidence_intervals": {
        "Mangroves": [
            0.009165349968719283,
            0.010953710938225485,
            0.01302150330921703,
            0.014418660316643751
        ],
        "Mangroves > Not Mangroves": [
            0.01610944838675518,
            0.01925275538904887,
            0.022887204110450955,
            0.0253429127059929
        ],
        "Not Mangroves": [
            0.0024337276049191748,
            0.0029086012839277943,
            0.003457673975281511,
            0.003828669037006995
        ],
        "Not Mangroves > Mangroves": [
            0.017527913153386754,
            0.02094799376868173,
            0.024902461980116548,
            0.02757439996081575
        ]
    },
    "cohen_kappa": 0.6869662312232736,
    "confusion_matrix": [
        [
            2857,
            209,
            184,
            119
        ],
        [
            14,
            77,
            10,
            18
        ],
        [
            343,
            550,
            9383,
            530
        ],
        [
            9,
            16,
            13,
            68
        ]
    ],
    "macro avg": {
        "f1-score": 0.5268005627310266,
        "precision": 0.5119372032864553,
        "recall": 0.7512270694218933,
        "support": 14400
    },
    "producer_accuracy": [
        88.64412038473472,
        9.03755868544601,
        97.8415015641293,
        9.251700680272108
    ],
    "user_accuracy": [
        84.80261205105373,
        64.70588235294117,
        86.831389968536,
        64.15094339622641
    ],
    "weighted avg": {
        "f1-score": 0.8957431880221581,
        "precision": 0.9430371230790482,
        "recall": 0.8600694444444444,
        "support": 14400
    }
}