{
    "Mangroves": {
        "f1-score": 0.867267227337699,
        "precision": 0.8827908235771807,
        "recall": 0.852280151574546,
        "support": 15306
    },
    "Mangroves > Not Mangroves": {
        "f1-score": 0.16509319777293635,
        "precision": 0.09453839756029941,
        "recall": 0.6507633587786259,
        "support": 524
    },
    "Not Mangroves": {
        "f1-score": 0.9210928961748633,
        "precision": 0.9795216289718974,
        "recall": 0.8692423523587532,
        "support": 48479
    },
    "Not Mangroves > Mangroves": {
        "f1-score": 0.16829644879053013,
        "precision": 0.09631811487481591,
        "recall": 0.6659877800407332,
        "support": 491
    },
    "accuracy": 0.861929012345679,
    "accuracy_conf_interval": [
        0.002222507885126987,
        0.0026561679602737165,
        0.003157587422162122,
        0.0034963843558705045
    ],
    "cls_confidence_intervals": {
        "Mangroves": [
            0.0043397071497061224,
            0.005186479276478049,
            0.006165559548058089,
            0.006827100272098656
        ],
        "Mangroves > Not Mangroves": [
            0.007989321798367758,
            0.009548213856585858,
            0.011350682798900535,
            0.012568567219383426
        ],
        "Not Mangroves": [
            0.0011198460339107161,
            0.001338352577112807,
            0.001591000767690225,
            0.0017617090045668584
        ],
        "Not Mangroves > Mangroves": [
            0.008303969284372246,
            0.009924255974005855,
            0.011797712458894716,
            0.013063561435170973
        ]
    },
    "cohen_kappa": 0.6922183368141357,
    "confusion_matrix": [
        [
            13045,
            857,
            779,
            625
        ],
        [
            73,
            341,
            45,
            65
        ],
        [
            1622,
            2339,
            42140,
            2378
        ],
        [
            37,
            70,
            57,
            327
        ]
    ],
    "macro avg": {
        "f1-score": 0.5304374425190073,
        "precision": 0.5132922412460484,
        "recall": 0.7595684106881646,
        "support": 64800
    },
    "producer_accuracy": [
        88.27908235771808,
        9.453839756029941,
        97.95216289718974,
        9.631811487481592
    ],
    "user_accuracy": [
        85.22801515745459,
        65.07633587786259,
        86.92423523587533,
        66.59877800407332
    ],
    "weighted avg": {
        "f1-score": 0.8965616834456973,
        "precision": 0.9428249338167604,
        "recall": 0.861929012345679,
        "support": 64800
    }
}