{
    "Mangroves": {
        "f1-score": {
            "90th": [
                0.8671172074369194,
                0.8811784223446048
            ],
            "95th": [
                0.8656543100216615,
                0.882241394484217
            ],
            "99th": [
                0.8635114037439147,
                0.8843757770702579
            ],
            "mean": 0.8740441799503909,
            "median": 0.8740692951015532
        },
        "precision": {
            "90th": [
                0.8841254592092213,
                0.9007264902275716
            ],
            "95th": [
                0.8831093874599641,
                0.9020900957535046
            ],
            "99th": [
                0.8791269805546889,
                0.9050068570374793
            ],
            "mean": 0.8925173606107216,
            "median": 0.8924774645561148
        },
        "producer_accuracy": {
            "90th": [
                88.41254592092213,
                90.07264902275715
            ],
            "95th": [
                88.31093874599641,
                90.20900957535046
            ],
            "99th": [
                87.91269805546888,
                90.50068570374793
            ],
            "mean": 89.25173606107217,
            "median": 89.24774645561148
        },
        "recall": {
            "90th": [
                0.8467665784393293,
                0.8659187673224414
            ],
            "95th": [
                0.8445508795137828,
                0.8677007366648807
            ],
            "99th": [
                0.8424423397849895,
                0.8713946195864682
            ],
            "mean": 0.8563477679810869,
            "median": 0.8561688065709973
        },
        "support": {
            "90th": [
                3782.0,
                3959.05
            ],
            "95th": [
                3760.975,
                3982.025
            ],
            "99th": [
                3733.0,
                4016.005
            ],
            "mean": 3868.946,
            "median": 3869.0
        },
        "user_accuracy": {
            "90th": [
                84.67665784393293,
                86.59187673224413
            ],
            "95th": [
                84.45508795137829,
                86.77007366648807
            ],
            "99th": [
                84.24423397849895,
                87.13946195864683
            ],
            "mean": 85.63477679810869,
            "median": 85.61688065709973
        }
    },
    "Mangroves > Not Mangroves": {
        "f1-score": {
            "90th": [
                0.5799147029827376,
                0.6311667609058644
            ],
            "95th": [
                0.5733387475236775,
                0.6342187169731558
            ],
            "99th": [
                0.5648925135156458,
                0.6395931556330134
            ],
            "mean": 0.6052249941432375,
            "median": 0.6050089605734768
        },
        "precision": {
            "90th": [
                0.4848100893012475,
                0.5406755539542424
            ],
            "95th": [
                0.4767106486061502,
                0.5473996589546467
            ],
            "99th": [
                0.46629733701906234,
                0.5560903729810734
            ],
            "mean": 0.5129072839473047,
            "median": 0.5130891435072322
        },
        "producer_accuracy": {
            "90th": [
                48.48100893012475,
                54.06755539542424
            ],
            "95th": [
                47.67106486061502,
                54.73996589546467
            ],
            "99th": [
                46.62973370190624,
                55.60903729810734
            ],
            "mean": 51.290728394730465,
            "median": 51.30891435072322
        },
        "recall": {
            "90th": [
                0.7095135820267595,
                0.7677473657441704
            ],
            "95th": [
                0.7021249731356114,
                0.7742531542531542
            ],
            "99th": [
                0.6931743763452242,
                0.78220051464442
            ],
            "mean": 0.7385290865887438,
            "median": 0.73862678215545
        },
        "support": {
            "90th": [
                566.0,
                646.0
            ],
            "95th": [
                560.0,
                653.0
            ],
            "99th": [
                543.0,
                666.01
            ],
            "mean": 606.702,
            "median": 607.0
        },
        "user_accuracy": {
            "90th": [
                70.95135820267595,
                76.77473657441703
            ],
            "95th": [
                70.21249731356114,
                77.42531542531543
            ],
            "99th": [
                69.31743763452242,
                78.22005146444201
            ],
            "mean": 73.85290865887437,
            "median": 73.862678215545
        }
    },
    "Not Mangroves": {
        "f1-score": {
            "90th": [
                0.9437531895297905,
                0.9491795233665107
            ],
            "95th": [
                0.9433339495701859,
                0.9495172455334603
            ],
            "99th": [
                0.9422087242012178,
                0.9505082734602006
            ],
            "mean": 0.9464851768814647,
            "median": 0.9464912081894954
        },
        "precision": {
            "90th": [
                0.9548908279596239,
                0.9615019272700925
            ],
            "95th": [
                0.9542883549099234,
                0.9621986241215408
            ],
            "99th": [
                0.9530888327200853,
                0.963236680407502
            ],
            "mean": 0.9584107113628233,
            "median": 0.9584569731886852
        },
        "producer_accuracy": {
            "90th": [
                95.4890827959624,
                96.15019272700926
            ],
            "95th": [
                95.42883549099233,
                96.21986241215409
            ],
            "99th": [
                95.30888327200853,
                96.3236680407502
            ],
            "mean": 95.84107113628234,
            "median": 95.84569731886852
        },
        "recall": {
            "90th": [
                0.9305830275219116,
                0.9387887225518604
            ],
            "95th": [
                0.9297521024836516,
                0.939812356167586
            ],
            "99th": [
                0.9284569884713506,
                0.9411708367983082
            ],
            "mean": 0.9348577287593384,
            "median": 0.9348782281463587
        },
        "support": {
            "90th": [
                10066.0,
                10260.05
            ],
            "95th": [
                10047.975,
                10278.025
            ],
            "99th": [
                10027.0,
                10304.01
            ],
            "mean": 10166.987,
            "median": 10168.0
        },
        "user_accuracy": {
            "90th": [
                93.05830275219115,
                93.87887225518605
            ],
            "95th": [
                92.97521024836516,
                93.9812356167586
            ],
            "99th": [
                92.84569884713505,
                94.11708367983081
            ],
            "mean": 93.48577287593383,
            "median": 93.48782281463586
        }
    },
    "Not Mangroves > Mangroves": {
        "f1-score": {
            "90th": [
                0.5502910473556861,
                0.615753286412666
            ],
            "95th": [
                0.544755915367843,
                0.6226295838642828
            ],