{
    "Mangroves": {
        "f1-score": 0.8907563025210083,
        "precision": 0.9054166666666666,
        "recall": 0.8765631302944735,
        "support": 2479
    },
    "Mangroves > Not Mangroves": {
        "f1-score": 0.5083333333333333,
        "precision": 0.40939597315436244,
        "recall": 0.6703296703296703,
        "support": 91
    },
    "Not Mangroves": {
        "f1-score": 0.9645315675604799,
        "precision": 0.9673855865334035,
        "recall": 0.9616943391292979,
        "support": 7649
    },
    "Not Mangroves > Mangroves": {
        "f1-score": 0.234375,
        "precision": 0.15463917525773196,
        "recall": 0.4838709677419355,
        "support": 31
    },
    "accuracy": 0.9370731707317074,
    "accuracy_conf_interval": [
        0.003933567362474162,
        0.0047010927014935104,
        0.005588543874734633,
        0.006188173045843499
    ],
    "cls_confidence_intervals": {
        "Mangroves": [
            0.009796473707742056,
            0.011707980772667336,
            0.013918160816487191,
            0.015411525710960066
        ],
        "Mangroves > Not Mangroves": [
            0.06606488738303021,
            0.0789555971163044,
            0.09386048024540268,
            0.10393134722452314
        ],
        "Not Mangroves": [
            0.003340622381348857,
            0.00399245113868522,
            0.004746128139355389,
            0.005255369356024422
        ],
        "Not Mangroves > Mangroves": [
            0.06020586526659085,
            0.07195335117226712,
            0.08553638175070531,
            0.09471410511451489
        ]
    },
    "cohen_kappa": 0.8384873962636519,
    "confusion_matrix": [
        [
            2173,
            37,
            229,
            40
        ],
        [
            20,
            61,
            10,
            0
        ],
        [
            200,
            51,
            7356,
            42
        ],
        [
            7,
            0,
            9,
            15
        ]
    ],
    "macro avg": {
        "f1-score": 0.6494990508537054,
        "precision": 0.6092093504030411,
        "recall": 0.7481145268738443,
        "support": 10250
    },
    "producer_accuracy": [
        90.54166666666667,
        40.939597315436245,
        96.73855865334035,
        15.463917525773196
    ],
    "user_accuracy": [
        87.65631302944735,
        67.03296703296702,
        96.16943391292979,
        48.38709677419355
    ],
    "weighted avg": {
        "f1-score": 0.9404303212246852,
        "precision": 0.9449862552244591,
        "recall": 0.9370731707317074,
        "support": 10250
    }
}