{
    "Mangroves": {
        "f1-score": 0.8715906348056963,
        "precision": 0.8883148831488314,
        "recall": 0.855484482350154,
        "support": 4221
    },
    "Mangroves > Not Mangroves": {
        "f1-score": 0.6045963464938126,
        "precision": 0.513,
        "recall": 0.7360114777618364,
        "support": 697
    },
    "Not Mangroves": {
        "f1-score": 0.9447965463396713,
        "precision": 0.9583527438740334,
        "recall": 0.9316185128158682,
        "support": 11041
    },
    "Not Mangroves > Mangroves": {
        "f1-score": 0.5784615384615385,
        "precision": 0.4964788732394366,
        "recall": 0.6928746928746928,
        "support": 407
    },
    "accuracy": 0.8977147745325675,
    "accuracy_conf_interval": [
        0.003884617071944924,
        0.004642591134763446,
        0.005518998644897362,
        0.006111165881474332
    ],
    "cls_confidence_intervals": {
        "Mangroves": [
            0.008102045798501574,
            0.009682932783575052,
            0.011510833360066261,
            0.012745901317154917
        ],
        "Mangroves > Not Mangroves": [
            0.025921910762904805,
            0.03097984457030087,
            0.036828080535102566,
            0.040779591322130736
        ],
        "Not Mangroves": [
            0.0031625629265220776,
            0.0037796483755995563,
            0.004493153426095391,
            0.004975251433187171
        ],
        "Not Mangroves > Mangroves": [
            0.03440558251464642,
            0.04111886690774816,
            0.04888110198727205,
            0.054125855419382786
        ]
    },
    "cohen_kappa": 0.7912734774715149,
    "confusion_matrix": [
        [
            3611,
            190,
            306,
            114
        ],
        [
            108,
            513,
            74,
            2
        ],
        [
            290,
            295,
            10286,
            170
        ],
        [
            56,
            2,
            67,
            282
        ]
    ],
    "macro avg": {
        "f1-score": 0.7498612665251796,
        "precision": 0.7140366250655753,
        "recall": 0.8039972914506379,
        "support": 16366
    },
    "producer_accuracy": [
        88.83148831488315,
        51.300000000000004,
        95.83527438740333,
        49.647887323943664
    ],
    "user_accuracy": [
        85.5484482350154,
        73.60114777618364,
        93.16185128158682,
        69.28746928746928
    ],
    "weighted avg": {
        "f1-score": 0.9023170131560057,
        "precision": 0.9098361034029617,
        "recall": 0.8977147745325675,
        "support": 16366
    }
}