{
    "Mangroves": {
        "f1-score": 0.8731830910788104,
        "precision": 0.8887079261672095,
        "recall": 0.8581913499344692,
        "support": 3815
    },
    "Mangroves > Not Mangroves": {
        "f1-score": 0.6059225512528474,
        "precision": 0.5115384615384615,
        "recall": 0.7430167597765364,
        "support": 537
    },
    "Not Mangroves": {
        "f1-score": 0.9491201224177507,
        "precision": 0.9611622276029056,
        "recall": 0.9373760272031737,
        "support": 10587
    },
    "Not Mangroves > Mangroves": {
        "f1-score": 0.5471204188481674,
        "precision": 0.4573304157549234,
        "recall": 0.6807817589576547,
        "support": 307
    },
    "accuracy": 0.9055489964580874,
    "accuracy_conf_interval": [
        0.003884410822631642,
        0.004642344641681719,
        0.005518705619958371,
        0.006110841416091243
    ],
    "cls_confidence_intervals": {
        "Mangroves": [
            0.008497588212852675,
            0.010155654205604417,
            0.01207279300972362,
            0.013368157066560917
        ],
        "Mangroves > Not Mangroves": [
            0.02935289085400067,
            0.035080284191366655,
            0.04170258273769608,
            0.04617710878251325
        ],
        "Not Mangroves": [
            0.003118346146827011,
            0.003726803931573745,
            0.004430333245187157,
            0.004905690889520542
        ],
        "Not Mangroves > Mangroves": [
            0.03821805062828393,
            0.045675231238680794,
            0.05429759631945217,
            0.06012351867132472
        ]
    },
    "cohen_kappa": 0.7976868358786356,
    "confusion_matrix": [
        [
            3274,
            146,
            296,
            99
        ],
        [
            80,
            399,
            58,
            0
        ],
        [
            280,
            234,
            9924,
            149
        ],
        [
            50,
            1,
            47,
            209
        ]
    ],
    "macro avg": {
        "f1-score": 0.743836545899394,
        "precision": 0.704684757765875,
        "recall": 0.8048414739679585,
        "support": 15246
    },
    "producer_accuracy": [
        88.87079261672095,
        51.153846153846146,
        96.11622276029055,
        45.73304157549234
    ],
    "user_accuracy": [
        85.81913499344692,
        74.30167597765363,
        93.73760272031737,
        68.07817589576547
    ],
    "weighted avg": {
        "f1-score": 0.9099353671200022,
        "precision": 0.917049838216108,
        "recall": 0.9055489964580874,
        "support": 15246
    }
}