{
    "Mangroves": {
        "f1-score": {
            "90th": [
                0.8644561726169583,
                0.8783768608391109
            ],
            "95th": [
                0.8634061313277221,
                0.8796388020808564
            ],
            "99th": [
                0.8614403587247904,
                0.8825670332913889
            ],
            "mean": 0.8715756810929962,
            "median": 0.8716136816933415
        },
        "precision": {
            "90th": [
                0.8793720910432513,
                0.896478641878989
            ],
            "95th": [
                0.8780276459691676,
                0.8979375599399414
            ],
            "99th": [
                0.8750969362566412,
                0.9006611850764341
            ],
            "mean": 0.8881935883910237,
            "median": 0.8883733624454149
        },
        "producer_accuracy": {
            "90th": [
                87.93720910432513,
                89.6478641878989
            ],
            "95th": [
                87.80276459691676,
                89.79375599399414
            ],
            "99th": [
                87.50969362566413,
                90.06611850764341
            ],
            "mean": 88.81935883910236,
            "median": 88.83733624454149
        },
        "recall": {
            "90th": [
                0.8463899173809423,
                0.8649257784444055
            ],
            "95th": [
                0.8446240856360273,
                0.8665483597368917
            ],
            "99th": [
                0.8416898372214872,
                0.8690052324332768
            ],
            "mean": 0.8555949786458955,
            "median": 0.8555914660856088
        },
        "support": {
            "90th": [
                3777.95,
                3958.05
            ],
            "95th": [
                3761.975,
                3969.075
            ],
            "99th": [
                3727.0,
                4001.015
            ],
            "mean": 3867.624,
            "median": 3868.0
        },
        "user_accuracy": {
            "90th": [
                84.63899173809423,
                86.49257784444056
            ],
            "95th": [
                84.46240856360274,
                86.65483597368916
            ],
            "99th": [
                84.16898372214871,
                86.90052324332767
            ],
            "mean": 85.55949786458955,
            "median": 85.55914660856087
        }
    },
    "Mangroves > Not Mangroves": {
        "f1-score": {
            "90th": [
                0.5791437455154269,
                0.6269641382809056
            ],
            "95th": [
                0.575811371130469,
                0.632860884969094
            ],
            "99th": [
                0.5673986544265593,
                0.6436197950659183
            ],
            "mean": 0.6030321655695914,
            "median": 0.6027394312092611
        },
        "precision": {
            "90th": [
                0.48527485574298784,
                0.5385440151307908
            ],
            "95th": [
                0.481046425331904,
                0.5438805912397462
            ],
            "99th": [
                0.4738006964142077,
                0.5576079437768777
            ],
            "mean": 0.5118161987591894,
            "median": 0.5113190165334636
        },
        "producer_accuracy": {
            "90th": [
                48.52748557429879,
                53.854401513079075
            ],
            "95th": [
                48.1046425331904,
                54.388059123974614
            ],
            "99th": [
                47.380069641420775,
                55.76079437768777
            ],
            "mean": 51.18161987591894,
            "median": 51.13190165334635
        },
        "recall": {
            "90th": [
                0.7062270844550732,
                0.7628246484698097
            ],
            "95th": [
                0.7028280315232398,
                0.7689963456330074
            ],
            "99th": [
                0.6907625390869294,
                0.7799052304542254
            ],
            "mean": 0.7342312110268406,
            "median": 0.7346613049273062
        },
        "support": {
            "90th": [
                599.0,
                679.0
            ],
            "95th": [
                591.0,
                688.0
            ],
            "99th": [
                574.995,
                705.01
            ],
            "mean": 638.671,
            "median": 639.0
        },
        "user_accuracy": {
            "90th": [
                70.62270844550733,
                76.28246484698097
            ],
            "95th": [
                70.28280315232398,
                76.89963456330074
            ],
            "99th": [
                69.07625390869293,
                77.99052304542255
            ],
            "mean": 73.42312110268406,
            "median": 73.46613049273061
        }
    },
    "Not Mangroves": {
        "f1-score": {
            "90th": [
                0.9420453391601239,
                0.9474683150226917
            ],
            "95th": [
                0.9415668331388083,
                0.9478191891652962
            ],
            "99th": [
                0.9403879400945758,
                0.9486044803495428
            ],
            "mean": 0.9447982449069996,
            "median": 0.9448016729628661
        },
        "precision": {
            "90th": [
                0.9548660693234784,
                0.9616008707093077
            ],
            "95th": [
                0.9541214468838642,
                0.9622123785385497
            ],
            "99th": [
                0.9529398087399809,
                0.9629592006793527
            ],
            "mean": 0.9584462778178457,
            "median": 0.9585720833121463
        },
        "producer_accuracy": {
            "90th": [
                95.48660693234784,
                96.16008707093076
            ],
            "95th": [
                95.41214468838642,
                96.22123785385497
            ],
            "99th": [
                95.2939808739981,
                96.29592006793527
            ],
            "mean": 95.84462778178458,
            "median": 95.85720833121464
        },
        "recall": {
            "90th": [
                0.9274131313894138,
                0.9356552750566445
            ],
            "95th": [
                0.9265863205469478,
                0.9363054387426467
            ],
            "99th": [
                0.9248418448546786,
                0.9376361993690514
            ],
            "mean": 0.9315384179360454,
            "median": 0.9314755897520622
        },
        "support": {
            "90th": [
                10031.0,
                10210.05
            ],
            "95th": [
                10008.0,
                10229.025
            ],
            "99th": [
                9981.995,
                10262.08
            ],
            "mean": 10120.53,
            "median": 10122.0
        },
        "user_accuracy": {
            "90th": [
                92.7413131389414,
                93.56552750566445
            ],
            "95th": [
                92.65863205469478,
                93.63054387426467
            ],
            "99th": [
                92.48418448546785,
                93.76361993690514
            ],
            "mean": 93.15384179360454,
            "median": 93.14755897520624
        }
    },
    "Not Mangroves > Mangroves": {
        "f1-score": {
            "90th": [
                0.5446474193194464,
                0.6110568574778492
            ],
            "95th": [
                0.5378353510895884,
                0.6166680238870793
            ],