{
    "Mangroves": {
        "f1-score": 0.8234392952891613,
        "precision": 0.8320433436532507,
        "recall": 0.8150113722517058,
        "support": 1319
    },
    "Mangroves > Not Mangroves": {
        "f1-score": 0.5885286783042395,
        "precision": 0.5071633237822349,
        "recall": 0.700990099009901,
        "support": 505
    },
    "Not Mangroves": {
        "f1-score": 0.8480725623582765,
        "precision": 0.8952722920406941,
        "recall": 0.8056004308023694,
        "support": 1857
    },
    "Not Mangroves > Mangroves": {
        "f1-score": 0.6468750000000001,
        "precision": 0.6272727272727273,
        "recall": 0.667741935483871,
        "support": 310
    },
    "accuracy": 0.7847657228764721,
    "accuracy_conf_interval": [
        0.010669122828458194,
        0.012750902892547598,
        0.015157961091650973,
        0.016784351766720818
    ],
    "cls_confidence_intervals": {
        "Mangroves": [
            0.017056274490763284,
            0.02038432804993661,
            0.024232389977730768,
            0.026832431820834925
        ],
        "Mangroves > Not Mangroves": [
            0.03103427230179607,
            0.03708974006800018,
            0.04409137467267368,
            0.04882220886502065
        ],
        "Not Mangroves": [
            0.012284684134364092,
            0.014681695672776596,
            0.01745324026406606,
            0.01932590552845083
        ],
        "Not Mangroves > Mangroves": [
            0.04365265536092971,
            0.05217024665086721,
            0.06201871157985745,
            0.06867307977512113
        ]
    },
    "cohen_kappa": 0.6785825854183198,
    "confusion_matrix": [
        [
            1075,
            139,
            63,
            42
        ],
        [
            87,
            354,
            62,
            2
        ],
        [
            79,
            203,
            1496,
            79
        ],
        [
            51,
            2,
            50,
            207
        ]
    ],
    "macro avg": {
        "f1-score": 0.7267288839879193,
        "precision": 0.7154379216872268,
        "recall": 0.7473359593869617,
        "support": 3991
    },
    "producer_accuracy": [
        83.20433436532507,
        50.71633237822349,
        89.52722920406941,
        62.727272727272734
    ],
    "user_accuracy": [
        81.50113722517058,
        70.0990099009901,
        80.56004308023694,
        66.77419354838709
    ],
    "weighted avg": {
        "f1-score": 0.791462142653311,
        "precision": 0.804449471451461,
        "recall": 0.7847657228764721,
        "support": 3991
    }
}