{
    "Mangroves": {
        "f1-score": 0.8330391810801272,
        "precision": 0.844062947067239,
        "recall": 0.8222996515679443,
        "support": 1435
    },
    "Mangroves > Not Mangroves": {
        "f1-score": 0.5885286783042395,
        "precision": 0.5071633237822349,
        "recall": 0.700990099009901,
        "support": 505
    },
    "Not Mangroves": {
        "f1-score": 0.8557894736842105,
        "precision": 0.8973509933774835,
        "recall": 0.817907444668008,
        "support": 1988
    },
    "Not Mangroves > Mangroves": {
        "f1-score": 0.65015479876161,
        "precision": 0.6306306306306306,
        "recall": 0.670926517571885,
        "support": 313
    },
    "accuracy": 0.7946239094553171,
    "accuracy_conf_interval": [
        0.010173384698192331,
        0.012158435371010348,
        0.01445365021145618,
        0.016004471049595254
    ],
    "cls_confidence_intervals": {
        "Mangroves": [
            0.015913010208574104,
            0.019017987810247102,
            0.022608118162181504,
            0.025033881913488532
        ],
        "Mangroves > Not Mangroves": [
            0.03103427230179607,
            0.03708974006800018,
            0.04409137467267368,
            0.04882220886502065
        ],
        "Not Mangroves": [
            0.01169292868070684,
            0.013974475740356956,
            0.016612514528077403,
            0.018394973168429054
        ],
        "Not Mangroves > Mangroves": [
            0.0433750212808862,
            0.051838440067400585,
            0.061624268039307845,
            0.06823631396627221
        ]
    },
    "cohen_kappa": 0.6901335092026022,
    "confusion_matrix": [
        [
            1180,
            139,
            74,
            42
        ],
        [
            87,
            354,
            62,
            2
        ],
        [
            80,
            203,
            1626,
            79
        ],
        [
            51,
            2,
            50,
            210
        ]
    ],
    "macro avg": {
        "f1-score": 0.7318780329575468,
        "precision": 0.719801973714397,
        "recall": 0.7530309282044346,
        "support": 4241
    },
    "producer_accuracy": [
        84.4062947067239,
        50.71633237822349,
        89.73509933774835,
        63.06306306306306
    ],
    "user_accuracy": [
        82.22996515679442,
        70.0990099009901,
        81.7907444668008,
        67.0926517571885
    ],
    "weighted avg": {
        "f1-score": 0.8010908118581037,
        "precision": 0.8131735368482294,
        "recall": 0.7946239094553171,
        "support": 4241
    }
}