{
    "Mangroves": {
        "f1-score": 0.8769314670059989,
        "precision": 0.8774099672608221,
        "recall": 0.876453488372093,
        "support": 2752
    },
    "Mangroves > Not Mangroves": {
        "f1-score": 0.5930232558139534,
        "precision": 0.5464285714285714,
        "recall": 0.6483050847457628,
        "support": 236
    },
    "Not Mangroves": {
        "f1-score": 0.9646252142745831,
        "precision": 0.969307860945819,
        "recall": 0.9599875930521092,
        "support": 9672
    },
    "Not Mangroves > Mangroves": {
        "f1-score": 0.39814814814814814,
        "precision": 0.3208955223880597,
        "recall": 0.524390243902439,
        "support": 82
    },
    "accuracy": 0.9333699576204677,
    "accuracy_conf_interval": [
        0.0036231557322411773,
        0.004330112948288237,
        0.005147532229342649,
        0.005699842554379413
    ],
    "cls_confidence_intervals": {
        "Mangroves": [
            0.01025853490405137,
            0.012260200251183346,
            0.014574625808804692,
            0.016138426861251547
        ],
        "Mangroves > Not Mangroves": [
            0.04879264674203782,
            0.05831316317950862,
            0.06932126031033423,
            0.07675916377710829
        ],
        "Not Mangroves": [
            0.002890202067720794,
            0.0034541439345931444,
            0.004106201718164299,
            0.004546781301658323
        ],
        "Not Mangroves > Mangroves": [
            0.06613655581236867,
            0.07904124962941622,
            0.09396230185537745,
            0.10404409389994584
        ]
    },
    "cohen_kappa": 0.8257084147492048,
    "confusion_matrix": [
        [
            2412,
            46,
            253,
            41
        ],
        [
            63,
            153,
            20,
            0
        ],
        [
            256,
            81,
            9285,
            50
        ],
        [
            18,
            0,
            21,
            43
        ]
    ],
    "macro avg": {
        "f1-score": 0.7081820213106709,
        "precision": 0.6785104805058181,
        "recall": 0.752284102518101,
        "support": 12742
    },
    "producer_accuracy": [
        87.74099672608222,
        54.64285714285714,
        96.9307860945819,
        32.08955223880597
    ],
    "user_accuracy": [
        87.6453488372093,
        64.83050847457628,
        95.99875930521092,
        52.4390243902439
    ],
    "weighted avg": {
        "f1-score": 0.9351571265252329,
        "precision": 0.9374547509545367,
        "recall": 0.9333699576204677,
        "support": 12742
    }
}