{
    "Mangroves": {
        "f1-score": 0.8667115773265326,
        "precision": 0.8577142857142858,
        "recall": 0.8758996304220968,
        "support": 10282
    },
    "Mangroves > Not Mangroves": {
        "f1-score": 0.30264415418923224,
        "precision": 0.19467213114754098,
        "recall": 0.6795422031473534,
        "support": 699
    },
    "Not Mangroves": {
        "f1-score": 0.9240205318562769,
        "precision": 0.9827586206896551,
        "recall": 0.8719078371278459,
        "support": 36544
    },
    "Not Mangroves > Mangroves": {
        "f1-score": 0.1991647928043688,
        "precision": 0.11751326762699014,
        "recall": 0.6526315789473685,
        "support": 475
    },
    "accuracy": 0.8677916666666666,
    "accuracy_conf_interval": [
        0.002535481127079329,
        0.0030302091518752956,
        0.0036022384305456324,
        0.003988744699917481
    ],
    "cls_confidence_intervals": {
        "Mangroves": [
            0.005591150331892287,
            0.006682106494212733,
            0.00794352455689575,
            0.008795834058708598
        ],
        "Mangroves > Not Mangroves": [
            0.013145805147685334,
            0.015710840298453207,
            0.018676662191528557,
            0.020680595903065955
        ],
        "Not Mangroves": [
            0.0011855868716614615,
            0.0014169208954002833,
            0.001684400860348296,
            0.0018651305663942505
        ],
        "Not Mangroves > Mangroves": [
            0.01028262496341807,
            0.01228899080993867,
            0.014608851319978113,
            0.01617632463757233
        ]
    },
    "cohen_kappa": 0.6978846995673463,
    "confusion_matrix": [
        [
            9006,
            422,
            437,
            417
        ],
        [
            113,
            475,
            75,
            36
        ],
        [
            1327,
            1479,
            31863,
            1875
        ],
        [
            54,
            64,
            47,
            310
        ]
    ],
    "macro avg": {
        "f1-score": 0.5731352640441026,
        "precision": 0.538164576294618,
        "recall": 0.7699953124111663,
        "support": 48000
    },
    "producer_accuracy": [
        85.77142857142857,
        19.4672131147541,
        98.27586206896551,
        11.751326762699014
    ],
    "user_accuracy": [
        87.58996304220969,
        67.95422031473534,
        87.1907837127846,
        65.26315789473685
    ],
    "weighted avg": {
        "f1-score": 0.8955226311372403,
        "precision": 0.9359342487914999,
        "recall": 0.8677916666666666,
        "support": 48000
    }
}