{
    "Mangroves": {
        "f1-score": 0.8654429369513168,
        "precision": 0.8557449494949495,
        "recall": 0.8753632547626735,
        "support": 6194
    },
    "Mangroves > Not Mangroves": {
        "f1-score": 0.3079331941544885,
        "precision": 0.19892110586648684,
        "recall": 0.6812933025404158,
        "support": 433
    },
    "Not Mangroves": {
        "f1-score": 0.922084222782845,
        "precision": 0.9824253075571178,
        "recall": 0.8687265746411921,
        "support": 21878
    },
    "Not Mangroves > Mangroves": {
        "f1-score": 0.20103626943005182,
        "precision": 0.11865443425076452,
        "recall": 0.6576271186440678,
        "support": 295
    },
    "accuracy": 0.8651736111111111,
    "accuracy_conf_interval": [
        0.0033005528234802935,
        0.003944563130500838,
        0.004689200047993344,
        0.0051923331003531446
    ],
    "cls_confidence_intervals": {
        "Mangroves": [
            0.007238922876265742,
            0.008651395632610278,
            0.010284567257133647,
            0.011388061598027816
        ],
        "Mangroves > Not Mangroves": [
            0.017000095058933462,
            0.02031718677774975,
            0.02415257407763108,
            0.026744051982956304
        ],
        "Not Mangroves": [
            0.0015493227351761959,
            0.0018516296103325267,
            0.0022011719347320344,
            0.0024373491809479182
        ],
        "Not Mangroves > Mangroves": [
            0.013115959528942464,
            0.015675171144345874,
            0.018634259574656063,
            0.020633643649189976
        ]
    },
    "cohen_kappa": 0.6943009157949677,
    "confusion_matrix": [
        [
            5422,
            257,
            268,
            247
        ],
        [
            75,
            295,
            43,
            20
        ],
        [
            807,
            891,
            19006,
            1174
        ],
        [
            32,
            40,
            29,
            194
        ]
    ],
    "macro avg": {
        "f1-score": 0.5741241558296755,
        "precision": 0.5389364492923296,
        "recall": 0.7707525626470872,
        "support": 28800
    },
    "producer_accuracy": [
        85.57449494949495,
        19.892110586648684,
        98.24253075571178,
        11.865443425076453
    ],
    "user_accuracy": [
        87.53632547626735,
        68.12933025404158,
        86.87265746411921,
        65.76271186440678
    ],
    "weighted avg": {
        "f1-score": 0.8932830885441075,
        "precision": 0.9345528122517537,
        "recall": 0.8651736111111111,
        "support": 28800
    }
}