{
    "Mangroves": {
        "f1-score": 0.8666098444491795,
        "precision": 0.8571127502634351,
        "recall": 0.8763197586726998,
        "support": 9282
    },
    "Mangroves > Not Mangroves": {
        "f1-score": 0.30601477312697856,
        "precision": 0.19781718963165076,
        "recall": 0.6754658385093167,
        "support": 644
    },
    "Not Mangroves": {
        "f1-score": 0.9233103092118004,
        "precision": 0.9824163747510131,
        "recall": 0.8709127443219875,
        "support": 32846
    },
    "Not Mangroves > Mangroves": {
        "f1-score": 0.19780219780219782,
        "precision": 0.11659005432511492,
        "recall": 0.6518691588785047,
        "support": 428
    },
    "accuracy": 0.8669907407407408,
    "accuracy_conf_interval": [
        0.002679477667658349,
        0.003202302578420954,
        0.0038068188814902163,
        0.004215275843023501
    ],
    "cls_confidence_intervals": {
        "Mangroves": [
            0.005891507816404232,
            0.007041070317166034,
            0.008370251958671866,
            0.009268347662392025
        ],
        "Mangroves > Not Mangroves": [
            0.01393156555560555,
            0.016649919810357853,
            0.019793016917415203,
            0.02191673117894044
        ],
        "Not Mangroves": [
            0.0012631795412979129,
            0.00150965359813653,
            0.0017946392263561812,
            0.001987197083261351
        ],
        "Not Mangroves > Mangroves": [
            0.010759309319990725,
            0.0128586867482816,
            0.015286091899742922,
            0.016926230515595168
        ]
    },
    "cohen_kappa": 0.697026608567506,
    "confusion_matrix": [
        [
            8134,
            372,
            397,
            379
        ],
        [
            107,
            435,
            71,
            31
        ],
        [
            1200,
            1336,
            28606,
            1704
        ],
        [
            49,
            56,
            44,
            279
        ]
    ],
    "macro avg": {
        "f1-score": 0.5734342811475391,
        "precision": 0.5384840922428035,
        "recall": 0.7686418750956272,
        "support": 43200
    },
    "producer_accuracy": [
        85.71127502634351,
        19.781718963165076,
        98.2416374751013,
        11.659005432511492
    ],
    "user_accuracy": [
        87.63197586726999,
        67.54658385093167,
        87.09127443219874,
        65.18691588785047
    ],
    "weighted avg": {
        "f1-score": 0.8947374038680831,
        "precision": 0.9352190649627526,
        "recall": 0.8669907407407408,
        "support": 43200
    }
}