{
    "Mangroves": {
        "f1-score": 0.8639190759346593,
        "precision": 0.8540540540540541,
        "recall": 0.8740146591066242,
        "support": 7231
    },
    "Mangroves > Not Mangroves": {
        "f1-score": 0.298292902066487,
        "precision": 0.19246376811594204,
        "recall": 0.6626746506986028,
        "support": 501
    },
    "Not Mangroves": {
        "f1-score": 0.9220152976388427,
        "precision": 0.982198210964485,
        "recall": 0.8687818253035644,
        "support": 25530
    },
    "Not Mangroves > Mangroves": {
        "f1-score": 0.1990138951142985,
        "precision": 0.11727416798732171,
        "recall": 0.6568047337278107,
        "support": 338
    },
    "accuracy": 0.864702380952381,
    "accuracy_conf_interval": [
        0.0030602197506201896,
        0.00365733579952169,
        0.00434775123106405,
        0.004814248144268347
    ],
    "cls_confidence_intervals": {
        "Mangroves": [
            0.006730799988822041,
            0.008044126815909268,
            0.009562660959728875,
            0.010588697543390773
        ],
        "Mangroves > Not Mangroves": [
            0.015566995468672505,
            0.01860445799914519,
            0.022116524050004232,
            0.02448954165193602
        ],
        "Not Mangroves": [
            0.001443092072365399,
            0.0017246710133147452,
            0.002050246663787427,
            0.0022702302114041037
        ],
        "Not Mangroves > Mangroves": [
            0.012127817115239165,
            0.014494220454798026,
            0.01723037431616296,
            0.019079126925193323
        ]
    },
    "cohen_kappa": 0.6929292779512382,
    "confusion_matrix": [
        [
            6320,
            307,
            315,
            289
        ],
        [
            87,
            332,
            56,
            26
        ],
        [
            953,
            1041,
            22180,
            1356
        ],
        [
            40,
            45,
            31,
            222
        ]
    ],
    "macro avg": {
        "f1-score": 0.570810292688572,
        "precision": 0.5364975502804508,
        "recall": 0.7655689672091505,
        "support": 33600
    },
    "producer_accuracy": [
        85.4054054054054,
        19.246376811594203,
        98.2198210964485,
        11.727416798732172
    ],
    "user_accuracy": [
        87.40146591066242,
        66.26746506986028,
        86.87818253035644,
        65.68047337278107
    ],
    "weighted avg": {
        "f1-score": 0.8929393103359261,
        "precision": 0.9341442918867252,
        "recall": 0.864702380952381,
        "support": 33600
    }
}