{
    "Mangroves": {
        "f1-score": 0.8981731883658038,
        "precision": 0.9152980877390327,
        "recall": 0.8816773214866183,
        "support": 9229
    },
    "Mangroves > Not Mangroves": {
        "f1-score": 0.24116260801256875,
        "precision": 0.14399624765478425,
        "recall": 0.7415458937198067,
        "support": 414
    },
    "Not Mangroves": {
        "f1-score": 0.9173387922210849,
        "precision": 0.9782570730003493,
        "recall": 0.8635627842441995,
        "support": 25946
    },
    "Not Mangroves > Mangroves": {
        "f1-score": 0.21086519114688126,
        "precision": 0.12632594021215043,
        "recall": 0.6374695863746959,
        "support": 411
    },
    "accuracy": 0.8642222222222222,
    "accuracy_conf_interval": [
        0.002960872187891863,
        0.0035386033465049094,
        0.004206604998651244,
        0.0046579574663176875
    ],
    "cls_confidence_intervals": {
        "Mangroves": [
            0.004843071187215984,
            0.0057880606871605665,
            0.006880704796471491,
            0.007618977843303195
        ],
        "Mangroves > Not Mangroves": [
            0.01246992006755108,
            0.014903075202682999,
            0.01771641082767928,
            0.019617313277001093
        ],
        "Not Mangroves": [
            0.0015804242422068453,
            0.001888799704100864,
            0.0022453588319158234,
            0.002486277161520525
        ],
        "Not Mangroves > Mangroves": [
            0.01196356083412688,
            0.014297914167615052,
            0.01699701020946075,
            0.018820723751248387
        ]
    },
    "cohen_kappa": 0.7152399928367246,
    "confusion_matrix": [
        [
            8137,
            385,
            443,
            264
        ],
        [
            45,
            307,
            17,
            45
        ],
        [
            659,
            1378,
            22406,
            1503
        ],
        [
            49,
            62,
            38,
            262
        ]
    ],
    "macro avg": {
        "f1-score": 0.5668849449365846,
        "precision": 0.5409693371515791,
        "recall": 0.7810638964563301,
        "support": 36000
    },
    "producer_accuracy": [
        91.52980877390327,
        14.399624765478425,
        97.82570730003492,
        12.632594021215043
    ],
    "user_accuracy": [
        88.16773214866183,
        74.15458937198068,
        86.35627842441995,
        63.74695863746959
    ],
    "weighted avg": {
        "f1-score": 0.896583876990968,
        "precision": 0.9427966243268574,
        "recall": 0.8642222222222222,
        "support": 36000
    }
}