{
    "Mangroves": {
        "f1-score": 0.897071129707113,
        "precision": 0.9106354060482501,
        "recall": 0.8839050131926122,
        "support": 3032
    },
    "Mangroves > Not Mangroves": {
        "f1-score": 0.2457831325301205,
        "precision": 0.14804063860667635,
        "recall": 0.723404255319149,
        "support": 141
    },
    "Not Mangroves": {
        "f1-score": 0.919477028347996,
        "precision": 0.9802005991923929,
        "recall": 0.8658382234495455,
        "support": 8691
    },
    "Not Mangroves > Mangroves": {
        "f1-score": 0.1958887545344619,
        "precision": 0.11722141823444283,
        "recall": 0.5955882352941176,
        "support": 136
    },
    "accuracy": 0.8656666666666667,
    "accuracy_conf_interval": [
        0.005105290605143154,
        0.006101444869561331,
        0.0072532482377948475,
        0.008031493756871547
    ],
    "cls_confidence_intervals": {
        "Mangroves": [
            0.008623900282495387,
            0.01030661253273839,
            0.012252248572081863,
            0.013566867517584208
        ],
        "Mangroves > Not Mangroves": [
            0.022188817169376734,
            0.026518342470718537,
            0.031524356100395,
            0.03490679774206828
        ],
        "Not Mangroves": [
            0.0026075436262265493,
            0.003116332626465876,
            0.003704619907992598,
            0.004102111314429572
        ],
        "Not Mangroves > Mangroves": [
            0.020069391452273447,
            0.02398537027222924,
            0.028513220782803134,
            0.0315725792358936
        ]
    },
    "cohen_kappa": 0.7162175508178021,
    "confusion_matrix": [
        [
            2680,
            116,
            133,
            103
        ],
        [
            17,
            102,
            5,
            17
        ],
        [
            229,
            447,
            7525,
            490
        ],
        [
            17,
            24,
            14,
            81
        ]
    ],
    "macro avg": {
        "f1-score": 0.5645550112799229,
        "precision": 0.5390245155204405,
        "recall": 0.7671839318138561,
        "support": 12000
    },
    "producer_accuracy": [
        91.06354060482501,
        14.804063860667634,
        98.02005991923929,
        11.722141823444284
    ],
    "user_accuracy": [
        88.39050131926122,
        72.3404255319149,
        86.58382234495456,
        59.55882352941176
    ],
    "weighted avg": {
        "f1-score": 0.897699234245653,
        "precision": 0.9430654834702339,
        "recall": 0.8656666666666667,
        "support": 12000
    }
}