{
    "Mangroves": {
        "f1-score": 0.8997995991983967,
        "precision": 0.9126016260162602,
        "recall": 0.8873517786561265,
        "support": 506
    },
    "Mangroves > Not Mangroves": {
        "f1-score": 0.19999999999999998,
        "precision": 0.12037037037037036,
        "recall": 0.5909090909090909,
        "support": 22
    },
    "Not Mangroves": {
        "f1-score": 0.9244249726177436,
        "precision": 0.9813953488372092,
        "recall": 0.8737060041407867,
        "support": 1449
    },
    "Not Mangroves > Mangroves": {
        "f1-score": 0.21052631578947367,
        "precision": 0.12727272727272726,
        "recall": 0.6086956521739131,
        "support": 23
    },
    "accuracy": 0.871,
    "accuracy_conf_interval": [
        0.012292289583311971,
        0.014690785111763088,
        0.01746404556653469,
        0.01933787019813713
    ],
    "cls_confidence_intervals": {
        "Mangroves": [
            0.020881110527805637,
            0.02495547355762137,
            0.029666455810845815,
            0.03284955192788936
        ],
        "Mangroves > Not Mangroves": [
            0.05135014728681986,
            0.06136968822083349,
            0.07295478242578675,
            0.08078254878048491
        ],
        "Not Mangroves": [
            0.0061699515866272545,
            0.00737384457913989,
            0.008765845851732625,
            0.009706387252133122
        ],
        "Not Mangroves > Mangroves": [
            0.05211400552395261,
            0.06228259196765069,
            0.07404002004317659,
            0.0819842282023157
        ]
    },
    "cohen_kappa": 0.7250832741942702,
    "confusion_matrix": [
        [
            449,
            16,
            21,
            20
        ],
        [
            4,
            13,
            0,
            5
        ],
        [
            36,
            76,
            1266,
            71
        ],
        [
            3,
            3,
            3,
            14
        ]
    ],
    "macro avg": {
        "f1-score": 0.5586877219014035,
        "precision": 0.5354100181241418,
        "recall": 0.7401656314699793,
        "support": 2000
    },
    "producer_accuracy": [
        91.26016260162602,
        12.037037037037036,
        98.13953488372093,
        12.727272727272727
    ],
    "user_accuracy": [
        88.73517786561264,
        59.09090909090909,
        87.37060041407867,
        60.86956521739131
    ],
    "weighted avg": {
        "f1-score": 0.9020162438903285,
        "precision": 0.9446968520523824,
        "recall": 0.871,
        "support": 2000
    }
}