{
    "Mangroves": {
        "f1-score": 0.8972464741437207,
        "precision": 0.9100817438692098,
        "recall": 0.8847682119205298,
        "support": 1510
    },
    "Mangroves > Not Mangroves": {
        "f1-score": 0.24019607843137253,
        "precision": 0.14583333333333334,
        "recall": 0.6805555555555556,
        "support": 72
    },
    "Not Mangroves": {
        "f1-score": 0.9191956124314442,
        "precision": 0.9792261750194755,
        "recall": 0.8661001378043178,
        "support": 4354
    },
    "Not Mangroves > Mangroves": {
        "f1-score": 0.17114914425427874,
        "precision": 0.10144927536231885,
        "recall": 0.546875,
        "support": 64
    },
    "accuracy": 0.8651666666666666,
    "accuracy_conf_interval": [
        0.007231306136310164,
        0.008642292699492635,
        0.010273745913172368,
        0.011376079165658673
    ],
    "cls_confidence_intervals": {
        "Mangroves": [
            0.012244610064109126,
            0.014633802271740175,
            0.017396305761813575,
            0.019262862174025334
        ],
        "Mangroves > Not Mangroves": [
            0.0315772219974157,
            0.03773863116764316,
            0.04486276052071865,
            0.04967636143495885
        ],
        "Not Mangroves": [
            0.0037692663713398723,
            0.004504732980381799,
            0.005355116247086527,
            0.005929699535400531
        ],
        "Not Mangroves > Mangroves": [
            0.02665815412563673,
            0.03185974517454146,
            0.03787408482483755,
            0.041937827831794366
        ]
    },
    "cohen_kappa": 0.7139623498081356,
    "confusion_matrix": [
        [
            1336,
            45,
            70,
            59
        ],
        [
            6,
            49,
            3,
            14
        ],
        [
            114,
            232,
            3771,
            237
        ],
        [
            12,
            10,
            7,
            35
        ]
    ],
    "macro avg": {
        "f1-score": 0.5569468273152041,
        "precision": 0.5341476318960844,
        "recall": 0.7445747263201008,
        "support": 6000
    },
    "producer_accuracy": [
        91.00817438692098,
        14.583333333333334,
        97.92261750194756,
        10.144927536231885
    ],
    "user_accuracy": [
        88.47682119205298,
        68.05555555555556,
        86.61001378043179,
        54.6875
    ],
    "weighted avg": {
        "f1-score": 0.8975445892271431,
        "precision": 0.9424611588167486,
        "recall": 0.8651666666666666,
        "support": 6000
    }
}