{
    "Mangroves": {
        "f1-score": 0.8993870348585227,
        "precision": 0.9156580937972768,
        "recall": 0.8836841464898406,
        "support": 8219
    },
    "Mangroves > Not Mangroves": {
        "f1-score": 0.2440318302387268,
        "precision": 0.14626391096979333,
        "recall": 0.736,
        "support": 375
    },
    "Not Mangroves": {
        "f1-score": 0.9178129536185802,
        "precision": 0.9787223587223587,
        "recall": 0.8640406056136393,
        "support": 23051
    },
    "Not Mangroves > Mangroves": {
        "f1-score": 0.20768526989935956,
        "precision": 0.12397596941561988,
        "recall": 0.6394366197183099,
        "support": 355
    },
    "accuracy": 0.86509375,
    "accuracy_conf_interval": [
        0.003131961979239898,
        0.0037430765117745122,
        0.00444967769001766,
        0.004927110918560327
    ],
    "cls_confidence_intervals": {
        "Mangroves": [
            0.005117299913103714,
            0.006115797457123951,
            0.00727031024239735,
            0.00805038644866316
        ],
        "Mangroves > Not Mangroves": [
            0.013340997692218144,
            0.015944119193138758,
            0.01895397842857822,
            0.02098766710117245
        ],
        "Not Mangroves": [
            0.0016590257910123292,
            0.0019827381404781495,
            0.0023570305445480043,
            0.0026099308175681767
        ],
        "Not Mangroves > Mangroves": [
            0.012630671559980256,
            0.015095192839976405,
            0.01794479556997195,
            0.01987020281996894
        ]
    },
    "cohen_kappa": 0.717127527676163,
    "confusion_matrix": [
        [
            7263,
            334,
            385,
            237
        ],
        [
            41,
            276,
            17,
            41
        ],
        [
            587,
            1221,
            19917,
            1326
        ],
        [
            41,
            56,
            31,
            227
        ]
    ],
    "macro avg": {
        "f1-score": 0.5672292721537973,
        "precision": 0.5411550832262622,
        "recall": 0.7807903429554475,
        "support": 32000
    },
    "producer_accuracy": [
        91.56580937972768,
        14.626391096979333,
        97.87223587223586,
        12.397596941561988
    ],
    "user_accuracy": [
        88.36841464898406,
        73.6,
        86.40406056136392,
        63.94366197183099
    ],
    "weighted avg": {
        "f1-score": 0.8973065200161838,
        "precision": 0.9432869812370352,
        "recall": 0.86509375,
        "support": 32000
    }
}