{
    "Mangroves": {
        "f1-score": 0.8848604011010617,
        "precision": 0.8935038119440915,
        "recall": 0.876382614114348,
        "support": 12838
    },
    "Mangroves > Not Mangroves": {
        "f1-score": 0.2615476904619076,
        "precision": 0.16250465896384644,
        "recall": 0.6697388632872504,
        "support": 651
    },
    "Not Mangroves": {
        "f1-score": 0.9233567541402021,
        "precision": 0.9806817473671091,
        "recall": 0.8723634247068932,
        "support": 36079
    },
    "Not Mangroves > Mangroves": {
        "f1-score": 0.17303297420829253,
        "precision": 0.10072215887495249,
        "recall": 0.6134259259259259,
        "support": 432
    },
    "accuracy": 0.86852,
    "accuracy_conf_interval": [
        0.0024784411173968206,
        0.0029620393842059566,
        0.00352119988020402,
        0.0038990110261486574
    ],
    "cls_confidence_intervals": {
        "Mangroves": [
            0.004508288776317469,
            0.005387954879013561,
            0.006405068810255917,
            0.0070923079529872386
        ],
        "Mangroves > Not Mangroves": [
            0.011680397425149158,
            0.013959499361763628,
            0.01659471097597411,
            0.018375259363954163
        ],
        "Not Mangroves": [
            0.00126002711399973,
            0.001505886063072848,
            0.001790160472938641,
            0.0019822377769020145
        ],
        "Not Mangroves > Mangroves": [
            0.009622609969871585,
            0.011500192403017261,
            0.01367114709134195,
            0.015138008367237008
        ]
    },
    "cohen_kappa": 0.7208590364349639,
    "confusion_matrix": [
        [
            11251,
            613,
            491,
            483
        ],
        [
            69,
            436,
            86,
            60
        ],
        [
            1210,
            1572,
            31474,
            1823
        ],
        [
            62,
            62,
            43,
            265
        ]
    ],
    "macro avg": {
        "f1-score": 0.560699454977866,
        "precision": 0.5343530942874999,
        "recall": 0.7579777070086045,
        "support": 50000
    },
    "producer_accuracy": [
        89.35038119440915,
        16.250465896384643,
        98.06817473671092,
        10.072215887495249
    ],
    "user_accuracy": [
        87.6382614114348,
        66.97388632872504,
        87.23634247068932,
        61.342592592592595
    ],
    "weighted avg": {
        "f1-score": 0.8983728790661694,
        "precision": 0.9400424241323123,
        "recall": 0.86852,
        "support": 50000
    }
}