{
    "Mangroves": {
        "f1-score": 0.8879935535858179,
        "precision": 0.8937550689375506,
        "recall": 0.8823058446757406,
        "support": 1249
    },
    "Mangroves > Not Mangroves": {
        "f1-score": 0.22839506172839505,
        "precision": 0.13909774436090225,
        "recall": 0.6379310344827587,
        "support": 58
    },
    "Not Mangroves": {
        "f1-score": 0.9239493965391885,
        "precision": 0.9845057328788348,
        "recall": 0.8704109589041096,
        "support": 3650
    },
    "Not Mangroves > Mangroves": {
        "f1-score": 0.17034700315457413,
        "precision": 0.09854014598540146,
        "recall": 0.627906976744186,
        "support": 43
    },
    "accuracy": 0.8686,
    "accuracy_conf_interval": [
        0.007835495057544226,
        0.009364372141943099,
        0.011132136270779297,
        0.012326571492965916
    ],
    "cls_confidence_intervals": {
        "Mangroves": [
            0.014392150050054378,
            0.01720037445006499,
            0.020447383912577256,
            0.022641309225085546
        ],
        "Mangroves > Not Mangroves": [
            0.034796855230064754,
            0.04158648551885788,
            0.04943699554027493,
            0.054741394203394564
        ],
        "Not Mangroves": [
            0.003565652450143984,
            0.004261389513586712,
            0.0050658354931923675,
            0.005609380074006999
        ],
        "Not Mangroves > Mangroves": [
            0.029528974346311698,
            0.03529072543827496,
            0.041952750138357475,
            0.04645411817895377
        ]
    },
    "cohen_kappa": 0.7181279266751631,
    "confusion_matrix": [
        [
            1102,
            59,
            39,
            49
        ],
        [
            8,
            37,
            8,
            5
        ],
        [
            117,
            163,
            3177,
            193
        ],
        [
            6,
            7,
            3,
            27
        ]
    ],
    "macro avg": {
        "f1-score": 0.5526712537519938,
        "precision": 0.5289746730406722,
        "recall": 0.7546387037016988,
        "support": 5000
    },
    "producer_accuracy": [
        89.37550689375506,
        13.909774436090224,
        98.45057328788349,
        9.854014598540147
    ],
    "user_accuracy": [
        88.23058446757406,
        63.793103448275865,
        87.04109589041096,
        62.7906976744186
    ],
    "weighted avg": {
        "f1-score": 0.9004182161025237,
        "precision": 0.9444101803122105,
        "recall": 0.8686,
        "support": 5000
    }
}