{
    "Mangroves": {
        "f1-score": 0.8847791378392761,
        "precision": 0.8950201884253028,
        "recall": 0.8747697974217311,
        "support": 3801
    },
    "Mangroves > Not Mangroves": {
        "f1-score": 0.244,
        "precision": 0.15006150061500614,
        "recall": 0.6524064171122995,
        "support": 187
    },
    "Not Mangroves": {
        "f1-score": 0.9223419295081168,
        "precision": 0.9806157354618016,
        "recall": 0.8706055586232284,
        "support": 10866
    },
    "Not Mangroves > Mangroves": {
        "f1-score": 0.16683831101956745,
        "precision": 0.09818181818181818,
        "recall": 0.5547945205479452,
        "support": 146
    },
    "accuracy": 0.8658666666666667,
    "accuracy_conf_interval": [
        0.004563437297658341,
        0.005453864087445334,
        0.006483420063136545,
        0.007179065992657633
    ],
    "cls_confidence_intervals": {
        "Mangroves": [
            0.008247716970468819,
            0.009857027598852978,
            0.011717793012922164,
            0.012975066941347289
        ],
        "Mangroves > Not Mangroves": [
            0.020541254749828326,
            0.024549304457111905,
            0.02918361193115854,
            0.032314900764973835
        ],
        "Not Mangroves": [
            0.002302087367652164,
            0.0027512751467062444,
            0.0032706485162375255,
            0.0036215764686235263
        ],
        "Not Mangroves > Mangroves": [
            0.016989942240641834,
            0.02030505292174268,
            0.024138149646765535,
            0.02672807986637557
        ]
    },
    "cohen_kappa": 0.7146976160575216,
    "confusion_matrix": [
        [
            3325,
            176,
            146,
            154
        ],
        [
            24,
            122,
            26,
            15
        ],
        [
            344,
            487,
            9460,
            575
        ],
        [
            22,
            28,
            15,
            81
        ]
    ],
    "macro avg": {
        "f1-score": 0.55448984459174,
        "precision": 0.5309698106709821,
        "recall": 0.7381440734263012,
        "support": 15000
    },
    "producer_accuracy": [
        89.50201884253029,
        15.006150061500614,
        98.06157354618016,
        9.818181818181818
    ],
    "user_accuracy": [
        87.47697974217311,
        65.24064171122996,
        87.06055586232284,
        55.47945205479452
    ],
    "weighted avg": {
        "f1-score": 0.8970132868247427,
        "precision": 0.9399825575868042,
        "recall": 0.8658666666666667,
        "support": 15000
    }
}