{
    "Mangroves": {
        "f1-score": 0.8853301700276791,
        "precision": 0.8952419032387046,
        "recall": 0.8756355103637075,
        "support": 7671
    },
    "Mangroves > Not Mangroves": {
        "f1-score": 0.2535211267605634,
        "precision": 0.15613382899628253,
        "recall": 0.6737967914438503,
        "support": 374
    },
    "Not Mangroves": {
        "f1-score": 0.9226596290594531,
        "precision": 0.9810330492621077,
        "recall": 0.8708427510494027,
        "support": 21679
    },
    "Not Mangroves > Mangroves": {
        "f1-score": 0.17232375979112272,
        "precision": 0.10067114093959731,
        "recall": 0.5978260869565217,
        "support": 276
    },
    "accuracy": 0.8671,
    "accuracy_conf_interval": [
        0.0032142548232521953,
        0.003841426496081892,
        0.0045665937427912286,
        0.0050565716121894295
    ],
    "cls_confidence_intervals": {
        "Mangroves": [
            0.00579816240337443,
            0.006929511165008465,
            0.00823763317064782,
            0.00912149939067441
        ],
        "Mangroves > Not Mangroves": [
            0.014817583274643083,
            0.01770881903554905,
            0.021051810384096575,
            0.023310588322304364
        ],
        "Not Mangroves": [
            0.0016126374872726897,
            0.0019272984603990683,
            0.0022911252105764436,
            0.0025369540958314267
        ],
        "Not Mangroves > Mangroves": [
            0.012188945397713931,
            0.014567276207023968,
            0.017317221205288696,
            0.01917529215006216
        ]
    },
    "cohen_kappa": 0.7180324912143405,
    "confusion_matrix": [
        [
            6717,
            358,
            287,
            309
        ],
        [
            40,
            252,
            50,
            32
        ],
        [
            705,
            962,
            18879,
            1133
        ],
        [
            41,
            42,
            28,
            165
        ]
    ],
    "macro avg": {
        "f1-score": 0.5584586714097046,
        "precision": 0.5332699806091731,
        "recall": 0.7545252849533706,
        "support": 30000
    },
    "producer_accuracy": [
        89.52419032387046,
        15.613382899628252,
        98.10330492621077,
        10.06711409395973
    ],
    "user_accuracy": [
        87.56355103637074,
        67.37967914438502,
        87.08427510494026,
        59.78260869565217
    ],
    "weighted avg": {
        "f1-score": 0.8978694697257671,
        "precision": 0.9407131800547092,
        "recall": 0.8671,
        "support": 30000
    }
}