{
    "Mangroves": {
        "f1-score": 0.8834796488427773,
        "precision": 0.8941841680129241,
        "recall": 0.8730283911671924,
        "support": 5072
    },
    "Mangroves > Not Mangroves": {
        "f1-score": 0.25225225225225223,
        "precision": 0.15526802218114602,
        "recall": 0.672,
        "support": 250
    },
    "Not Mangroves": {
        "f1-score": 0.9226214408421362,
        "precision": 0.9809575625680087,
        "recall": 0.870834195818671,
        "support": 14493
    },
    "Not Mangroves > Mangroves": {
        "f1-score": 0.16809338521400777,
        "precision": 0.09818181818181818,
        "recall": 0.5837837837837838,
        "support": 185
    },
    "accuracy": 0.86625,
    "accuracy_conf_interval": [
        0.0039472748669176815,
        0.0047174748409504,
        0.0056080185609257305,
        0.0062097372906387924
    ],
    "cls_confidence_intervals": {
        "Mangroves": [
            0.007168731981017083,
            0.008567508952922857,
            0.010184844826688905,
            0.01127763933599029
        ],
        "Mangroves > Not Mangroves": [
            0.01805638040099122,
            0.021579576576794386,
            0.025653272155066794,
            0.02840576916741302
        ],
        "Not Mangroves": [
            0.001976097883461454,
            0.002361677958283202,
            0.002807504919795847,
            0.003108739353250337
        ],
        "Not Mangroves > Mangroves": [
            0.014713721589226134,
            0.0175846916554166,
            0.020904250794449325,
            0.023147196158660628
        ]
    },
    "cohen_kappa": 0.7153384951456274,
    "confusion_matrix": [
        [
            4428,
            244,
            193,
            207
        ],
        [
            31,
            168,
            31,
            20
        ],
        [
            467,
            640,
            12621,
            765
        ],
        [
            26,
            30,
            21,
            108
        ]
    ],
    "macro avg": {
        "f1-score": 0.5566116817877933,
        "precision": 0.5321478927359743,
        "recall": 0.7499115926924118,
        "support": 20000
    },
    "producer_accuracy": [
        89.41841680129241,
        15.526802218114602,
        98.09575625680087,
        9.818181818181818
    ],
    "user_accuracy": [
        87.30283911671924,
        67.2,
        87.0834195818671,
        58.37837837837838
    ],
    "weighted avg": {
        "f1-score": 0.897336083019165,
        "precision": 0.940465034818431,
        "recall": 0.86625,
        "support": 20000
    }
}