{
    "Mangroves": {
        "f1-score": 0.888445420075833,
        "precision": 0.8979427188382412,
        "recall": 0.8791469194312796,
        "support": 2532
    },
    "Mangroves > Not Mangroves": {
        "f1-score": 0.25426356589147286,
        "precision": 0.1579961464354528,
        "recall": 0.6507936507936508,
        "support": 126
    },
    "Not Mangroves": {
        "f1-score": 0.9247170500182549,
        "precision": 0.9817054263565892,
        "recall": 0.8739820565907522,
        "support": 7245
    },
    "Not Mangroves > Mangroves": {
        "f1-score": 0.17873651771956856,
        "precision": 0.10507246376811594,
        "recall": 0.5979381443298969,
        "support": 97
    },
    "accuracy": 0.8698,
    "accuracy_conf_interval": [
        0.0055189828158456865,
        0.006595857511620455,
        0.007840993878610031,
        0.008682302234684068
    ],
    "cls_confidence_intervals": {
        "Mangroves": [
            0.009971302656353535,
            0.011916922686861543,
            0.014166545847136428,
            0.015686561495970808
        ],
        "Mangroves > Not Mangroves": [
            0.02625671897530812,
            0.03137998121439264,
            0.0373037531783341,
            0.04130630180261888
        ],
        "Not Mangroves": [
            0.0027366277900492723,
            0.003270603944205228,
            0.003888013872448052,
            0.004305182742882392
        ],
        "Not Mangroves > Mangroves": [
            0.021404875330640682,
            0.025581436370765695,
            0.03041058507341024,
            0.0336735233860079
        ]
    },
    "cohen_kappa": 0.7222339795140946,
    "confusion_matrix": [
        [
            2226,
            114,
            92,
            100
        ],
        [
            16,
            82,
            17,
            11
        ],
        [
            223,
            307,
            6332,
            383
        ],
        [
            14,
            16,
            9,
            58
        ]
    ],
    "macro avg": {
        "f1-score": 0.5615406384262822,
        "precision": 0.5356791888495996,
        "recall": 0.7504651927863949,
        "support": 10000
    },
    "producer_accuracy": [
        89.79427188382412,
        15.79961464354528,
        98.17054263565892,
        10.507246376811594
    ],
    "user_accuracy": [
        87.91469194312796,
        65.07936507936508,
        87.39820565907522,
        59.79381443298969
    ],
    "weighted avg": {
        "f1-score": 0.899849348253539,
        "precision": 0.941614632148829,
        "recall": 0.8698,
        "support": 10000
    }
}