{
    "Mangroves": {
        "f1-score": 0.8860547567461099,
        "precision": 0.8960262922019719,
        "recall": 0.8763027174442388,
        "support": 10267
    },
    "Mangroves > Not Mangroves": {
        "f1-score": 0.25351043643263754,
        "precision": 0.156586966713549,
        "recall": 0.6653386454183267,
        "support": 502
    },
    "Not Mangroves": {
        "f1-score": 0.9236774110791446,
        "precision": 0.9807759660660778,
        "recall": 0.8728613977973263,
        "support": 28874
    },
    "Not Mangroves > Mangroves": {
        "f1-score": 0.17779565567176184,
        "precision": 0.10380460310004697,
        "recall": 0.6190476190476191,
        "support": 357
    },
    "accuracy": 0.868875,
    "accuracy_conf_interval": [
        0.0027678034972474118,
        0.0033078627162225166,
        0.003932306188162481,
        0.004354227452986782
    ],
    "cls_confidence_intervals": {
        "Mangroves": [
            0.004995483248807785,
            0.005970211687599549,
            0.007097241444952525,
            0.00785874803775859
        ],
        "Mangroves > Not Mangroves": [
            0.012904654452658258,
            0.015422635809274504,
            0.01833405175286204,
            0.020301224687718483
        ],
        "Not Mangroves": [
            0.0014047848193942376,
            0.0016788891743979913,
            0.0019958223348710818,
            0.0022099663622177643
        ],
        "Not Mangroves > Mangroves": [
            0.010840908475914493,
            0.012956207690727079,
            0.01540202240785413,
            0.017054599919426462
        ]
    },
    "cohen_kappa": 0.7214192688125276,
    "confusion_matrix": [
        [
            8997,
            485,
            393,
            392
        ],
        [
            52,
            334,
            68,
            48
        ],
        [
            942,
            1261,
            25203,
            1468
        ],
        [
            50,
            53,
            33,
            221
        ]
    ],
    "macro avg": {
        "f1-score": 0.5602595649824135,
        "precision": 0.5342984570204115,
        "recall": 0.7583875949268778,
        "support": 40000
    },
    "producer_accuracy": [
        89.6026292201972,
        15.6586966713549,
        98.07759660660777,
        10.380460310004697
    ],
    "user_accuracy": [
        87.63027174442388,
        66.53386454183267,
        87.28613977973264,
        61.904761904761905
    ],
    "weighted avg": {
        "f1-score": 0.8989530260793883,
        "precision": 0.9408523021706624,
        "recall": 0.868875,
        "support": 40000
    }
}