{
    "Mangroves": {
        "f1-score": 0.8944099378881988,
        "precision": 0.8816326530612245,
        "recall": 0.907563025210084,
        "support": 238
    },
    "Mangroves > Not Mangroves": {
        "f1-score": 0.2258064516129032,
        "precision": 0.14285714285714285,
        "recall": 0.5384615384615384,
        "support": 13
    },
    "Not Mangroves": {
        "f1-score": 0.9269340974212035,
        "precision": 0.9817905918057663,
        "recall": 0.8778833107191316,
        "support": 737
    },
    "Not Mangroves > Mangroves": {
        "f1-score": 0.2711864406779661,
        "precision": 0.1702127659574468,
        "recall": 0.6666666666666666,
        "support": 12
    },
    "accuracy": 0.878,
    "accuracy_conf_interval": [
        0.0169734850163424,
        0.020285384531726285,
        0.0241147683463889,
        0.02670218984278256
    ],
    "cls_confidence_intervals": {
        "Mangroves": [
            0.03384703231368532,
            0.04045133130172148,
            0.04808755200663829,
            0.053247160591041544
        ],
        "Mangroves > Not Mangroves": [
            0.08198292200335534,
            0.09797958971132711,
            0.11647573674866948,
            0.12897313339552244
        ],
        "Not Mangroves": [
            0.008541978805527555,
            0.01020870637733781,
            0.012135860132243418,
            0.01343799104772018
        ],
        "Not Mangroves > Mangroves": [
            0.08990303603542521,
            0.1074450918472155,
            0.12772809387959802,
            0.14143282498255919
        ]
    },
    "cohen_kappa": 0.7317537587454871,
    "confusion_matrix": [
        [
            216,
            7,
            11,
            4
        ],
        [
            2,
            7,
            1,
            3
        ],
        [
            25,
            33,
            647,
            32
        ],
        [
            2,
            2,
            0,
            8
        ]
    ],
    "macro avg": {
        "f1-score": 0.5795842319000679,
        "precision": 0.5441232884203951,
        "recall": 0.7476436352643552,
        "support": 1000
    },
    "producer_accuracy": [
        88.16326530612245,
        14.285714285714285,
        98.17905918057663,
        17.02127659574468
    ],
    "user_accuracy": [
        90.75630252100841,
        53.84615384615385,
        87.78833107191316,
        66.66666666666666
    ],
    "weighted avg": {
        "f1-score": 0.9022097161759217,
        "precision": 0.9373079336380534,
        "recall": 0.878,
        "support": 1000
    }
}