{
    "Mangroves": {
        "f1-score": 0.8572159836196693,
        "precision": 0.8455033133480593,
        "recall": 0.8692577212561641,
        "support": 15412
    },
    "Mangroves > Not Mangroves": {
        "f1-score": 0.23359840954274352,
        "precision": 0.14114114114114115,
        "recall": 0.6772334293948127,
        "support": 694
    },
    "Not Mangroves": {
        "f1-score": 0.9225444609558506,
        "precision": 0.9832222994237135,
        "recall": 0.8689205540806559,
        "support": 55371
    },
    "Not Mangroves > Mangroves": {
        "f1-score": 0.14907113729043953,
        "precision": 0.08455409920328964,
        "recall": 0.6290630975143403,
        "support": 523
    },
    "accuracy": 0.8654027777777777,
    "accuracy_conf_interval": [
        0.0020859543065040696,
        0.0024929697809438884,
        0.0029635814232649286,
        0.003281562262671037
    ],
    "cls_confidence_intervals": {
        "Mangroves": [
            0.004708851213602818,
            0.005627651450403368,
            0.0066900142242040045,
            0.007407826909204434
        ],
        "Mangroves > Not Mangroves": [
            0.009894855203180357,
            0.011825558657459453,
            0.014057934526469655,
            0.015566296600125198
        ],
        "Not Mangroves": [
            0.0009522052438943571,
            0.0011380013890444757,
            0.0013528281818743,
            0.0014979814202728302
        ],
        "Not Mangroves > Mangroves": [
            0.007314706558639266,
            0.008741966374959123,
            0.010392235537578958,
            0.011507282269078847
        ]
    },
    "cohen_kappa": 0.6865341005874159,
    "confusion_matrix": [
        [
            13397,
            635,
            724,
            656
        ],
        [
            103,
            470,
            52,
            69
        ],
        [
            2271,
            2150,
            48113,
            2837
        ],
        [
            74,
            75,
            45,
            329
        ]
    ],
    "macro avg": {
        "f1-score": 0.5406074978521758,
        "precision": 0.513605213279051,
        "recall": 0.7611187005614932,
        "support": 72000
    },
    "producer_accuracy": [
        84.55033133480593,
        14.114114114114114,
        98.32222994237135,
        8.455409920328965
    ],
    "user_accuracy": [
        86.9257721256164,
        67.72334293948127,
        86.89205540806559,
        62.90630975143403
    ],
    "weighted avg": {
        "f1-score": 0.8963014387244209,
        "precision": 0.9390982326742502,
        "recall": 0.8654027777777777,
        "support": 72000
    }
}