{
    "Mangroves": {
        "f1-score": 0.8556791891594138,
        "precision": 0.8440556400782439,
        "recall": 0.8676273458445041,
        "support": 8952
    },
    "Mangroves > Not Mangroves": {
        "f1-score": 0.2431865828092243,
        "precision": 0.14743263853584138,
        "recall": 0.69377990430622,
        "support": 418
    },
    "Not Mangroves": {
        "f1-score": 0.9224803654168446,
        "precision": 0.9836019621583743,
        "recall": 0.8685106119670812,
        "support": 32322
    },
    "Not Mangroves > Mangroves": {
        "f1-score": 0.15236629472874183,
        "precision": 0.08642514185945002,
        "recall": 0.6428571428571429,
        "support": 308
    },
    "accuracy": 0.8649285714285714,
    "accuracy_conf_interval": [
        0.002735212491554413,
        0.0032689124899064935,
        0.0038860031130010866,
        0.00430295623671365
    ],
    "cls_confidence_intervals": {
        "Mangroves": [
            0.0062025904732275405,
            0.007412852028979256,
            0.008812216952817177,
            0.009757733793248204
        ],
        "Mangroves > Not Mangroves": [
            0.013110004429357294,
            0.015668054074109938,
            0.018625798975855184,
            0.020624275260818184
        ],
        "Not Mangroves": [
            0.0012328848020983659,
            0.001473447690312681,
            0.0017515985298104833,
            0.001939538286227917
        ],
        "Not Mangroves > Mangroves": [
            0.009627719384354961,
            0.011506298776424222,
            0.013678406198504304,
            0.015146046348558415
        ]
    },
    "cohen_kappa": 0.6855097295224493,
    "confusion_matrix": [
        [
            7767,
            392,
            410,
            383
        ],
        [
            58,
            290,
            31,
            39
        ],
        [
            1334,
            1245,
            28072,
            1671
        ],
        [
            43,
            40,
            27,
            198
        ]
    ],
    "macro avg": {
        "f1-score": 0.5434281080285561,
        "precision": 0.5153788456579774,
        "recall": 0.768193751243737,
        "support": 42000
    },
    "producer_accuracy": [
        84.40556400782438,
        14.743263853584137,
        98.36019621583742,
        8.642514185945002
    ],
    "user_accuracy": [
        86.76273458445041,
        69.377990430622,
        86.85106119670813,
        64.28571428571429
    ],
    "weighted avg": {
        "f1-score": 0.8958340781606913,
        "precision": 0.9389574880348597,
        "recall": 0.8649285714285714,
        "support": 42000
    }
}