{
    "Mangroves": {
        "f1-score": 0.8557913577090258,
        "precision": 0.8426485397784491,
        "recall": 0.8693506493506493,
        "support": 3850
    },
    "Mangroves > Not Mangroves": {
        "f1-score": 0.2497652582159624,
        "precision": 0.15079365079365079,
        "recall": 0.726775956284153,
        "support": 183
    },
    "Not Mangroves": {
        "f1-score": 0.920263350402341,
        "precision": 0.9837833388212052,
        "recall": 0.8644484629294756,
        "support": 13825
    },
    "Not Mangroves > Mangroves": {
        "f1-score": 0.156140350877193,
        "precision": 0.08917835671342686,
        "recall": 0.6267605633802817,
        "support": 142
    },
    "accuracy": 0.8622222222222222,
    "accuracy_conf_interval": [
        0.004213148717109669,
        0.005035226515570092,
        0.005985753970039957,
        0.006628002250087163
    ],
    "cls_confidence_intervals": {
        "Mangroves": [
            0.009475406558004967,
            0.01132426637420106,
            0.01346201053667779,
            0.014906432268080989
        ],
        "Mangroves > Not Mangroves": [
            0.019760944557645477,
            0.023616738617673865,
            0.028075000499581688,
            0.031087339608978866
        ],
        "Not Mangroves": [
            0.001879411627705962,
            0.0022461260916485887,
            0.002670139690582251,
            0.002956635365537428
        ],
        "Not Mangroves > Mangroves": [
            0.014795341064983437,
            0.017682236882541183,
            0.021020210171592325,
            0.023275597529059312
        ]
    },
    "cohen_kappa": 0.6821838819982928,
    "confusion_matrix": [
        [
            3347,
            164,
            172,
            167
        ],
        [
            22,
            133,
            14,
            14
        ],
        [
            584,
            562,
            11951,
            728
        ],
        [
            19,
            23,
            11,
            89
        ]
    ],
    "macro avg": {
        "f1-score": 0.5454900793011306,
        "precision": 0.5166009715266829,
        "recall": 0.7718339079861398,
        "support": 18000
    },
    "producer_accuracy": [
        84.26485397784491,
        15.079365079365079,
        98.37833388212051,
        8.917835671342687
    ],
    "user_accuracy": [
        86.93506493506493,
        72.6775956284153,
        86.44484629294756,
        62.676056338028175
    ],
    "weighted avg": {
        "f1-score": 0.893628695476122,
        "precision": 0.9380700056721519,
        "recall": 0.8622222222222222,
        "support": 18000
    }
}