{
    "Mangroves": {
        "f1-score": 0.8593503747837786,
        "precision": 0.8485216533191635,
        "recall": 0.8704590585212008,
        "support": 25683
    },
    "Mangroves > Not Mangroves": {
        "f1-score": 0.22895215021199272,
        "precision": 0.1379813834641358,
        "recall": 0.672,
        "support": 1125
    },
    "Not Mangroves": {
        "f1-score": 0.9229778968057839,
        "precision": 0.9828400773542876,
        "recall": 0.8699891657638137,
        "support": 92300
    },
    "Not Mangroves > Mangroves": {
        "f1-score": 0.158066268332428,
        "precision": 0.08992583436341162,
        "recall": 0.6524663677130045,
        "support": 892
    },
    "accuracy": 0.8666166666666667,
    "accuracy_conf_interval": [
        0.0016095983820115108,
        0.0019236663589893668,
        0.0022868074573700126,
        0.0025321730643839625
    ],
    "cls_confidence_intervals": {
        "Mangroves": [
            0.003622304915810911,
            0.004329096118895967,
            0.005146323447463063,
            0.005698504074873262
        ],
        "Mangroves > Not Mangroves": [
            0.0076412035351338834,
            0.009132170078574642,
            0.010856100144428019,
            0.012020917756491112
        ],
        "Not Mangroves": [
            0.00074512064363647,
            0.0008905100375167569,
            0.0010586165241908386,
            0.0011722019881598128
        ],
        "Not Mangroves > Mangroves": [
            0.005831834957860513,
            0.006969753974028418,
            0.00828547283647256,
            0.009174472067853734
        ]
    },
    "cohen_kappa": 0.6887152218000474,
    "confusion_matrix": [
        [
            22356,
            1023,
            1218,
            1086
        ],
        [
            167,
            756,
            97,
            105
        ],
        [
            3715,
            3586,
            80300,
            4699
        ],
        [
            109,
            114,
            87,
            582
        ]
    ],
    "macro avg": {
        "f1-score": 0.5423366725334958,
        "precision": 0.5148172371252496,
        "recall": 0.7662286479995047,
        "support": 120000
    },
    "producer_accuracy": [
        84.85216533191635,
        13.79813834641358,
        98.28400773542876,
        8.992583436341162
    ],
    "user_accuracy": [
        87.04590585212007,
        67.2,
        86.99891657638136,
        65.24663677130044
    ],
    "weighted avg": {
        "f1-score": 0.8971676819257223,
        "precision": 0.9395346971887178,
        "recall": 0.8666166666666667,
        "support": 120000
    }
}