{
    "Mangroves": {
        "f1-score": 0.8554824701449645,
        "precision": 0.844534106670029,
        "recall": 0.8667184265010351,
        "support": 7728
    },
    "Mangroves > Not Mangroves": {
        "f1-score": 0.24373464373464374,
        "precision": 0.14683244523386618,
        "recall": 0.7167630057803468,
        "support": 346
    },
    "Not Mangroves": {
        "f1-score": 0.9220991186466714,
        "precision": 0.9833722406520048,
        "recall": 0.8680138818595907,
        "support": 27662
    },
    "Not Mangroves > Mangroves": {
        "f1-score": 0.14818140996856757,
        "precision": 0.08405501782985227,
        "recall": 0.625,
        "support": 264
    },
    "accuracy": 0.8645,
    "accuracy_conf_interval": [
        0.0029583172375148977,
        0.003535549869225122,
        0.004202975099640068,
        0.004653938093163681
    ],
    "cls_confidence_intervals": {
        "Mangroves": [
            0.006672768117486123,
            0.007974771652605366,
            0.009480213240086993,
            0.010497403501898902
        ],
        "Mangroves > Not Mangroves": [
            0.014123983596715918,
            0.016879882835099513,
            0.020066391329480543,
            0.022219437609467728
        ],
        "Not Mangroves": [
            0.0013420649488791925,
            0.0016039312803678156,
            0.001906714226151536,
            0.0021112972976270227
        ],
        "Not Mangroves > Mangroves": [
            0.010270704031902852,
            0.012274743843005847,
            0.014591914874593687,
            0.016157570977017904
        ]
    },
    "cohen_kappa": 0.6853938111024812,
    "confusion_matrix": [
        [
            6698,
            332,
            360,
            338
        ],
        [
            45,
            248,
            23,
            30
        ],
        [
            1150,
            1071,
            24011,
            1430
        ],
        [
            38,
            38,
            23,
            165
        ]
    ],
    "macro avg": {
        "f1-score": 0.5423744106237118,
        "precision": 0.5146984525964381,
        "recall": 0.7691238285352432,
        "support": 36000
    },
    "producer_accuracy": [
        84.4534106670029,
        14.683244523386618,
        98.33722406520047,
        8.405501782985226
    ],
    "user_accuracy": [
        86.67184265010351,
        71.67630057803468,
        86.80138818595907,
        62.5
    ],
    "weighted avg": {
        "f1-score": 0.8956035118957889,
        "precision": 0.9389332513338817,
        "recall": 0.8645,
        "support": 36000
    }
}