{
    "Mangroves": {
        "f1-score": 0.8532136376659344,
        "precision": 0.840293453724605,
        "recall": 0.866537342386033,
        "support": 5155
    },
    "Mangroves > Not Mangroves": {
        "f1-score": 0.23971119133574006,
        "precision": 0.14397224631396358,
        "recall": 0.7155172413793104,
        "support": 232
    },
    "Not Mangroves": {
        "f1-score": 0.9201628504605435,
        "precision": 0.9832767664301142,
        "recall": 0.8646624701541133,
        "support": 18428
    },
    "Not Mangroves > Mangroves": {
        "f1-score": 0.15354070152217072,
        "precision": 0.08748114630467571,
        "recall": 0.6270270270270271,
        "support": 185
    },
    "accuracy": 0.8617916666666666,
    "accuracy_conf_interval": [
        0.0036534779217732055,
        0.0043663516626070015,
        0.005190611925446079,
        0.005747544535472483
    ],
    "cls_confidence_intervals": {
        "Mangroves": [
            0.008240018960087891,
            0.009847827537666016,
            0.011706856205490723,
            0.012962956656723633
        ],
        "Mangroves > Not Mangroves": [
            0.016955574423632495,
            0.020263979189219326,
            0.024089322199429098,
            0.02667401342254381
        ],
        "Not Mangroves": [
            0.0016520277831830429,
            0.0019743746677065633,
            0.0023470882529368843,
            0.0025989217564708848
        ],
        "Not Mangroves > Mangroves": [
            0.012724778804666626,
            0.01520766247386987,
            0.01807849671638612,
            0.020018249582951154
        ]
    },
    "cohen_kappa": 0.680875466573513,
    "confusion_matrix": [
        [
            4467,
            224,
            241,
            223
        ],
        [
            31,
            166,
            16,
            19
        ],
        [
            793,
            733,
            15934,
            968
        ],
        [
            25,
            30,
            14,
            116
        ]
    ],
    "macro avg": {
        "f1-score": 0.5416570952460971,
        "precision": 0.5137559031933396,
        "recall": 0.7684360202366209,
        "support": 24000
    },
    "producer_accuracy": [
        84.0293453724605,
        14.397224631396357,
        98.32767664301142,
        8.74811463046757
    ],
    "user_accuracy": [
        86.65373423860329,
        71.55172413793103,
        86.46624701541134,
        62.70270270270271
    ],
    "weighted avg": {
        "f1-score": 0.8932956390260952,
        "precision": 0.9375467741223205,
        "recall": 0.8617916666666666,
        "support": 24000
    }
}