{
    "Mangroves": {
        "f1-score": 0.8574652486015413,
        "precision": 0.8467921665323154,
        "recall": 0.8684108150165337,
        "support": 20564
    },
    "Mangroves > Not Mangroves": {
        "f1-score": 0.23113118765292678,
        "precision": 0.1391974608932215,
        "recall": 0.6807095343680709,
        "support": 902
    },
    "Not Mangroves": {
        "f1-score": 0.9226513382432189,
        "precision": 0.9826594018794576,
        "recall": 0.8695504963636117,
        "support": 73837
    },
    "Not Mangroves > Mangroves": {
        "f1-score": 0.15429254138931559,
        "precision": 0.08756296009298721,
        "recall": 0.648493543758967,
        "support": 697
    },
    "accuracy": 0.8659270833333333,
    "accuracy_conf_interval": [
        0.0018035136005281076,
        0.00215541869331408,
        0.0025623089568478606,
        0.002837234810586901
    ],
    "cls_confidence_intervals": {
        "Mangroves": [
            0.004067661043202068,
            0.004861351002851252,
            0.005779055018695621,
            0.0063991252996715466
        ],
        "Mangroves > Not Mangroves": [
            0.00854757156269612,
            0.0102153904041978,
            0.012143805939684121,
            0.013446789409607309
        ],
        "Not Mangroves": [
            0.0008375186240297751,
            0.0010009368921331458,
            0.0011898892646276683,
            0.0013175597865834267
        ],
        "Not Mangroves > Mangroves": [
            0.0064520320894811125,
            0.007710965180111573,
            0.009166606566153045,
            0.010150148043208093
        ]
    },
    "cohen_kappa": 0.6872164883970304,
    "confusion_matrix": [
        [
            17858,
            846,
            993,
            867
        ],
        [
            131,
            614,
            73,
            84
        ],
        [
            3013,
            2860,
            64205,
            3759
        ],
        [
            87,
            91,
            67,
            452
        ]
    ],
    "macro avg": {
        "f1-score": 0.5413850789717506,
        "precision": 0.5140529973494954,
        "recall": 0.7667910973767958,
        "support": 96000
    },
    "producer_accuracy": [
        84.67921665323153,
        13.91974608932215,
        98.26594018794576,
        8.75629600929872
    ],
    "user_accuracy": [
        86.84108150165338,
        68.07095343680709,
        86.95504963636117,
        64.8493543758967
    ],
    "weighted avg": {
        "f1-score": 0.8966119215283118,
        "precision": 0.9391317068964016,
        "recall": 0.8659270833333333,
        "support": 96000
    }
}