{
    "Mangroves": {
        "f1-score": 0.8568057727659341,
        "precision": 0.8454624214858133,
        "recall": 0.8684576450303132,
        "support": 17979
    },
    "Mangroves > Not Mangroves": {
        "f1-score": 0.23042265608238577,
        "precision": 0.1389032591826177,
        "recall": 0.6754716981132075,
        "support": 795
    },
    "Not Mangroves": {
        "f1-score": 0.922534922107891,
        "precision": 0.9829206404759822,
        "recall": 0.8691393556772816,
        "support": 64626
    },
    "Not Mangroves > Mangroves": {
        "f1-score": 0.15114235500878734,
        "precision": 0.0856005308560053,
        "recall": 0.645,
        "support": 600
    },
    "accuracy": 0.8655595238095238,
    "accuracy_conf_interval": [
        0.0019302683765152165,
        0.002306906108518186,
        0.0027423934861466187,
        0.0030366417142739383
    ],
    "cls_confidence_intervals": {
        "Mangroves": [
            0.004362125147387647,
            0.005213271517609626,
            0.006197409508178791,
            0.006862367609914713
        ],
        "Mangroves > Not Mangroves": [
            0.009122105988388156,
            0.01090202910807365,
            0.012960065215210002,
            0.014350630152464296
        ],
        "Not Mangroves": [
            0.0008888935345177018,
            0.0010623361753992046,
            0.0012628792289184423,
            0.0013983812921071165
        ],
        "Not Mangroves > Mangroves": [
            0.006823902392404222,
            0.008155395542141631,
            0.00969493449652551,
            0.01073516351975786
        ]
    },
    "cohen_kappa": 0.6864222127142073,
    "confusion_matrix": [
        [
            15614,
            742,
            858,
            765
        ],
        [
            119,
            537,
            64,
            75
        ],
        [
            2656,
            2507,
            56169,
            3294
        ],
        [
            79,
            80,
            54,
            387
        ]
    ],
    "macro avg": {
        "f1-score": 0.5402264264912495,
        "precision": 0.5132217130001047,
        "recall": 0.7645171747052005,
        "support": 84000
    },
    "producer_accuracy": [
        84.54624214858133,
        13.89032591826177,
        98.29206404759822,
        8.560053085600531
    ],
    "user_accuracy": [
        86.84576450303132,
        67.54716981132076,
        86.91393556772816,
        64.5
    ],
    "weighted avg": {
        "f1-score": 0.896406241539215,
        "precision": 0.9391022213911671,
        "recall": 0.8655595238095238,
        "support": 84000
    }
}