{
    "Mangroves": {
        "f1-score": 0.8611111111111112,
        "precision": 0.8722943722943723,
        "recall": 0.8502109704641351,
        "support": 474
    },
    "Mangroves > Not Mangroves": {
        "f1-score": 0.43654822335025384,
        "precision": 0.3208955223880597,
        "recall": 0.6825396825396826,
        "support": 63
    },
    "Not Mangroves": {
        "f1-score": 0.9302590378593795,
        "precision": 0.9796163069544365,
        "recall": 0.8856368563685637,
        "support": 1845
    },
    "Not Mangroves > Mangroves": {
        "f1-score": 0.12987012987012989,
        "precision": 0.07352941176470588,
        "recall": 0.5555555555555556,
        "support": 18
    },
    "accuracy": 0.8708333333333333,
    "accuracy_conf_interval": [
        0.011227446013296232,
        0.013418167186622327,
        0.015951188543280623,
        0.017662689459941636
    ],
    "cls_confidence_intervals": {
        "Mangroves": [
            0.025465922531796952,
            0.030434883025806114,
            0.03618024359700421,
            0.040062243982948866
        ],
        "Mangroves > Not Mangroves": [
            0.06613655581236867,
            0.07904124962941622,
            0.09396230185537745,
            0.10404409389994584
        ],
        "Not Mangroves": [
            0.005674338805061199,
            0.006781526864585336,
            0.008061713058410119,
            0.008926703729913351
        ],
        "Not Mangroves > Mangroves": [
            0.03670462218358515,
            0.04386649968282128,
            0.05214742054131306,
            0.05774263733759128
        ]
    },
    "cohen_kappa": 0.6966561230206201,
    "confusion_matrix": [
        [
            403,
            32,
            21,
            18
        ],
        [
            1,
            43,
            11,
            8
        ],
        [
            57,
            54,
            1634,
            100
        ],
        [
            1,
            5,
            2,
            10
        ]
    ],
    "macro avg": {
        "f1-score": 0.5894471255477185,
        "precision": 0.5615839033503937,
        "recall": 0.7434857662319843,
        "support": 2400
    },
    "producer_accuracy": [
        87.22943722943724,
        32.08955223880597,
        97.96163069544365,
        7.352941176470589
    ],
    "user_accuracy": [
        85.0210970464135,
        68.25396825396825,
        88.56368563685638,
        55.55555555555556
    ],
    "weighted avg": {
        "f1-score": 0.8976394966358127,
        "precision": 0.9343331525502835,
        "recall": 0.8708333333333333,
        "support": 2400
    }
}