{
    "Mangroves": {
        "f1-score": 0.8730848387834439,
        "precision": 0.8862581244196843,
        "recall": 0.8602974312753493,
        "support": 2219
    },
    "Mangroves > Not Mangroves": {
        "f1-score": 0.4470588235294118,
        "precision": 0.3177257525083612,
        "recall": 0.753968253968254,
        "support": 252
    },
    "Not Mangroves": {
        "f1-score": 0.9287127449103325,
        "precision": 0.9792732166890983,
        "recall": 0.8831168831168831,
        "support": 8239
    },
    "Not Mangroves > Mangroves": {
        "f1-score": 0.15819209039548024,
        "precision": 0.09061488673139159,
        "recall": 0.6222222222222222,
        "support": 90
    },
    "accuracy": 0.8732407407407408,
    "accuracy_conf_interval": [
        0.005250356720546118,
        0.006274816568457555,
        0.007459348267605155,
        0.008259707523785966
    ],
    "cls_confidence_intervals": {
        "Mangroves": [
            0.01121918491101925,
            0.013408294161949835,
            0.015939451733338324,
            0.017649693335627846
        ],
        "Mangroves > Not Mangroves": [
            0.031224748863423947,
            0.03731738278799447,
            0.044361990763279145,
            0.04912186101684987
        ],
        "Not Mangroves": [
            0.0027106118526030475,
            0.0032395117262816915,
            0.003851052205222623,
            0.004264255231534063
        ],
        "Not Mangroves > Mangroves": [
            0.018937528816771406,
            0.022632656390775583,
            0.02690514764821791,
            0.029791966065408675
        ]
    },
    "cohen_kappa": 0.7068649650935122,
    "confusion_matrix": [
        [
            1909,
            125,
            107,
            78
        ],
        [
            7,
            190,
            35,
            20
        ],
        [
            228,
            271,
            7276,
            464
        ],
        [
            10,
            12,
            12,
            56
        ]
    ],
    "macro avg": {
        "f1-score": 0.6017621244046671,
        "precision": 0.5684679950871337,
        "recall": 0.7799011976456771,
        "support": 10800
    },
    "producer_accuracy": [
        88.62581244196843,
        31.77257525083612,
        97.92732166890983,
        9.06148867313916
    ],
    "user_accuracy": [
        86.02974312753493,
        75.39682539682539,
        88.31168831168831,
        62.22222222222222
    ],
    "weighted avg": {
        "f1-score": 0.8996236735408979,
        "precision": 0.9373204666506197,
        "recall": 0.8732407407407408,
        "support": 10800
    }
}