{
    "Mangroves": {
        "f1-score": 0.8711322679360761,
        "precision": 0.8902015288394719,
        "recall": 0.8528628495339547,
        "support": 1502
    },
    "Mangroves > Not Mangroves": {
        "f1-score": 0.4375,
        "precision": 0.3103448275862069,
        "recall": 0.7411764705882353,
        "support": 170
    },
    "Not Mangroves": {
        "f1-score": 0.930786214841125,
        "precision": 0.9793939393939394,
        "recall": 0.8867751966343516,
        "support": 5467
    },
    "Not Mangroves > Mangroves": {
        "f1-score": 0.1587982832618026,
        "precision": 0.09135802469135802,
        "recall": 0.6065573770491803,
        "support": 61
    },
    "accuracy": 0.8738888888888889,
    "accuracy_conf_interval": [
        0.006416266360235285,
        0.007668220771988511,
        0.00911579306057818,
        0.010093882444760388
    ],
    "cls_confidence_intervals": {
        "Mangroves": [
            0.013516235979215026,
            0.016153550316622835,
            0.019202945019250618,
            0.02126334684535047
        ],
        "Mangroves > Not Mangroves": [
            0.037654690813153424,
            0.04500194755718336,
            0.05349721316746798,
            0.05923725749874136
        ],
        "Not Mangroves": [
            0.0033114441985424557,
            0.003957579651916594,
            0.00470467376988044,
            0.0052094670928289856
        ],
        "Not Mangroves > Mangroves": [
            0.02347935080118317,
            0.028060687542877452,
            0.03335785815046146,
            0.036937027479910116
        ]
    },
    "cohen_kappa": 0.7097398967386896,
    "confusion_matrix": [
        [
            1281,
            96,
            70,
            55
        ],
        [
            2,
            126,
            25,
            17
        ],
        [
            149,
            174,
            4848,
            296
        ],
        [
            7,
            10,
            7,
            37
        ]
    ],
    "macro avg": {
        "f1-score": 0.5995541915097509,
        "precision": 0.5678245801277441,
        "recall": 0.7718429734514305,
        "support": 7200
    },
    "producer_accuracy": [
        89.02015288394719,
        31.03448275862069,
        97.93939393939394,
        9.135802469135802
    ],
    "user_accuracy": [
        85.28628495339548,
        74.11764705882354,
        88.67751966343516,
        60.65573770491803
    ],
    "weighted avg": {
        "f1-score": 0.9001542497576925,
        "precision": 0.9374667809971361,
        "recall": 0.8738888888888889,
        "support": 7200
    }
}