{
    "Mangroves": {
        "f1-score": 0.8725244707489187,
        "precision": 0.8839944649446494,
        "recall": 0.8613483146067415,
        "support": 4450
    },
    "Mangroves > Not Mangroves": {
        "f1-score": 0.4593471810089021,
        "precision": 0.3313356164383562,
        "recall": 0.7485493230174082,
        "support": 517
    },
    "Not Mangroves": {
        "f1-score": 0.9291232999169913,
        "precision": 0.9797333692431995,
        "recall": 0.8834851244687311,
        "support": 16470
    },
    "Not Mangroves > Mangroves": {
        "f1-score": 0.15920398009950248,
        "precision": 0.09003215434083602,
        "recall": 0.6871165644171779,
        "support": 163
    },
    "accuracy": 0.8742129629629629,
    "accuracy_conf_interval": [
        0.0037003562459845436,
        0.004422376976908358,
        0.005257213447039017,
        0.0058212921430732464
    ],
    "cls_confidence_intervals": {
        "Mangroves": [
            0.007975599544821044,
            0.009531814090151981,
            0.011331187158190875,
            0.012546979771730669
        ],
        "Mangroves > Not Mangroves": [
            0.02258710565398037,
            0.026994345781586295,
            0.03209021717913065,
            0.03553337352882278
        ],
        "Not Mangroves": [
            0.001896252233682861,
            0.0022662526695234196,
            0.002694065673464065,
            0.002983128513964501
        ],
        "Not Mangroves > Mangroves": [
            0.013309002366263872,
            0.015905880876754385,
            0.01890852165450904,
            0.02093733299082975
        ]
    },
    "cohen_kappa": 0.709247258198157,
    "confusion_matrix": [
        [
            3833,
            255,
            215,
            147
        ],
        [
            18,
            387,
            70,
            42
        ],
        [
            471,
            505,
            14551,
            943
        ],
        [
            14,
            21,
            16,
            112
        ]
    ],
    "macro avg": {
        "f1-score": 0.6050497329435787,
        "precision": 0.5712739012417603,
        "recall": 0.7951248316275147,
        "support": 21600
    },
    "producer_accuracy": [
        88.39944649446494,
        33.13356164383562,
        97.97333692431995,
        9.003215434083602
    ],
    "user_accuracy": [
        86.13483146067415,
        74.85493230174082,
        88.3485124468731,
        68.71165644171779
    ],
    "weighted avg": {
        "f1-score": 0.900408675268674,
        "precision": 0.9377759127451561,
        "recall": 0.8742129629629629,
        "support": 21600
    }
}