{
    "Mangroves": {
        "f1-score": 0.8736349453978159,
        "precision": 0.8955223880597015,
        "recall": 0.8527918781725888,
        "support": 985
    },
    "Mangroves > Not Mangroves": {
        "f1-score": 0.4473007712082262,
        "precision": 0.32706766917293234,
        "recall": 0.7073170731707317,
        "support": 123
    },
    "Not Mangroves": {
        "f1-score": 0.9325697924123121,
        "precision": 0.978371883448483,
        "recall": 0.8908643326039387,
        "support": 3656
    },
    "Not Mangroves > Mangroves": {
        "f1-score": 0.15181518151815182,
        "precision": 0.08614232209737828,
        "recall": 0.6388888888888888,
        "support": 36
    },
    "accuracy": 0.8764583333333333,
    "accuracy_conf_interval": [
        0.007789249133829636,
        0.009309102623357369,
        0.011066433220623811,
        0.012253818759317353
    ],
    "cls_confidence_intervals": {
        "Mangroves": [
            0.01637918436408742,
            0.019575122776592284,
            0.023270426566051033,
            0.025767253450820458
        ],
        "Mangroves > Not Mangroves": [
            0.0471745248859256,
            0.05637931022952084,
            0.06702234328305284,
            0.07421358183273662
        ],
        "Not Mangroves": [
            0.00413474073588008,
            0.004941519416051803,
            0.005874357265000359,
            0.006504653108884517
        ],
        "Not Mangroves > Mangroves": [
            0.02816020338743847,
            0.03365487721913378,
            0.04000809383703149,
            0.04430080776804345
        ]
    },
    "cohen_kappa": 0.7125695098292261,
    "confusion_matrix": [
        [
            840,
            62,
            47,
            36
        ],
        [
            1,
            87,
            21,
            14
        ],
        [
            94,
            111,
            3257,
            194
        ],
        [
            3,
            6,
            4,
            23
        ]
    ],
    "macro avg": {
        "f1-score": 0.6013301726341265,
        "precision": 0.5717760656946238,
        "recall": 0.772465543209037,
        "support": 4800
    },
    "producer_accuracy": [
        89.55223880597015,
        32.70676691729324,
        97.8371883448483,
        8.614232209737828
    ],
    "user_accuracy": [
        85.27918781725889,
        70.73170731707317,
        89.08643326039387,
        63.888888888888886
    ],
    "weighted avg": {
        "f1-score": 0.9021851924311515,
        "precision": 0.9379890843812991,
        "recall": 0.8764583333333333,
        "support": 4800
    }
}