{
    "Mangroves": {
        "f1-score": 0.8698099929627022,
        "precision": 0.8866571018651362,
        "recall": 0.8535911602209945,
        "support": 724
    },
    "Mangroves > Not Mangroves": {
        "f1-score": 0.42033898305084744,
        "precision": 0.3069306930693069,
        "recall": 0.6666666666666666,
        "support": 93
    },
    "Not Mangroves": {
        "f1-score": 0.931710100817957,
        "precision": 0.9792083166733306,
        "recall": 0.8886066763425254,
        "support": 2756
    },
    "Not Mangroves > Mangroves": {
        "f1-score": 0.14977973568281938,
        "precision": 0.085,
        "recall": 0.6296296296296297,
        "support": 27
    },
    "accuracy": 0.8738888888888889,
    "accuracy_conf_interval": [
        0.009073970906442994,
        0.010844501815017237,
        0.012891678178056207,
        0.014274905450379833
    ],
    "cls_confidence_intervals": {
        "Mangroves": [
            0.019692573001108576,
            0.02353502626961757,
            0.02797786286133109,
            0.03097977947735374
        ],
        "Mangroves > Not Mangroves": [
            0.05322021889399571,
            0.06360465184892171,
            0.07561165245305489,
            0.08372449069909083
        ],
        "Not Mangroves": [
            0.004679175935506838,
            0.005592185874142318,
            0.006647853615689593,
            0.007361142630248562
        ],
        "Not Mangroves > Mangroves": [
            0.03234065862038063,
            0.03865103103411344,
            0.045947399137492,
            0.05087737758572075
        ]
    },
    "cohen_kappa": 0.7048983195598753,
    "confusion_matrix": [
        [
            618,
            46,
            32,
            28
        ],
        [
            1,
            62,
            18,
            12
        ],
        [
            75,
            89,
            2449,
            143
        ],
        [
            3,
            5,
            2,
            17
        ]
    ],
    "macro avg": {
        "f1-score": 0.5929097031285815,
        "precision": 0.5644490279019434,
        "recall": 0.759623533214954,
        "support": 3600
    },
    "producer_accuracy": [
        88.66571018651362,
        30.693069306930692,
        97.92083166733306,
        8.5
    ],
    "user_accuracy": [
        85.35911602209944,
        66.66666666666666,
        88.86066763425255,
        62.96296296296296
    ],
    "weighted avg": {
        "f1-score": 0.9001864030684587,
        "precision": 0.9365215047104176,
        "recall": 0.8738888888888889,
        "support": 3600
    }
}