{
    "Mangroves": {
        "f1-score": 0.8725575969670458,
        "precision": 0.8854690736904409,
        "recall": 0.8600172463351538,
        "support": 3479
    },
    "Mangroves > Not Mangroves": {
        "f1-score": 0.44945567651632967,
        "precision": 0.32146829810901,
        "recall": 0.7467700258397932,
        "support": 387
    },
    "Not Mangroves": {
        "f1-score": 0.9284863421647155,
        "precision": 0.9788671401351118,
        "recall": 0.8830377373232283,
        "support": 12799
    },
    "Not Mangroves > Mangroves": {
        "f1-score": 0.1692169216921692,
        "precision": 0.09631147540983606,
        "recall": 0.6962962962962963,
        "support": 135
    },
    "accuracy": 0.8736309523809523,
    "accuracy_conf_interval": [
        0.004204105149130165,
        0.005024418348960441,
        0.005972905486264199,
        0.006613775173631603
    ],
    "cls_confidence_intervals": {
        "Mangroves": [
            0.00898458118812286,
            0.010737670200439515,
            0.01276467937093065,
            0.014134280161803037
        ],
        "Mangroves > Not Mangroves": [
            0.025545720097335557,
            0.03053025084803518,
            0.036293614528531616,
            0.040187779177515696
        ],
        "Not Mangroves": [
            0.002195174671004329,
            0.0026235014360783447,
            0.003118754258195175,
            0.0034533845434092498
        ],
        "Not Mangroves > Mangroves": [
            0.015487001517772,
            0.018508855472459222,
            0.02200287410756632,
            0.02436369750966571
        ]
    },
    "cohen_kappa": 0.7081966769974543,
    "confusion_matrix": [
        [
            2992,
            193,
            175,
            119
        ],
        [
            12,
            289,
            56,
            30
        ],
        [
            361,
            403,
            11302,
            733
        ],
        [
            14,
            14,
            13,
            94
        ]
    ],
    "macro avg": {
        "f1-score": 0.6049291343350651,
        "precision": 0.5705289968360997,
        "recall": 0.7965303264486179,
        "support": 16800
    },
    "producer_accuracy": [
        88.54690736904409,
        32.146829810901004,
        97.88671401351118,
        9.631147540983607
    ],
    "user_accuracy": [
        86.00172463351538,
        74.67700258397933,
        88.30377373232284,
        69.62962962962963
    ],
    "weighted avg": {
        "f1-score": 0.8997683455032625,
        "precision": 0.9372903401492175,
        "recall": 0.8736309523809523,
        "support": 16800
    }
}