{
    "Mangroves": {
        "f1-score": 0.8741171582883257,
        "precision": 0.8873892872205821,
        "recall": 0.86123618501842,
        "support": 2443
    },
    "Mangroves > Not Mangroves": {
        "f1-score": 0.45435684647302904,
        "precision": 0.3249258160237389,
        "recall": 0.7551724137931034,
        "support": 290
    },
    "Not Mangroves": {
        "f1-score": 0.9287680660701996,
        "precision": 0.979436313051893,
        "recall": 0.8830843058130657,
        "support": 9169
    },
    "Not Mangroves > Mangroves": {
        "f1-score": 0.1603053435114504,
        "precision": 0.09156976744186046,
        "recall": 0.6428571428571429,
        "support": 98
    },
    "accuracy": 0.8735833333333334,
    "accuracy_conf_interval": [
        0.004975165844155534,
        0.005945929911307833,
        0.00706837586395268,
        0.007826785291415414
    ],
    "cls_confidence_intervals": {
        "Mangroves": [
            0.010646945120356589,
            0.01272439782676763,
            0.015126452518555399,
            0.016749462445439026
        ],
        "Mangroves > Not Mangroves": [
            0.029585693856409412,
            0.03535851216985515,
            0.04203333334477679,
            0.04654334765215627
        ],
        "Not Mangroves": [
            0.0025598143652996687,
            0.0030592903390166772,
            0.0036368094336269685,
            0.004027025038093382
        ],
        "Not Mangroves > Mangroves": [
            0.018033144972505317,
            0.02155180740616489,
            0.025620260845083773,
            0.028369215871380315
        ]
    },
    "cohen_kappa": 0.7070704730126364,
    "confusion_matrix": [
        [
            2104,
            138,
            117,
            84
        ],
        [
            10,
            219,
            40,
            21
        ],
        [
            247,
            305,
            8097,
            520
        ],
        [
            10,
            12,
            13,
            63
        ]
    ],
    "macro avg": {
        "f1-score": 0.6043868535857513,
        "precision": 0.5708302959345186,
        "recall": 0.785587511870433,
        "support": 12000
    },
    "producer_accuracy": [
        88.7389287220582,
        32.49258160237389,
        97.9436313051893,
        9.156976744186046
    ],
    "user_accuracy": [
        86.123618501842,
        75.51724137931033,
        88.30843058130657,
        64.28571428571429
    ],
    "weighted avg": {
        "f1-score": 0.8999013353864451,
        "precision": 0.9376288255757397,
        "recall": 0.8735833333333334,
        "support": 12000
    }
}