{
    "Mangroves": {
        "f1-score": 0.8537350910232268,
        "precision": 0.8387665198237886,
        "recall": 0.8692476260043828,
        "support": 5476
    },
    "Mangroves > Not Mangroves": {
        "f1-score": 0.19029126213592235,
        "precision": 0.109375,
        "recall": 0.7313432835820896,
        "support": 201
    },
    "Not Mangroves": {
        "f1-score": 0.9329872868468541,
        "precision": 0.9912964798138653,
        "recall": 0.8811566449636155,
        "support": 26110
    },
    "Not Mangroves > Mangroves": {
        "f1-score": 0.12493702770780858,
        "precision": 0.06997742663656885,
        "recall": 0.5821596244131455,
        "support": 213
    },
    "accuracy": 0.8761875,
    "accuracy_conf_interval": [
        0.003019601496078114,
        0.003608792031898234,
        0.004290043588940248,
        0.004750348695049716
    ],
    "cls_confidence_intervals": {
        "Mangroves": [
            0.00800587993470976,
            0.00956800284879947,
            0.011374207468215698,
            0.012594615994848282
        ],
        "Mangroves > Not Mangroves": [
            0.01396209817852872,
            0.016686410018241643,
            0.01983639558290971,
            0.02196476420768543
        ],
        "Not Mangroves": [
            0.0009999191508091637,
            0.0011950253265768055,
            0.0014206168423081414,
            0.0015730435421266115
        ],
        "Not Mangroves > Mangroves": [
            0.009938886200314684,
            0.011878181068668768,
            0.01412049076020318,
            0.015635564876104808
        ]
    },
    "cohen_kappa": 0.671789884431902,
    "confusion_matrix": [
        [
            4760,
            211,
            149,
            356
        ],
        [
            19,
            147,
            22,
            13
        ],
        [
            875,
            949,
            23007,
            1279
        ],
        [
            21,
            37,
            31,
            124
        ]
    ],
    "macro avg": {
        "f1-score": 0.525487666928453,
        "precision": 0.5023538565685557,
        "recall": 0.7659767947408084,
        "support": 32000
    },
    "producer_accuracy": [
        83.87665198237886,
        10.9375,
        99.12964798138653,
        6.997742663656885
    ],
    "user_accuracy": [
        86.92476260043827,
        73.13432835820896,
        88.11566449636155,
        58.21596244131455
    ],
    "weighted avg": {
        "f1-score": 0.909381610893926,
        "precision": 0.9535226911677712,
        "recall": 0.8761875,
        "support": 32000
    }
}