{
    "Mangroves": {
        "f1-score": 0.8540400518083092,
        "precision": 0.8385834474662492,
        "recall": 0.8700771416971174,
        "support": 4926
    },
    "Mangroves > Not Mangroves": {
        "f1-score": 0.1872278664731495,
        "precision": 0.10758965804837364,
        "recall": 0.7206703910614525,
        "support": 179
    },
    "Not Mangroves": {
        "f1-score": 0.9331050948240913,
        "precision": 0.9912901990811639,
        "recall": 0.8813717981448388,
        "support": 23502
    },
    "Not Mangroves > Mangroves": {
        "f1-score": 0.12534974818130945,
        "precision": 0.07026348808030113,
        "recall": 0.5803108808290155,
        "support": 193
    },
    "accuracy": 0.8764236111111111,
    "accuracy_conf_interval": [
        0.0031803314857081354,
        0.0038008839707243574,
        0.004518397781524364,
        0.005003204410443287
    ],
    "cls_confidence_intervals": {
        "Mangroves": [
            0.008439915222668777,
            0.010086727949043172,
            0.011990855163913568,
            0.013277427606393565
        ],
        "Mangroves > Not Mangroves": [
            0.014675801107686515,
            0.017539372055527785,
            0.020850375963969256,
            0.02308754076697025
        ],
        "Not Mangroves": [
            0.0010541848938205585,
            0.0012598795072489603,
            0.0014977139040255496,
            0.0016584128207664886
        ],
        "Not Mangroves > Mangroves": [
            0.010498916594550966,
            0.012547485686170668,
            0.014916143698355947,
            0.016516588301183837
        ]
    },
    "cohen_kappa": 0.6721527497104135,
    "confusion_matrix": [
        [
            4286,
            191,
            135,
            314
        ],
        [
            18,
            129,
            20,
            12
        ],
        [
            788,
            844,
            20714,
            1156
        ],
        [
            19,
            35,
            27,
            112
        ]
    ],
    "macro avg": {
        "f1-score": 0.5249306903217149,
        "precision": 0.501931698169022,
        "recall": 0.7631075529331061,
        "support": 28800
    },
    "producer_accuracy": [
        83.85834474662492,
        10.758965804837365,
        99.12901990811639,
        7.026348808030113
    ],
    "user_accuracy": [
        87.00771416971173,
        72.06703910614524,
        88.13717981448389,
        58.03108808290155
    ],
    "weighted avg": {
        "f1-score": 0.9095327612243476,
        "precision": 0.9535063792713339,
        "recall": 0.8764236111111111,
        "support": 28800
    }
}