{
    "Mangroves": {
        "f1-score": 0.8540006733251038,
        "precision": 0.840141311547803,
        "recall": 0.8683249657690553,
        "support": 4382
    },
    "Mangroves > Not Mangroves": {
        "f1-score": 0.18459069020866772,
        "precision": 0.10579576816927323,
        "recall": 0.7232704402515723,
        "support": 159
    },
    "Not Mangroves": {
        "f1-score": 0.9331678151601136,
        "precision": 0.9910671043426788,
        "recall": 0.8816602039350855,
        "support": 20889
    },
    "Not Mangroves > Mangroves": {
        "f1-score": 0.12730744748567793,
        "precision": 0.07137758743754462,
        "recall": 0.5882352941176471,
        "support": 170
    },
    "accuracy": 0.8764453125,
    "accuracy_conf_interval": [
        0.0033729964958594556,
        0.00403114215358813,
        0.00479212307033691,
        0.005306299365437437
    ],
    "cls_confidence_intervals": {
        "Mangroves": [
            0.008930730431862174,
            0.0106733119795426,
            0.01268817189404809,
            0.014049563728173422
        ],
        "Mangroves > Not Mangroves": [
            0.015299653124625405,
            0.01828495129528402,
            0.021736702305108047,
            0.02406896650093509
        ],
        "Not Mangroves": [
            0.0011319665559534724,
            0.001352838079066345,
            0.001608220777665604,
            0.0017807766550975359
        ],
        "Not Mangroves > Mangroves": [
            0.011280420610764093,
            0.013481478290913186,
            0.016026451233585575,
            0.017746027546202053
        ]
    },
    "cohen_kappa": 0.6720721817026477,
    "confusion_matrix": [
        [
            3805,
            170,
            124,
            283
        ],
        [
            16,
            115,
            17,
            11
        ],
        [
            693,
            772,
            18417,
            1007
        ],
        [
            15,
            30,
            25,
            100
        ]
    ],
    "macro avg": {
        "f1-score": 0.5247666565448907,
        "precision": 0.5020954428743248,
        "recall": 0.76537272601834,
        "support": 25600
    },
    "producer_accuracy": [
        84.0141311547803,
        10.579576816927323,
        99.10671043426788,
        7.137758743754461
    ],
    "user_accuracy": [
        86.83249657690553,
        72.32704402515722,
        88.16602039350855,
        58.82352941176471
    ],
    "weighted avg": {
        "f1-score": 0.9096158448127329,
        "precision": 0.9536271752664058,
        "recall": 0.8764453125,
        "support": 25600
    }
}