{
    "Mangroves": {
        "f1-score": 0.8557908968003606,
        "precision": 0.8417553191489362,
        "recall": 0.8703024747937672,
        "support": 2182
    },
    "Mangroves > Not Mangroves": {
        "f1-score": 0.14789915966386555,
        "precision": 0.0825515947467167,
        "recall": 0.7096774193548387,
        "support": 62
    },
    "Not Mangroves": {
        "f1-score": 0.9334074373484237,
        "precision": 0.9902444253859348,
        "recall": 0.8827408256880734,
        "support": 10464
    },
    "Not Mangroves > Mangroves": {
        "f1-score": 0.13161290322580646,
        "precision": 0.0746705710102489,
        "recall": 0.5543478260869565,
        "support": 92
    },
    "accuracy": 0.877421875,
    "accuracy_conf_interval": [
        0.004753894932373416,
        0.005681484187470668,
        0.006754009263676866,
        0.007478688369221594
    ],
    "cls_confidence_intervals": {
        "Mangroves": [
            0.01260177715661312,
            0.015060660504244948,
            0.017903744374944252,
            0.019824746990281618
        ],
        "Mangroves > Not Mangroves": [
            0.0195494166334717,
            0.02336393695219788,
            0.027774476070725036,
            0.030754570069729866
        ],
        "Not Mangroves": [
            0.0016689649260128816,
            0.001994616618893444,
            0.0023711513887865942,
            0.0026255667738495337
        ],
        "Not Mangroves > Mangroves": [
            0.016495155717116163,
            0.01971372268630956,
            0.02343519074443943,
            0.025949696189121768
        ]
    },
    "cohen_kappa": 0.6719146191253036,
    "confusion_matrix": [
        [
            1899,
            75,
            67,
            141
        ],
        [
            4,
            44,
            9,
            5
        ],
        [
            343,
            398,
            9237,
            486
        ],
        [
            10,
            16,
            15,
            51
        ]
    ],
    "macro avg": {
        "f1-score": 0.5171775992596142,
        "precision": 0.4973054775729591,
        "recall": 0.754267136480909,
        "support": 12800
    },
    "producer_accuracy": [
        84.17553191489363,
        8.25515947467167,
        99.02444253859348,
        7.46705710102489
    ],
    "user_accuracy": [
        87.03024747937673,
        70.96774193548387,
        88.27408256880734,
        55.434782608695656
    ],
    "weighted avg": {
        "f1-score": 0.9106085387678301,
        "precision": 0.9539543488303625,
        "recall": 0.877421875,
        "support": 12800
    }
}