{
    "Mangroves": {
        "f1-score": 0.8526821457165733,
        "precision": 0.8369351669941061,
        "recall": 0.8690330477356181,
        "support": 2451
    },
    "Mangroves > Not Mangroves": {
        "f1-score": 0.1407185628742515,
        "precision": 0.07833333333333334,
        "recall": 0.6911764705882353,
        "support": 68
    },
    "Not Mangroves": {
        "f1-score": 0.932794249775382,
        "precision": 0.9903653534293618,
        "recall": 0.8815487815233082,
        "support": 11777
    },
    "Not Mangroves > Mangroves": {
        "f1-score": 0.13013698630136986,
        "precision": 0.07383419689119171,
        "recall": 0.5480769230769231,
        "support": 104
    },
    "accuracy": 0.8761111111111111,
    "accuracy_conf_interval": [
        0.004502548245876683,
        0.005381094245072134,
        0.006396913056641873,
        0.00708327711851332
    ],
    "cls_confidence_intervals": {
        "Mangroves": [
            0.012009530186594628,
            0.014352853149832603,
            0.017062320326076515,
            0.018893041391106185
        ],
        "Mangroves > Not Mangroves": [
            0.01798988831209025,
            0.0215001104217664,
            0.02555880473607944,
            0.028301165759263933
        ],
        "Not Mangroves": [
            0.0015646480691380602,
            0.0018699452533601207,
            0.002222945122616878,
            0.002461458547790363
        ],
        "Not Mangroves > Mangroves": [
            0.01543506086173322,
            0.01844678005426653,
            0.021929080370633174,
            0.024281985989799824
        ]
    },
    "cohen_kappa": 0.6687043621546628,
    "confusion_matrix": [
        [
            2130,
            90,
            74,
            157
        ],
        [
            7,
            47,
            9,
            5
        ],
        [
            398,
            444,
            10382,
            553
        ],
        [
            10,
            19,
            18,
            57
        ]
    ],
    "macro avg": {
        "f1-score": 0.5140829861668941,
        "precision": 0.49486701266199823,
        "recall": 0.7474588057310212,
        "support": 14400
    },
    "producer_accuracy": [
        83.69351669941061,
        7.833333333333334,
        99.03653534293618,
        7.383419689119171
    ],
    "user_accuracy": [
        86.90330477356181,
        69.11764705882352,
        88.15487815233082,
        54.807692307692314
    ],
    "weighted avg": {
        "f1-score": 0.909621175528249,
        "precision": 0.9533240475544096,
        "recall": 0.8761111111111111,
        "support": 14400
    }
}