{
    "Mangroves": {
        "f1-score": 0.8513632365875111,
        "precision": 0.8461538461538461,
        "recall": 0.856637168141593,
        "support": 565
    },
    "Mangroves > Not Mangroves": {
        "f1-score": 0.10256410256410255,
        "precision": 0.056338028169014086,
        "recall": 0.5714285714285714,
        "support": 14
    },
    "Not Mangroves": {
        "f1-score": 0.9288039056143206,
        "precision": 0.9870298313878081,
        "recall": 0.8770649250864387,
        "support": 2603
    },
    "Not Mangroves > Mangroves": {
        "f1-score": 0.13612565445026178,
        "precision": 0.07514450867052024,
        "recall": 0.7222222222222222,
        "support": 18
    },
    "accuracy": 0.87125,
    "accuracy_conf_interval": [
        0.009709880237096132,
        0.011604491015066108,
        0.013795134727093894,
        0.01527529939738294
    ],
    "cls_confidence_intervals": {
        "Mangroves": [
            0.02474080474050937,
            0.029568278836218514,
            0.035150045759382215,
            0.038921509896654986
        ],
        "Mangroves > Not Mangroves": [
            0.0317328240841394,
            0.03792459463714221,
            0.04508382933905171,
            0.04992115008358516
        ],
        "Not Mangroves": [
            0.003858282134603941,
            0.004611117673063247,
            0.005481583764406819,
            0.006069736528828152
        ],
        "Not Mangroves > Mangroves": [
            0.03287050382677791,
            0.03928426067102727,
            0.046700167022190577,
            0.051710914556760385
        ]
    },
    "cohen_kappa": 0.6611649664518877,
    "confusion_matrix": [
        [
            484,
            23,
            24,
            34
        ],
        [
            1,
            8,
            4,
            1
        ],
        [
            86,
            109,
            2283,
            125
        ],
        [
            1,
            2,
            2,
            13
        ]
    ],
    "macro avg": {
        "f1-score": 0.504714224804049,
        "precision": 0.49116655359529715,
        "recall": 0.7568382217197064,
        "support": 3200
    },
    "producer_accuracy": [
        84.61538461538461,
        5.633802816901409,
        98.70298313878081,
        7.514450867052023
    ],
    "user_accuracy": [
        85.6637168141593,
        57.14285714285714,
        87.70649250864388,
        72.22222222222221
    ],
    "weighted avg": {
        "f1-score": 0.907057173188132,
        "precision": 0.9529552836655697,
        "recall": 0.87125,
        "support": 3200
    }
}