{
    "Mangroves": {
        "f1-score": 0.8566392479435957,
        "precision": 0.8427745664739884,
        "recall": 0.8709677419354839,
        "support": 837
    },
    "Mangroves > Not Mangroves": {
        "f1-score": 0.0810810810810811,
        "precision": 0.04411764705882353,
        "recall": 0.5,
        "support": 18
    },
    "Not Mangroves": {
        "f1-score": 0.9301570113697888,
        "precision": 0.9882082254817371,
        "recall": 0.8785476860138072,
        "support": 3911
    },
    "Not Mangroves > Mangroves": {
        "f1-score": 0.1388888888888889,
        "precision": 0.07874015748031496,
        "recall": 0.5882352941176471,
        "support": 34
    },
    "accuracy": 0.87375,
    "accuracy_conf_interval": [
        0.007861990543908074,
        0.009396037479304772,
        0.011169779248357204,
        0.012368253416635874
    ],
    "cls_confidence_intervals": {
        "Mangroves": [
            0.02029798396998872,
            0.024258566208035303,
            0.02883798942077666,
            0.03193219429425055
        ],
        "Mangroves > Not Mangroves": [
            0.023579639296968206,
            0.02818054452564493,
            0.033500341196302394,
            0.03709479840620608
        ],
        "Not Mangroves": [
            0.0030023085148791536,
            0.00358812481046533,
            0.004265474902236847,
            0.004723143883163547
        ],
        "Not Mangroves > Mangroves": [
            0.027715084028529634,
            0.03312290530238907,
            0.03937569865028906,
            0.043600559020491744
        ]
    },
    "cohen_kappa": 0.6658525882409703,
    "confusion_matrix": [
        [
            729,
            32,
            27,
            49
        ],
        [
            2,
            9,
            6,
            1
        ],
        [
            133,
            158,
            3436,
            184
        ],
        [
            1,
            5,
            8,
            20
        ]
    ],
    "macro avg": {
        "f1-score": 0.5016915573208386,
        "precision": 0.488460149123716,
        "recall": 0.7094376805167346,
        "support": 4800
    },
    "producer_accuracy": [
        84.27745664739884,
        4.411764705882353,
        98.82082254817371,
        7.874015748031496
    ],
    "user_accuracy": [
        87.09677419354838,
        50.0,
        87.85476860138071,
        58.82352941176471
    ],
    "weighted avg": {
        "f1-score": 0.9085485007661908,
        "precision": 0.9528658260414985,
        "recall": 0.87375,
        "support": 4800
    }
}