{
    "Mangroves": {
        "f1-score": 0.8556095067722975,
        "precision": 0.8412060301507538,
        "recall": 0.8705148205928237,
        "support": 3846
    },
    "Mangroves > Not Mangroves": {
        "f1-score": 0.18726591760299624,
        "precision": 0.10706638115631692,
        "recall": 0.746268656716418,
        "support": 134
    },
    "Not Mangroves": {
        "f1-score": 0.9336114007646855,
        "precision": 0.9912048711482871,
        "recall": 0.8823432794963044,
        "support": 18265
    },
    "Not Mangroves > Mangroves": {
        "f1-score": 0.13024602026049206,
        "precision": 0.07334963325183375,
        "recall": 0.5806451612903226,
        "support": 155
    },
    "accuracy": 0.8774107142857143,
    "accuracy_conf_interval": [
        0.0035937475243209877,
        0.004294966553456791,
        0.005105751055895062,
        0.005653578422407408
    ],
    "cls_confidence_intervals": {
        "Mangroves": [
            0.009501025938278632,
            0.011354884657942757,
            0.0134984088025544,
            0.014946735927291996
        ],
        "Mangroves > Not Mangroves": [
            0.01659229876091685,
            0.01982982047036404,
            0.023573204946912354,
            0.026102518782417972
        ],
        "Not Mangroves": [
            0.0012008803804877176,
            0.0014351985035097113,
            0.0017061288332538916,
            0.0018891898668648242
        ],
        "Not Mangroves > Mangroves": [
            0.01220614405203373,
            0.014587830696332996,
            0.01734165587880402,
            0.01920234856966282
        ]
    },
    "cohen_kappa": 0.674835366584978,
    "confusion_matrix": [
        [
            3348,
            145,
            106,
            247
        ],
        [
            11,
            100,
            13,
            10
        ],
        [
            607,
            662,
            16116,
            880
        ],
        [
            14,
            27,
            24,
            90
        ]
    ],
    "macro avg": {
        "f1-score": 0.5266832113501179,
        "precision": 0.5032067289267979,
        "recall": 0.7699429795239672,
        "support": 22400
    },
    "producer_accuracy": [
        84.12060301507537,
        10.706638115631693,
        99.12048711482872,
        7.334963325183375
    ],
    "user_accuracy": [
        87.05148205928236,
        74.6268656716418,
        88.23432794963044,
        58.06451612903226
    ],
    "weighted avg": {
        "f1-score": 0.910195007326447,
        "precision": 0.9538103326657252,
        "recall": 0.8774107142857143,
        "support": 22400
    }
}