{
    "Mangroves": {
        "f1-score": 0.8588374851720048,
        "precision": 0.8413712957582801,
        "recall": 0.8770442156268928,
        "support": 1651
    },
    "Mangroves > Not Mangroves": {
        "f1-score": 0.13004484304932737,
        "precision": 0.07231920199501247,
        "recall": 0.6444444444444445,
        "support": 45
    },
    "Not Mangroves": {
        "f1-score": 0.9321621621621622,
        "precision": 0.9902383003158197,
        "recall": 0.8805208067398519,
        "support": 7834
    },
    "Not Mangroves > Mangroves": {
        "f1-score": 0.13058419243986255,
        "precision": 0.07421875,
        "recall": 0.5428571428571428,
        "support": 70
    },
    "accuracy": 0.8763541666666667,
    "accuracy_conf_interval": [
        0.005509824964129471,
        0.006584912762008392,
        0.007827983028305896,
        0.008667895370398802
    ],
    "cls_confidence_intervals": {
        "Mangroves": [
            0.014442359358073894,
            0.017260380696234656,
            0.020518717868483034,
            0.022720297038921127
        ],
        "Mangroves > Not Mangroves": [
            0.02121278831012266,
            0.025351868956000254,
            0.03013768095279622,
            0.03337133770738809
        ],
        "Not Mangroves": [
            0.001931900230184747,
            0.0023088563726598194,
            0.0027447119123966226,
            0.003039208898705273
        ],
        "Not Mangroves > Mangroves": [
            0.018998524608548836,
            0.022705553800460805,
            0.026991806303609017,
            0.029887922859790243
        ]
    },
    "cohen_kappa": 0.671542756340598,
    "confusion_matrix": [
        [
            1448,
            54,
            49,
            100
        ],
        [
            4,
            29,
            8,
            4
        ],
        [
            261,
            305,
            6898,
            370
        ],
        [
            8,
            13,
            11,
            38
        ]
    ],
    "macro avg": {
        "f1-score": 0.5129071707058392,
        "precision": 0.49453688701727805,
        "recall": 0.736216652417083,
        "support": 9600
    },
    "producer_accuracy": [
        84.13712957582801,
        7.231920199501247,
        99.02383003158197,
        7.421875
    ],
    "user_accuracy": [
        87.70442156268928,
        64.44444444444444,
        88.05208067398519,
        54.285714285714285
    ],
    "weighted avg": {
        "f1-score": 0.9099470810213925,
        "precision": 0.9536542219334196,
        "recall": 0.8763541666666667,
        "support": 9600
    }
}