{
    "Mangroves": {
        "f1-score": 0.8686090012470242,
        "precision": 0.8622552329507089,
        "recall": 0.8750571037003197,
        "support": 4378
    },
    "Mangroves > Not Mangroves": {
        "f1-score": 0.2665589660743134,
        "precision": 0.165,
        "recall": 0.6932773109243697,
        "support": 238
    },
    "Not Mangroves": {
        "f1-score": 0.9230655967017596,
        "precision": 0.9829100031357793,
        "recall": 0.870090215128383,
        "support": 14410
    },
    "Not Mangroves > Mangroves": {
        "f1-score": 0.19063829787234043,
        "precision": 0.11188811188811189,
        "recall": 0.6436781609195402,
        "support": 174
    },
    "accuracy": 0.8669791666666666,
    "accuracy_conf_interval": [
        0.004019364538933839,
        0.004803630790433125,
        0.005710438643729174,
        0.006323146652712991
    ],
    "cls_confidence_intervals": {
        "Mangroves": [
            0.008479322731287655,
            0.010133824727636466,
            0.01204684266091478,
            0.013339422345562287
        ],
        "Mangroves > Not Mangroves": [
            0.019249925714142378,
            0.023006008780316504,
            0.027348979825580332,
            0.030283419721028867
        ],
        "Not Mangroves": [
            0.0018819776509529174,
            0.0022491928023583648,
            0.0026737853211709134,
            0.002960672158206419
        ],
        "Not Mangroves > Mangroves": [
            0.01634002150048118,
            0.01952831837862385,
            0.023214786643976314,
            0.025705643580025275
        ]
    },
    "cohen_kappa": 0.7027395549963225,
    "confusion_matrix": [
        [
            3831,
            215,
            178,
            154
        ],
        [
            25,
            165,
            23,
            25
        ],
        [
            563,
            599,
            12538,
            710
        ],
        [
            24,
            21,
            17,
            112
        ]
    ],
    "macro avg": {
        "f1-score": 0.5622179654738594,
        "precision": 0.5305133369936501,
        "recall": 0.7705256976681532,
        "support": 19200
    },
    "producer_accuracy": [
        86.2255232950709,
        16.5,
        98.29100031357792,
        11.188811188811188
    ],
    "user_accuracy": [
        87.50571037003198,
        69.32773109243698,
        87.0090215128383,
        64.36781609195403
    ],
    "weighted avg": {
        "f1-score": 0.8958727892545469,
        "precision": 0.9373658899225684,
        "recall": 0.8669791666666666,
        "support": 19200
    }
}