{
    "Mangroves": {
        "f1-score": 0.8691037066469888,
        "precision": 0.8643445862030033,
        "recall": 0.8739155251141553,
        "support": 17520
    },
    "Mangroves > Not Mangroves": {
        "f1-score": 0.28438511326860844,
        "precision": 0.17730138713745272,
        "recall": 0.7180796731358529,
        "support": 979
    },
    "Not Mangroves": {
        "f1-score": 0.9242043897639605,
        "precision": 0.9827714330413017,
        "recall": 0.8722252113091622,
        "support": 57617
    },
    "Not Mangroves > Mangroves": {
        "f1-score": 0.19019061897622616,
        "precision": 0.11141781681304894,
        "recall": 0.6491228070175439,
        "support": 684
    },
    "accuracy": 0.8686588541666667,
    "accuracy_conf_interval": [
        0.0019988870933807497,
        0.002388913843308701,
        0.0028398822729128947,
        0.0031445906712941063
    ],
    "cls_confidence_intervals": {
        "Mangroves": [
            0.0042193694218664625,
            0.005042661016376992,
            0.005994591922529792,
            0.006637788480741143
        ],
        "Mangroves > Not Mangroves": [
            0.009947150788117327,
            0.011888058258969488,
            0.014132232522142301,
            0.015648566483745553
        ],
        "Not Mangroves": [
            0.0009436942545658641,
            0.0011278297188713985,
            0.0013407363494746729,
            0.0014845921809633717
        ],
        "Not Mangroves > Mangroves": [
            0.008174398542173045,
            0.009769403135767787,
            0.011613627197111707,
            0.012859724535857597
        ]
    },
    "cohen_kappa": 0.7060009935186109,
    "confusion_matrix": [
        [
            15311,
            868,
            710,
            631
        ],
        [
            79,
            703,
            104,
            93
        ],
        [
            2217,
            2328,
            50255,
            2817
        ],
        [
            107,
            66,
            67,
            444
        ]
    ],
    "macro avg": {
        "f1-score": 0.566970957163946,
        "precision": 0.5339588057987017,
        "recall": 0.7783358041441786,
        "support": 76800
    },
    "producer_accuracy": [
        86.43445862030032,
        17.730138713745273,
        98.27714330413016,
        11.141781681304893
    ],
    "user_accuracy": [
        87.39155251141553,
        71.80796731358528,
        87.22252113091622,
        64.91228070175438
    ],
    "weighted avg": {
        "f1-score": 0.8969412067025397,
        "precision": 0.9377271699547525,
        "recall": 0.8686588541666667,
        "support": 76800
    }
}