{
    "Mangroves": {
        "f1-score": 0.8693557327420799,
        "precision": 0.8632456920276049,
        "recall": 0.875552883583115,
        "support": 23287
    },
    "Mangroves > Not Mangroves": {
        "f1-score": 0.2897420515896821,
        "precision": 0.18110236220472442,
        "recall": 0.7241379310344828,
        "support": 1334
    },
    "Not Mangroves": {
        "f1-score": 0.9236881311041217,
        "precision": 0.983072247588566,
        "recall": 0.871069714196511,
        "support": 76871
    },
    "Not Mangroves > Mangroves": {
        "f1-score": 0.1925664851009292,
        "precision": 0.11267341582302212,
        "recall": 0.6618942731277533,
        "support": 908
    },
    "accuracy": 0.8683203125,
    "accuracy_conf_interval": [
        0.0017329787748413307,
        0.002071120974810371,
        0.0024620978935245737,
        0.0027262714872503865
    ],
    "cls_confidence_intervals": {
        "Mangroves": [
            0.0036664926008436404,
            0.004381905791252156,
            0.005209102292662002,
            0.005768018847668654
        ],
        "Mangroves > Not Mangroves": [
            0.008647572446418795,
            0.01033490365547612,
            0.012285880365948654,
            0.01360410787302469
        ],
        "Not Mangroves": [
            0.0008106272721482176,
            0.0009687984472015283,
            0.0011516838683569188,
            0.0012752550988673179
        ],
        "Not Mangroves > Mangroves": [
            0.007100187526815671,
            0.008485589971072387,
            0.010087461547244218,
            0.011169807206819777
        ]
    },
    "cohen_kappa": 0.7054608431579621,
    "confusion_matrix": [
        [
            20389,
            1140,
            926,
            832
        ],
        [
            101,
            966,
            142,
            125
        ],
        [
            2998,
            3137,
            66960,
            3776
        ],
        [
            131,
            91,
            85,
            601
        ]
    ],
    "macro avg": {
        "f1-score": 0.5688381001342032,
        "precision": 0.5350234294109795,
        "recall": 0.7831637004854655,
        "support": 102400
    },
    "producer_accuracy": [
        86.32456920276049,
        18.11023622047244,
        98.3072247588566,
        11.267341582302212
    ],
    "user_accuracy": [
        87.5552883583115,
        72.41379310344827,
        87.1069714196511,
        66.18942731277532
    ],
    "weighted avg": {
        "f1-score": 0.8965906595679886,
        "precision": 0.937656710814218,
        "recall": 0.8683203125,
        "support": 102400
    }
}