{
    "Mangroves": {
        "f1-score": 0.8625498007968128,
        "precision": 0.8534822601839684,
        "recall": 0.8718120805369127,
        "support": 1490
    },
    "Mangroves > Not Mangroves": {
        "f1-score": 0.27230046948356806,
        "precision": 0.17008797653958943,
        "recall": 0.6823529411764706,
        "support": 85
    },
    "Not Mangroves": {
        "f1-score": 0.9210760337927968,
        "precision": 0.9819862526665086,
        "recall": 0.8672807201172283,
        "support": 4777
    },
    "Not Mangroves > Mangroves": {
        "f1-score": 0.14207650273224043,
        "precision": 0.08176100628930817,
        "recall": 0.5416666666666666,
        "support": 48
    },
    "accuracy": 0.8634375,
    "accuracy_conf_interval": [
        0.007039390272266018,
        0.008412929837586217,
        0.010001084959987697,
        0.011074162745394103
    ],
    "cls_confidence_intervals": {
        "Mangroves": [
            0.01486547792934115,
            0.017766058988724787,
            0.02111985583863712,
            0.02338593479128059
        ],
        "Mangroves > Not Mangroves": [
            0.03336717922713903,
            0.03987784834462957,
            0.04740580951172801,
            0.05249226975976749
        ],
        "Not Mangroves": [
            0.0033581015311963153,
            0.004013340854356572,
            0.00477096132176062,
            0.00528286704297957
        ],
        "Not Mangroves > Mangroves": [
            0.025198881706156022,
            0.030115736673210856,
            0.03580085022886801,
            0.0396421431718796
        ]
    },
    "cohen_kappa": 0.697542009736448,
    "confusion_matrix": [
        [
            1299,
            81,
            63,
            47
        ],
        [
            11,
            58,
            8,
            8
        ],
        [
            200,
            197,
            4143,
            237
        ],
        [
            12,
            5,
            5,
            26
        ]
    ],
    "macro avg": {
        "f1-score": 0.5495007017013546,
        "precision": 0.5218293739198437,
        "recall": 0.7407781021243195,
        "support": 6400
    },
    "producer_accuracy": [
        85.34822601839684,
        17.008797653958943,
        98.19862526665086,
        8.176100628930817
    ],
    "user_accuracy": [
        87.18120805369128,
        68.23529411764706,
        86.72807201172283,
        54.166666666666664
    ],
    "weighted avg": {
        "f1-score": 0.8929913482269832,
        "precision": 0.9345342035890276,
        "recall": 0.8634375,
        "support": 6400
    }
}