{
    "Mangroves": {
        "f1-score": 0.868636108603908,
        "precision": 0.8629313687475766,
        "recall": 0.8744167771720446,
        "support": 20361
    },
    "Mangroves > Not Mangroves": {
        "f1-score": 0.28905712319339294,
        "precision": 0.180334907685702,
        "recall": 0.7279029462738301,
        "support": 1154
    },
    "Not Mangroves": {
        "f1-score": 0.9238088486652961,
        "precision": 0.9828542696723372,
        "recall": 0.8714557451108601,
        "support": 67292
    },
    "Not Mangroves > Mangroves": {
        "f1-score": 0.1923501287237955,
        "precision": 0.11259418729817007,
        "recall": 0.6595208070617906,
        "support": 793
    },
    "accuracy": 0.8684040178571428,
    "accuracy_conf_interval": [
        0.0018521325751515764,
        0.002213524297132372,
        0.0026313834756726668,
        0.0029137207584701633
    ],
    "cls_confidence_intervals": {
        "Mangroves": [
            0.003926723754914175,
            0.004692913755873038,
            0.005578820944481724,
            0.006177406882730836
        ],
        "Mangroves > Not Mangroves": [
            0.009238516244995177,
            0.011041153561091798,
            0.013125452957828515,
            0.014533763361028998
        ],
        "Not Mangroves": [
            0.0008715786518972956,
            0.001041642779096768,
            0.001238279426171158,
            0.0013711420255457457
        ],
        "Not Mangroves > Mangroves": [
            0.007606241473020491,
            0.009090386150683027,
            0.010806428434230334,
            0.011965916463654188
        ]
    },
    "cohen_kappa": 0.7052279486252271,
    "confusion_matrix": [
        [
            17804,
            1003,
            831,
            723
        ],
        [
            86,
            840,
            119,
            109
        ],
        [
            2626,
            2734,
            58642,
            3290
        ],
        [
            116,
            81,
            73,
            523
        ]
    ],
    "macro avg": {
        "f1-score": 0.5684630522965981,
        "precision": 0.5346786833509464,
        "recall": 0.7833240689046315,
        "support": 89600
    },
    "producer_accuracy": [
        86.29313687475766,
        18.0334907685702,
        98.28542696723372,
        11.259418729817007
    ],
    "user_accuracy": [
        87.44167771720446,
        72.790294627383,
        87.14557451108601,
        65.95208070617906
    ],
    "weighted avg": {
        "f1-score": 0.8966222145525939,
        "precision": 0.9375643837930476,
        "recall": 0.8684040178571428,
        "support": 89600
    }
}