{
    "Mangroves": {
        "f1-score": 0.8671163575042158,
        "precision": 0.8590043434680922,
        "recall": 0.8753830439223698,
        "support": 2937
    },
    "Mangroves > Not Mangroves": {
        "f1-score": 0.2619339045287638,
        "precision": 0.16310975609756098,
        "recall": 0.6645962732919255,
        "support": 161
    },
    "Not Mangroves": {
        "f1-score": 0.9215262778977681,
        "precision": 0.9822904368358913,
        "recall": 0.8678418691978721,
        "support": 9587
    },
    "Not Mangroves > Mangroves": {
        "f1-score": 0.19095477386934673,
        "precision": 0.11160058737151249,
        "recall": 0.6608695652173913,
        "support": 115
    },
    "accuracy": 0.86515625,
    "accuracy_conf_interval": [
        0.004951098298578066,
        0.005917166259276225,
        0.0070341823388334725,
        0.007788922933128909
    ],
    "cls_confidence_intervals": {
        "Mangroves": [
            0.010432563494543322,
            0.012468185639820068,
            0.014821873745296307,
            0.016412203546293764
        ],
        "Mangroves > Not Mangroves": [
            0.023657352992457886,
            0.028273421869035035,
            0.03361075150757736,
            0.03721705531740326
        ],
        "Not Mangroves": [
            0.0023503147451753156,
            0.002808912744233914,
            0.0033391666806454182,
            0.003697446367409948
        ],
        "Not Mangroves > Mangroves": [
            0.019788262536797514,
            0.023649386934221417,
            0.02811381201874281,
            0.031130315454230235
        ]
    },
    "cohen_kappa": 0.7000858142713311,
    "confusion_matrix": [
        [
            2571,
            145,
            125,
            96
        ],
        [
            22,
            107,
            15,
            17
        ],
        [
            383,
            392,
            8320,
            492
        ],
        [
            17,
            12,
            10,
            76
        ]
    ],
    "macro avg": {
        "f1-score": 0.5603828284500236,
        "precision": 0.5290012809432643,
        "recall": 0.7671726879073897,
        "support": 12800
    },
    "producer_accuracy": [
        85.90043434680922,
        16.3109756097561,
        98.22904368358914,
        11.16005873715125
    ],
    "user_accuracy": [
        87.53830439223698,
        66.45962732919256,
        86.7841869197872,
        66.08695652173913
    ],
    "weighted avg": {
        "f1-score": 0.8941815879546791,
        "precision": 0.9358756963274147,
        "recall": 0.86515625,
        "support": 12800
    }
}