{
    "Mangroves": {
        "f1-score": 0.8685628538298887,
        "precision": 0.8630879761420631,
        "recall": 0.8741076331685886,
        "support": 14568
    },
    "Mangroves > Not Mangroves": {
        "f1-score": 0.27958579881656803,
        "precision": 0.17392638036809815,
        "recall": 0.7123115577889447,
        "support": 796
    },
    "Not Mangroves": {
        "f1-score": 0.9243758611187655,
        "precision": 0.9829809179989686,
        "recall": 0.8723656562714545,
        "support": 48067
    },
    "Not Mangroves > Mangroves": {
        "f1-score": 0.1934821657685399,
        "precision": 0.11328125,
        "recall": 0.6625659050966608,
        "support": 569
    },
    "accuracy": 0.86890625,
    "accuracy_conf_interval": [
        0.002187919379302434,
        0.002614830477702909,
        0.0031084464352284583,
        0.003441970730853829
    ],
    "cls_confidence_intervals": {
        "Mangroves": [
            0.004641274842955048,
            0.005546889446458472,
            0.006594006331759306,
            0.007301517740746356
        ],
        "Mangroves > Not Mangroves": [
            0.010887474581725603,
            0.013011859865964747,
            0.015468180350866254,
            0.017127856354178086
        ],
        "Not Mangroves": [
            0.0010270325596706857,
            0.0012274291566796,
            0.0014591377219711572,
            0.0016156975633843716
        ],
        "Not Mangroves > Mangroves": [
            0.009009986732621,
            0.010768032924351929,
            0.012800773833540812,
            0.014174247420830599
        ]
    },
    "cohen_kappa": 0.7059578983031932,
    "confusion_matrix": [
        [
            12734,
            713,
            592,
            529
        ],
        [
            67,
            567,
            83,
            79
        ],
        [
            1865,
            1927,
            41932,
            2343
        ],
        [
            88,
            53,
            51,
            377
        ]
    ],
    "macro avg": {
        "f1-score": 0.5665016698834405,
        "precision": 0.5333191311272825,
        "recall": 0.7803376880814121,
        "support": 64000
    },
    "producer_accuracy": [
        86.30879761420631,
        17.392638036809814,
        98.29809179989685,
        11.328125
    ],
    "user_accuracy": [
        87.41076331685886,
        71.23115577889448,
        87.23656562714545,
        66.25659050966608
    ],
    "weighted avg": {
        "f1-score": 0.8971537471745282,
        "precision": 0.9378954976862033,
        "recall": 0.86890625,
        "support": 64000
    }
}