{
    "Mangroves": {
        "f1-score": 0.8687322842341902,
        "precision": 0.8630802097494659,
        "recall": 0.8744588744588745,
        "support": 10164
    },
    "Mangroves > Not Mangroves": {
        "f1-score": 0.2739251040221914,
        "precision": 0.16974645466265578,
        "recall": 0.7091561938958707,
        "support": 557
    },
    "Not Mangroves": {
        "f1-score": 0.9240871085077236,
        "precision": 0.9838720493562232,
        "recall": 0.8711516195113261,
        "support": 33683
    },
    "Not Mangroves > Mangroves": {
        "f1-score": 0.19439388423734982,
        "precision": 0.11356869417269247,
        "recall": 0.6742424242424242,
        "support": 396
    },
    "accuracy": 0.8681473214285714,
    "accuracy_conf_interval": [
        0.0026214768948579306,
        0.003132984581659478,
        0.0037244153445237676,
        0.004124030724837476
    ],
    "cls_confidence_intervals": {
        "Mangroves": [
            0.005555537662045635,
            0.006639545010737467,
            0.007892928507662397,
            0.00873980924882789
        ],
        "Mangroves > Not Mangroves": [
            0.012762959231227555,
            0.015253292739759762,
            0.018132740859000126,
            0.02007831391254091
        ],
        "Not Mangroves": [
            0.00119624409513009,
            0.001429657577106693,
            0.0016995419156421402,
            0.0018818961984363612
        ],
        "Not Mangroves > Mangroves": [
            0.010731721466161364,
            0.012825715898583095,
            0.015246896961070719,
            0.016882830111400196
        ]
    },
    "cohen_kappa": 0.7045122159590574,
    "confusion_matrix": [
        [
            8888,
            511,
            386,
            379
        ],
        [
            45,
            395,
            62,
            55
        ],
        [
            1307,
            1383,
            29343,
            1650
        ],
        [
            58,
            38,
            33,
            267
        ]
    ],
    "macro avg": {
        "f1-score": 0.5652845952503638,
        "precision": 0.5325668519852593,
        "recall": 0.7822522780271239,
        "support": 44800
    },
    "producer_accuracy": [
        86.30802097494659,
        16.974645466265578,
        98.38720493562232,
        11.356869417269246
    ],
    "user_accuracy": [
        87.44588744588745,
        70.91561938958706,
        87.11516195113262,
        67.42424242424242
    ],
    "weighted avg": {
        "f1-score": 0.8969950284357214,
        "precision": 0.938652488136132,
        "recall": 0.8681473214285714,
        "support": 44800
    }
}