{
    "Mangroves": {
        "f1-score": 0.8695224213973386,
        "precision": 0.8631665977676726,
        "recall": 0.8759725400457666,
        "support": 26220
    },
    "Mangroves > Not Mangroves": {
        "f1-score": 0.2888326900039931,
        "precision": 0.18035239361702127,
        "recall": 0.7247828991315965,
        "support": 1497
    },
    "Not Mangroves": {
        "f1-score": 0.9238713159088957,
        "precision": 0.9831884511969092,
        "recall": 0.8713043075926525,
        "support": 86452
    },
    "Not Mangroves > Mangroves": {
        "f1-score": 0.19422196796338673,
        "precision": 0.11390706257339372,
        "recall": 0.6585838991270611,
        "support": 1031
    },
    "accuracy": 0.8685590277777778,
    "accuracy_conf_interval": [
        0.0016326107779162681,
        0.0019511689784852961,
        0.002319501897893235,
        0.002568375492087788
    ],
    "cls_confidence_intervals": {
        "Mangroves": [
            0.003455198058279935,
            0.004129383045261386,
            0.004908909436458688,
            0.005435616457537947
        ],
        "Mangroves > Not Mangroves": [
            0.008129512010691516,
            0.009715758256680104,
            0.011549855478604409,
            0.012789110358282995
        ],
        "Not Mangroves": [
            0.0007617492345522552,
            0.000910383231538061,
            0.001082241290552899,
            0.00119836160069806
        ],
        "Not Mangroves > Mangroves": [
            0.006748375668327019,
            0.008065131896293267,
            0.009587631284879241,
            0.010616347087977871
        ]
    },
    "cohen_kappa": 0.7060780189391737,
    "confusion_matrix": [
        [
            22968,
            1294,
            1031,
            927
        ],
        [
            111,
            1085,
            158,
            143
        ],
        [
            3379,
            3535,
            75326,
            4212
        ],
        [
            151,
            102,
            99,
            679
        ]
    ],
    "macro avg": {
        "f1-score": 0.5691120988184035,
        "precision": 0.5351536262887492,
        "recall": 0.7826609114742692,
        "support": 115200
    },
    "producer_accuracy": [
        86.31665977676725,
        18.035239361702125,
        98.31884511969092,
        11.390706257339373
    ],
    "user_accuracy": [
        87.59725400457667,
        72.47828991315966,
        87.13043075926525,
        65.8583899127061
    ],
    "weighted avg": {
        "f1-score": 0.8967189781067735,
        "precision": 0.9376585233602553,
        "recall": 0.8685590277777778,
        "support": 115200
    }
}