{
    "Mangroves": {
        "f1-score": 0.8690849584072003,
        "precision": 0.862615051434759,
        "recall": 0.8756526518274251,
        "support": 7278
    },
    "Mangroves > Not Mangroves": {
        "f1-score": 0.27759036144578314,
        "precision": 0.17297297297297298,
        "recall": 0.7024390243902439,
        "support": 410
    },
    "Not Mangroves": {
        "f1-score": 0.9233317139954953,
        "precision": 0.9833497954000282,
        "recall": 0.8702185223725286,
        "support": 24025
    },
    "Not Mangroves > Mangroves": {
        "f1-score": 0.1956411556006082,
        "precision": 0.11447212336892053,
        "recall": 0.6724738675958188,
        "support": 287
    },
    "accuracy": 0.86753125,
    "accuracy_conf_interval": [
        0.0031079079107950453,
        0.003714328966559932,
        0.004415503312288083,
        0.004889269762104401
    ],
    "cls_confidence_intervals": {
        "Mangroves": [
            0.006568383451587935,
            0.007850019247019727,
            0.009331910635487738,
            0.010333188600668826
        ],
        "Mangroves > Not Mangroves": [
            0.015201474148882184,
            0.018167615446225048,
            0.02159721632127774,
            0.02391451420982685
        ],
        "Not Mangroves": [
            0.0014391822944469217,
            0.0017199983518999798,
            0.002044691918330078,
            0.0022640794632152795
        ],
        "Not Mangroves > Mangroves": [
            0.012716454772334995,
            0.015197714240107678,
            0.018066670499719842,
            0.02000515445891725
        ]
    },
    "cohen_kappa": 0.7039985846363085,
    "confusion_matrix": [
        [
            6373,
            352,
            281,
            272
        ],
        [
            35,
            288,
            49,
            38
        ],
        [
            937,
            998,
            20907,
            1183
        ],
        [
            43,
            27,
            24,
            193
        ]
    ],
    "macro avg": {
        "f1-score": 0.5664120473622718,
        "precision": 0.5333524857941702,
        "recall": 0.7801960165465042,
        "support": 32000
    },
    "producer_accuracy": [
        86.2615051434759,
        17.2972972972973,
        98.33497954000282,
        11.447212336892052
    ],
    "user_accuracy": [
        87.56526518274251,
        70.24390243902438,
        87.02185223725286,
        67.24738675958189
    ],
    "weighted avg": {
        "f1-score": 0.8961939317462351,
        "precision": 0.9377144874110517,
        "recall": 0.86753125,
        "support": 32000
    }
}