{
    "Mangroves": {
        "f1-score": 0.8740317977986141,
        "precision": 0.9073212018620398,
        "recall": 0.8430987023200944,
        "support": 2543
    },
    "Mangroves > Not Mangroves": {
        "f1-score": 0.2196531791907515,
        "precision": 0.13268156424581007,
        "recall": 0.6375838926174496,
        "support": 149
    },
    "Not Mangroves": {
        "f1-score": 0.9313554392088423,
        "precision": 0.9808546484913463,
        "recall": 0.8866122109926623,
        "support": 7223
    },
    "Not Mangroves > Mangroves": {
        "f1-score": 0.23060796645702306,
        "precision": 0.14030612244897958,
        "recall": 0.6470588235294118,
        "support": 85
    },
    "accuracy": 0.8698,
    "accuracy_conf_interval": [
        0.0055189828158456865,
        0.006595857511620455,
        0.007840993878610031,
        0.008682302234684068
    ],
    "cls_confidence_intervals": {
        "Mangroves": [
            0.009783240132221082,
            0.011692165036069098,
            0.013899359456143368,
            0.01539070703727463
        ],
        "Mangroves > Not Mangroves": [
            0.020791313039616278,
            0.024848154608321894,
            0.029538877672137764,
            0.032708285147689024
        ],
        "Not Mangroves": [
            0.00278134276406461,
            0.0033240437911991687,
            0.003951541853823502,
            0.004375527031272375
        ],
        "Not Mangroves > Mangroves": [
            0.028768090925313138,
            0.03438137695952058,
            0.040871738936572935,
            0.045257118650797505
        ]
    },
    "cohen_kappa": 0.7211508972002008,
    "confusion_matrix": [
        [
            2144,
            175,
            111,
            113
        ],
        [
            36,
            95,
            10,
            8
        ],
        [
            172,
            431,
            6404,
            216
        ],
        [
            11,
            15,
            4,
            55
        ]
    ],
    "macro avg": {
        "f1-score": 0.5639120956638077,
        "precision": 0.540290884262044,
        "recall": 0.7535884073649045,
        "support": 10000
    },
    "producer_accuracy": [
        90.73212018620399,
        13.268156424581006,
        98.08546484913462,
        14.030612244897958
    ],
    "user_accuracy": [
        84.30987023200944,
        63.758389261744966,
        88.66122109926623,
        64.70588235294117
    ],
    "weighted avg": {
        "f1-score": 0.9002173200055611,
        "precision": 0.942372651586895,
        "recall": 0.8698,
        "support": 10000
    }
}