{
    "Mangroves": {
        "f1-score": 0.8717004297114794,
        "precision": 0.9052273693157671,
        "recall": 0.840568271507498,
        "support": 5068
    },
    "Mangroves > Not Mangroves": {
        "f1-score": 0.21184510250569474,
        "precision": 0.12661674608577264,
        "recall": 0.6480836236933798,
        "support": 287
    },
    "Not Mangroves": {
        "f1-score": 0.9288699887325991,
        "precision": 0.9793071735131821,
        "recall": 0.8833736605599724,
        "support": 14465
    },
    "Not Mangroves > Mangroves": {
        "f1-score": 0.2445141065830721,
        "precision": 0.15057915057915058,
        "recall": 0.65,
        "support": 180
    },
    "accuracy": 0.86705,
    "accuracy_conf_interval": [
        0.00393726904437581,
        0.004705516662790602,
        0.005593802971582705,
        0.006193996423469262
    ],
    "cls_confidence_intervals": {
        "Mangroves": [
            0.007002259358859134,
            0.008368553867904818,
            0.009948331893988891,
            0.011015749479180832
        ],
        "Mangroves > Not Mangroves": [
            0.014229215430943172,
            0.017005647710151596,
            0.02021589753298634,
            0.022384985251117918
        ],
        "Not Mangroves": [
            0.002043813436499035,
            0.0024426063021573833,
            0.002903710553074849,
            0.0032152674793704335
        ],
        "Not Mangroves > Mangroves": [
            0.02104152529341153,
            0.02514718876529671,
            0.029894362154663946,
            0.03310191174207424
        ]
    },
    "cohen_kappa": 0.7153854689317951,
    "confusion_matrix": [
        [
            4260,
            346,
            237,
            225
        ],
        [
            65,
            186,
            24,
            12
        ],
        [
            356,
            908,
            12778,
            423
        ],
        [
            25,
            29,
            9,
            117
        ]
    ],
    "macro avg": {
        "f1-score": 0.5642324068832113,
        "precision": 0.5404326098734681,
        "recall": 0.7555063889402125,
        "support": 20000
    },
    "producer_accuracy": [
        90.5227369315767,
        12.661674608577265,
        97.93071735131821,
        15.057915057915059
    ],
    "user_accuracy": [
        84.0568271507498,
        64.80836236933798,
        88.33736605599724,
        65.0
    ],
    "weighted avg": {
        "f1-score": 0.8979347124199456,
        "precision": 0.9408406912895675,
        "recall": 0.86705,
        "support": 20000
    }
}