{
    "Mangroves": {
        "f1-score": 0.8691090960842517,
        "precision": 0.9025420150325142,
        "recall": 0.838064617314931,
        "support": 12752
    },
    "Mangroves > Not Mangroves": {
        "f1-score": 0.22026630557436247,
        "precision": 0.1325366648560565,
        "recall": 0.6515353805073432,
        "support": 749
    },
    "Not Mangroves": {
        "f1-score": 0.9286558582748405,
        "precision": 0.9795886952773843,
        "recall": 0.8827576640310723,
        "support": 36045
    },
    "Not Mangroves > Mangroves": {
        "f1-score": 0.22539812168231932,
        "precision": 0.13834586466165413,
        "recall": 0.6079295154185022,
        "support": 454
    },
    "accuracy": 0.8654,
    "accuracy_conf_interval": [
        0.0025031669799036585,
        0.0029915898052507136,
        0.0035563286970582467,
        0.003937909029360634
    ],
    "cls_confidence_intervals": {
        "Mangroves": [
            0.004469841109936835,
            0.005342005228948901,
            0.006350444991556602,
            0.007031823209534778
        ],
        "Mangroves > Not Mangroves": [
            0.009164220679580328,
            0.010952361299986247,
            0.01301989889233059,
            0.014416883752022712
        ],
        "Not Mangroves": [
            0.0012867072041398732,
            0.0015377720244598484,
            0.00182806572295482,
            0.0020242101138298004
        ],
        "Not Mangroves > Mangroves": [
            0.012677160167626515,
            0.01515075239545608,
            0.018010843408884016,
            0.019943337336875862
        ]
    },
    "cohen_kappa": 0.7135015270368609,
    "confusion_matrix": [
        [
            10687,
            905,
            580,
            580
        ],
        [
            167,
            488,
            65,
            29
        ],
        [
            884,
            2232,
            31819,
            1110
        ],
        [
            103,
            57,
            18,
            276
        ]
    ],
    "macro avg": {
        "f1-score": 0.5608573454039436,
        "precision": 0.5382533099569022,
        "recall": 0.7450717943179621,
        "support": 50000
    },
    "producer_accuracy": [
        90.25420150325142,
        13.25366648560565,
        97.95886952773843,
        13.834586466165414
    ],
    "user_accuracy": [
        83.8064617314931,
        65.15353805073431,
        88.27576640310723,
        60.792951541850215
    ],
    "weighted avg": {
        "f1-score": 0.8964717962980394,
        "precision": 0.9396113856300304,
        "recall": 0.8654,
        "support": 50000
    }
}