{
    "Mangroves": {
        "f1-score": 0.8857715430861723,
        "precision": 0.9246861924686193,
        "recall": 0.85,
        "support": 260
    },
    "Mangroves > Not Mangroves": {
        "f1-score": 0.21176470588235294,
        "precision": 0.125,
        "recall": 0.6923076923076923,
        "support": 13
    },
    "Not Mangroves": {
        "f1-score": 0.9374090247452694,
        "precision": 0.9847094801223242,
        "recall": 0.8944444444444445,
        "support": 720
    },
    "Not Mangroves > Mangroves": {
        "f1-score": 0.23809523809523808,
        "precision": 0.14285714285714285,
        "recall": 0.7142857142857143,
        "support": 7
    },
    "accuracy": 0.879,
    "accuracy_conf_interval": [
        0.016913401975947946,
        0.020213577971254865,
        0.024029406465828487,
        0.026607668962162014
    ],
    "cls_confidence_intervals": {
        "Mangroves": [
            0.027994930007746582,
            0.03345735537511177,
            0.039773284706127766,
            0.04404080452438182
        ],
        "Mangroves > Not Mangroves": [
            0.06391998035738816,
            0.07639217164663463,
            0.09081314282482586,
            0.10055704226954967
        ],
        "Not Mangroves": [
            0.00786901112385288,
            0.009404427928507101,
            0.011179753608888543,
            0.012379297987524653
        ],
        "Not Mangroves > Mangroves": [
            0.09700350148469664,
            0.11593101396951551,
            0.1378159502800873,
            0.15260306940885204
        ]
    },
    "cohen_kappa": 0.7402313014841165,
    "confusion_matrix": [
        [
            221,
            19,
            10,
            10
        ],
        [
            3,
            9,
            0,
            1
        ],
        [
            14,
            43,
            644,
            19
        ],
        [
            1,
            1,
            0,
            5
        ]
    ],
    "macro avg": {
        "f1-score": 0.5682601279522582,
        "precision": 0.5443132038620215,
        "recall": 0.7877594627594627,
        "support": 1000
    },
    "producer_accuracy": [
        92.46861924686193,
        12.5,
        98.47094801223241,
        14.285714285714285
    ],
    "user_accuracy": [
        85.0,
        69.23076923076923,
        89.44444444444444,
        71.42857142857143
    ],
    "weighted avg": {
        "f1-score": 0.909654706862136,
        "precision": 0.9520342357299144,
        "recall": 0.879,
        "support": 1000
    }
}