{
    "Mangroves": {
        "f1-score": 0.8711096758567795,
        "precision": 0.903193403925836,
        "recall": 0.8412271469223872,
        "support": 25653
    },
    "Mangroves > Not Mangroves": {
        "f1-score": 0.22741644083107498,
        "precision": 0.13800191859668356,
        "recall": 0.6459268762026941,
        "support": 1559
    },
    "Not Mangroves": {
        "f1-score": 0.929454513551255,
        "precision": 0.9798221139765387,
        "recall": 0.8840120160213618,
        "support": 71904
    },
    "Not Mangroves > Mangroves": {
        "f1-score": 0.21821198921385604,
        "precision": 0.1336042672085344,
        "recall": 0.5950226244343891,
        "support": 884
    },
    "accuracy": 0.86677,
    "accuracy_conf_interval": [
        0.0017623688081447647,
        0.0021062456487583774,
        0.0025038532457178674,
        0.002772507027447252
    ],
    "cls_confidence_intervals": {
        "Mangroves": [
            0.0031372661234545136,
            0.0037494156109578332,
            0.004457213455883547,
            0.004935455242995515
        ],
        "Mangroves > Not Mangroves": [
            0.006621667764392657,
            0.007913700498908298,
            0.009407613348192007,
            0.01041701392203235
        ],
        "Not Mangroves": [
            0.000905364179648454,
            0.0010820206049457133,
            0.0012862795966956694,
            0.0014242924289591533
        ],
        "Not Mangroves > Mangroves": [
            0.008892614332855488,
            0.010627758592924853,
            0.012634019143630054,
            0.013989600596809246
        ]
    },
    "cohen_kappa": 0.7169888483206008,
    "confusion_matrix": [
        [
            21580,
            1772,
            1135,
            1166
        ],
        [
            343,
            1007,
            138,
            71
        ],
        [
            1767,
            4399,
            63564,
            2174
        ],
        [
            203,
            119,
            36,
            526
        ]
    ],
    "macro avg": {
        "f1-score": 0.5615481548632413,
        "precision": 0.5386554259268982,
        "recall": 0.7415471658952081,
        "support": 100000
    },
    "producer_accuracy": [
        90.3193403925836,
        13.800191859668356,
        97.98221139765387,
        13.360426720853441
    ],
    "user_accuracy": [
        84.12271469223872,
        64.5926876202694,
        88.40120160213618,
        59.502262443438916
    ],
    "weighted avg": {
        "f1-score": 0.8972551548686409,
        "precision": 0.9395600083758308,
        "recall": 0.86677,
        "support": 100000
    }
}