{
    "Mangroves": {
        "f1-score": 0.8708748251172743,
        "precision": 0.9041353383458647,
        "recall": 0.8399745991427211,
        "support": 6299
    },
    "Mangroves > Not Mangroves": {
        "f1-score": 0.21900452488687783,
        "precision": 0.13137893593919653,
        "recall": 0.657608695652174,
        "support": 368
    },
    "Not Mangroves": {
        "f1-score": 0.9288970182620561,
        "precision": 0.9790684864434788,
        "recall": 0.8836168802474591,
        "support": 18104
    },
    "Not Mangroves > Mangroves": {
        "f1-score": 0.24414715719063548,
        "precision": 0.15098241985522234,
        "recall": 0.6375545851528385,
        "support": 229
    },
    "accuracy": 0.86704,
    "accuracy_conf_interval": [
        0.0035217126211015,
        0.0042088760593652075,
        0.005003408784857619,
        0.005540255221001141
    ],
    "cls_confidence_intervals": {
        "Mangroves": [
            0.006311574069742542,
            0.0075431007174971846,
            0.00896705340396349,
            0.009929183597521806
        ],
        "Mangroves > Not Mangroves": [
            0.012908538773065819,
            0.015427278045859149,
            0.01833957033002644,
            0.02030733538689623
        ],
        "Not Mangroves": [
            0.0018366988933367105,
            0.0021950791652072883,
            0.0026094563545576437,
            0.0028894409419565324
        ],
        "Not Mangroves > Mangroves": [
            0.018882180435523768,
            0.022566508325382064,
            0.026826512448030724,
            0.029704893611982516
        ]
    },
    "cohen_kappa": 0.7148618697738337,
    "confusion_matrix": [
        [
            5291,
            431,
            298,
            279
        ],
        [
            80,
            242,
            32,
            14
        ],
        [
            444,
            1135,
            15997,
            528
        ],
        [
            37,
            34,
            12,
            146
        ]
    ],
    "macro avg": {
        "f1-score": 0.5657308813642109,
        "precision": 0.5413912951459406,
        "recall": 0.7546886900487981,
        "support": 25000
    },
    "producer_accuracy": [
        90.41353383458647,
        13.137893593919653,
        97.90684864434787,
        15.098241985522234
    ],
    "user_accuracy": [
        83.99745991427211,
        65.76086956521739,
        88.36168802474592,
        63.75545851528385
    ],
    "weighted avg": {
        "f1-score": 0.8975558202474001,
        "precision": 0.9401250718954325,
        "recall": 0.86704,
        "support": 25000
    }
}