{
    "Mangroves": {
        "f1-score": 0.8719381177481738,
        "precision": 0.903584947673124,
        "recall": 0.8424330496159436,
        "support": 19268
    },
    "Mangroves > Not Mangroves": {
        "f1-score": 0.221442732957145,
        "precision": 0.13350496506068407,
        "recall": 0.6487935656836461,
        "support": 1119
    },
    "Not Mangroves": {
        "f1-score": 0.9295958660361723,
        "precision": 0.9802599111696003,
        "recall": 0.8839115198487012,
        "support": 53933
    },
    "Not Mangroves > Mangroves": {
        "f1-score": 0.22709818979703783,
        "precision": 0.13958192852326365,
        "recall": 0.6088235294117647,
        "support": 680
    },
    "accuracy": 0.8672533333333333,
    "accuracy_conf_interval": [
        0.0020318798220130448,
        0.0024283441775277853,
        0.002886756088591704,
        0.0031964938663375953
    ],
    "cls_confidence_intervals": {
        "Mangroves": [
            0.003611596631713725,
            0.004316298413511525,
            0.005131109848715232,
            0.005681658115744763
        ],
        "Mangroves > Not Mangroves": [
            0.007564077927085738,
            0.00903999557139515,
            0.010746525347627909,
            0.011899586007244637
        ],
        "Not Mangroves": [
            0.0010344939501750947,
            0.00123634642825804,
            0.0014697383560414456,
            0.0016274356045437467
        ],
        "Not Mangroves > Mangroves": [
            0.010435845325453568,
            0.012472107827981093,
            0.014826536346528545,
            0.016417366426628176
        ]
    },
    "cohen_kappa": 0.7180027316686773,
    "confusion_matrix": [
        [
            16232,
            1325,
            836,
            875
        ],
        [
            247,
            726,
            98,
            48
        ],
        [
            1334,
            3298,
            47672,
            1629
        ],
        [
            151,
            89,
            26,
            414
        ]
    ],
    "macro avg": {
        "f1-score": 0.5625187266346322,
        "precision": 0.5392329381066681,
        "recall": 0.7459904161400139,
        "support": 75000
    },
    "producer_accuracy": [
        90.35849476731241,
        13.350496506068406,
        98.02599111696003,
        13.958192852326365
    ],
    "user_accuracy": [
        84.24330496159436,
        64.87935656836461,
        88.39115198487012,
        60.882352941176464
    ],
    "weighted avg": {
        "f1-score": 0.8978482491058897,
        "precision": 0.9403058710423271,
        "recall": 0.8672533333333333,
        "support": 75000
    }
}