{
    "Mangroves": {
        "f1-score": 0.8747913188647747,
        "precision": 0.9128919860627178,
        "recall": 0.8397435897435898,
        "support": 624
    },
    "Mangroves > Not Mangroves": {
        "f1-score": 0.24154589371980678,
        "precision": 0.14792899408284024,
        "recall": 0.6578947368421053,
        "support": 38
    },
    "Not Mangroves": {
        "f1-score": 0.9369266055045872,
        "precision": 0.9802039592081584,
        "recall": 0.8973091707852828,
        "support": 1821
    },
    "Not Mangroves > Mangroves": {
        "f1-score": 0.20560747663551399,
        "precision": 0.12222222222222222,
        "recall": 0.6470588235294118,
        "support": 17
    },
    "accuracy": 0.8776,
    "accuracy_conf_interval": [
        0.010750108805105182,
        0.012847691010979365,
        0.015273020436521388,
        0.016911756534860593
    ],
    "cls_confidence_intervals": {
        "Mangroves": [
            0.01930308197939256,
            0.02306953699976184,
            0.027424500617063825,
            0.030367043601727324
        ],
        "Mangroves > Not Mangroves": [
            0.04478834774692763,
            0.05352753755120619,
            0.06363222576240328,
            0.0704597177969959
        ],
        "Not Mangroves": [
            0.0055953008701021874,
            0.006687066893536761,
            0.007949421358132987,
            0.008802363563941247
        ],
        "Not Mangroves > Mangroves": [
            0.05662262146883296,
            0.06767093785299548,
            0.08044555367218341,
            0.0890770508473104
        ]
    },
    "cohen_kappa": 0.731415440627891,
    "confusion_matrix": [
        [
            524,
            45,
            27,
            28
        ],
        [
            6,
            25,
            5,
            2
        ],
        [
            41,
            97,
            1634,
            49
        ],
        [
            3,
            2,
            1,
            11
        ]
    ],
    "macro avg": {
        "f1-score": 0.5647178236811706,
        "precision": 0.5408117903939847,
        "recall": 0.7605015802250974,
        "support": 2500
    },
    "producer_accuracy": [
        91.28919860627178,
        14.792899408284024,
        98.02039592081584,
        12.222222222222221
    ],
    "user_accuracy": [
        83.97435897435898,
        65.78947368421053,
        89.73091707852828,
        64.70588235294117
    ],
    "weighted avg": {
        "f1-score": 0.9058748810638517,
        "precision": 0.9449180354296471,
        "recall": 0.8776,
        "support": 2500
    }
}