{
    "Mangroves": {
        "f1-score": 0.8825944170771758,
        "precision": 0.9172354948805461,
        "recall": 0.8504746835443038,
        "support": 1264
    },
    "Mangroves > Not Mangroves": {
        "f1-score": 0.23887587822014053,
        "precision": 0.1452991452991453,
        "recall": 0.6710526315789473,
        "support": 76
    },
    "Not Mangroves": {
        "f1-score": 0.9343361295921319,
        "precision": 0.9799757281553398,
        "recall": 0.892758430071863,
        "support": 3618
    },
    "Not Mangroves > Mangroves": {
        "f1-score": 0.26008968609865474,
        "precision": 0.16022099447513813,
        "recall": 0.6904761904761905,
        "support": 42
    },
    "accuracy": 0.877,
    "accuracy_conf_interval": [
        0.007617477818805907,
        0.009103814954182669,
        0.010822392266962052,
        0.011983593153975148
    ],
    "cls_confidence_intervals": {
        "Mangroves": [
            0.013199045615803848,
            0.01577446915059484,
            0.018752302612696933,
            0.020764352249252396
        ],
        "Mangroves > Not Mangroves": [
            0.03084813329084275,
            0.03686728125003158,
            0.04382692107784367,
            0.048529380420959944
        ],
        "Not Mangroves": [
            0.004001623938661394,
            0.004782428609619716,
            0.0056852340104152745,
            0.006295237659601462
        ],
        "Not Mangroves > Mangroves": [
            0.044714335251081115,
            0.05343908359275548,
            0.06352707386281646,
            0.07034328350474957
        ]
    },
    "cohen_kappa": 0.7339824104844324,
    "confusion_matrix": [
        [
            1075,
            86,
            57,
            46
        ],
        [
            14,
            51,
            6,
            5
        ],
        [
            79,
            208,
            3230,
            101
        ],
        [
            4,
            6,
            3,
            29
        ]
    ],
    "macro avg": {
        "f1-score": 0.5789740277470257,
        "precision": 0.5506828407025423,
        "recall": 0.7761904839178262,
        "support": 5000
    },
    "producer_accuracy": [
        91.72354948805462,
        14.529914529914532,
        97.99757281553399,
        16.022099447513813
    ],
    "user_accuracy": [
        85.04746835443038,
        67.10526315789474,
        89.2758430071863,
        69.04761904761905
    ],
    "weighted avg": {
        "f1-score": 0.9050211587221513,
        "precision": 0.9445419733611441,
        "recall": 0.877,
        "support": 5000
    }
}