{
    "Mangroves": {
        "f1-score": 0.8746961922765325,
        "precision": 0.9052543320290665,
        "recall": 0.8461337513061651,
        "support": 3828
    },
    "Mangroves > Not Mangroves": {
        "f1-score": 0.20700389105058364,
        "precision": 0.12406716417910447,
        "recall": 0.6244131455399061,
        "support": 213
    },
    "Not Mangroves": {
        "f1-score": 0.929920839201593,
        "precision": 0.9798382970013305,
        "recall": 0.8848428835489833,
        "support": 10820
    },
    "Not Mangroves > Mangroves": {
        "f1-score": 0.24512534818941503,
        "precision": 0.15198618307426598,
        "recall": 0.6330935251798561,
        "support": 139
    },
    "accuracy": 0.8689333333333333,
    "accuracy_conf_interval": [
        0.004518950400009735,
        0.005400696819523831,
        0.006420216117087003,
        0.007109080507332389
    ],
    "cls_confidence_intervals": {
        "Mangroves": [
            0.008029503038939324,
            0.00959623533922017,
            0.011407769561419895,
            0.012631779171014304
        ],
        "Mangroves > Not Mangroves": [
            0.01651240327399963,
            0.019734335620145902,
            0.023459694895377525,
            0.0259768295408043
        ],
        "Not Mangroves": [
            0.002331928083998214,
            0.0027869384418515238,
            0.003313044168119414,
            0.0036685210101923124
        ],
        "Not Mangroves > Mangroves": [
            0.024468541585961404,
            0.02924289116370997,
            0.034763232862981754,
            0.03849319347059782
        ]
    },
    "cohen_kappa": 0.719869539568399,
    "confusion_matrix": [
        [
            3239,
            253,
            172,
            164
        ],
        [
            53,
            133,
            18,
            9
        ],
        [
            267,
            661,
            9574,
            318
        ],
        [
            19,
            25,
            7,
            88
        ]
    ],
    "macro avg": {
        "f1-score": 0.564186567679531,
        "precision": 0.5402864940709419,
        "recall": 0.7471208263937277,
        "support": 15000
    },
    "producer_accuracy": [
        90.52543320290664,
        12.406716417910447,
        97.98382970013306,
        15.198618307426598
    ],
    "user_accuracy": [
        84.6133751306165,
        62.441314553990615,
        88.48428835489834,
        63.30935251798561
    ],
    "weighted avg": {
        "f1-score": 0.8992163170925271,
        "precision": 0.9409810894652757,
        "recall": 0.8689333333333333,
        "support": 15000
    }
}