{
    "Mangroves": {
        "f1-score": 0.9000374391613628,
        "precision": 0.9115267947421638,
        "recall": 0.8888341138772492,
        "support": 4057
    },
    "Mangroves > Not Mangroves": {
        "f1-score": 0.1492248062015504,
        "precision": 0.08369565217391305,
        "recall": 0.6875,
        "support": 112
    },
    "Not Mangroves": {
        "f1-score": 0.9203575173515753,
        "precision": 0.9840896956753871,
        "recall": 0.8643781654473832,
        "support": 10662
    },
    "Not Mangroves > Mangroves": {
        "f1-score": 0.2327586206896552,
        "precision": 0.1422924901185771,
        "recall": 0.6390532544378699,
        "support": 169
    },
    "accuracy": 0.8671333333333333,
    "accuracy_conf_interval": [
        0.004545160030906299,
        0.005432020524741674,
        0.006457452970738827,
        0.007150312731547715
    ],
    "cls_confidence_intervals": {
        "Mangroves": [
            0.0074046802079697485,
            0.00884949585830531,
            0.010520063954005803,
            0.01164882618083046
        ],
        "Mangroves > Not Mangroves": [
            0.014973428631105927,
            0.017895073242053427,
            0.02127322482346147,
            0.023555759675764204
        ],
        "Not Mangroves": [
            0.002120540359879708,
            0.002534304332539163,
            0.003012718925926658,
            0.0033359720295668576
        ],
        "Not Mangroves > Mangroves": [
            0.020796179446748997,
            0.024853970558309776,
            0.02954579153105193,
            0.03271594083695879
        ]
    },
    "cohen_kappa": 0.725405355933858,
    "confusion_matrix": [
        [
            3606,
            193,
            120,
            138
        ],
        [
            7,
            77,
            13,
            15
        ],
        [
            327,
            621,
            9216,
            498
        ],
        [
            16,
            29,
            16,
            108
        ]
    ],
    "macro avg": {
        "f1-score": 0.550594595851036,
        "precision": 0.5304011581775102,
        "recall": 0.7699413834406256,
        "support": 15000
    },
    "producer_accuracy": [
        91.15267947421638,
        8.369565217391305,
        98.4089695675387,
        14.229249011857709
    ],
    "user_accuracy": [
        88.88341138772492,
        68.75,
        86.43781654473833,
        63.905325443786985
    ],
    "weighted avg": {
        "f1-score": 0.9013568750580848,
        "precision": 0.9482566590288969,
        "recall": 0.8671333333333333,
        "support": 15000
    }
}