{
    "Mangroves": {
        "f1-score": 0.8989861058956065,
        "precision": 0.9027149321266968,
        "recall": 0.8952879581151832,
        "support": 1337
    },
    "Mangroves > Not Mangroves": {
        "f1-score": 0.16470588235294115,
        "precision": 0.09364548494983277,
        "recall": 0.6829268292682927,
        "support": 41
    },
    "Not Mangroves": {
        "f1-score": 0.9210998206814107,
        "precision": 0.9849792265899648,
        "recall": 0.8650014033118159,
        "support": 3563
    },
    "Not Mangroves > Mangroves": {
        "f1-score": 0.22295081967213118,
        "precision": 0.13821138211382114,
        "recall": 0.576271186440678,
        "support": 59
    },
    "accuracy": 0.8682,
    "accuracy_conf_interval": [
        0.007845605048637103,
        0.009376454814224831,
        0.011146499855685643,
        0.012342476235051055
    ],
    "cls_confidence_intervals": {
        "Mangroves": [
            0.013346595313981732,
            0.015950809033783046,
            0.018961931147303317,
            0.02099647311589809
        ],
        "Mangroves > Not Mangroves": [
            0.027631262369608483,
            0.03302272819782477,
            0.03925661056169986,
            0.04346869323999384
        ],
        "Not Mangroves": [
            0.0035661593847515667,
            0.004261995362264068,
            0.005066555711262897,
            0.0056101775686945386
        ],
        "Not Mangroves > Mangroves": [
            0.03608681692691795,
            0.043128147058999505,
            0.0512696850242188,
            0.056770724189907515
        ]
    },
    "cohen_kappa": 0.7265954503823432,
    "confusion_matrix": [
        [
            1197,
            58,
            37,
            45
        ],
        [
            2,
            28,
            7,
            4
        ],
        [
            117,
            201,
            3082,
            163
        ],
        [
            10,
            12,
            3,
            34
        ]
    ],
    "macro avg": {
        "f1-score": 0.5519356571505224,
        "precision": 0.5298877564450789,
        "recall": 0.7548718442839926,
        "support": 5000
    },
    "producer_accuracy": [
        90.27149321266968,
        9.364548494983277,
        98.49792265899649,
        13.821138211382115
    ],
    "user_accuracy": [
        89.52879581151832,
        68.29268292682927,
        86.50014033118158,
        57.6271186440678
    ],
    "weighted avg": {
        "f1-score": 0.9007460248414836,
        "precision": 0.9456809570042193,
        "recall": 0.8682,
        "support": 5000
    }
}