{
    "Mangroves": {
        "f1-score": 0.8888888888888888,
        "precision": 0.8855869242199108,
        "recall": 0.8922155688622755,
        "support": 668
    },
    "Mangroves > Not Mangroves": {
        "f1-score": 0.18867924528301885,
        "precision": 0.10714285714285714,
        "recall": 0.7894736842105263,
        "support": 19
    },
    "Not Mangroves": {
        "f1-score": 0.9183183183183183,
        "precision": 0.9851804123711341,
        "recall": 0.8599550056242969,
        "support": 1778
    },
    "Not Mangroves > Mangroves": {
        "f1-score": 0.2941176470588235,
        "precision": 0.18518518518518517,
        "recall": 0.7142857142857143,
        "support": 35
    },
    "accuracy": 0.866,
    "accuracy_conf_interval": [
        0.011173395945727511,
        0.013353570764406051,
        0.01587439789850311,
        0.01757765947559572
    ],
    "cls_confidence_intervals": {
        "Mangroves": [
            0.0201228617821566,
            0.024049273837211546,
            0.02858918777586883,
            0.031656697193880506
        ],
        "Mangroves > Not Mangroves": [
            0.0428698960616677,
            0.05123475382979799,
            0.06090662062419863,
            0.06744166575555041
        ],
        "Not Mangroves": [
            0.005030068893972204,
            0.006011545751332634,
            0.007146378367655632,
            0.007913157162468468
        ],
        "Not Mangroves > Mangroves": [
            0.05482890116709043,
            0.0655272233460349,
            0.07789715836543946,
            0.08625522256773983
        ]
    },
    "cohen_kappa": 0.723924914169492,
    "confusion_matrix": [
        [
            596,
            29,
            19,
            24
        ],
        [
            0,
            15,
            2,
            2
        ],
        [
            74,
            91,
            1529,
            84
        ],
        [
            3,
            5,
            2,
            25
        ]
    ],
    "macro avg": {
        "f1-score": 0.5725010248872624,
        "precision": 0.5407738447297717,
        "recall": 0.8139824932457033,
        "support": 2500
    },
    "producer_accuracy": [
        88.55869242199108,
        10.714285714285714,
        98.51804123711341,
        18.51851851851852
    ],
    "user_accuracy": [
        89.22155688622755,
        78.94736842105263,
        85.9955005624297,
        71.42857142857143
    ],
    "weighted avg": {
        "f1-score": 0.8961707084220736,
        "precision": 0.940696013736789,
        "recall": 0.866,
        "support": 2500
    }
}