{
    "Mangroves": {
        "f1-score": 0.8961769115442277,
        "precision": 0.9080896315989365,
        "recall": 0.8845726970033296,
        "support": 2703
    },
    "Mangroves > Not Mangroves": {
        "f1-score": 0.15517241379310348,
        "precision": 0.08737864077669903,
        "recall": 0.6923076923076923,
        "support": 78
    },
    "Not Mangroves": {
        "f1-score": 0.9202757380488535,
        "precision": 0.9827172347575612,
        "recall": 0.8652951951528814,
        "support": 7097
    },
    "Not Mangroves > Mangroves": {
        "f1-score": 0.23794212218649516,
        "precision": 0.148,
        "recall": 0.6065573770491803,
        "support": 122
    },
    "accuracy": 0.866,
    "accuracy_conf_interval": [
        0.0055866979728637555,
        0.0066767853822030255,
        0.007937198949251555,
        0.00878882973779786
    ],
    "cls_confidence_intervals": {
        "Mangroves": [
            0.009233471869977304,
            0.011035124917777755,
            0.013118286254297024,
            0.014525827697891127
        ],
        "Mangroves > Not Mangroves": [
            0.018629344217832047,
            0.022264338211555375,
            0.026467300016797972,
            0.029307139074394323
        ],
        "Not Mangroves": [
            0.0027037061411136127,
            0.003231258558891879,
            0.0038412410419479993,
            0.004253391368337269
        ],
        "Not Mangroves > Mangroves": [
            0.026044108800264216,
            0.03112588612714504,
            0.03700169116135099,
            0.040971829697976636
        ]
    },
    "cohen_kappa": 0.723281393663937,
    "confusion_matrix": [
        [
            2391,
            130,
            89,
            93
        ],
        [
            4,
            54,
            9,
            11
        ],
        [
            224,
            410,
            6141,
            322
        ],
        [
            14,
            24,
            10,
            74
        ]
    ],
    "macro avg": {
        "f1-score": 0.5523917963931699,
        "precision": 0.5315463767832992,
        "recall": 0.7621832403782709,
        "support": 10000
    },
    "producer_accuracy": [
        90.80896315989365,
        8.737864077669903,
        98.27172347575612,
        14.799999999999999
    ],
    "user_accuracy": [
        88.45726970033296,
        69.23076923076923,
        86.52951951528814,
        60.65573770491803
    ],
    "weighted avg": {
        "f1-score": 0.8994695492019377,
        "precision": 0.945378202326692,
        "recall": 0.866,
        "support": 10000
    }
}