{
    "Mangroves": {
        "f1-score": 0.8916941615263233,
        "precision": 0.9050669772859639,
        "recall": 0.8787107718405428,
        "support": 10611
    },
    "Mangroves > Not Mangroves": {
        "f1-score": 0.14982332155477032,
        "precision": 0.08459696727853153,
        "recall": 0.654320987654321,
        "support": 324
    },
    "Not Mangroves": {
        "f1-score": 0.9191902292119793,
        "precision": 0.9822017400977315,
        "recall": 0.8637761162741947,
        "support": 28622
    },
    "Not Mangroves > Mangroves": {
        "f1-score": 0.23133116883116883,
        "precision": 0.14101929737753588,
        "recall": 0.6433408577878104,
        "support": 443
    },
    "accuracy": 0.8636,
    "accuracy_conf_interval": [
        0.0028143451262416267,
        0.0033634856386790175,
        0.0039984293561847505,
        0.004427445381526462
    ],
    "cls_confidence_intervals": {
        "Mangroves": [
            0.004736222422670299,
            0.0056603633831913336,
            0.006728901368793779,
            0.007450886494200838
        ],
        "Mangroves > Not Mangroves": [
            0.009116683656639315,
            0.010895548760373816,
            0.012952361536566832,
            0.014342099898859411
        ],
        "Not Mangroves": [
            0.0013667300239775762,
            0.0016334090530463717,
            0.0019417566804071664,
            0.0021500996718671625
        ],
        "Not Mangroves > Mangroves": [
            0.01269672368288891,
            0.015174133181989187,
            0.018038637915323882,
            0.01997411408649597
        ]
    },
    "cohen_kappa": 0.7160307322773305,
    "confusion_matrix": [
        [
            9324,
            568,
            363,
            356
        ],
        [
            19,
            212,
            40,
            53
        ],
        [
            916,
            1656,
            24723,
            1327
        ],
        [
            43,
            70,
            45,
            285
        ]
    ],
    "macro avg": {
        "f1-score": 0.5480097202810604,
        "precision": 0.5282212455099407,
        "recall": 0.7600371833892172,
        "support": 40000
    },
    "producer_accuracy": [
        90.50669772859638,
        8.459696727853153,
        98.22017400977316,
        14.101929737753588
    ],
    "user_accuracy": [
        87.87107718405429,
        65.4320987654321,
        86.37761162741947,
        64.33408577878103
    ],
    "weighted avg": {
        "f1-score": 0.898046298810926,
        "precision": 0.9451531216798783,
        "recall": 0.8636,
        "support": 40000
    }
}