{
    "Mangroves": {
        "f1-score": 0.8919478527607362,
        "precision": 0.9064058603491272,
        "recall": 0.8779438405797102,
        "support": 13248
    },
    "Mangroves > Not Mangroves": {
        "f1-score": 0.14649321266968326,
        "precision": 0.08232676414494597,
        "recall": 0.6641025641025641,
        "support": 390
    },
    "Not Mangroves": {
        "f1-score": 0.9194217025007058,
        "precision": 0.9823152146304293,
        "recall": 0.8640971931294512,
        "support": 35805
    },
    "Not Mangroves > Mangroves": {
        "f1-score": 0.2289977294842686,
        "precision": 0.13974663499604117,
        "recall": 0.6337522441651705,
        "support": 557
    },
    "accuracy": 0.86364,
    "accuracy_conf_interval": [
        0.002516915970769942,
        0.003008021526042126,
        0.003575862324325589,
        0.003959538539381983
    ],
    "cls_confidence_intervals": {
        "Mangroves": [
            0.004216793688760019,
            0.005039582701200997,
            0.005990932496835881,
            0.006633736412805395
        ],
        "Mangroves > Not Mangroves": [
            0.00803672382804075,
            0.00960486506278041,
            0.01141802836544814,
            0.012643138705088498
        ],
        "Not Mangroves": [
            0.0012179837082029678,
            0.001455639065901108,
            0.0017304280732395826,
            0.0019160963214412544
        ],
        "Not Mangroves > Mangroves": [
            0.011313866361252357,
            0.01352145004149672,
            0.016073968671779265,
            0.017798643421970173
        ]
    },
    "cohen_kappa": 0.7158346049102637,
    "confusion_matrix": [
        [
            11631,
            710,
            464,
            443
        ],
        [
            25,
            259,
            44,
            62
        ],
        [
            1113,
            2085,
            30939,
            1668
        ],
        [
            63,
            92,
            49,
            353
        ]
    ],
    "macro avg": {
        "f1-score": 0.5467151243538485,
        "precision": 0.5276986185301359,
        "recall": 0.759973960494224,
        "support": 50000
    },
    "producer_accuracy": [
        90.64058603491272,
        8.232676414494597,
        98.23152146304292,
        13.974663499604118
    ],
    "user_accuracy": [
        87.79438405797102,
        66.41025641025641,
        86.40971931294513,
        63.37522441651705
    ],
    "weighted avg": {
        "f1-score": 0.8984220659935184,
        "precision": 0.9457961482291417,
        "recall": 0.86364,
        "support": 50000
    }
}