{
    "Mangroves": {
        "f1-score": 0.8904151404151405,
        "precision": 0.9055725151342682,
        "recall": 0.8757568176132099,
        "support": 19985
    },
    "Mangroves > Not Mangroves": {
        "f1-score": 0.15264623955431755,
        "precision": 0.08587547012118679,
        "recall": 0.6861435726210351,
        "support": 599
    },
    "Not Mangroves": {
        "f1-score": 0.9183399735715208,
        "precision": 0.9820859365038889,
        "recall": 0.8623649493385084,
        "support": 53591
    },
    "Not Mangroves > Mangroves": {
        "f1-score": 0.23119896862913622,
        "precision": 0.14050665970227214,
        "recall": 0.6521212121212121,
        "support": 825
    },
    "accuracy": 0.8622133333333334,
    "accuracy_conf_interval": [
        0.0020640688538514796,
        0.0024668139960664025,
        0.0029324880667524074,
        0.0032471327091078157
    ],
    "cls_confidence_intervals": {
        "Mangroves": [
            0.0034496294928391376,
            0.004122727930466287,
            0.004900997998972678,
            0.005426856153368888
        ],
        "Mangroves > Not Mangroves": [
            0.0066419369132896516,
            0.007937924603687632,
            0.009436410370710299,
            0.01044890075383372
        ],
        "Not Mangroves": [
            0.0010027644199891177,
            0.0011984257702308966,
            0.0014246592064479538,
            0.0015775196363243436
        ],
        "Not Mangroves > Mangroves": [
            0.00921023852263385,
            0.011007358234367284,
            0.013085277901059069,
            0.014489277675850813
        ]
    },
    "cohen_kappa": 0.7140921935896325,
    "confusion_matrix": [
        [
            17502,
            1066,
            725,
            692
        ],
        [
            43,
            411,
            55,
            90
        ],
        [
            1697,
            3170,
            46215,
            2509
        ],
        [
            85,
            139,
            63,
            538
        ]
    ],
    "macro avg": {
        "f1-score": 0.5481500805425287,
        "precision": 0.528510145365404,
        "recall": 0.7690966379234914,
        "support": 75000
    },
    "producer_accuracy": [
        90.55725151342682,
        8.58754701211868,
        98.20859365038889,
        14.050665970227213
    ],
    "user_accuracy": [
        87.575681761321,
        68.61435726210351,
        86.23649493385084,
        65.2121212121212
    ],
    "weighted avg": {
        "f1-score": 0.8972250446864002,
        "precision": 0.9452825538532695,
        "recall": 0.8622133333333334,
        "support": 75000
    }
}