{
    "Mangroves": {
        "f1-score": 0.8578506097560976,
        "precision": 0.8539453717754173,
        "recall": 0.861791730474732,
        "support": 10448
    },
    "Mangroves > Not Mangroves": {
        "f1-score": 0.21584861028976934,
        "precision": 0.13017118402282454,
        "recall": 0.6314878892733564,
        "support": 578
    },
    "Not Mangroves": {
        "f1-score": 0.9210688536892606,
        "precision": 0.9850943071719315,
        "recall": 0.8648580632172338,
        "support": 39736
    },
    "Not Mangroves > Mangroves": {
        "f1-score": 0.15041128084606345,
        "precision": 0.08631153068105192,
        "recall": 0.5844748858447488,
        "support": 438
    },
    "accuracy": 0.85919921875,
    "accuracy_conf_interval": [
        0.0025209157786669502,
        0.003012801784260502,
        0.0035815449782280457,
        0.003965830920098007
    ],
    "cls_confidence_intervals": {
        "Mangroves": [
            0.005640451324720653,
            0.006741027192958829,
            0.00801356804060922,
            0.008873392937670295
        ],
        "Mangroves > Not Mangroves": [
            0.01042147441093588,
            0.012454932832581906,
            0.014806119132610124,
            0.01639475852452108
        ],
        "Not Mangroves": [
            0.0010639794698634813,
            0.001271585220080746,
            0.0015116293687694581,
            0.0016738213611266963
        ],
        "Not Mangroves > Mangroves": [
            0.00845652147544536,
            0.010106574446263969,
            0.012014448193772983,
            0.01330355207722502
        ]
    },
    "cohen_kappa": 0.6710702027774819,
    "confusion_matrix": [
        [
            9004,
            528,
            427,
            489
        ],
        [
            131,
            365,
            49,
            33
        ],
        [
            1355,
            1827,
            34366,
            2188
        ],
        [
            54,
            84,
            44,
            256
        ]
    ],
    "macro avg": {
        "f1-score": 0.5362948386452978,
        "precision": 0.5138805984128063,
        "recall": 0.7356531422025178,
        "support": 51200
    },
    "producer_accuracy": [
        85.39453717754174,
        13.017118402282454,
        98.50943071719314,
        8.631153068105192
    ],
    "user_accuracy": [
        86.1791730474732,
        63.148788927335644,
        86.48580632172337,
        58.44748858447488
    ],
    "weighted avg": {
        "f1-score": 0.8936143706774654,
        "precision": 0.940991641189393,
        "recall": 0.85919921875,
        "support": 51200
    }
}