{
    "Mangroves": {
        "f1-score": 0.8589808701540546,
        "precision": 0.8545684210526315,
        "recall": 0.8634391219263167,
        "support": 11753
    },
    "Mangroves > Not Mangroves": {
        "f1-score": 0.2192866578599736,
        "precision": 0.13258785942492013,
        "recall": 0.6335877862595419,
        "support": 655
    },
    "Not Mangroves": {
        "f1-score": 0.9213129978211951,
        "precision": 0.984904795845637,
        "recall": 0.8654349430737915,
        "support": 44707
    },
    "Not Mangroves > Mangroves": {
        "f1-score": 0.14910432033719706,
        "precision": 0.0854726668680157,
        "recall": 0.5835051546391753,
        "support": 485
    },
    "accuracy": 0.8600173611111112,
    "accuracy_conf_interval": [
        0.002370954958762706,
        0.0028335803165700636,
        0.003368490886534821,
        0.0037299169473218184
    ],
    "cls_confidence_intervals": {
        "Mangroves": [
            0.005305542754890995,
            0.006340770609503873,
            0.007537752816400013,
            0.008346524577816324
        ],
        "Mangroves > Not Mangroves": [
            0.009941142680084367,
            0.011880877837174,
            0.014123696612558887,
            0.015639114704035163
        ],
        "Not Mangroves": [
            0.001008910445583855,
            0.0012057710203319245,
            0.0014333910598843796,
            0.0015871883839063087
        ],
        "Not Mangroves > Mangroves": [
            0.007968493635403114,
            0.009523321661823233,
            0.011321091567371497,
            0.012535800963012217
        ]
    },
    "cohen_kappa": 0.672537903840855,
    "confusion_matrix": [
        [
            10148,
            580,
            488,
            537
        ],
        [
            151,
            415,
            53,
            36
        ],
        [
            1517,
            2044,
            38691,
            2455
        ],
        [
            59,
            91,
            52,
            283
        ]
    ],
    "macro avg": {
        "f1-score": 0.5371712115431051,
        "precision": 0.5143834357978011,
        "recall": 0.7364917514747064,
        "support": 57600
    },
    "producer_accuracy": [
        85.45684210526315,
        13.258785942492013,
        98.4904795845637,
        8.54726668680157
    ],
    "user_accuracy": [
        86.34391219263166,
        63.358778625954194,
        86.54349430737915,
        58.35051546391753
    ],
    "weighted avg": {
        "f1-score": 0.8941092138328923,
        "precision": 0.9410448029836246,
        "recall": 0.8600173611111112,
        "support": 57600
    }
}