{
    "Mangroves": {
        "f1-score": 0.8613619103873091,
        "precision": 0.8582478560618799,
        "recall": 0.8644986449864499,
        "support": 5904
    },
    "Mangroves > Not Mangroves": {
        "f1-score": 0.2110337439742903,
        "precision": 0.12676962676962678,
        "recall": 0.6293929712460063,
        "support": 313
    },
    "Not Mangroves": {
        "f1-score": 0.9228607492438496,
        "precision": 0.9857542610022895,
        "recall": 0.8675114175696248,
        "support": 22334
    },
    "Not Mangroves > Mangroves": {
        "f1-score": 0.1531959852086635,
        "precision": 0.08819951338199514,
        "recall": 0.5823293172690763,
        "support": 249
    },
    "accuracy": 0.8618402777777778,
    "accuracy_conf_interval": [
        0.003334661252893735,
        0.003985326863214464,
        0.004737658975147807,
        0.005245991483210876
    ],
    "cls_confidence_intervals": {
        "Mangroves": [
            0.007417645270109609,
            0.008864990688667583,
            0.010538483828875239,
            0.011669222437123655
        ],
        "Mangroves > Not Mangroves": [
            0.013841729672443898,
            0.01654255497438417,
            0.01966538422975261,
            0.02177540399689345
        ],
        "Not Mangroves": [
            0.0013862263411386557,
            0.0016567095296535154,
            0.001969455716373822,
            0.002180770707401056
        ],
        "Not Mangroves > Mangroves": [
            0.011470330874292004,
            0.013708444215617274,
            0.016296262766524617,
            0.018044788814434984
        ]
    },
    "cohen_kappa": 0.6767033728845302,
    "confusion_matrix": [
        [
            5104,
            295,
            229,
            276
        ],
        [
            71,
            197,
            25,
            20
        ],
        [
            742,
            1014,
            19375,
            1203
        ],
        [
            30,
            48,
            26,
            145
        ]
    ],
    "macro avg": {
        "f1-score": 0.5371130972035281,
        "precision": 0.5147428143039479,
        "recall": 0.7359330877677894,
        "support": 28800
    },
    "producer_accuracy": [
        85.82478560618799,
        12.676962676962678,
        98.57542610022895,
        8.819951338199514
    ],
    "user_accuracy": [
        86.44986449864498,
        62.939297124600635,
        86.75114175696248,
        58.23293172690763
    ],
    "weighted avg": {
        "f1-score": 0.895862918566657,
        "precision": 0.9425198465078293,
        "recall": 0.8618402777777778,
        "support": 28800
    }
}