{
    "Mangroves": {
        "f1-score": 0.862086513994911,
        "precision": 0.8603351955307262,
        "recall": 0.8638449770525243,
        "support": 3922
    },
    "Mangroves > Not Mangroves": {
        "f1-score": 0.21307506053268763,
        "precision": 0.12840466926070038,
        "recall": 0.6255924170616114,
        "support": 211
    },
    "Not Mangroves": {
        "f1-score": 0.9230384985906448,
        "precision": 0.985749123609206,
        "recall": 0.867829587386783,
        "support": 14905
    },
    "Not Mangroves > Mangroves": {
        "f1-score": 0.152276295133438,
        "precision": 0.08723021582733813,
        "recall": 0.5987654320987654,
        "support": 162
    },
    "accuracy": 0.8620833333333333,
    "accuracy_conf_interval": [
        0.0040810905812974346,
        0.004877400938623763,
        0.005798134789282331,
        0.0064202522559435255
    ],
    "cls_confidence_intervals": {
        "Mangroves": [
            0.009059063959770821,
            0.010826686195823665,
            0.012870499406259764,
            0.014251454278176048
        ],
        "Mangroves > Not Mangroves": [
            0.017111778363322627,
            0.02045066194640997,
            0.02431124608935471,
            0.026919748888641695
        ],
        "Not Mangroves": [
            0.0016968670545001775,
            0.0020279630651343587,
            0.0024107928274301306,
            0.0026694615857380845
        ],
        "Not Mangroves > Mangroves": [
            0.013877318483624624,
            0.016585087943844064,
            0.019715946382222793,
            0.021831391273019227
        ]
    },
    "cohen_kappa": 0.6766103974169031,
    "confusion_matrix": [
        [
            3388,
            194,
            154,
            186
        ],
        [
            50,
            132,
            18,
            11
        ],
        [
            481,
            671,
            12935,
            818
        ],
        [
            19,
            31,
            15,
            97
        ]
    ],
    "macro avg": {
        "f1-score": 0.5376190920629204,
        "precision": 0.5154298010569927,
        "recall": 0.7390081033999211,
        "support": 19200
    },
    "producer_accuracy": [
        86.03351955307262,
        12.840466926070038,
        98.57491236092059,
        8.723021582733812
    ],
    "user_accuracy": [
        86.38449770525243,
        62.55924170616114,
        86.78295873867829,
        59.876543209876544
    ],
    "weighted avg": {
        "f1-score": 0.896282277446126,
        "precision": 0.9431276043981647,
        "recall": 0.8620833333333333,
        "support": 19200
    }
}