{
    "Mangroves": {
        "f1-score": 0.8608299595141701,
        "precision": 0.8617021276595744,
        "recall": 0.8599595551061678,
        "support": 1978
    },
    "Mangroves > Not Mangroves": {
        "f1-score": 0.19292604501607719,
        "precision": 0.11627906976744186,
        "recall": 0.5660377358490566,
        "support": 106
    },
    "Not Mangroves": {
        "f1-score": 0.9227473939740111,
        "precision": 0.9850609756097561,
        "recall": 0.8678485092667204,
        "support": 7446
    },
    "Not Mangroves > Mangroves": {
        "f1-score": 0.13870967741935486,
        "precision": 0.07818181818181819,
        "recall": 0.6142857142857143,
        "support": 70
    },
    "accuracy": 0.8610416666666667,
    "accuracy_conf_interval": [
        0.00578978735934035,
        0.006919501966040907,
        0.008225734480038424,
        0.009108324016523235
    ],
    "cls_confidence_intervals": {
        "Mangroves": [
            0.012742557613897148,
            0.01522891031904781,
            0.018103755634378268,
            0.02004621868527722
        ],
        "Mangroves > Not Mangroves": [
            0.023143409622380984,
            0.0276591968657724,
            0.03288057586594372,
            0.03640853464984326
        ],
        "Not Mangroves": [
            0.0024563180729721746,
            0.002935599648186258,
            0.0034897689695275414,
            0.0038642077001635436
        ],
        "Not Mangroves > Mangroves": [
            0.018773187651689834,
            0.022436248656897608,
            0.026671662944169096,
            0.02953342935448767
        ]
    },
    "cohen_kappa": 0.6742739277318677,
    "confusion_matrix": [
        [
            1701,
            98,
            82,
            97
        ],
        [
            30,
            60,
            12,
            4
        ],
        [
            234,
            344,
            6462,
            406
        ],
        [
            9,
            14,
            4,
            43
        ]
    ],
    "macro avg": {
        "f1-score": 0.5288032689809032,
        "precision": 0.5103059978046477,
        "recall": 0.7270328786269148,
        "support": 9600
    },
    "producer_accuracy": [
        86.17021276595744,
        11.627906976744185,
        98.50609756097562,
        7.818181818181818
    ],
    "user_accuracy": [
        85.99595551061678,
        56.60377358490566,
        86.78485092667204,
        61.42857142857143
    ],
    "weighted avg": {
        "f1-score": 0.8962144368375597,
        "precision": 0.9434384522467665,
        "recall": 0.8610416666666667,
        "support": 9600
    }
}