{
    "Mangroves": {
        "f1-score": 0.8607870925542354,
        "precision": 0.8588209701979552,
        "recall": 0.8627622377622378,
        "support": 4576
    },
    "Mangroves > Not Mangroves": {
        "f1-score": 0.2113156100886162,
        "precision": 0.1267375306623058,
        "recall": 0.6352459016393442,
        "support": 244
    },
    "Not Mangroves": {
        "f1-score": 0.9220031835435287,
        "precision": 0.985924713584288,
        "recall": 0.8658655781061346,
        "support": 17393
    },
    "Not Mangroves > Mangroves": {
        "f1-score": 0.15013404825737264,
        "precision": 0.08582375478927202,
        "recall": 0.5989304812834224,
        "support": 187
    },
    "accuracy": 0.8604910714285714,
    "accuracy_conf_interval": [
        0.0037965928433407957,
        0.0045373914469194875,
        0.00539393983230735,
        0.005972688741353204
    ],
    "cls_confidence_intervals": {
        "Mangroves": [
            0.008422538654639202,
            0.010065960831154169,
            0.0119661677227496,
            0.013250091298151918
        ],
        "Mangroves > Not Mangroves": [
            0.015601114991370764,
            0.018645234989687013,
            0.022164998737740173,
            0.024543217486424743
        ],
        "Not Mangroves": [
            0.0015631610880483314,
            0.0018681681296187377,
            0.00222083252143452,
            0.0024591192726613996
        ],
        "Not Mangroves > Mangroves": [
            0.012716198941227223,
            0.015197408490734974,
            0.01806630703235331,
            0.020004751992906245
        ]
    },
    "cohen_kappa": 0.673665159736289,
    "confusion_matrix": [
        [
            3948,
            235,
            177,
            216
        ],
        [
            56,
            155,
            20,
            13
        ],
        [
            572,
            797,
            15060,
            964
        ],
        [
            21,
            36,
            18,
            112
        ]
    ],
    "macro avg": {
        "f1-score": 0.5360599836109382,
        "precision": 0.5143267423084552,
        "recall": 0.7407010496977848,
        "support": 22400
    },
    "producer_accuracy": [
        85.88209701979552,
        12.673753066230582,
        98.5924713584288,
        8.582375478927203
    ],
    "user_accuracy": [
        86.27622377622379,
        63.52459016393443,
        86.58655781061346,
        59.893048128342244
    ],
    "weighted avg": {
        "f1-score": 0.8953124635172557,
        "precision": 0.9430859956528822,
        "recall": 0.8604910714285714,
        "support": 22400
    }
}