{
    "Mangroves": {
        "f1-score": 0.8610879295956301,
        "precision": 0.8582879612825166,
        "recall": 0.8639062262140356,
        "support": 6569
    },
    "Mangroves > Not Mangroves": {
        "f1-score": 0.21557454890788222,
        "precision": 0.12993703491700057,
        "recall": 0.6323119777158774,
        "support": 359
    },
    "Not Mangroves": {
        "f1-score": 0.9223473876193541,
        "precision": 0.9856461524351096,
        "recall": 0.866688172910198,
        "support": 24799
    },
    "Not Mangroves > Mangroves": {
        "f1-score": 0.14990512333965844,
        "precision": 0.08610354223433242,
        "recall": 0.5787545787545788,
        "support": 273
    },
    "accuracy": 0.86103125,
    "accuracy_conf_interval": [
        0.0031712968151522683,
        0.003790086437621004,
        0.004505561938600479,
        0.004988991331154179
    ],
    "cls_confidence_intervals": {
        "Mangroves": [
            0.0070339181292821875,
            0.00840638995938603,
            0.009993310512943597,
            0.011065554130212223
        ],
        "Mangroves > Not Mangroves": [
            0.013192867877732186,
            0.015767086000216514,
            0.01874352570433902,
            0.020754633612529903
        ],
        "Not Mangroves": [
            0.001320993025141427,
            0.0015787477617543884,
            0.0018767766759631252,
            0.0020781475639420014
        ],
        "Not Mangroves > Mangroves": [
            0.010739518734517195,
            0.012835034585154698,
            0.015257974787454309,
            0.016895096545764855
        ]
    },
    "cohen_kappa": 0.6756017299083037,
    "confusion_matrix": [
        [
            5675,
            330,
            253,
            311
        ],
        [
            81,
            227,
            30,
            21
        ],
        [
            823,
            1138,
            21493,
            1345
        ],
        [
            33,
            52,
            30,
            158
        ]
    ],
    "macro avg": {
        "f1-score": 0.5372287473656312,
        "precision": 0.5149936727172398,
        "recall": 0.7354152388986724,
        "support": 32000
    },
    "producer_accuracy": [
        85.82879612825167,
        12.993703491700057,
        98.56461524351096,
        8.610354223433243
    ],
    "user_accuracy": [
        86.39062262140355,
        63.231197771587745,
        86.66881729101979,
        57.87545787545788
    ],
    "weighted avg": {
        "f1-score": 0.895252963650491,
        "precision": 0.9422276942021347,
        "recall": 0.86103125,
        "support": 32000
    }
}