{
    "Mangroves": {
        "f1-score": 0.8593083243105535,
        "precision": 0.8555485098287888,
        "recall": 0.8631013306038895,
        "support": 7816
    },
    "Mangroves > Not Mangroves": {
        "f1-score": 0.209098164405427,
        "precision": 0.12590100913022587,
        "recall": 0.6164705882352941,
        "support": 425
    },
    "Not Mangroves": {
        "f1-score": 0.9218992559284835,
        "precision": 0.985315432145854,
        "recall": 0.8661525565800503,
        "support": 29825
    },
    "Not Mangroves > Mangroves": {
        "f1-score": 0.156078431372549,
        "precision": 0.0898014440433213,
        "recall": 0.5958083832335329,
        "support": 334
    },
    "accuracy": 0.8604166666666667,
    "accuracy_conf_interval": [
        0.0029003434290881982,
        0.0034662640981785787,
        0.004120609871814331,
        0.004562735394541191
    ],
    "cls_confidence_intervals": {
        "Mangroves": [
            0.006492714883894715,
            0.0077595860807522215,
            0.009224405902118713,
            0.010214149024663638
        ],
        "Mangroves > Not Mangroves": [
            0.01192621743283661,
            0.014253284248999852,
            0.0169439552551886,
            0.018761976205316132
        ],
        "Not Mangroves": [
            0.0012183225876490596,
            0.0014560440681659493,
            0.0017309095300136032,
            0.0019166294366674231
        ],
        "Not Mangroves > Mangroves": [
            0.009960214727567486,
            0.011903671259775777,
            0.014150792875141613,
            0.01566911829092934
        ]
    },
    "cohen_kappa": 0.6729601109769594,
    "confusion_matrix": [
        [
            6746,
            394,
            311,
            365
        ],
        [
            96,
            262,
            41,
            26
        ],
        [
            1004,
            1362,
            25833,
            1626
        ],
        [
            39,
            63,
            33,
            199
        ]
    ],
    "macro avg": {
        "f1-score": 0.5365960440042533,
        "precision": 0.5141415987870475,
        "recall": 0.7353832146631917,
        "support": 38400
    },
    "producer_accuracy": [
        85.55485098287889,
        12.590100913022587,
        98.5315432145854,
        8.98014440433213
    ],
    "user_accuracy": [
        86.31013306038895,
        61.64705882352941,
        86.61525565800503,
        59.58083832335329
    ],
    "weighted avg": {
        "f1-score": 0.8946092730945066,
        "precision": 0.9416016022854878,
        "recall": 0.8604166666666667,
        "support": 38400
    }
}