{
    "Mangroves": {
        "f1-score": 0.8625246847941668,
        "precision": 0.861608497723824,
        "recall": 0.8634428223844283,
        "support": 3288
    },
    "Mangroves > Not Mangroves": {
        "f1-score": 0.20355731225296445,
        "precision": 0.1221826809015421,
        "recall": 0.6094674556213018,
        "support": 169
    },
    "Not Mangroves": {
        "f1-score": 0.923728813559322,
        "precision": 0.9857495204165525,
        "recall": 0.869050495288717,
        "support": 12417
    },
    "Not Mangroves > Mangroves": {
        "f1-score": 0.14793467819404418,
        "precision": 0.08415300546448087,
        "recall": 0.6111111111111112,
        "support": 126
    },
    "accuracy": 0.863125,
    "accuracy_conf_interval": [
        0.004456385687800989,
        0.005325924358591426,
        0.006331328446692869,
        0.007010655533247898
    ],
    "cls_confidence_intervals": {
        "Mangroves": [
            0.00986565302475635,
            0.011790658493001493,
            0.01401644606565994,
            0.015520356587726455
        ],
        "Mangroves > Not Mangroves": [
            0.018498518929773302,
            0.022107986038021752,
            0.026281432381934023,
            0.02910132856025312
        ],
        "Not Mangroves": [
            0.00185778014207591,
            0.002220273828334624,
            0.0026394071530712626,
            0.002922605345460883
        ],
        "Not Mangroves > Mangroves": [
            0.015051492926855942,
            0.01798836959551076,
            0.021384133243642894,
            0.023678568141029473
        ]
    },
    "cohen_kappa": 0.6784712969197917,
    "confusion_matrix": [
        [
            2839,
            160,
            131,
            158
        ],
        [
            42,
            103,
            16,
            8
        ],
        [
            400,
            554,
            10791,
            672
        ],
        [
            14,
            26,
            9,
            77
        ]
    ],
    "macro avg": {
        "f1-score": 0.5344363722001243,
        "precision": 0.5134234261265999,
        "recall": 0.7382679711013896,
        "support": 16000
    },
    "producer_accuracy": [
        86.16084977238239,
        12.218268090154211,
        98.57495204165525,
        8.415300546448087
    ],
    "user_accuracy": [
        86.34428223844283,
        60.946745562130175,
        86.9050495288717,
        61.111111111111114
    ],
    "weighted avg": {
        "f1-score": 0.8974351747995326,
        "precision": 0.9440170429555719,
        "recall": 0.863125,
        "support": 16000
    }
}