{
    "Mangroves": {
        "f1-score": 0.8661317029677748,
        "precision": 0.8662420382165605,
        "recall": 0.8660213958227203,
        "support": 3926
    },
    "Mangroves > Not Mangroves": {
        "f1-score": 0.25273799494524013,
        "precision": 0.15447991761071062,
        "recall": 0.6944444444444444,
        "support": 216
    },
    "Not Mangroves": {
        "f1-score": 0.9259040948649492,
        "precision": 0.9832106038291605,
        "recall": 0.8749099010549768,
        "support": 15261
    },
    "Not Mangroves > Mangroves": {
        "f1-score": 0.174110522331567,
        "precision": 0.10231316725978648,
        "recall": 0.583756345177665,
        "support": 197
    },
    "accuracy": 0.8682142857142857,
    "accuracy_conf_interval": [
        0.003962446791988749,
        0.004735607141645092,
        0.005629573795935237,
        0.006233605319104253
    ],
    "cls_confidence_intervals": {
        "Mangroves": [
            0.00891052856230069,
            0.010649168281773997,
            0.012659470457415006,
            0.014017782738253525
        ],
        "Mangroves > Not Mangroves": [
            0.01902095032072976,
            0.022732355261359957,
            0.027023667223963627,
            0.02992320233383097
        ],
        "Not Mangroves": [
            0.0018081513437577083,
            0.0021609613620518953,
            0.002568897945704549,
            0.002844530772496883
        ],
        "Not Mangroves > Mangroves": [
            0.014824801414709338,
            0.01771744559318921,
            0.02106206542455656,
            0.023321943688993964
        ]
    },
    "cohen_kappa": 0.6856940583904484,
    "confusion_matrix": [
        [
            3400,
            168,
            196,
            162
        ],
        [
            35,
            150,
            15,
            16
        ],
        [
            465,
            613,
            13352,
            831
        ],
        [
            25,
            40,
            17,
            115
        ]
    ],
    "macro avg": {
        "f1-score": 0.5547210787773827,
        "precision": 0.5265614317290546,
        "recall": 0.7547830216249516,
        "support": 19600
    },
    "producer_accuracy": [
        86.62420382165605,
        15.447991761071062,
        98.32106038291604,
        10.231316725978647
    ],
    "user_accuracy": [
        86.60213958227203,
        69.44444444444444,
        87.49099010549767,
        58.37563451776649
    ],
    "weighted avg": {
        "f1-score": 0.8989564610914778,
        "precision": 0.9417942154708739,
        "recall": 0.8682142857142857,
        "support": 19600
    }
}