{
    "Mangroves": {
        "f1-score": 0.8732561590976552,
        "precision": 0.8719620628334321,
        "recall": 0.8745541022592153,
        "support": 1682
    },
    "Mangroves > Not Mangroves": {
        "f1-score": 0.2391304347826087,
        "precision": 0.14588859416445624,
        "recall": 0.6626506024096386,
        "support": 83
    },
    "Not Mangroves": {
        "f1-score": 0.9291693496458466,
        "precision": 0.9838077381966933,
        "recall": 0.8802806161354277,
        "support": 6557
    },
    "Not Mangroves > Mangroves": {
        "f1-score": 0.17915904936014626,
        "precision": 0.1044776119402985,
        "recall": 0.6282051282051282,
        "support": 78
    },
    "accuracy": 0.8746428571428572,
    "accuracy_conf_interval": [
        0.005925078716678269,
        0.007081191637005737,
        0.008417947201134372,
        0.009321160420140206
    ],
    "cls_confidence_intervals": {
        "Mangroves": [
            0.013341493105085657,
            0.01594471127193164,
            0.018954682277347305,
            0.02098844647019573
        ],
        "Mangroves > Not Mangroves": [
            0.029815431797659664,
            0.0356330770264713,
            0.04235972932228477,
            0.04690476465729387
        ],
        "Not Mangroves": [
            0.0027023691822904367,
            0.003229660730054424,
            0.0038393415821565352,
            0.00425128810384715
        ],
        "Not Mangroves > Mangroves": [
            0.023163664668301772,
            0.02768340411577529,
            0.03290935285191655,
            0.03644039929525523
        ]
    },
    "cohen_kappa": 0.696923117935119,
    "confusion_matrix": [
        [
            1471,
            61,
            83,
            67
        ],
        [
            15,
            55,
            6,
            7
        ],
        [
            192,
            247,
            5772,
            346
        ],
        [
            9,
            14,
            6,
            49
        ]
    ],
    "macro avg": {
        "f1-score": 0.5551787482215642,
        "precision": 0.5265340017837201,
        "recall": 0.7614226122523525,
        "support": 8400
    },
    "producer_accuracy": [
        87.19620628334322,
        14.588859416445624,
        98.38077381966933,
        10.44776119402985
    ],
    "user_accuracy": [
        87.45541022592153,
        66.26506024096386,
        88.02806161354277,
        62.82051282051282
    ],
    "weighted avg": {
        "f1-score": 0.9041907758532285,
        "precision": 0.9449673257248268,
        "recall": 0.8746428571428572,
        "support": 8400
    }
}