{
    "Mangroves": {
        "f1-score": 0.8724796604174037,
        "precision": 0.8707086753155061,
        "recall": 0.8742578644217989,
        "support": 11285
    },
    "Mangroves > Not Mangroves": {
        "f1-score": 0.2414634146341464,
        "precision": 0.14548126377663484,
        "recall": 0.7096774193548387,
        "support": 558
    },
    "Not Mangroves": {
        "f1-score": 0.9263480183704711,
        "precision": 0.9837681608216562,
        "recall": 0.8752611640454597,
        "support": 43555
    },
    "Not Mangroves > Mangroves": {
        "f1-score": 0.1922064244339126,
        "precision": 0.1142052565707134,
        "recall": 0.606312292358804,
        "support": 602
    },
    "accuracy": 0.8705178571428571,
    "accuracy_conf_interval": [
        0.0023267172827325625,
        0.002780710898875502,
        0.003305641017540775,
        0.0036603235301524463
    ],
    "cls_confidence_intervals": {
        "Mangroves": [
            0.0051692895194347345,
            0.006177931376885415,
            0.007344173524562763,
            0.008132174975696106
        ],
        "Mangroves > Not Mangroves": [
            0.01108317306654302,
            0.013245743420990438,
            0.015746215393320266,
            0.017435723482732313
        ],
        "Not Mangroves": [
            0.001052767908380332,
            0.001258186036844787,
            0.0014957007478818133,
            0.0016561836607446687
        ],
        "Not Mangroves > Mangroves": [
            0.00922677773568643,
            0.01102712461094232,
            0.013108775685456943,
            0.014515296681750606
        ]
    },
    "cohen_kappa": 0.6916546351609797,
    "confusion_matrix": [
        [
            9866,
            476,
            523,
            420
        ],
        [
            71,
            396,
            43,
            48
        ],
        [
            1315,
            1755,
            38122,
            2363
        ],
        [
            79,
            95,
            63,
            365
        ]
    ],
    "macro avg": {
        "f1-score": 0.5581243794639834,
        "precision": 0.5285408391211276,
        "recall": 0.7663771850452252,
        "support": 56000
    },
    "producer_accuracy": [
        87.0708675315506,
        14.548126377663484,
        98.37681608216562,
        11.42052565707134
    ],
    "user_accuracy": [
        87.42578644217988,
        70.96774193548387,
        87.52611640454597,
        60.631229235880404
    ],
    "weighted avg": {
        "f1-score": 0.9007761743002025,
        "precision": 0.9432839241993866,
        "recall": 0.8705178571428571,
        "support": 56000
    }
}