{
    "Mangroves": {
        "f1-score": 0.8669160876536612,
        "precision": 0.8667616672604204,
        "recall": 0.8670705630791162,
        "support": 5612
    },
    "Mangroves > Not Mangroves": {
        "f1-score": 0.24395992928697705,
        "precision": 0.14775160599571735,
        "recall": 0.6993243243243243,
        "support": 296
    },
    "Not Mangroves": {
        "f1-score": 0.9258729041807197,
        "precision": 0.9833522317286878,
        "recall": 0.8747421026087754,
        "support": 21811
    },
    "Not Mangroves > Mangroves": {
        "f1-score": 0.17918454935622316,
        "precision": 0.10549589387239419,
        "recall": 0.594306049822064,
        "support": 281
    },
    "accuracy": 0.8685357142857143,
    "accuracy_conf_interval": [
        0.003311788289338028,
        0.0039579908823795945,
        0.004705162630583906,
        0.0052100084063976294
    ],
    "cls_confidence_intervals": {
        "Mangroves": [
            0.007438272537713238,
            0.008889642788974358,
            0.010567789641995028,
            0.011701672650792777
        ],
        "Mangroves > Not Mangroves": [
            0.015547980284086807,
            0.018581732534640332,
            0.022089508574342845,
            0.024459627520087783
        ],
        "Not Mangroves": [
            0.0015064445925864341,
            0.0018003850008959823,
            0.0021402535980038976,
            0.002369894541995732
        ],
        "Not Mangroves > Mangroves": [
            0.012662292396939065,
            0.015132983596341812,
            0.017989720295651237,
            0.01991994779518463
        ]
    },
    "cohen_kappa": 0.6862061604153455,
    "confusion_matrix": [
        [
            4866,
            250,
            275,
            221
        ],
        [
            46,
            207,
            21,
            22
        ],
        [
            667,
            892,
            19079,
            1173
        ],
        [
            35,
            52,
            27,
            167
        ]
    ],
    "macro avg": {
        "f1-score": 0.5539833676193953,
        "precision": 0.5258403497143049,
        "recall": 0.7588607599585699,
        "support": 28000
    },
    "producer_accuracy": [
        86.67616672604204,
        14.775160599571734,
        98.33522317286878,
        10.549589387239418
    ],
    "user_accuracy": [
        86.70705630791163,
        69.93243243243244,
        87.47421026087754,
        59.430604982206404
    ],
    "weighted avg": {
        "f1-score": 0.8993539283727169,
        "precision": 0.9423407437304557,
        "recall": 0.8685357142857143,
        "support": 28000
    }
}