{
    "Mangroves": {
        "f1-score": 0.8690556682443092,
        "precision": 0.8653500897666068,
        "recall": 0.8727931190583975,
        "support": 2209
    },
    "Mangroves > Not Mangroves": {
        "f1-score": 0.2538699690402477,
        "precision": 0.1553030303030303,
        "recall": 0.6949152542372882,
        "support": 118
    },
    "Not Mangroves": {
        "f1-score": 0.9293940307506784,
        "precision": 0.9845426673479816,
        "recall": 0.8800959232613909,
        "support": 8757
    },
    "Not Mangroves > Mangroves": {
        "f1-score": 0.19398907103825136,
        "precision": 0.11525974025974026,
        "recall": 0.6120689655172413,
        "support": 116
    },
    "accuracy": 0.8739285714285714,
    "accuracy_conf_interval": [
        0.005143765280859661,
        0.00614742679907618,
        0.007307910429514031,
        0.008092020990620686
    ],
    "cls_confidence_intervals": {
        "Mangroves": [
            0.011860014239020758,
            0.014174163358829688,
            0.016849898278608763,
            0.018657827278459486
        ],
        "Mangroves > Not Mangroves": [
            0.0258504031066619,
            0.03089438420064471,
            0.03672648734056234,
            0.040667097570236406
        ],
        "Not Mangroves": [
            0.0022866673313138193,
            0.0027328463227896866,
            0.0032487407816836583,
            0.0035973181187741797
        ],
        "Not Mangroves > Mangroves": [
            0.021100862393364783,
            0.025218103835972547,
            0.029978664253987774,
            0.03319525913102509
        ]
    },
    "cohen_kappa": 0.6949076211205787,
    "confusion_matrix": [
        [
            1928,
            85,
            102,
            94
        ],
        [
            19,
            82,
            8,
            9
        ],
        [
            267,
            341,
            7707,
            442
        ],
        [
            14,
            20,
            11,
            71
        ]
    ],
    "macro avg": {
        "f1-score": 0.5615771847683717,
        "precision": 0.5301138819193397,
        "recall": 0.7649683155185794,
        "support": 11200
    },
    "producer_accuracy": [
        86.53500897666068,
        15.530303030303031,
        98.45426673479815,
        11.525974025974026
    ],
    "user_accuracy": [
        87.27931190583975,
        69.49152542372882,
        88.00959232613909,
        61.206896551724135
    ],
    "weighted avg": {
        "f1-score": 0.9027595434841569,
        "precision": 0.9432941405095175,
        "recall": 0.8739285714285714,
        "support": 11200
    }
}