{
    "Mangroves": {
        "f1-score": 0.8665371394410403,
        "precision": 0.8658900836320191,
        "recall": 0.867185163027221,
        "support": 3343
    },
    "Mangroves > Not Mangroves": {
        "f1-score": 0.25553319919517103,
        "precision": 0.15737298636926889,
        "recall": 0.679144385026738,
        "support": 187
    },
    "Not Mangroves": {
        "f1-score": 0.926707272800613,
        "precision": 0.9832234871180348,
        "recall": 0.8763350625572169,
        "support": 13108
    },
    "Not Mangroves > Mangroves": {
        "f1-score": 0.1708185053380783,
        "precision": 0.0997920997920998,
        "recall": 0.5925925925925926,
        "support": 162
    },
    "accuracy": 0.8695833333333334,
    "accuracy_conf_interval": [
        0.004260998278886293,
        0.00509241257720557,
        0.006053735359637233,
        0.006703277780199169
    ],
    "cls_confidence_intervals": {
        "Mangroves": [
            0.00965857268118079,
            0.011543172228728263,
            0.013722240455580027,
            0.015194583852101488
        ],
        "Mangroves > Not Mangroves": [
            0.021022766314775208,
            0.02512476949814598,
            0.029867710678918438,
            0.03307240066592686
        ],
        "Not Mangroves": [
            0.0019486939158612367,
            0.002328926875053673,
            0.002768571234119928,
            0.003065628233489019
        ],
        "Not Mangroves > Mangroves": [
            0.015848048898105895,
            0.01894035112212656,
            0.02251582556865045,
            0.024931686681166593
        ]
    },
    "cohen_kappa": 0.68700031672587,
    "confusion_matrix": [
        [
            2899,
            136,
            167,
            141
        ],
        [
            30,
            127,
            14,
            16
        ],
        [
            399,
            513,
            11487,
            709
        ],
        [
            20,
            31,
            15,
            96
        ]
    ],
    "macro avg": {
        "f1-score": 0.5548990291937257,
        "precision": 0.5265696642278557,
        "recall": 0.7538143008009421,
        "support": 16800
    },
    "producer_accuracy": [
        86.58900836320191,
        15.737298636926889,
        98.32234871180347,
        9.97920997920998
    ],
    "user_accuracy": [
        86.71851630272211,
        67.9144385026738,
        87.6335062557217,
        59.25925925925925
    ],
    "weighted avg": {
        "f1-score": 0.8999743985200059,
        "precision": 0.9421642313894293,
        "recall": 0.8695833333333334,
        "support": 16800
    }
}