{
    "Mangroves": {
        "f1-score": 0.8671535728385313,
        "precision": 0.8671535728385313,
        "recall": 0.8671535728385313,
        "support": 5066
    },
    "Mangroves > Not Mangroves": {
        "f1-score": 0.24770642201834864,
        "precision": 0.15083798882681565,
        "recall": 0.6923076923076923,
        "support": 273
    },
    "Not Mangroves": {
        "f1-score": 0.9262157931667296,
        "precision": 0.9833247378373732,
        "recall": 0.8753762179258276,
        "support": 19603
    },
    "Not Mangroves > Mangroves": {
        "f1-score": 0.18127962085308058,
        "precision": 0.106993006993007,
        "recall": 0.5930232558139535,
        "support": 258
    },
    "accuracy": 0.8688492063492064,
    "accuracy_conf_interval": [
        0.0034873958270785536,
        0.004167863305532906,
        0.004954653827495751,
        0.005486269045038213
    ],
    "cls_confidence_intervals": {
        "Mangroves": [
            0.007820494296150967,
            0.00934644440271701,
            0.011110824213433996,
            0.012302972734188717
        ],
        "Mangroves > Not Mangroves": [
            0.01658131453519366,
            0.019816692981085106,
            0.023557599309147092,
            0.026085238719999782
        ],
        "Not Mangroves": [
            0.0015897121976113698,
            0.0018998999434867592,
            0.002258554524655178,
            0.002500888701120326
        ],
        "Not Mangroves > Mangroves": [
            0.013405436379556677,
            0.01602113128288481,
            0.019045528514857964,
            0.021089040158083067
        ]
    },
    "cohen_kappa": 0.6875673854682529,
    "confusion_matrix": [
        [
            4393,
            226,
            248,
            199
        ],
        [
            43,
            189,
            19,
            22
        ],
        [
            598,
            789,
            17160,
            1056
        ],
        [
            32,
            49,
            24,
            153
        ]
    ],
    "macro avg": {
        "f1-score": 0.5555888522191725,
        "precision": 0.5270773266239318,
        "recall": 0.7569651847215012,
        "support": 25200
    },
    "producer_accuracy": [
        86.71535728385314,
        15.083798882681565,
        98.33247378373731,
        10.6993006993007
    ],
    "user_accuracy": [
        86.71535728385314,
        69.23076923076923,
        87.53762179258277,
        59.30232558139535
    ],
    "weighted avg": {
        "f1-score": 0.8993651662237504,
        "precision": 0.9419800715309502,
        "recall": 0.8688492063492064,
        "support": 25200
    }
}