{
    "Mangroves": {
        "f1-score": 0.8762331838565022,
        "precision": 0.8738819320214669,
        "recall": 0.8785971223021583,
        "support": 1112
    },
    "Mangroves > Not Mangroves": {
        "f1-score": 0.24,
        "precision": 0.14814814814814814,
        "recall": 0.631578947368421,
        "support": 57
    },
    "Not Mangroves": {
        "f1-score": 0.9272771200773133,
        "precision": 0.9833461439918012,
        "recall": 0.8772571428571428,
        "support": 4375
    },
    "Not Mangroves > Mangroves": {
        "f1-score": 0.16836734693877553,
        "precision": 0.09821428571428571,
        "recall": 0.5892857142857143,
        "support": 56
    },
    "accuracy": 0.8721428571428571,
    "accuracy_conf_interval": [
        0.007318231546880773,
        0.00874617916578434,
        0.010397243600141588,
        0.011512827677409998
    ],
    "cls_confidence_intervals": {
        "Mangroves": [
            0.016283133401858333,
            0.019460330163196548,
            0.023133963918493854,
            0.025616148888289333
        ],
        "Mangroves > Not Mangroves": [
            0.03737411011024867,
            0.044666619400053294,
            0.05309858326638989,
            0.058795856149049745
        ],
        "Not Mangroves": [
            0.00335934946384485,
            0.004014832286058479,
            0.004772734299242989,
            0.005284830254097386
        ],
        "Not Mangroves > Mangroves": [
            0.02662644685064428,
            0.031821851114184625,
            0.037829037293903155,
            0.04188794687479405
        ]
    },
    "cohen_kappa": 0.6917705757131573,
    "confusion_matrix": [
        [
            977,
            39,
            55,
            41
        ],
        [
            10,
            36,
            4,
            7
        ],
        [
            125,
            157,
            3838,
            255
        ],
        [
            6,
            11,
            6,
            33
        ]
    ],
    "macro avg": {
        "f1-score": 0.5529694127181477,
        "precision": 0.5258976274689254,
        "recall": 0.7441797317033592,
        "support": 5600
    },
    "producer_accuracy": [
        87.3881932021467,
        14.814814814814813,
        98.33461439918013,
        9.821428571428571
    ],
    "user_accuracy": [
        87.85971223021582,
        63.1578947368421,
        87.72571428571429,
        58.92857142857143
    ],
    "weighted avg": {
        "f1-score": 0.9025566557527228,
        "precision": 0.9442572380029367,
        "recall": 0.8721428571428571,
        "support": 5600
    }
}