{
    "Mangroves": {
        "f1-score": 0.8668716717917948,
        "precision": 0.8655084618840797,
        "recall": 0.8682391826923077,
        "support": 6656
    },
    "Mangroves > Not Mangroves": {
        "f1-score": 0.24091587854654056,
        "precision": 0.1460470730235365,
        "recall": 0.6875,
        "support": 352
    },
    "Not Mangroves": {
        "f1-score": 0.9271683288002418,
        "precision": 0.9840482401744858,
        "recall": 0.8765046472649702,
        "support": 26252
    },
    "Not Mangroves > Mangroves": {
        "f1-score": 0.1871345029239766,
        "precision": 0.11046202867764206,
        "recall": 0.611764705882353,
        "support": 340
    },
    "accuracy": 0.8702083333333334,
    "accuracy_conf_interval": [
        0.0030068324804341058,
        0.0035935315010066143,
        0.004271902243543577,
        0.004730260853365849
    ],
    "cls_confidence_intervals": {
        "Mangroves": [
            0.006847567141342584,
            0.008183677803067967,
            0.009728555755687941,
            0.010772392210160896
        ],
        "Mangroves > Not Mangroves": [
            0.014228069841285957,
            0.017004278590805166,
            0.02021426995743676,
            0.02238318304299864
        ],
        "Not Mangroves": [
            0.0013437121025797285,
            0.0016058998299123585,
            0.001909054389640712,
            0.002113888551619329
        ],
        "Not Mangroves > Mangroves": [
            0.01184697415982727,
            0.014158578873939908,
            0.016831371824632648,
            0.018637313007533143
        ]
    },
    "cohen_kappa": 0.6878655708475216,
    "confusion_matrix": [
        [
            5779,
            293,
            315,
            269
        ],
        [
            52,
            242,
            25,
            33
        ],
        [
            803,
            1066,
            23010,
            1373
        ],
        [
            43,
            56,
            33,
            208
        ]
    ],
    "macro avg": {
        "f1-score": 0.5555225955156384,
        "precision": 0.526516450939936,
        "recall": 0.7610021339599077,
        "support": 33600
    },
    "producer_accuracy": [
        86.55084618840797,
        14.604707302353651,
        98.40482401744858,
        11.046202867764206
    ],
    "user_accuracy": [
        86.82391826923077,
        68.75,
        87.65046472649702,
        61.1764705882353
    ],
    "weighted avg": {
        "f1-score": 0.9005460992664486,
        "precision": 0.9429471542504677,
        "recall": 0.8702083333333334,
        "support": 33600
    }
}