{
    "Mangroves": {
        "f1-score": 0.8715763846622033,
        "precision": 0.869185199572691,
        "recall": 0.8739807626580733,
        "support": 20481
    },
    "Mangroves > Not Mangroves": {
        "f1-score": 0.30363905812613207,
        "precision": 0.19386038687973087,
        "recall": 0.7000759301442673,
        "support": 1317
    },
    "Not Mangroves": {
        "f1-score": 0.9254681920862785,
        "precision": 0.9821210387119724,
        "recall": 0.8749948327890538,
        "support": 72573
    },
    "Not Mangroves > Mangroves": {
        "f1-score": 0.17170375290601128,
        "precision": 0.09955709609089158,
        "recall": 0.623642943305187,
        "support": 829
    },
    "accuracy": 0.8701680672268908,
    "accuracy_conf_interval": [
        0.0017865604104975836,
        0.002135157563765405,
        0.002538223022231323,
        0.0028105645482218084
    ],
    "cls_confidence_intervals": {
        "Mangroves": [
            0.0038535242526830556,
            0.0046054314239382865,
            0.005474824090702147,
            0.006062251568245296
        ],
        "Mangroves > Not Mangroves": [
            0.009400968422911105,
            0.01123530372494254,
            0.013356253917916387,
            0.014789328372628446
        ],
        "Not Mangroves": [
            0.0008546528048867499,
            0.0010214143277914817,
            0.0012142323386500776,
            0.0013445147784193992
        ],
        "Not Mangroves > Mangroves": [
            0.006813949129340633,
            0.008143500178968074,
            0.009680793580099803,
            0.01071950533762124
        ]
    },
    "cohen_kappa": 0.7012258873447836,
    "confusion_matrix": [
        [
            17900,
            951,
            965,
            665
        ],
        [
            175,
            922,
            121,
            99
        ],
        [
            2404,
            2756,
            63501,
            3912
        ],
        [
            115,
            127,
            70,
            517
        ]
    ],
    "macro avg": {
        "f1-score": 0.5680968469451563,
        "precision": 0.5361809303138215,
        "recall": 0.7681736172241453,
        "support": 95200
    },
    "producer_accuracy": [
        86.9185199572691,
        19.386038687973087,
        98.21210387119724,
        9.955709609089158
    ],
    "user_accuracy": [
        87.39807626580733,
        70.00759301442673,
        87.49948327890537,
        62.364294330518696
    ],
    "weighted avg": {
        "f1-score": 0.8987079211056227,
        "precision": 0.9392342350532794,
        "recall": 0.8701680672268908,
        "support": 95200
    }
}