{
    "Mangroves": {
        "f1-score": 0.8692456479690522,
        "precision": 0.8679864799613713,
        "recall": 0.8705084745762712,
        "support": 10325
    },
    "Mangroves > Not Mangroves": {
        "f1-score": 0.3004291845493562,
        "precision": 0.19214527027027026,
        "recall": 0.6883509833585476,
        "support": 661
    },
    "Not Mangroves": {
        "f1-score": 0.9248568423512913,
        "precision": 0.9814292357773988,
        "recall": 0.8744509820170714,
        "support": 36201
    },
    "Not Mangroves > Mangroves": {
        "f1-score": 0.17397034596375618,
        "precision": 0.10068649885583524,
        "recall": 0.639225181598063,
        "support": 413
    },
    "accuracy": 0.8689705882352942,
    "accuracy_conf_interval": [
        0.0025364558422730538,
        0.0030313740553995034,
        0.003603623239326961,
        0.003990278093332
    ],
    "cls_confidence_intervals": {
        "Mangroves": [
            0.005455499023330757,
            0.006519986637639199,
            0.0077508004416833335,
            0.008582431390361802
        ],
        "Mangroves > Not Mangroves": [
            0.013278055644377701,
            0.015868895770109935,
            0.018864554665487834,
            0.020888648513716142
        ],
        "Not Mangroves": [
            0.0012327917192304708,
            0.0014733364449339773,
            0.0017514662840286566,
            0.001939391850984521
        ],
        "Not Mangroves > Mangroves": [
            0.009637595195504231,
            0.011518101575114813,
            0.013692437076539549,
            0.015161582685610315
        ]
    },
    "cohen_kappa": 0.6996750446132698,
    "confusion_matrix": [
        [
            8988,
            501,
            499,
            337
        ],
        [
            87,
            455,
            64,
            55
        ],
        [
            1215,
            1364,
            31656,
            1966
        ],
        [
            65,
            48,
            36,
            264
        ]
    ],
    "macro avg": {
        "f1-score": 0.5671255052083639,
        "precision": 0.5355618712162189,
        "recall": 0.7681339053874884,
        "support": 47600
    },
    "producer_accuracy": [
        86.79864799613713,
        19.214527027027025,
        98.14292357773988,
        10.068649885583524
    ],
    "user_accuracy": [
        87.05084745762713,
        68.83509833585477,
        87.44509820170714,
        63.922518159806295
    ],
    "weighted avg": {
        "f1-score": 0.8976079266619689,
        "precision": 0.9382199940683799,
        "recall": 0.8689705882352942,
        "support": 47600
    }
}