{
    "Mangroves": {
        "f1-score": 0.8601036269430052,
        "precision": 0.8621883656509696,
        "recall": 0.8580289455547898,
        "support": 1451
    },
    "Mangroves > Not Mangroves": {
        "f1-score": 0.27539503386004516,
        "precision": 0.17329545454545456,
        "recall": 0.6703296703296703,
        "support": 91
    },
    "Not Mangroves": {
        "f1-score": 0.9188802615447487,
        "precision": 0.9797385620915032,
        "recall": 0.8651404386302424,
        "support": 5198
    },
    "Not Mangroves > Mangroves": {
        "f1-score": 0.16877637130801687,
        "precision": 0.0966183574879227,
        "recall": 0.6666666666666666,
        "support": 60
    },
    "accuracy": 0.8592647058823529,
    "accuracy_conf_interval": [
        0.006915990547595263,
        0.008265452117857754,
        0.009825767058473758,
        0.01088003391024133
    ],
    "cls_confidence_intervals": {
        "Mangroves": [
            0.014876620080125722,
            0.01777937521771123,
            0.021135685845544473,
            0.023403463296783153
        ],
        "Mangroves > Not Mangroves": [
            0.03308577140659414,
            0.03954153168105154,
            0.0470060044983929,
            0.05204956721281274
        ],
        "Not Mangroves": [
            0.003410576048469156,
            0.0040760543018289914,
            0.004845513532276301,
            0.005365418417713673
        ],
        "Not Mangroves > Mangroves": [
            0.02381272700463455,
            0.028459112761636412,
            0.03383149629316982,
            0.03746148516582753
        ]
    },
    "cohen_kappa": 0.6783044435471656,
    "confusion_matrix": [
        [
            1245,
            79,
            80,
            47
        ],
        [
            13,
            61,
            8,
            9
        ],
        [
            176,
            207,
            4497,
            318
        ],
        [
            10,
            5,
            5,
            40
        ]
    ],
    "macro avg": {
        "f1-score": 0.555788823413954,
        "precision": 0.5279601849439625,
        "recall": 0.7650414302953422,
        "support": 6800
    },
    "producer_accuracy": [
        86.21883656509695,
        17.329545454545457,
        97.97385620915033,
        9.66183574879227
    ],
    "user_accuracy": [
        85.80289455547899,
        67.03296703296702,
        86.51404386302424,
        66.66666666666666
    ],
    "weighted avg": {
        "f1-score": 0.8911084547887719,
        "precision": 0.9360710811947208,
        "recall": 0.8592647058823529,
        "support": 6800
    }
}