{
    "Mangroves": {
        "f1-score": 0.8706211413173245,
        "precision": 0.8688133977806521,
        "recall": 0.872436423297785,
        "support": 14628
    },
    "Mangroves > Not Mangroves": {
        "f1-score": 0.29956150473113313,
        "precision": 0.19110718492343934,
        "recall": 0.6926360725720384,
        "support": 937
    },
    "Not Mangroves": {
        "f1-score": 0.9258723005077798,
        "precision": 0.9821957815035154,
        "recall": 0.875658161198866,
        "support": 51849
    },
    "Not Mangroves > Mangroves": {
        "f1-score": 0.1707202993451824,
        "precision": 0.0989159891598916,
        "recall": 0.6228668941979523,
        "support": 586
    },
    "accuracy": 0.8702647058823529,
    "accuracy_conf_interval": [
        0.002113217251593485,
        0.0025255523250751408,
        0.003002314753788305,
        0.0033244515299458485
    ],
    "cls_confidence_intervals": {
        "Mangroves": [
            0.00456831170760632,
            0.005459689601773407,
            0.006490345291904101,
            0.007186734271722138
        ],
        "Mangroves > Not Mangroves": [
            0.011064811095153079,
            0.013223798625914655,
            0.015720127958357727,
            0.01740683696676521
        ],
        "Not Mangroves": [
            0.001008708958966623,
            0.0012055302192527935,
            0.001433104801458678,
            0.0015868714110572487
        ],
        "Not Mangroves > Mangroves": [
            0.008060213690230284,
            0.009632938312714242,
            0.01145140115746132,
            0.012680092268776913
        ]
    },
    "cohen_kappa": 0.7011078203350427,
    "confusion_matrix": [
        [
            12762,
            696,
            690,
            480
        ],
        [
            131,
            649,
            86,
            71
        ],
        [
            1710,
            1963,
            45402,
            2774
        ],
        [
            86,
            88,
            47,
            365
        ]
    ],
    "macro avg": {
        "f1-score": 0.566693811475355,
        "precision": 0.5352580883418746,
        "recall": 0.7658993878166604,
        "support": 68000
    },
    "producer_accuracy": [
        86.88133977806521,
        19.110718492343935,
        98.21957815035154,
        9.89159891598916
    ],
    "user_accuracy": [
        87.24364232977851,
        69.26360725720384,
        87.56581611988659,
        62.28668941979522
    ],
    "weighted avg": {
        "f1-score": 0.898848973375986,
        "precision": 0.9392927008798839,
        "recall": 0.8702647058823529,
        "support": 68000
    }
}