{
    "Mangroves": {
        "f1-score": 0.8713480073181312,
        "precision": 0.8683181715660476,
        "recall": 0.8743990612105841,
        "support": 26417
    },
    "Mangroves > Not Mangroves": {
        "f1-score": 0.3030688908697313,
        "precision": 0.19371642519941396,
        "recall": 0.695906432748538,
        "support": 1710
    },
    "Not Mangroves": {
        "f1-score": 0.9252108375614351,
        "precision": 0.9818830105039992,
        "recall": 0.8747236709376945,
        "support": 93186
    },
    "Not Mangroves > Mangroves": {
        "f1-score": 0.17292259901630855,
        "precision": 0.1006175628859768,
        "recall": 0.6145354185832567,
        "support": 1087
    },
    "accuracy": 0.86984477124183,
    "accuracy_conf_interval": [
        0.0015772655860184512,
        0.0018850247247537589,
        0.0022408712289164585,
        0.0024813080560534173
    ],
    "cls_confidence_intervals": {
        "Mangroves": [
            0.0034000795054748376,
            0.004063509652884562,
            0.004830600760827056,
            0.005348905563490903
        ],
        "Mangroves > Not Mangroves": [
            0.00826952795677525,
            0.009883094387365543,
            0.01174878057273557,
            0.013009379346634235
        ],
        "Not Mangroves": [
            0.0007591644016876869,
            0.000907294041041382,
            0.0010785689365440919,
            0.0011942952172891662
        ],
        "Not Mangroves > Mangroves": [
            0.006054825229647623,
            0.007236254542749598,
            0.008602282186023758,
            0.009525273836884675
        ]
    },
    "cohen_kappa": 0.7011731236882573,
    "confusion_matrix": [
        [
            23099,
            1236,
            1238,
            844
        ],
        [
            222,
            1190,
            162,
            136
        ],
        [
            3131,
            3552,
            81512,
            4991
        ],
        [
            150,
            165,
            104,
            668
        ]
    ],
    "macro avg": {
        "f1-score": 0.5681375836914015,
        "precision": 0.5361337925388594,
        "recall": 0.7648911458700183,
        "support": 122400
    },
    "producer_accuracy": [
        86.83181715660476,
        19.371642519941396,
        98.18830105039991,
        10.06175628859768
    ],
    "user_accuracy": [
        87.43990612105841,
        69.5906432748538,
        87.47236709376945,
        61.453541858325664
    ],
    "weighted avg": {
        "f1-score": 0.898213334042818,
        "precision": 0.9385354389953757,
        "recall": 0.86984477124183,
        "support": 122400
    }
}