{
    "Mangroves": {
        "f1-score": 0.8707606657956031,
        "precision": 0.8689835024661262,
        "recall": 0.8725451129959584,
        "support": 17567
    },
    "Mangroves > Not Mangroves": {
        "f1-score": 0.30114942528735633,
        "precision": 0.1921760391198044,
        "recall": 0.695575221238938,
        "support": 1130
    },
    "Not Mangroves": {
        "f1-score": 0.9257647118834271,
        "precision": 0.982265920981418,
        "recall": 0.8754099942118464,
        "support": 62196
    },
    "Not Mangroves > Mangroves": {
        "f1-score": 0.17094017094017092,
        "precision": 0.09907678450799369,
        "recall": 0.6223479490806223,
        "support": 707
    },
    "accuracy": 0.8701102941176471,
    "accuracy_conf_interval": [
        0.0019300710150821794,
        0.002306670237537239,
        0.0027421130885009015,
        0.0030363312310439164
    ],
    "cls_confidence_intervals": {
        "Mangroves": [
            0.00416654067900226,
            0.004979524226124652,
            0.005919536452484918,
            0.006554679848674287
        ],
        "Mangroves > Not Mangroves": [
            0.010103926501243511,
            0.012075424355144684,
            0.014354968748717917,
            0.01589520144707821
        ],
        "Not Mangroves": [
            0.0009193698700027077,
            0.0010987591129300654,
            0.0013061779250648226,
            0.001446325771101821
        ],
        "Not Mangroves > Mangroves": [
            0.007352470695337733,
            0.008787099123696317,
            0.010445888243985927,
            0.01156669170364107
        ]
    },
    "cohen_kappa": 0.7010868062552298,
    "confusion_matrix": [
        [
            15328,
            843,
            821,
            575
        ],
        [
            154,
            786,
            104,
            86
        ],
        [
            2056,
            2353,
            54447,
            3340
        ],
        [
            101,
            108,
            58,
            440
        ]
    ],
    "macro avg": {
        "f1-score": 0.5671537434766393,
        "precision": 0.5356255617688357,
        "recall": 0.7664695693818413,
        "support": 81600
    },
    "producer_accuracy": [
        86.89835024661262,
        19.21760391198044,
        98.2265920981418,
        9.907678450799368
    ],
    "user_accuracy": [
        87.25451129959583,
        69.5575221238938,
        87.54099942118464,
        62.23479490806223
    ],
    "weighted avg": {
        "f1-score": 0.8987336787715982,
        "precision": 0.9392849340690593,
        "recall": 0.8701102941176471,
        "support": 81600
    }
}