{
    "Mangroves": {
        "f1-score": 0.868409193330329,
        "precision": 0.8664568345323741,
        "recall": 0.8703703703703703,
        "support": 4428
    },
    "Mangroves > Not Mangroves": {
        "f1-score": 0.30884557721139433,
        "precision": 0.19845857418111754,
        "recall": 0.6959459459459459,
        "support": 296
    },
    "Not Mangroves": {
        "f1-score": 0.9216873652878991,
        "precision": 0.9811348240949814,
        "recall": 0.8690322580645161,
        "support": 15500
    },
    "Not Mangroves > Mangroves": {
        "f1-score": 0.16752387950036737,
        "precision": 0.09620253164556962,
        "recall": 0.6477272727272727,
        "support": 176
    },
    "accuracy": 0.8649019607843137,
    "accuracy_conf_interval": [
        0.003924973492659315,
        0.004690821979031865,
        0.005576334291400126,
        0.00617465342137868
    ],
    "cls_confidence_intervals": {
        "Mangroves": [
            0.008364611175833548,
            0.009996730429654727,
            0.011883868316885468,
            0.013158961483933265
        ],
        "Mangroves > Not Mangroves": [
            0.02030219950208833,
            0.024263604282983613,
            0.02884397856089379,
            0.031938826045968226
        ],
        "Not Mangroves": [
            0.0019042289805342545,
            0.002275785854784841,
            0.0027053984906370812,
            0.002995677298645352
        ],
        "Not Mangroves > Mangroves": [
            0.014047967169760627,
            0.016789033934591968,
            0.01995839238142821,
            0.022099850791452696
        ]
    },
    "cohen_kappa": 0.6930236257758904,
    "confusion_matrix": [
        [
            3854,
            220,
            219,
            135
        ],
        [
            35,
            206,
            27,
            28
        ],
        [
            530,
            592,
            13470,
            908
        ],
        [
            29,
            20,
            13,
            114
        ]
    ],
    "macro avg": {
        "f1-score": 0.5666165038324974,
        "precision": 0.5355631911135107,
        "recall": 0.7707689617770264,
        "support": 20400
    },
    "producer_accuracy": [
        86.64568345323741,
        19.845857418111752,
        98.11348240949815,
        9.620253164556962
    ],
    "user_accuracy": [
        87.03703703703704,
        69.5945945945946,
        86.90322580645162,
        64.77272727272727
    ],
    "weighted avg": {
        "f1-score": 0.894724145278224,
        "precision": 0.9372517657014116,
        "recall": 0.8649019607843137,
        "support": 20400
    }
}