{
    "Mangroves": {
        "f1-score": 0.8708418194161575,
        "precision": 0.8676756573940982,
        "recall": 0.8740311728132186,
        "support": 23482
    },
    "Mangroves > Not Mangroves": {
        "f1-score": 0.3046338672768879,
        "precision": 0.19484083424807905,
        "recall": 0.6979030144167759,
        "support": 1526
    },
    "Not Mangroves": {
        "f1-score": 0.9250094193227029,
        "precision": 0.9819540105211779,
        "recall": 0.8743073747238553,
        "support": 82837
    },
    "Not Mangroves > Mangroves": {
        "f1-score": 0.170082860880942,
        "precision": 0.0987508440243079,
        "recall": 0.612565445026178,
        "support": 955
    },
    "accuracy": 0.8694761029411765,
    "accuracy_conf_interval": [
        0.0016749553774847664,
        0.002001775938945209,
        0.0023796622131338455,
        0.0026349907767748157
    ],
    "cls_confidence_intervals": {
        "Mangroves": [
            0.0036131844383645692,
            0.004318196036094242,
            0.0051333656959691755,
            0.005684156006695482
        ],
        "Mangroves > Not Mangroves": [
            0.008785973624554964,
            0.010500309941541299,
            0.012482511308056748,
            0.013821836555702323
        ],
        "Not Mangroves": [
            0.0008038612503374157,
            0.000960712226013009,
            0.001142071166637914,
            0.001264610991384471
        ],
        "Not Mangroves > Mangroves": [
            0.006356662691580525,
            0.007596987119205994,
            0.009031112238647943,
            0.010000115697730341
        ]
    },
    "cohen_kappa": 0.7004677804859747,
    "confusion_matrix": [
        [
            20524,
            1090,
            1098,
            770
        ],
        [
            204,
            1065,
            143,
            114
        ],
        [
            2791,
            3166,
            72425,
            4455
        ],
        [
            135,
            145,
            90,
            585
        ]
    ],
    "macro avg": {
        "f1-score": 0.5676419917241725,
        "precision": 0.5358053365469158,
        "recall": 0.764701751745007,
        "support": 108800
    },
    "producer_accuracy": [
        86.76756573940982,
        19.484083424807906,
        98.19540105211779,
        9.87508440243079
    ],
    "user_accuracy": [
        87.40311728132187,
        69.7903014416776,
        87.43073747238553,
        61.25654450261781
    ],
    "weighted avg": {
        "f1-score": 0.8979909309335549,
        "precision": 0.9384974110806692,
        "recall": 0.8694761029411765,
        "support": 108800
    }
}