{
    "Mangroves": {
        "f1-score": 0.903954802259887,
        "precision": 0.9056603773584906,
        "recall": 0.9022556390977443,
        "support": 266
    },
    "Mangroves > Not Mangroves": {
        "f1-score": 0.2571428571428571,
        "precision": 0.15789473684210525,
        "recall": 0.6923076923076923,
        "support": 13
    },
    "Not Mangroves": {
        "f1-score": 0.9214659685863874,
        "precision": 0.9808917197452229,
        "recall": 0.8688293370944993,
        "support": 709
    },
    "Not Mangroves > Mangroves": {
        "f1-score": 0.2903225806451613,
        "precision": 0.18,
        "recall": 0.75,
        "support": 12
    },
    "accuracy": 0.874,
    "accuracy_conf_interval": [
        0.01721015718696375,
        0.02056823663807863,
        0.024451016003430207,
        0.027074515574613704
    ],
    "cls_confidence_intervals": {
        "Mangroves": [
            0.029447651333835975,
            0.03519353452092592,
            0.041837211955998675,
            0.046326183195912696
        ],
        "Mangroves > Not Mangroves": [
            0.07920880074688867,
            0.09466417650237915,
            0.11253445471966503,
            0.12460896702864195
        ],
        "Not Mangroves": [
            0.008959532755260562,
            0.010707734268482134,
            0.012729092268144579,
            0.014094874700348934
        ],
        "Not Mangroves > Mangroves": [
            0.08910498975927218,
            0.10649132922449603,
            0.1265942842311611,
            0.14017736193836722
        ]
    },
    "cohen_kappa": 0.7390855985604152,
    "confusion_matrix": [
        [
            240,
            14,
            9,
            3
        ],
        [
            1,
            9,
            2,
            1
        ],
        [
            24,
            32,
            616,
            37
        ],
        [
            0,
            2,
            1,
            9
        ]
    ],
    "macro avg": {
        "f1-score": 0.5932215521585733,
        "precision": 0.5561117084864547,
        "recall": 0.803348167124984,
        "support": 1000
    },
    "producer_accuracy": [
        90.56603773584906,
        15.789473684210526,
        98.08917197452229,
        18.0
    ],
    "user_accuracy": [
        90.22556390977444,
        69.23076923076923,
        86.88293370944993,
        75.0
    ],
    "weighted avg": {
        "f1-score": 0.9005980772394778,
        "precision": 0.9405705212556689,
        "recall": 0.874,
        "support": 1000
    }
}