{
    "Mangroves": {
        "f1-score": 0.8935593220338982,
        "precision": 0.9021218343600274,
        "recall": 0.8851578240429818,
        "support": 2978
    },
    "Mangroves > Not Mangroves": {
        "f1-score": 0.2193126022913257,
        "precision": 0.13267326732673268,
        "recall": 0.6320754716981132,
        "support": 106
    },
    "Not Mangroves": {
        "f1-score": 0.9239113590578026,
        "precision": 0.9815607507408627,
        "recall": 0.8726580796252927,
        "support": 6832
    },
    "Not Mangroves > Mangroves": {
        "f1-score": 0.17838765008576327,
        "precision": 0.10420841683366733,
        "recall": 0.6190476190476191,
        "support": 84
    },
    "accuracy": 0.8717,
    "accuracy_conf_interval": [
        0.005484546200516502,
        0.006554701556714843,
        0.0077920686873191765,
        0.00862812755934913
    ],
    "cls_confidence_intervals": {
        "Mangroves": [
            0.009015280631564723,
            0.010774359779187108,
            0.012808295043625491,
            0.014182575627705479
        ],
        "Mangroves > Not Mangroves": [
            0.024756043518902655,
            0.0295864910347861,
            0.03517169597502634,
            0.03894548309681028
        ],
        "Not Mangroves": [
            0.0028309791045977367,
            0.0033833652713485146,
            0.004022061776654102,
            0.004453613469428147
        ],
        "Not Mangroves > Mangroves": [
            0.022430991097195648,
            0.02680776984786797,
            0.031868420278332844,
            0.03528777867729559
        ]
    },
    "cohen_kappa": 0.7418784768697564,
    "confusion_matrix": [
        [
            2636,
            141,
            100,
            101
        ],
        [
            17,
            67,
            6,
            16
        ],
        [
            258,
            282,
            5962,
            330
        ],
        [
            11,
            15,
            6,
            52
        ]
    ],
    "macro avg": {
        "f1-score": 0.5537927333671975,
        "precision": 0.5301410673153225,
        "recall": 0.7522347486035017,
        "support": 10000
    },
    "producer_accuracy": [
        90.21218343600273,
        13.267326732673268,
        98.15607507408627,
        10.420841683366733
    ],
    "user_accuracy": [
        88.51578240429818,
        63.20754716981132,
        87.26580796252928,
        61.904761904761905
    ],
    "weighted avg": {
        "f1-score": 0.9011413764549941,
        "precision": 0.9415358745136396,
        "recall": 0.8717,
        "support": 10000
    }
}