{
    "Mangroves": {
        "f1-score": 0.8963557338682715,
        "precision": 0.9083516855836016,
        "recall": 0.8846724962877413,
        "support": 6061
    },
    "Mangroves > Not Mangroves": {
        "f1-score": 0.24184566428003182,
        "precision": 0.1464354527938343,
        "recall": 0.6940639269406392,
        "support": 219
    },
    "Not Mangroves": {
        "f1-score": 0.9224818316792998,
        "precision": 0.9794242097403136,
        "recall": 0.8717967653792187,
        "support": 13541
    },
    "Not Mangroves > Mangroves": {
        "f1-score": 0.1839662447257384,
        "precision": 0.10834990059642147,
        "recall": 0.6089385474860335,
        "support": 179
    },
    "accuracy": 0.8714,
    "accuracy_conf_interval": [
        0.0038820230729865587,
        0.004639490989666863,
        0.0055153132683284645,
        0.006107085078234952
    ],
    "cls_confidence_intervals": {
        "Mangroves": [
            0.006158808643295401,
            0.007360527402962797,
            0.008750014718828223,
            0.009688857499818376
        ],
        "Mangroves > Not Mangroves": [
            0.01799643460822039,
            0.021507934043970712,
            0.02556810526655702,
            0.02831146420073696
        ],
        "Not Mangroves": [
            0.0021206058216242983,
            0.0025343825673070884,
            0.0030128119295028143,
            0.003336075012067494
        ],
        "Not Mangroves > Mangroves": [
            0.016071497588454855,
            0.019207399556933853,
            0.02283328620798769,
            0.025283209620861908
        ]
    },
    "cohen_kappa": 0.7435754892623532,
    "confusion_matrix": [
        [
            5362,
            284,
            216,
            199
        ],
        [
            24,
            152,
            16,
            27
        ],
        [
            497,
            568,
            11805,
            671
        ],
        [
            20,
            34,
            16,
            109
        ]
    ],
    "macro avg": {
        "f1-score": 0.5611623686383354,
        "precision": 0.5356403121785428,
        "recall": 0.7648679340234081,
        "support": 20000
    },
    "producer_accuracy": [
        90.83516855836015,
        14.64354527938343,
        97.94242097403136,
        10.834990059642147
    ],
    "user_accuracy": [
        88.46724962877413,
        69.40639269406392,
        87.17967653792186,
        60.893854748603346
    ],
    "weighted avg": {
        "f1-score": 0.9005016372014114,
        "precision": 0.9409683393392203,
        "recall": 0.8714,
        "support": 20000
    }
}