{
    "Mangroves": {
        "f1-score": 0.889041095890411,
        "precision": 0.8927097661623109,
        "recall": 0.8854024556616644,
        "support": 1466
    },
    "Mangroves > Not Mangroves": {
        "f1-score": 0.1943573667711599,
        "precision": 0.11567164179104478,
        "recall": 0.6078431372549019,
        "support": 51
    },
    "Not Mangroves": {
        "f1-score": 0.9207722007722008,
        "precision": 0.9828552588196505,
        "recall": 0.8660662405578152,
        "support": 3442
    },
    "Not Mangroves > Mangroves": {
        "f1-score": 0.19580419580419578,
        "precision": 0.11428571428571428,
        "recall": 0.6829268292682927,
        "support": 41
    },
    "accuracy": 0.8676,
    "accuracy_conf_interval": [
        0.007860725125635674,
        0.009394525150149952,
        0.011167981428494587,
        0.012366262697646367
    ],
    "cls_confidence_intervals": {
        "Mangroves": [
            0.013310577047963628,
            0.01590776281341995,
            0.018910758854728815,
            0.020939810233991565
        ],
        "Mangroves > Not Mangroves": [
            0.032040307606685144,
            0.03829207494457493,
            0.045520680929009995,
            0.050404874161736384
        ],
        "Not Mangroves": [
            0.0038656087211776952,
            0.004619873837505051,
            0.0054919928782585555,
            0.006081262500389302
        ],
        "Not Mangroves > Mangroves": [
            0.03333524137257391,
            0.03983967871356394,
            0.04736043438908367,
            0.05244202606173213
        ]
    },
    "cohen_kappa": 0.733175054818016,
    "confusion_matrix": [
        [
            1298,
            75,
            47,
            46
        ],
        [
            8,
            31,
            4,
            8
        ],
        [
            145,
            153,
            2981,
            163
        ],
        [
            3,
            9,
            1,
            28
        ]
    ],
    "macro avg": {
        "f1-score": 0.5499937148094919,
        "precision": 0.5263805952646802,
        "recall": 0.7605596656856687,
        "support": 5000
    },
    "producer_accuracy": [
        89.2709766162311,
        11.567164179104477,
        98.28552588196506,
        11.428571428571429
    ],
    "user_accuracy": [
        88.54024556616645,
        60.78431372549019,
        86.60662405578152,
        68.29268292682927
    ],
    "weighted avg": {
        "f1-score": 0.8981144718733117,
        "precision": 0.9404570572136485,
        "recall": 0.8676,
        "support": 5000
    }
}