{
    "Mangroves": {
        "f1-score": 0.8978444236176194,
        "precision": 0.9096581660336408,
        "recall": 0.8863335976738038,
        "support": 7566
    },
    "Mangroves > Not Mangroves": {
        "f1-score": 0.2639593908629442,
        "precision": 0.1613653995345229,
        "recall": 0.7247386759581882,
        "support": 287
    },
    "Not Mangroves": {
        "f1-score": 0.9240763296792529,
        "precision": 0.9802544394381129,
        "recall": 0.8739883027116441,
        "support": 16927
    },
    "Not Mangroves > Mangroves": {
        "f1-score": 0.18268575323790048,
        "precision": 0.107457898957498,
        "recall": 0.6090909090909091,
        "support": 220
    },
    "accuracy": 0.87368,
    "accuracy_conf_interval": [
        0.003445768521772523,
        0.004118113599191552,
        0.004895512594957304,
        0.00542078218669092
    ],
    "cls_confidence_intervals": {
        "Mangroves": [
            0.0054756382344836926,
            0.006544055450968316,
            0.007779412857528661,
            0.008614113807907274
        ],
        "Mangroves > Not Mangroves": [
            0.016803857364431973,
            0.02008265880139431,
            0.02387377296288201,
            0.02643533658550884
        ],
        "Not Mangroves": [
            0.0018572680701437864,
            0.00221966183992794,
            0.0026386796362408674,
            0.0029217997688847372
        ],
        "Not Mangroves > Mangroves": [
            0.014382823439541961,
            0.017189228013111124,
            0.02043413330130047,
            0.02262663687440138
        ]
    },
    "cohen_kappa": 0.7478577336748573,
    "confusion_matrix": [
        [
            6706,
            350,
            262,
            248
        ],
        [
            28,
            208,
            17,
            34
        ],
        [
            607,
            695,
            14794,
            831
        ],
        [
            31,
            36,
            19,
            134
        ]
    ],
    "macro avg": {
        "f1-score": 0.5671414743494292,
        "precision": 0.5396839759909436,
        "recall": 0.7735378713586363,
        "support": 25000
    },
    "producer_accuracy": [
        90.96581660336408,
        16.13653995345229,
        98.02544394381128,
        10.7457898957498
    ],
    "user_accuracy": [
        88.63335976738038,
        72.47386759581882,
        87.39883027116441,
        60.909090909090914
    ],
    "weighted avg": {
        "f1-score": 0.9020351260984649,
        "precision": 0.9418077275206609,
        "recall": 0.87368,
        "support": 25000
    }
}