{
    "Mangroves": {
        "f1-score": 0.8745904861748132,
        "precision": 0.8766583475633785,
        "recall": 0.872532357170872,
        "support": 7649
    },
    "Mangroves > Not Mangroves": {
        "f1-score": 0.3062244434348023,
        "precision": 0.1992903607332939,
        "recall": 0.6607843137254902,
        "support": 510
    },
    "Not Mangroves": {
        "f1-score": 0.9176174868774489,
        "precision": 0.9769125826424598,
        "recall": 0.865108498675712,
        "support": 21521
    },
    "Not Mangroves > Mangroves": {
        "f1-score": 0.2063329928498468,
        "precision": 0.12332112332112333,
        "recall": 0.63125,
        "support": 320
    },
    "accuracy": 0.8610333333333333,
    "accuracy_conf_interval": [
        0.0032752806785825692,
        0.003914359835379169,
        0.004653295110425236,
        0.005152575701672579
    ],
    "cls_confidence_intervals": {
        "Mangroves": [
            0.006180676324596525,
            0.0073866619489080425,
            0.008781082827018234,
            0.009723259096011608
        ],
        "Mangroves > Not Mangroves": [
            0.0159313551504265,
            0.019039912252948744,
            0.02263418140274009,
            0.025062741639085593
        ],
        "Not Mangroves": [
            0.0017841062530172232,
            0.0021322245462888764,
            0.002534736322884226,
            0.002806703739502705
        ],
        "Not Mangroves > Mangroves": [
            0.013323732554988376,
            0.015923485248644644,
            0.018929449300684707,
            0.020960506092603668
        ]
    },
    "cohen_kappa": 0.7092979843835119,
    "confusion_matrix": [
        [
            6674,
            316,
            350,
            309
        ],
        [
            73,
            337,
            60,
            40
        ],
        [
            823,
            993,
            18618,
            1087
        ],
        [
            43,
            45,
            30,
            202
        ]
    ],
    "macro avg": {
        "f1-score": 0.5761913523342278,
        "precision": 0.5440456035650639,
        "recall": 0.7574187923930186,
        "support": 30000
    },
    "producer_accuracy": [
        87.66583475633784,
        19.92903607332939,
        97.69125826424599,
        12.332112332112333
    ],
    "user_accuracy": [
        87.2532357170872,
        66.07843137254902,
        86.51084986757121,
        63.125
    ],
    "weighted avg": {
        "f1-score": 0.8886663195901475,
        "precision": 0.9290265411665799,
        "recall": 0.8610333333333333,
        "support": 30000
    }
}