{
    "Mangroves": {
        "f1-score": 0.8754746373284004,
        "precision": 0.8755598831548199,
        "recall": 0.8753894080996885,
        "support": 5136
    },
    "Mangroves > Not Mangroves": {
        "f1-score": 0.31167016072676446,
        "precision": 0.2042124542124542,
        "recall": 0.6578171091445427,
        "support": 339
    },
    "Not Mangroves": {
        "f1-score": 0.9167253455879628,
        "precision": 0.9763182822860752,
        "recall": 0.8639888229130283,
        "support": 14315
    },
    "Not Mangroves > Mangroves": {
        "f1-score": 0.20076045627376427,
        "precision": 0.11945701357466064,
        "recall": 0.6285714285714286,
        "support": 210
    },
    "accuracy": 0.86095,
    "accuracy_conf_interval": [
        0.004012391595021603,
        0.004795297272098989,
        0.005700531961219717,
        0.006312177021436424
    ],
    "cls_confidence_intervals": {
        "Mangroves": [
            0.007554343986470045,
            0.009028362325293469,
            0.010732696029558052,
            0.011884272856763852
        ],
        "Mangroves > Not Mangroves": [
            0.020006550295819894,
            0.02391026742671158,
            0.028423940359305094,
            0.03147371936781423
        ],
        "Not Mangroves": [
            0.0022156039546176393,
            0.0026479169213723007,
            0.0031477787891823782,
            0.003485523294459457
        ],
        "Not Mangroves > Mangroves": [
            0.016000878104684924,
            0.01912300066169662,
            0.022732954868241388,
            0.025172113115906773
        ]
    },
    "cohen_kappa": 0.7098318818510547,
    "confusion_matrix": [
        [
            4496,
            201,
            234,
            205
        ],
        [
            51,
            223,
            41,
            24
        ],
        [
            563,
            640,
            12368,
            744
        ],
        [
            25,
            28,
            25,
            132
        ]
    ],
    "macro avg": {
        "f1-score": 0.576157649979223,
        "precision": 0.5438869083070025,
        "recall": 0.756441692182172,
        "support": 20000
    },
    "producer_accuracy": [
        87.555988315482,
        20.42124542124542,
        97.63182822860752,
        11.945701357466064
    ],
    "user_accuracy": [
        87.53894080996885,
        65.78171091445427,
        86.39888229130283,
        62.857142857142854
    ],
    "weighted avg": {
        "f1-score": 0.8883588469857108,
        "precision": 0.9283592882818511,
        "recall": 0.86095,
        "support": 20000
    }
}