{
    "Mangroves": {
        "f1-score": 0.8770201024832479,
        "precision": 0.8809264574878749,
        "recall": 0.8731482389875405,
        "support": 10193
    },
    "Mangroves > Not Mangroves": {
        "f1-score": 0.30843373493975906,
        "precision": 0.2003577817531306,
        "recall": 0.6696562032884903,
        "support": 669
    },
    "Not Mangroves": {
        "f1-score": 0.9187033892047551,
        "precision": 0.9767241040938887,
        "recall": 0.8671894058198293,
        "support": 28695
    },
    "Not Mangroves > Mangroves": {
        "f1-score": 0.21621621621621626,
        "precision": 0.13003663003663005,
        "recall": 0.6410835214446953,
        "support": 443
    },
    "accuracy": 0.8629,
    "accuracy_conf_interval": [
        0.002820413691570795,
        0.003370738314316316,
        0.0040070511593658245,
        0.004436992270885763
    ],
    "cls_confidence_intervals": {
        "Mangroves": [
            0.005284405495789631,
            0.006315509007163218,
            0.007507722442188928,
            0.008313272060449543
        ],
        "Mangroves > Not Mangroves": [
            0.013882219706080463,
            0.01659094550238885,
            0.019722909704370416,
            0.02183910173273634
        ],
        "Not Mangroves": [
            0.0015492048946274795,
            0.0018514887765060124,
            0.002201004514928066,
            0.0024371637976456696
        ],
        "Not Mangroves > Mangroves": [
            0.011803229933319276,
            0.014106299188601087,
            0.016769223015020682,
            0.018568495870709596
        ]
    },
    "cohen_kappa": 0.7126893732435771,
    "confusion_matrix": [
        [
            8900,
            415,
            472,
            406
        ],
        [
            92,
            448,
            77,
            52
        ],
        [
            1052,
            1317,
            24884,
            1442
        ],
        [
            59,
            56,
            44,
            284
        ]
    ],
    "macro avg": {
        "f1-score": 0.5800933607109946,
        "precision": 0.5470112433428811,
        "recall": 0.7627693423851389,
        "support": 40000
    },
    "producer_accuracy": [
        88.09264574878749,
        20.03577817531306,
        97.67241040938886,
        13.003663003663005
    ],
    "user_accuracy": [
        87.31482389875404,
        66.96562032884903,
        86.71894058198293,
        64.10835214446952
    ],
    "weighted avg": {
        "f1-score": 0.890094640257517,
        "precision": 0.929950678281178,
        "recall": 0.8629,
        "support": 40000
    }
}