{
    "Mangroves": {
        "f1-score": 0.8767587285044295,
        "precision": 0.8753902185223725,
        "recall": 0.8781315240083507,
        "support": 3832
    },
    "Mangroves > Not Mangroves": {
        "f1-score": 0.3302583025830258,
        "precision": 0.2201722017220172,
        "recall": 0.6605166051660517,
        "support": 271
    },
    "Not Mangroves": {
        "f1-score": 0.9170206460535415,
        "precision": 0.9766438716465018,
        "recall": 0.8642584489339913,
        "support": 10741
    },
    "Not Mangroves > Mangroves": {
        "f1-score": 0.19315895372233402,
        "precision": 0.11455847255369929,
        "recall": 0.6153846153846154,
        "support": 156
    },
    "accuracy": 0.8615333333333334,
    "accuracy_conf_interval": [
        0.004624948273956192,
        0.00552737720545984,
        0.006570810657510933,
        0.007275833260248157
    ],
    "cls_confidence_intervals": {
        "Mangroves": [
            0.008736330807354555,
            0.010440980720984714,
            0.012411982183619583,
            0.013743739928643145
        ],
        "Mangroves > Not Mangroves": [
            0.02383302530387793,
            0.0284833717046346,
            0.0338603347305095,
            0.03749341785610065
        ],
        "Not Mangroves": [
            0.002540600204425153,
            0.003036327073581281,
            0.0036095112660430536,
            0.003996797882571278
        ],
        "Not Mangroves > Mangroves": [
            0.01804327587031507,
            0.021563915064522893,
            0.025634654132825684,
            0.028385153503300543
        ]
    },
    "cohen_kappa": 0.7110610236150368,
    "confusion_matrix": [
        [
            3365,
            147,
            166,
            154
        ],
        [
            36,
            179,
            36,
            20
        ],
        [
            424,
            466,
            9283,
            568
        ],
        [
            19,
            21,
            20,
            96
        ]
    ],
    "macro avg": {
        "f1-score": 0.5792991577158327,
        "precision": 0.5466911911111477,
        "recall": 0.7545727983732523,
        "support": 15000
    },
    "producer_accuracy": [
        87.53902185223725,
        22.01722017220172,
        97.66438716465018,
        11.455847255369928
    ],
    "user_accuracy": [
        87.81315240083507,
        66.05166051660517,
        86.42584489339913,
        61.53846153846154
    ],
    "weighted avg": {
        "f1-score": 0.8886060669113832,
        "precision": 0.9281443287411901,
        "recall": 0.8615333333333334,
        "support": 15000
    }
}