{
    "Mangroves": {
        "f1-score": 0.8767587593110788,
        "precision": 0.8796362198497429,
        "recall": 0.8739000628535513,
        "support": 12728
    },
    "Mangroves > Not Mangroves": {
        "f1-score": 0.3084190052792442,
        "precision": 0.20065075921908893,
        "recall": 0.6662665066026411,
        "support": 833
    },
    "Not Mangroves": {
        "f1-score": 0.9192427439465258,
        "precision": 0.9767638758231421,
        "recall": 0.8681196176249268,
        "support": 35881
    },
    "Not Mangroves > Mangroves": {
        "f1-score": 0.21922014123426467,
        "precision": 0.13227121155983698,
        "recall": 0.6397849462365591,
        "support": 558
    },
    "accuracy": 0.86368,
    "accuracy_conf_interval": [
        0.0025166050631792026,
        0.0030076499535556323,
        0.0035754206080533795,
        0.003959049428659965
    ],
    "cls_confidence_intervals": {
        "Mangroves": [
            0.0047455209209651935,
            0.005671476222616939,
            0.006742112040151769,
            0.007465514619567195
        ],
        "Mangroves > Not Mangroves": [
            0.012488389838610817,
            0.01492514883151049,
            0.017742651417050736,
            0.019646369380253607
        ],
        "Not Mangroves": [
            0.00138354480357588,
            0.0016535047652492226,
            0.001965645970934025,
            0.002176552190991324
        ],
        "Not Mangroves > Mangroves": [
            0.01069466227568683,
            0.012781425646552554,
            0.015194245794116046,
            0.01682452967760489
        ]
    },
    "cohen_kappa": 0.7138537192841006,
    "confusion_matrix": [
        [
            11123,
            503,
            587,
            515
        ],
        [
            114,
            555,
            99,
            65
        ],
        [
            1332,
            1638,
            31149,
            1762
        ],
        [
            76,
            70,
            55,
            357
        ]
    ],
    "macro avg": {
        "f1-score": 0.5809101624427784,
        "precision": 0.5473305166129527,
        "recall": 0.7620177833294195,
        "support": 50000
    },
    "producer_accuracy": [
        87.9636219849743,
        20.065075921908893,
        97.6763875823142,
        13.227121155983697
    ],
    "user_accuracy": [
        87.39000628535513,
        66.6266506602641,
        86.81196176249269,
        63.97849462365591
    ],
    "weighted avg": {
        "f1-score": 0.8904394450852606,
        "precision": 0.9296844770627516,
        "recall": 0.86368,
        "support": 50000
    }
}