{
    "Mangroves": {
        "f1-score": 0.8690568978955574,
        "precision": 0.8650116369278511,
        "recall": 0.8731401722787784,
        "support": 1277
    },
    "Mangroves > Not Mangroves": {
        "f1-score": 0.32375979112271536,
        "precision": 0.21678321678321677,
        "recall": 0.6391752577319587,
        "support": 97
    },
    "Not Mangroves": {
        "f1-score": 0.9148208711163967,
        "precision": 0.976515391939067,
        "recall": 0.8604586129753915,
        "support": 3576
    },
    "Not Mangroves > Mangroves": {
        "f1-score": 0.1851851851851852,
        "precision": 0.10948905109489052,
        "recall": 0.6,
        "support": 50
    },
    "accuracy": 0.8568,
    "accuracy_conf_interval": [
        0.008124003162185499,
        0.009709174510904622,
        0.011542028882861106,
        0.01278044399904792
    ],
    "cls_confidence_intervals": {
        "Mangroves": [
            0.015609052087125742,
            0.018654720787052718,
            0.022176275221343283,
            0.02455570389316123
        ],
        "Mangroves > Not Mangroves": [
            0.0399590037799751,
            0.047755882566311705,
            0.056771023663013405,
            0.06286233521483887
        ],
        "Not Mangroves": [
            0.004424364013844186,
            0.005287654553130856,
            0.00628583423918107,
            0.006960279972998781
        ],
        "Not Mangroves > Mangroves": [
            0.030936668546831064,
            0.03697309167792005,
            0.0439527059232417,
            0.04866866149440497
        ]
    },
    "cohen_kappa": 0.7027696143203275,
    "confusion_matrix": [
        [
            1115,
            49,
            59,
            54
        ],
        [
            17,
            62,
            11,
            7
        ],
        [
            151,
            165,
            3077,
            183
        ],
        [
            6,
            10,
            4,
            30
        ]
    ],
    "macro avg": {
        "f1-score": 0.5732056863299636,
        "precision": 0.5419498241862564,
        "recall": 0.7431935107465322,
        "support": 5000
    },
    "producer_accuracy": [
        86.50116369278511,
        21.678321678321677,
        97.6515391939067,
        10.948905109489052
    ],
    "user_accuracy": [
        87.31401722787784,
        63.91752577319587,
        86.04586129753915,
        60.0
    ],
    "weighted avg": {
        "f1-score": 0.8843698105446048,
        "precision": 0.9246282653027372,
        "recall": 0.8568,
        "support": 5000
    }
}