{
    "Mangroves": {
        "f1-score": 0.8767746199603437,
        "precision": 0.8777724842517601,
        "recall": 0.8757790218654272,
        "support": 18934
    },
    "Mangroves > Not Mangroves": {
        "f1-score": 0.3041697691734922,
        "precision": 0.1966779008184882,
        "recall": 0.6707717569786535,
        "support": 1218
    },
    "Not Mangroves": {
        "f1-score": 0.9187799829299639,
        "precision": 0.9773951158422042,
        "recall": 0.8667974751494734,
        "support": 54023
    },
    "Not Mangroves > Mangroves": {
        "f1-score": 0.21724845995893227,
        "precision": 0.130778739184178,
        "recall": 0.6412121212121212,
        "support": 825
    },
    "accuracy": 0.8634,
    "accuracy_conf_interval": [
        0.0020565751705979535,
        0.0024578581307146273,
        0.0029218415533495312,
        0.0032353438659406828
    ],
    "cls_confidence_intervals": {
        "Mangroves": [
            0.003908335594047112,
            0.004670937661178255,
            0.00555269630129864,
            0.006148479166244846
        ],
        "Mangroves > Not Mangroves": [
            0.010114239687568206,
            0.012087749870508346,
            0.01436962101953288,
            0.015911425849954863
        ],
        "Not Mangroves": [
            0.0011136968408823125,
            0.0013310035415422762,
            0.001582264414180359,
            0.0017520352740709553
        ],
        "Not Mangroves > Mangroves": [
            0.008693973825399956,
            0.010390358962063362,
            0.012351804276330427,
            0.013677105164348712
        ]
    },
    "cohen_kappa": 0.7122922865307588,
    "confusion_matrix": [
        [
            16582,
            726,
            871,
            755
        ],
        [
            167,
            817,
            138,
            96
        ],
        [
            2024,
            2507,
            46827,
            2665
        ],
        [
            118,
            104,
            74,
            529
        ]
    ],
    "macro avg": {
        "f1-score": 0.579243208005683,
        "precision": 0.5456560600241577,
        "recall": 0.7636400938014188,
        "support": 75000
    },
    "producer_accuracy": [
        87.77724842517601,
        19.66779008184882,
        97.73951158422042,
        13.0778739184178
    ],
    "user_accuracy": [
        87.57790218654272,
        67.07717569786536,
        86.67974751494734,
        64.12121212121212
    ],
    "weighted avg": {
        "f1-score": 0.8904774724063204,
        "precision": 0.9302534227065347,
        "recall": 0.8634,
        "support": 75000
    }
}