{
    "Mangroves": {
        "f1-score": 0.8753398058252427,
        "precision": 0.876020209871745,
        "recall": 0.8746604578967792,
        "support": 2577
    },
    "Mangroves > Not Mangroves": {
        "f1-score": 0.3466299862448418,
        "precision": 0.23376623376623376,
        "recall": 0.6702127659574468,
        "support": 188
    },
    "Not Mangroves": {
        "f1-score": 0.9182810064573591,
        "precision": 0.9758637008991955,
        "recall": 0.8671152228763667,
        "support": 7134
    },
    "Not Mangroves > Mangroves": {
        "f1-score": 0.17846153846153845,
        "precision": 0.10564663023679417,
        "recall": 0.5742574257425742,
        "support": 101
    },
    "accuracy": 0.8624,
    "accuracy_conf_interval": [
        0.00564946651555702,
        0.006751801445421805,
        0.008026376208077963,
        0.008887575372034827
    ],
    "cls_confidence_intervals": {
        "Mangroves": [
            0.010655073898406519,
            0.012734112707851693,
            0.015138001331272678,
            0.01676225040115172
        ],
        "Mangroves > Not Mangroves": [
            0.02989654477668644,
            0.03573001692823502,
            0.04247496910346306,
            0.04703236922186038
        ],
        "Not Mangroves": [
            0.0031612831291526595,
            0.0037781188616702517,
            0.004491335177393718,
            0.004973238093423087
        ],
        "Not Mangroves > Mangroves": [
            0.021514936776842283,
            0.025712973221104194,
            0.030566952859782028,
            0.033846668831861645
        ]
    },
    "cohen_kappa": 0.7132746263130709,
    "confusion_matrix": [
        [
            2254,
            98,
            121,
            104
        ],
        [
            25,
            126,
            21,
            16
        ],
        [
            278,
            299,
            6186,
            371
        ],
        [
            16,
            16,
            11,
            58
        ]
    ],
    "macro avg": {
        "f1-score": 0.5796780842472455,
        "precision": 0.5478241936934921,
        "recall": 0.7465614681182917,
        "support": 10000
    },
    "producer_accuracy": [
        87.6020209871745,
        23.376623376623375,
        97.58637008991955,
        10.564663023679417
    ],
    "user_accuracy": [
        87.46604578967792,
        67.02127659574468,
        86.71152228763667,
        57.42574257425742
    ],
    "weighted avg": {
        "f1-score": 0.8889958432477095,
        "precision": 0.9273934084656317,
        "recall": 0.8624,
        "support": 10000
    }
}