{
    "Mangroves": {
        "f1-score": 0.8817034700315457,
        "precision": 0.8941138835572616,
        "recall": 0.8696328562538892,
        "support": 6428
    },
    "Mangroves > Not Mangroves": {
        "f1-score": 0.22019543973941366,
        "precision": 0.1332807570977918,
        "recall": 0.6329588014981273,
        "support": 267
    },
    "Not Mangroves": {
        "f1-score": 0.9198297372669896,
        "precision": 0.9796160820358907,
        "recall": 0.8669212040725985,
        "support": 18072
    },
    "Not Mangroves > Mangroves": {
        "f1-score": 0.17906976744186048,
        "precision": 0.10356422326832548,
        "recall": 0.6609442060085837,
        "support": 233
    },
    "accuracy": 0.8632,
    "accuracy_conf_interval": [
        0.0035642865210080968,
        0.004259757061692604,
        0.0050638948743590645,
        0.005607231234268836
    ],
    "cls_confidence_intervals": {
        "Mangroves": [
            0.006381904377252492,
            0.007627154011838345,
            0.009066973901828238,
            0.010039825178848435
        ],
        "Mangroves > Not Mangroves": [
            0.015653345325890425,
            0.018707656608990996,
            0.022239204030076034,
            0.024625384719998353
        ],
        "Not Mangroves": [
            0.0018325281889840794,
            0.002190094664883412,
            0.0026035309026420156,
            0.002882879711938369
        ],
        "Not Mangroves > Mangroves": [
            0.012958443228148875,
            0.015486919955592558,
            0.01841047117169932,
            0.020385843615014696
        ]
    },
    "cohen_kappa": 0.7102692973685835,
    "confusion_matrix": [
        [
            5590,
            299,
            285,
            254
        ],
        [
            47,
            169,
            26,
            25
        ],
        [
            580,
            771,
            15667,
            1054
        ],
        [
            35,
            29,
            15,
            154
        ]
    ],
    "macro avg": {
        "f1-score": 0.5501996036199523,
        "precision": 0.5276437364898174,
        "recall": 0.7576142669582997,
        "support": 25000
    },
    "producer_accuracy": [
        89.41138835572616,
        13.32807570977918,
        97.96160820358907,
        10.356422326832549
    ],
    "user_accuracy": [
        86.96328562538892,
        63.29588014981273,
        86.69212040725985,
        66.09442060085837
    ],
    "weighted avg": {
        "f1-score": 0.8956507342190476,
        "precision": 0.9404280921690129,
        "recall": 0.8632,
        "support": 25000
    }
}