{
    "Mangroves": {
        "f1-score": 0.8825740093624316,
        "precision": 0.8939495124883131,
        "recall": 0.871484375,
        "support": 7680
    },
    "Mangroves > Not Mangroves": {
        "f1-score": 0.22538293216630198,
        "precision": 0.13660477453580902,
        "recall": 0.64375,
        "support": 320
    },
    "Not Mangroves": {
        "f1-score": 0.9205899589763625,
        "precision": 0.9801372712146422,
        "recall": 0.8678637200736649,
        "support": 21720
    },
    "Not Mangroves > Mangroves": {
        "f1-score": 0.18412079883097907,
        "precision": 0.1065989847715736,
        "recall": 0.675,
        "support": 280
    },
    "accuracy": 0.8646,
    "accuracy_conf_interval": [
        0.0032396654810026297,
        0.0038717953309543624,
        0.004602695469961053,
        0.005096546915235844
    ],
    "cls_confidence_intervals": {
        "Mangroves": [
            0.005835831744625263,
            0.006974530621625315,
            0.008291151198156625,
            0.009180759695812914
        ],
        "Mangroves > Not Mangroves": [
            0.014503771132933807,
            0.017333775256433086,
            0.020605967524229128,
            0.022816908245712943
        ],
        "Not Mangroves": [
            0.001650040223604061,
            0.0019719992916243656,
            0.0023442644640228427,
            0.002595794985913706
        ],
        "Not Mangroves > Mangroves": [
            0.012019578421722063,
            0.014364862016204417,
            0.01707659617232464,
            0.018908848980513978
        ]
    },
    "cohen_kappa": 0.712459928202287,
    "confusion_matrix": [
        [
            6693,
            353,
            334,
            300
        ],
        [
            55,
            206,
            30,
            29
        ],
        [
            702,
            913,
            18850,
            1255
        ],
        [
            37,
            36,
            18,
            189
        ]
    ],
    "macro avg": {
        "f1-score": 0.5531669248340189,
        "precision": 0.5293226357525845,
        "recall": 0.7645245237684162,
        "support": 30000
    },
    "producer_accuracy": [
        89.3949512488313,
        13.660477453580903,
        98.01372712146423,
        10.65989847715736
    ],
    "user_accuracy": [
        87.1484375,
        64.375,
        86.78637200736648,
        67.5
    ],
    "weighted avg": {
        "f1-score": 0.8965686220945321,
        "precision": 0.9409225010093258,
        "recall": 0.8646,
        "support": 30000
    }
}