{
    "Mangroves": {
        "f1-score": 0.8821015983541699,
        "precision": 0.8907473499174346,
        "recall": 0.873622067812549,
        "support": 19141
    },
    "Mangroves > Not Mangroves": {
        "f1-score": 0.23763250883392226,
        "precision": 0.14458478903520558,
        "recall": 0.6666666666666666,
        "support": 807
    },
    "Not Mangroves": {
        "f1-score": 0.9215481681570402,
        "precision": 0.9810846725634318,
        "recall": 0.8688241242989795,
        "support": 54385
    },
    "Not Mangroves > Mangroves": {
        "f1-score": 0.17601277190181602,
        "precision": 0.10151933701657459,
        "recall": 0.6611694152923538,
        "support": 667
    },
    "accuracy": 0.8660266666666666,
    "accuracy_conf_interval": [
        0.002039802080253198,
        0.002437812242253822,
        0.002898011492067044,
        0.0032089569311300314
    ],
    "cls_confidence_intervals": {
        "Mangroves": [
            0.0037339652127369987,
            0.004462543790832023,
            0.0053049627717543955,
            0.005874164785891133
        ],
        "Mangroves > Not Mangroves": [
            0.009455049354376237,
            0.011299937033278917,
            0.013433088412010142,
            0.014874406911152861
        ],
        "Not Mangroves": [
            0.001018009354078488,
            0.0012166453256059978,
            0.0014463181676846813,
            0.0016015025204405482
        ],
        "Not Mangroves > Mangroves": [
            0.007514977654228666,
            0.008981314757492797,
            0.010676767033141948,
            0.01182234289506705
        ]
    },
    "cohen_kappa": 0.7145968424650413,
    "confusion_matrix": [
        [
            16722,
            885,
            798,
            736
        ],
        [
            131,
            538,
            65,
            73
        ],
        [
            1834,
            2206,
            47251,
            3094
        ],
        [
            86,
            92,
            48,
            441
        ]
    ],
    "macro avg": {
        "f1-score": 0.554323761811737,
        "precision": 0.5294840371331617,
        "recall": 0.7675705685176373,
        "support": 75000
    },
    "producer_accuracy": [
        89.07473499174347,
        14.458478903520557,
        98.10846725634318,
        10.151933701657459
    ],
    "user_accuracy": [
        87.3622067812549,
        66.66666666666666,
        86.88241242989795,
        66.11694152923539
    ],
    "weighted avg": {
        "f1-score": 0.8974916503040706,
        "precision": 0.9412063768623108,
        "recall": 0.8660266666666666,
        "support": 75000
    }
}