{
    "Mangroves": {
        "f1-score": 0.8704318936877077,
        "precision": 0.880672268907563,
        "recall": 0.8604269293924466,
        "support": 609
    },
    "Mangroves > Not Mangroves": {
        "f1-score": 0.2484472049689441,
        "precision": 0.15267175572519084,
        "recall": 0.6666666666666666,
        "support": 30
    },
    "Not Mangroves": {
        "f1-score": 0.9177764910248987,
        "precision": 0.9802102659245516,
        "recall": 0.8628198149156233,
        "support": 1837
    },
    "Not Mangroves > Mangroves": {
        "f1-score": 0.18784530386740333,
        "precision": 0.10828025477707007,
        "recall": 0.7083333333333334,
        "support": 24
    },
    "accuracy": 0.8584,
    "accuracy_conf_interval": [
        0.011435372732429842,
        0.013666664972903957,
        0.016246596625952153,
        0.01798979368882256
    ],
    "cls_confidence_intervals": {
        "Mangroves": [
            0.02179531837258342,
            0.02604806342089238,
            0.030965299882999616,
            0.034287756951990996
        ],
        "Mangroves > Not Mangroves": [
            0.051536318537828474,
            0.06159218556959989,
            0.07321928182508558,
            0.081075427943657
        ],
        "Not Mangroves": [
            0.005680262951888847,
            0.006788606942501306,
            0.008070129681646962,
            0.008936023424312944
        ],
        "Not Mangroves > Mangroves": [
            0.04067081244055138,
            0.048606580721634575,
            0.05778231279663702,
            0.06398213176623327
        ]
    },
    "cohen_kappa": 0.6958259065590933,
    "confusion_matrix": [
        [
            524,
            27,
            26,
            32
        ],
        [
            5,
            20,
            4,
            1
        ],
        [
            63,
            82,
            1585,
            107
        ],
        [
            3,
            2,
            2,
            17
        ]
    ],
    "macro avg": {
        "f1-score": 0.5561252233872385,
        "precision": 0.5304586363335939,
        "recall": 0.7745616860770175,
        "support": 2500
    },
    "producer_accuracy": [
        88.0672268907563,
        15.267175572519085,
        98.02102659245516,
        10.828025477707007
    ],
    "user_accuracy": [
        86.04269293924466,
        66.66666666666666,
        86.28198149156233,
        70.83333333333334
    ],
    "weighted avg": {
        "f1-score": 0.8912040562841755,
        "precision": 0.9376618196218051,
        "recall": 0.8584,
        "support": 2500
    }
}