{
    "Mangroves": {
        "f1-score": 0.815442561205273,
        "precision": 0.7718360071301248,
        "recall": 0.8642714570858283,
        "support": 501
    },
    "Mangroves > Not Mangroves": {
        "f1-score": 0.14814814814814817,
        "precision": 0.08620689655172414,
        "recall": 0.5263157894736842,
        "support": 19
    },
    "Not Mangroves": {
        "f1-score": 0.9366137023748505,
        "precision": 0.9813820264948084,
        "recall": 0.8957516339869281,
        "support": 3060
    },
    "Not Mangroves > Mangroves": {
        "f1-score": 0.17333333333333334,
        "precision": 0.1,
        "recall": 0.65,
        "support": 20
    },
    "accuracy": 0.8880555555555556,
    "accuracy_conf_interval": [
        0.008618147803945155,
        0.010299737619349087,
        0.012244075843409885,
        0.013557817886694207
    ],
    "cls_confidence_intervals": {
        "Mangroves": [
            0.02905684717130505,
            0.03472647588765725,
            0.04128198409093949,
            0.04571138152558966
        ],
        "Mangroves > Not Mangroves": [
            0.042737567215299296,
            0.051076604720723555,
            0.06071861683637035,
            0.06723348988748305
        ],
        "Not Mangroves": [
            0.004194629763220128,
            0.0050130941072630796,
            0.0059594435050627425,
            0.006598868773846299
        ],
        "Not Mangroves > Mangroves": [
            0.043151254549905836,
            0.05157101153525332,
            0.06130635554956135,
            0.06788429069436407
        ]
    },
    "cohen_kappa": 0.6485086207209838,
    "confusion_matrix": [
        [
            433,
            4,
            51,
            13
        ],
        [
            2,
            10,
            0,
            7
        ],
        [
            125,
            97,
            2741,
            97
        ],
        [
            1,
            5,
            1,
            13
        ]
    ],
    "macro avg": {
        "f1-score": 0.5183844362654013,
        "precision": 0.4848562325441643,
        "recall": 0.7340847201366101,
        "support": 3600
    },
    "producer_accuracy": [
        77.18360071301248,
        8.620689655172415,
        98.13820264948085,
        10.0
    ],
    "user_accuracy": [
        86.42714570858283,
        52.63157894736842,
        89.57516339869281,
        65.0
    ],
    "weighted avg": {
        "f1-score": 0.9113489260867684,
        "precision": 0.9425991032446636,
        "recall": 0.8880555555555556,
        "support": 3600
    }
}