{
    "Mangroves": {
        "f1-score": 0.8199018920812895,
        "precision": 0.7727873183619551,
        "recall": 0.8731343283582089,
        "support": 670
    },
    "Mangroves > Not Mangroves": {
        "f1-score": 0.15469613259668508,
        "precision": 0.08974358974358974,
        "recall": 0.56,
        "support": 25
    },
    "Not Mangroves": {
        "f1-score": 0.9374519354011792,
        "precision": 0.9825362708221387,
        "recall": 0.8963235294117647,
        "support": 4080
    },
    "Not Mangroves > Mangroves": {
        "f1-score": 0.16842105263157894,
        "precision": 0.09696969696969697,
        "recall": 0.64,
        "support": 25
    },
    "accuracy": 0.89,
    "accuracy_conf_interval": [
        0.00740652640131211,
        0.008851702284494962,
        0.010522686899425133,
        0.011651730558161736
    ],
    "cls_confidence_intervals": {
        "Mangroves": [
            0.02497710993091923,
            0.02985069235646445,
            0.03548577203600111,
            0.03929325830595831
        ],
        "Mangroves > Not Mangroves": [
            0.03752883998083768,
            0.044851540464903576,
            0.05331841289960477,
            0.05903927265278124
        ],
        "Not Mangroves": [
            0.003521262918887859,
            0.004208338610378173,
            0.005002769878663849,
            0.005539547762640656
        ],
        "Not Mangroves > Mangroves": [
            0.03778079195215529,
            0.04515265379647828,
            0.053676369053976734,
            0.059435636119854064
        ]
    },
    "cohen_kappa": 0.6546680247035539,
    "confusion_matrix": [
        [
            585,
            4,
            63,
            18
        ],
        [
            2,
            14,
            0,
            9
        ],
        [
            169,
            132,
            3657,
            122
        ],
        [
            1,
            6,
            2,
            16
        ]
    ],
    "macro avg": {
        "f1-score": 0.5201177531776832,
        "precision": 0.4855092189743451,
        "recall": 0.7423644644424935,
        "support": 4800
    },
    "producer_accuracy": [
        77.27873183619552,
        8.974358974358974,
        98.25362708221387,
        9.696969696969697
    ],
    "user_accuracy": [
        87.31343283582089,
        56.00000000000001,
        89.63235294117648,
        64.0
    ],
    "weighted avg": {
        "f1-score": 0.9129616862004127,
        "precision": 0.9439965250884722,
        "recall": 0.89,
        "support": 4800
    }
}