{
    "Mangroves": {
        "f1-score": 0.8429752066115702,
        "precision": 0.796875,
        "recall": 0.8947368421052632,
        "support": 57
    },
    "Mangroves > Not Mangroves": {
        "f1-score": 0.23529411764705882,
        "precision": 0.14285714285714285,
        "recall": 0.6666666666666666,
        "support": 3
    },
    "Not Mangroves": {
        "f1-score": 0.9327073552425664,
        "precision": 0.9834983498349835,
        "recall": 0.8869047619047619,
        "support": 336
    },
    "Not Mangroves > Mangroves": {
        "f1-score": 0.17391304347826086,
        "precision": 0.10526315789473684,
        "recall": 0.5,
        "support": 4
    },
    "accuracy": 0.8825,
    "accuracy_conf_interval": [
        0.02640524143044332,
        0.031557483660773725,
        0.037514763739593254,
        0.04153995298203888
    ],
    "cls_confidence_intervals": {
        "Mangroves": [
            0.08247658137077078,
            0.09856957285775045,
            0.1171770942645707,
            0.12974974386377355
        ],
        "Mangroves > Not Mangroves": [
            0.1533760028515832,
            0.1833030277982336,
            0.2179061503927981,
            0.2412866386323687
        ],
        "Not Mangroves": [
            0.012002536614894156,
            0.014344494978775943,
            0.01705238433701426,
            0.018882039308796904
        ],
        "Not Mangroves > Mangroves": [
            0.11546567670087361,
            0.13799556483762943,
            0.16404574799575336,
            0.18164722310259385
        ]
    },
    "cohen_kappa": 0.6545768566493955,
    "confusion_matrix": [
        [
            51,
            0,
            4,
            2
        ],
        [
            0,
            2,
            0,
            1
        ],
        [
            13,
            11,
            298,
            14
        ],
        [
            0,
            1,
            1,
            2
        ]
    ],
    "macro avg": {
        "f1-score": 0.546222430744864,
        "precision": 0.5071234126467158,
        "recall": 0.7370770676691729,
        "support": 400
    },
    "producer_accuracy": [
        79.6875,
        14.285714285714285,
        98.34983498349835,
        10.526315789473683
    ],
    "user_accuracy": [
        89.47368421052632,
        66.66666666666666,
        88.69047619047619,
        50.0
    ],
    "weighted avg": {
        "f1-score": 0.9071019816630401,
        "precision": 0.9418173615117621,
        "recall": 0.8825,
        "support": 400
    }
}