{
    "Mangroves": {
        "f1-score": 0.8405797101449276,
        "precision": 0.8055555555555556,
        "recall": 0.8787878787878788,
        "support": 165
    },
    "Mangroves > Not Mangroves": {
        "f1-score": 0.20833333333333334,
        "precision": 0.12195121951219512,
        "recall": 0.7142857142857143,
        "support": 7
    },
    "Not Mangroves": {
        "f1-score": 0.9369554074833418,
        "precision": 0.9838536060279871,
        "recall": 0.8943248532289628,
        "support": 1022
    },
    "Not Mangroves > Mangroves": {
        "f1-score": 0.14285714285714285,
        "precision": 0.08,
        "recall": 0.6666666666666666,
        "support": 6
    },
    "accuracy": 0.89,
    "accuracy_conf_interval": [
        0.01481305280262422,
        0.017703404568989924,
        0.021045373798850266,
        0.023303461116323473
    ],
    "cls_confidence_intervals": {
        "Mangroves": [
            0.0483785796448173,
            0.057818302502342635,
            0.06873298205635629,
            0.07610776553879796
        ],
        "Mangroves > Not Mangroves": [
            0.08381163549234938,
            0.10016512534451512,
            0.11907384798608175,
            0.13185001193308624
        ],
        "Not Mangroves": [
            0.006781706719919457,
            0.00810496656770862,
            0.00963498576671484,
            0.010668782522800123
        ],
        "Not Mangroves > Mangroves": [
            0.06292130958586288,
            0.07519863828554345,
            0.0893942995945491,
            0.09898596264117454
        ]
    },
    "cohen_kappa": 0.6558579110314485,
    "confusion_matrix": [
        [
            145,
            0,
            14,
            6
        ],
        [
            0,
            5,
            0,
            2
        ],
        [
            35,
            35,
            914,
            38
        ],
        [
            0,
            1,
            1,
            4
        ]
    ],
    "macro avg": {
        "f1-score": 0.5321813984546864,
        "precision": 0.49784009527393447,
        "recall": 0.7885162782423056,
        "support": 1200
    },
    "producer_accuracy": [
        80.55555555555556,
        12.195121951219512,
        98.38536060279871,
        8.0
    ],
    "user_accuracy": [
        87.87878787878788,
        71.42857142857143,
        89.43248532289628,
        66.66666666666666
    ],
    "weighted avg": {
        "f1-score": 0.9154829623436372,
        "precision": 0.9497905921365456,
        "recall": 0.89,
        "support": 1200
    }
}