{
    "Mangroves": {
        "f1-score": 0.8130879345603272,
        "precision": 0.7669753086419753,
        "recall": 0.8651000870322019,
        "support": 1149
    },
    "Mangroves > Not Mangroves": {
        "f1-score": 0.19108280254777069,
        "precision": 0.11363636363636363,
        "recall": 0.6,
        "support": 50
    },
    "Not Mangroves": {
        "f1-score": 0.9350166524668887,
        "precision": 0.9808254793630159,
        "recall": 0.8932958413497114,
        "support": 6757
    },
    "Not Mangroves > Mangroves": {
        "f1-score": 0.1878787878787879,
        "precision": 0.10839160839160839,
        "recall": 0.7045454545454546,
        "support": 44
    },
    "accuracy": 0.886375,
    "accuracy_conf_interval": [
        0.005818949013513952,
        0.00695435369907765,
        0.008267165366760676,
        0.009154200277357314
    ],
    "cls_confidence_intervals": {
        "Mangroves": [
            0.019258967905357,
            0.023016815301524222,
            0.02736182635334257,
            0.03029764463159821
        ],
        "Mangroves > Not Mangroves": [
            0.032033656464824395,
            0.03828412601893648,
            0.04551123144087857,
            0.05039441078002863
        ],
        "Not Mangroves": [
            0.0028669705339016156,
            0.0034263794185653454,
            0.004073195941457783,
            0.004510234132601322
        ],
        "Not Mangroves > Mangroves": [
            0.03014711346373339,
            0.03602947706641308,
            0.04283095998201147,
            0.04742655654660497
        ]
    },
    "cohen_kappa": 0.6520995971110488,
    "confusion_matrix": [
        [
            994,
            9,
            113,
            33
        ],
        [
            2,
            30,
            1,
            17
        ],
        [
            299,
            217,
            6036,
            205
        ],
        [
            1,
            8,
            4,
            31
        ]
    ],
    "macro avg": {
        "f1-score": 0.5317665443634436,
        "precision": 0.4924571900082408,
        "recall": 0.765735345731842,
        "support": 8000
    },
    "producer_accuracy": [
        76.69753086419753,
        11.363636363636363,
        98.0825479363016,
        10.839160839160838
    ],
    "user_accuracy": [
        86.5100087032202,
        60.0,
        89.32958413497114,
        70.45454545454545
    ],
    "weighted avg": {
        "f1-score": 0.9087457955403297,
        "precision": 0.9398929303295721,
        "recall": 0.886375,
        "support": 8000
    }
}