{
    "Mangroves": {
        "f1-score": 0.8132969034608378,
        "precision": 0.7698275862068965,
        "recall": 0.861969111969112,
        "support": 1036
    },
    "Mangroves > Not Mangroves": {
        "f1-score": 0.19424460431654675,
        "precision": 0.11538461538461539,
        "recall": 0.6136363636363636,
        "support": 44
    },
    "Not Mangroves": {
        "f1-score": 0.9355226960110042,
        "precision": 0.980007204610951,
        "recall": 0.8949013157894737,
        "support": 6080
    },
    "Not Mangroves > Mangroves": {
        "f1-score": 0.1836734693877551,
        "precision": 0.1062992125984252,
        "recall": 0.675,
        "support": 40
    },
    "accuracy": 0.8872222222222222,
    "accuracy_conf_interval": [
        0.006113720380107794,
        0.0073066414298849245,
        0.008685956393689732,
        0.009617925963828116
    ],
    "cls_confidence_intervals": {
        "Mangroves": [
            0.020269275438329477,
            0.02422425601166206,
            0.028797202299577856,
            0.031887030872493935
        ],
        "Mangroves > Not Mangroves": [
            0.03425209317421862,
            0.0409354284277247,
            0.0486630348145911,
            0.053884390481392715
        ],
        "Not Mangroves": [
            0.0030808497181015666,
            0.0036819911265116288,
            0.0043770608799857625,
            0.004846702605306123
        ],
        "Not Mangroves > Mangroves": [
            0.03171670653324947,
            0.03790533219827375,
            0.04506093062345809,
            0.04989579442425831
        ]
    },
    "cohen_kappa": 0.6532718319421664,
    "confusion_matrix": [
        [
            893,
            7,
            106,
            30
        ],
        [
            2,
            27,
            1,
            14
        ],
        [
            264,
            192,
            5441,
            183
        ],
        [
            1,
            8,
            4,
            27
        ]
    ],
    "macro avg": {
        "f1-score": 0.531684418294036,
        "precision": 0.49287965470022205,
        "recall": 0.7613766978487373,
        "support": 7200
    },
    "producer_accuracy": [
        76.98275862068965,
        11.538461538461538,
        98.0007204610951,
        10.62992125984252
    ],
    "user_accuracy": [
        86.1969111969112,
        61.36363636363637,
        89.49013157894737,
        67.5
    ],
    "weighted avg": {
        "f1-score": 0.9092287895969129,
        "precision": 0.9396269548508038,
        "recall": 0.8872222222222222,
        "support": 7200
    }
}