{
    "Mangroves": {
        "f1-score": 0.8184873949579832,
        "precision": 0.773015873015873,
        "recall": 0.8696428571428572,
        "support": 560
    },
    "Mangroves > Not Mangroves": {
        "f1-score": 0.16666666666666666,
        "precision": 0.09701492537313433,
        "recall": 0.5909090909090909,
        "support": 22
    },
    "Not Mangroves": {
        "f1-score": 0.9362488450877734,
        "precision": 0.9812782440284055,
        "recall": 0.8951707891637221,
        "support": 3396
    },
    "Not Mangroves > Mangroves": {
        "f1-score": 0.17500000000000002,
        "precision": 0.10144927536231885,
        "recall": 0.6363636363636364,
        "support": 22
    },
    "accuracy": 0.8885,
    "accuracy_conf_interval": [
        0.0081616882506011,
        0.009754212787303753,
        0.011595569282866197,
        0.012839729077165145
    ],
    "cls_confidence_intervals": {
        "Mangroves": [
            0.027369415529703765,
            0.03270978929159718,
            0.038884596453786446,
            0.043056763455265684
        ],
        "Mangroves > Not Mangroves": [
            0.04193252473323168,
            0.050114480778740304,
            0.059574867456359655,
            0.06596702061691326
        ],
        "Not Mangroves": [
            0.003993673131766119,
            0.004772926425769265,
            0.0056739380469604025,
            0.0062827296829003594
        ],
        "Not Mangroves > Mangroves": [
            0.04215024262641327,
            0.050374680212054886,
            0.059884186170453005,
            0.06630952803423551
        ]
    },
    "cohen_kappa": 0.6515902639008454,
    "confusion_matrix": [
        [
            487,
            4,
            56,
            13
        ],
        [
            2,
            13,
            0,
            7
        ],
        [
            140,
            112,
            3040,
            104
        ],
        [
            1,
            5,
            2,
            14
        ]
    ],
    "macro avg": {
        "f1-score": 0.5241007266781058,
        "precision": 0.4881895794449329,
        "recall": 0.7480215933948267,
        "support": 4000
    },
    "producer_accuracy": [
        77.3015873015873,
        9.701492537313433,
        98.12782440284055,
        10.144927536231885
    ],
    "user_accuracy": [
        86.96428571428572,
        59.09090909090909,
        89.5170789163722,
        63.63636363636363
    ],
    "weighted avg": {
        "f1-score": 0.9113426714403039,
        "precision": 0.9424190045063834,
        "recall": 0.8885,
        "support": 4000
    }
}