{
    "Mangroves": {
        "f1-score": 0.8833788611052743,
        "precision": 0.8828223435531289,
        "recall": 0.8839360807401178,
        "support": 2378
    },
    "Mangroves > Not Mangroves": {
        "f1-score": 0.32383808095952027,
        "precision": 0.2125984251968504,
        "recall": 0.6792452830188679,
        "support": 159
    },
    "Not Mangroves": {
        "f1-score": 0.9244444444444444,
        "precision": 0.9805352798053528,
        "recall": 0.8744236506644969,
        "support": 7374
    },
    "Not Mangroves > Mangroves": {
        "f1-score": 0.1955128205128205,
        "precision": 0.11401869158878504,
        "recall": 0.6853932584269663,
        "support": 89
    },
    "accuracy": 0.8719,
    "accuracy_conf_interval": [
        0.005480898402123505,
        0.00655034199278175,
        0.007786886144480347,
        0.0086223889496821
    ],
    "cls_confidence_intervals": {
        "Mangroves": [
            0.010809938232549538,
            0.01291919447304701,
            0.01535802200112221,
            0.01700587843901086
        ],
        "Mangroves > Not Mangroves": [
            0.029770775862124194,
            0.03557970773766062,
            0.04229628521874962,
            0.04683451324651246
        ],
        "Not Mangroves": [
            0.0027939500686835423,
            0.003339111057694965,
            0.003969453451239423,
            0.004395360473904597
        ],
        "Not Mangroves > Mangroves": [
            0.022535503375907172,
            0.026932674766328085,
            0.032016904186502264,
            0.035452194335268604
        ]
    },
    "cohen_kappa": 0.7198050639427374,
    "confusion_matrix": [
        [
            2102,
            105,
            104,
            67
        ],
        [
            18,
            108,
            14,
            19
        ],
        [
            252,
            286,
            6448,
            388
        ],
        [
            9,
            9,
            10,
            61
        ]
    ],
    "macro avg": {
        "f1-score": 0.581793551755515,
        "precision": 0.5474936850360292,
        "recall": 0.7807495682126122,
        "support": 10000
    },
    "producer_accuracy": [
        88.2822343553129,
        21.25984251968504,
        98.05352798053528,
        11.401869158878505
    ],
    "user_accuracy": [
        88.39360807401178,
        67.9245283018868,
        87.4423650664497,
        68.53932584269663
    ],
    "weighted avg": {
        "f1-score": 0.898641916093988,
        "precision": 0.9373769499411714,
        "recall": 0.8719,
        "support": 10000
    }
}