{
    "Mangroves": {
        "f1-score": 0.8784955789651817,
        "precision": 0.8791278577476714,
        "recall": 0.8778642090132747,
        "support": 23654
    },
    "Mangroves > Not Mangroves": {
        "f1-score": 0.32667929476905144,
        "precision": 0.2127134724857685,
        "recall": 0.7037037037037037,
        "support": 1593
    },
    "Not Mangroves": {
        "f1-score": 0.9229579783807,
        "precision": 0.9796364962616254,
        "recall": 0.8724792247516444,
        "support": 73886
    },
    "Not Mangroves > Mangroves": {
        "f1-score": 0.17754738376802204,
        "precision": 0.10327930644553336,
        "recall": 0.6320645905420992,
        "support": 867
    },
    "accuracy": 0.86898,
    "accuracy_conf_interval": [
        0.0017499173461056952,
        0.002091364633150709,
        0.0024861630587965063,
        0.002752918751800423
    ],
    "cls_confidence_intervals": {
        "Mangroves": [
            0.0034785082053985852,
            0.004157241513769041,
            0.0049420269015723805,
            0.005472287298736799
        ],
        "Mangroves > Not Mangroves": [
            0.009244904919163703,
            0.011048788805829792,
            0.013134529549787458,
            0.01454381383624534
        ],
        "Not Mangroves": [
            0.0009029764662867846,
            0.001079166996293962,
            0.001282887296614761,
            0.0014205361481828686
        ],
        "Not Mangroves > Mangroves": [
            0.006851654854372297,
            0.008188563118640062,
            0.009734363299199668,
            0.010778822880658859
        ]
    },
    "cohen_kappa": 0.713072026163178,
    "confusion_matrix": [
        [
            20765,
            1027,
            1105,
            757
        ],
        [
            197,
            1121,
            137,
            138
        ],
        [
            2535,
            3024,
            64464,
            3863
        ],
        [
            123,
            98,
            98,
            548
        ]
    ],
    "macro avg": {
        "f1-score": 0.5764200589707388,
        "precision": 0.5436892832351498,
        "recall": 0.7715279320026804,
        "support": 100000
    },
    "producer_accuracy": [
        87.91278577476714,
        21.27134724857685,
        97.96364962616254,
        10.327930644553335
    ],
    "user_accuracy": [
        87.78642090132746,
        70.37037037037037,
        87.24792247516444,
        63.206459054209915
    ],
    "weighted avg": {
        "f1-score": 0.8964794131377278,
        "precision": 0.9360470823030798,
        "recall": 0.86898,
        "support": 100000
    }
}