{
    "Mangroves": {
        "f1-score": 0.8850526315789475,
        "precision": 0.887668918918919,
        "recall": 0.8824517212426533,
        "support": 1191
    },
    "Mangroves > Not Mangroves": {
        "f1-score": 0.3382789317507418,
        "precision": 0.2235294117647059,
        "recall": 0.6951219512195121,
        "support": 82
    },
    "Not Mangroves": {
        "f1-score": 0.9241339822502146,
        "precision": 0.9784783267656866,
        "recall": 0.8755085435313262,
        "support": 3687
    },
    "Not Mangroves > Mangroves": {
        "f1-score": 0.18543046357615894,
        "precision": 0.10687022900763359,
        "recall": 0.7,
        "support": 40
    },
    "accuracy": 0.8728,
    "accuracy_conf_interval": [
        0.007727869335541329,
        0.009235746279061588,
        0.010979228995006888,
        0.012157257857132092
    ],
    "cls_confidence_intervals": {
        "Mangroves": [
            0.015050241644842036,
            0.017986874160908776,
            0.021382355507610945,
            0.023676599660788084
        ],
        "Mangroves > Not Mangroves": [
            0.04278618851856595,
            0.05113471310755443,
            0.06078769466357236,
            0.06730997949871961
        ],
        "Not Mangroves": [
            0.004143490162861986,
            0.0049519760482984706,
            0.005886787853334407,
            0.006518417451331661
        ],
        "Not Mangroves > Mangroves": [
            0.031302487835290105,
            0.03741029033973695,
            0.04447243698550363,
            0.049244157692102726
        ]
    },
    "cohen_kappa": 0.7209315305510207,
    "confusion_matrix": [
        [
            1051,
            46,
            60,
            34
        ],
        [
            9,
            57,
            5,
            11
        ],
        [
            122,
            148,
            3228,
            189
        ],
        [
            2,
            4,
            6,
            28
        ]
    ],
    "macro avg": {
        "f1-score": 0.5832240022890157,
        "precision": 0.5491367216142362,
        "recall": 0.788270553998373,
        "support": 5000
    },
    "producer_accuracy": [
        88.7668918918919,
        22.35294117647059,
        97.84783267656866,
        10.687022900763358
    ],
    "user_accuracy": [
        88.24517212426532,
        69.51219512195121,
        87.55085435313262,
        70.0
    ],
    "weighted avg": {
        "f1-score": 0.899307153542735,
        "precision": 0.937493498828506,
        "recall": 0.8728,
        "support": 5000
    }
}