{
    "Mangroves": {
        "f1-score": 0.8877637130801688,
        "precision": 0.8991452991452992,
        "recall": 0.8766666666666667,
        "support": 600
    },
    "Mangroves > Not Mangroves": {
        "f1-score": 0.345679012345679,
        "precision": 0.23529411764705882,
        "recall": 0.6511627906976745,
        "support": 43
    },
    "Not Mangroves": {
        "f1-score": 0.9260744985673351,
        "precision": 0.9752564876282438,
        "recall": 0.8816148390616476,
        "support": 1833
    },
    "Not Mangroves > Mangroves": {
        "f1-score": 0.2208588957055215,
        "precision": 0.12949640287769784,
        "recall": 0.75,
        "support": 24
    },
    "accuracy": 0.8752,
    "accuracy_conf_interval": [
        0.010840137497578155,
        0.012955286277593405,
        0.015400927054486039,
        0.017053387038872953
    ],
    "cls_confidence_intervals": {
        "Mangroves": [
            0.02041873942155742,
            0.024402883698934476,
            0.029009550519651702,
            0.03212216323635253
        ],
        "Mangroves > Not Mangroves": [
            0.0637709839257485,
            0.07621410274052869,
            0.09060145887011829,
            0.10032264544416532
        ],
        "Not Mangroves": [
            0.006258535096421662,
            0.007479712676211255,
            0.008891699252842972,
            0.009845744237053592
        ],
        "Not Mangroves > Mangroves": [
            0.04670362444329225,
            0.055816526773690735,
            0.066353320093214,
            0.07347277503883781
        ]
    },
    "cohen_kappa": 0.7266290629755515,
    "confusion_matrix": [
        [
            526,
            22,
            34,
            18
        ],
        [
            4,
            28,
            3,
            8
        ],
        [
            55,
            67,
            1616,
            95
        ],
        [
            0,
            2,
            4,
            18
        ]
    ],
    "macro avg": {
        "f1-score": 0.5950940299246761,
        "precision": 0.5597980768245749,
        "recall": 0.7898610741064972,
        "support": 2500
    },
    "producer_accuracy": [
        89.91452991452992,
        23.52941176470588,
        97.52564876282437,
        12.949640287769784
    ],
    "user_accuracy": [
        87.66666666666667,
        65.11627906976744,
        88.16148390616476,
        75.0
    ],
    "weighted avg": {
        "f1-score": 0.9001270378999292,
        "precision": 0.9361431528150553,
        "recall": 0.8752,
        "support": 2500
    }
}