{
    "Mangroves": {
        "f1-score": 0.8782830978398268,
        "precision": 0.8777653003930376,
        "recall": 0.8788015065489909,
        "support": 17789
    },
    "Mangroves > Not Mangroves": {
        "f1-score": 0.3234157650695518,
        "precision": 0.21030150753768845,
        "recall": 0.6998327759197325,
        "support": 1196
    },
    "Not Mangroves": {
        "f1-score": 0.9225664563013961,
        "precision": 0.9799902490553772,
        "recall": 0.8714998012790404,
        "support": 55354
    },
    "Not Mangroves > Mangroves": {
        "f1-score": 0.1778256189451023,
        "precision": 0.10366465863453815,
        "recall": 0.6248108925869894,
        "support": 661
    },
    "accuracy": 0.86832,
    "accuracy_conf_interval": [
        0.0020249440472696525,
        0.002420055080883243,
        0.0028769022134989574,
        0.0031855827085095754
    ],
    "cls_confidence_intervals": {
        "Mangroves": [
            0.0040253008716552,
            0.004810725431978166,
            0.005718872579851595,
            0.0063324855176039125
        ],
        "Mangroves > Not Mangroves": [
            0.01059385829477428,
            0.012660952596193653,
            0.015051030382209802,
            0.016665947805193686
        ],
        "Not Mangroves": [
            0.0010350904296750857,
            0.0012370592940019317,
            0.0014705857933798474,
            0.001628373968635196
        ],
        "Not Mangroves > Mangroves": [
            0.007920175487070446,
            0.009465575582108584,
            0.01125244444199643,
            0.012459788266244972
        ]
    },
    "cohen_kappa": 0.712453187974904,
    "confusion_matrix": [
        [
            15633,
            773,
            807,
            576
        ],
        [
            148,
            837,
            109,
            102
        ],
        [
            1929,
            2291,
            48241,
            2893
        ],
        [
            100,
            79,
            69,
            413
        ]
    ],
    "macro avg": {
        "f1-score": 0.5755227345389692,
        "precision": 0.5429304289051604,
        "recall": 0.7687362440836882,
        "support": 75000
    },
    "producer_accuracy": [
        87.77653003930375,
        21.030150753768844,
        97.99902490553772,
        10.366465863453815
    ],
    "user_accuracy": [
        87.8801506548991,
        69.98327759197325,
        87.14998012790403,
        62.481089258698944
    ],
    "weighted avg": {
        "f1-score": 0.8959449285163474,
        "precision": 0.9357465348970081,
        "recall": 0.86832,
        "support": 75000
    }
}