{
    "Mangroves": {
        "f1-score": 0.8779616495928553,
        "precision": 0.8787464507308865,
        "recall": 0.8771782490027293,
        "support": 9526
    },
    "Mangroves > Not Mangroves": {
        "f1-score": 0.32675846669147746,
        "precision": 0.212385099177552,
        "recall": 0.7080645161290322,
        "support": 620
    },
    "Not Mangroves": {
        "f1-score": 0.9237359525388489,
        "precision": 0.9797726322193072,
        "recall": 0.8737623762376238,
        "support": 29492
    },
    "Not Mangroves > Mangroves": {
        "f1-score": 0.18591549295774648,
        "precision": 0.10880829015544041,
        "recall": 0.638121546961326,
        "support": 362
    },
    "accuracy": 0.869875,
    "accuracy_conf_interval": [
        0.0027588154431521877,
        0.0032971208954745658,
        0.003919536574722316,
        0.0043400877093491734
    ],
    "cls_confidence_intervals": {
        "Mangroves": [
            0.00548978639078332,
            0.006560964223131285,
            0.0077995135917836205,
            0.008636371273305467
        ],
        "Mangroves > Not Mangroves": [
            0.014753416175887607,
            0.017632131527280312,
            0.020960646152328125,
            0.023209642520603674
        ],
        "Not Mangroves": [
            0.0014236068040996014,
            0.0017013837414848897,
            0.002022563325336629,
            0.0022395765576688855
        ],
        "Not Mangroves > Mangroves": [
            0.011083716600478565,
            0.013246393010328041,
            0.015746987609216497,
            0.0174365785544114
        ]
    },
    "cohen_kappa": 0.7154564188103655,
    "confusion_matrix": [
        [
            8356,
            419,
            439,
            312
        ],
        [
            67,
            439,
            58,
            56
        ],
        [
            1030,
            1169,
            25769,
            1524
        ],
        [
            56,
            40,
            35,
            231
        ]
    ],
    "macro avg": {
        "f1-score": 0.5785928904452321,
        "precision": 0.5449281180707966,
        "recall": 0.7742816720826778,
        "support": 40000
    },
    "producer_accuracy": [
        87.87464507308866,
        21.2385099177552,
        97.97726322193073,
        10.880829015544041
    ],
    "user_accuracy": [
        87.71782490027293,
        70.80645161290322,
        87.37623762376238,
        63.812154696132595
    ],
    "weighted avg": {
        "f1-score": 0.8969043761024171,
        "precision": 0.9359365130400147,
        "recall": 0.869875,
        "support": 40000
    }
}