{
    "Mangroves": {
        "f1-score": 0.8810594702648676,
        "precision": 0.8853364579845999,
        "recall": 0.8768236074270557,
        "support": 6032
    },
    "Mangroves > Not Mangroves": {
        "f1-score": 0.34262003556609366,
        "precision": 0.2250778816199377,
        "recall": 0.71712158808933,
        "support": 403
    },
    "Not Mangroves": {
        "f1-score": 0.9242633517495397,
        "precision": 0.979328007805354,
        "recall": 0.8750612978804555,
        "support": 18353
    },
    "Not Mangroves > Mangroves": {
        "f1-score": 0.18135048231511253,
        "precision": 0.10498883097542815,
        "recall": 0.6650943396226415,
        "support": 212
    },
    "accuracy": 0.87116,
    "accuracy_conf_interval": [
        0.003474946838351573,
        0.004152985245834807,
        0.004936967154487297,
        0.005466684660333573
    ],
    "cls_confidence_intervals": {
        "Mangroves": [
            0.006760488679562969,
            0.008079608421916719,
            0.009604840624013244,
            0.01063540292272711
        ],
        "Mangroves > Not Mangroves": [
            0.01911422853284024,
            0.022843834100223705,
            0.027156190537510835,
            0.030069944887029163
        ],
        "Not Mangroves": [
            0.0018221764052977615,
            0.0021777230209656176,
            0.002588823795331576,
            0.0028665945888220884
        ],
        "Not Mangroves > Mangroves": [
            0.013718025922831951,
            0.01639471390777477,
            0.01948963439036491,
            0.021580796878601486
        ]
    },
    "cohen_kappa": 0.719612484641232,
    "confusion_matrix": [
        [
            5289,
            260,
            279,
            204
        ],
        [
            39,
            289,
            35,
            40
        ],
        [
            619,
            716,
            16060,
            958
        ],
        [
            27,
            19,
            25,
            141
        ]
    ],
    "macro avg": {
        "f1-score": 0.5823233349739033,
        "precision": 0.54868279459633,
        "recall": 0.7835252082548706,
        "support": 25000
    },
    "producer_accuracy": [
        88.53364579845999,
        22.50778816199377,
        97.9328007805354,
        10.498883097542814
    ],
    "user_accuracy": [
        87.68236074270557,
        71.712158808933,
        87.50612978804556,
        66.50943396226415
    ],
    "weighted avg": {
        "f1-score": 0.8981631278352368,
        "precision": 0.9370768184109758,
        "recall": 0.87116,
        "support": 25000
    }
}