{
    "Mangroves": {
        "f1-score": 0.8841362126245847,
        "precision": 0.8900501672240803,
        "recall": 0.8783003300330033,
        "support": 4848
    },
    "Mangroves > Not Mangroves": {
        "f1-score": 0.3333333333333333,
        "precision": 0.21773399014778325,
        "recall": 0.7106109324758842,
        "support": 311
    },
    "Not Mangroves": {
        "f1-score": 0.9244380507103038,
        "precision": 0.9792,
        "recall": 0.8754768392370572,
        "support": 14680
    },
    "Not Mangroves > Mangroves": {
        "f1-score": 0.17299919159256266,
        "precision": 0.09944237918215613,
        "recall": 0.6645962732919255,
        "support": 161
    },
    "accuracy": 0.8719,
    "accuracy_conf_interval": [
        0.003875580427136043,
        0.0046317912421869785,
        0.005506159997089623,
        0.006096949696348166
    ],
    "cls_confidence_intervals": {
        "Mangroves": [
            0.007417418654839536,
            0.008864719855783836,
            0.010538161869375683,
            0.011668865932613418
        ],
        "Mangroves > Not Mangroves": [
            0.021244727883462357,
            0.025390040641211108,
            0.030183058517358106,
            0.03342158410934932
        ],
        "Not Mangroves": [
            0.002042967989512174,
            0.0024415958899047935,
            0.0029025093997337597,
            0.003213937446915494
        ],
        "Not Mangroves > Mangroves": [
            0.014961640609023441,
            0.017880985118101187,
            0.02125647720672233,
            0.02353721510443932
        ]
    },
    "cohen_kappa": 0.7209807860802215,
    "confusion_matrix": [
        [
            4258,
            202,
            228,
            160
        ],
        [
            32,
            221,
            24,
            34
        ],
        [
            474,
            579,
            12852,
            775
        ],
        [
            20,
            13,
            21,
            107
        ]
    ],
    "macro avg": {
        "f1-score": 0.5787266970651962,
        "precision": 0.5466066341385049,
        "recall": 0.7822460937594675,
        "support": 20000
    },
    "producer_accuracy": [
        89.00501672240803,
        21.773399014778324,
        97.92,
        9.944237918215613
    ],
    "user_accuracy": [
        87.83003300330033,
        71.06109324758843,
        87.54768392370572,
        66.45962732919256
    ],
    "weighted avg": {
        "f1-score": 0.8994281239872158,
        "precision": 0.9386672352343314,
        "recall": 0.8719,
        "support": 20000
    }
}