{
    "Mangroves": {
        "f1-score": 0.906915981993893,
        "precision": 0.9130379666603283,
        "recall": 0.9008755472170107,
        "support": 15990
    },
    "Mangroves > Not Mangroves": {
        "f1-score": 0.4129554655870446,
        "precision": 0.2809917355371901,
        "recall": 0.7786259541984732,
        "support": 1048
    },
    "Not Mangroves": {
        "f1-score": 0.9220337875371696,
        "precision": 0.9710913033004095,
        "recall": 0.8776944850539674,
        "support": 32149
    },
    "Not Mangroves > Mangroves": {
        "f1-score": 0.3252032520325203,
        "precision": 0.22104332449160036,
        "recall": 0.6150061500615006,
        "support": 813
    },
    "accuracy": 0.87876,
    "accuracy_conf_interval": [
        0.0023939603317976676,
        0.0028610745428801396,
        0.0034011753494442476,
        0.003766108326852429
    ],
    "cls_confidence_intervals": {
        "Mangroves": [
            0.0036790941071232685,
            0.00439696612802537,
            0.005227005652193425,
            0.005787843168523192
        ],
        "Mangroves > Not Mangroves": [
            0.01367915455684681,
            0.016348257885012044,
            0.019434408608203092,
            0.02151964558333218
        ],
        "Not Mangroves": [
            0.0016119915097411893,
            0.0019265264384711776,
            0.0022902074498152266,
            0.0025359378628855298
        ],
        "Not Mangroves > Mangroves": [
            0.01430846025092872,
            0.017100354934036763,
            0.02032848316138044,
            0.022509650882558598
        ]
    },
    "cohen_kappa": 0.7683943271330212,
    "confusion_matrix": [
        [
            14405,
            503,
            775,
            307
        ],
        [
            105,
            816,
            27,
            100
        ],
        [
            1088,
            1489,
            28217,
            1355
        ],
        [
            179,
            96,
            38,
            500
        ]
    ],
    "macro avg": {
        "f1-score": 0.6417771217876569,
        "precision": 0.596541082497382,
        "recall": 0.793050534132738,
        "support": 50000
    },
    "producer_accuracy": [
        91.30379666603284,
        28.09917355371901,
        97.10913033004095,
        22.104332449160037
    ],
    "user_accuracy": [
        90.08755472170107,
        77.86259541984732,
        87.76944850539674,
        61.50061500615006
    ],
    "weighted avg": {
        "f1-score": 0.8968243671890496,
        "precision": 0.9258655791671633,
        "recall": 0.87876,
        "support": 50000
    }
}