{
    "Mangroves": {
        "f1-score": 0.9092615769712139,
        "precision": 0.9138364779874214,
        "recall": 0.9047322540473225,
        "support": 6424
    },
    "Mangroves > Not Mangroves": {
        "f1-score": 0.42300556586270877,
        "precision": 0.28885135135135137,
        "recall": 0.789838337182448,
        "support": 433
    },
    "Not Mangroves": {
        "f1-score": 0.9220352892901107,
        "precision": 0.9715496368038741,
        "recall": 0.8773231297829143,
        "support": 12806
    },
    "Not Mangroves > Mangroves": {
        "f1-score": 0.32384052074857606,
        "precision": 0.22309417040358745,
        "recall": 0.5905044510385756,
        "support": 337
    },
    "accuracy": 0.8794,
    "accuracy_conf_interval": [
        0.0037765543114325795,
        0.004513442957565766,
        0.005365470454657262,
        0.0059411647094488144
    ],
    "cls_confidence_intervals": {
        "Mangroves": [
            0.005770470918240708,
            0.006896416463263285,
            0.008198290999695641,
            0.00907793595674453
        ],
        "Mangroves > Not Mangroves": [
            0.02160157380340862,
            0.025816515033342008,
            0.030690040830452493,
            0.033982963666337955
        ],
        "Not Mangroves": [
            0.0025355151561318257,
            0.003030249820742914,
            0.0036022867766994844,
            0.003988798233426897
        ],
        "Not Mangroves > Mangroves": [
            0.02286071039785407,
            0.027321336816947546,
            0.03247893611402438,
            0.03596380050394116
        ]
    },
    "cohen_kappa": 0.7705495822661083,
    "confusion_matrix": [
        [
            5812,
            199,
            302,
            111
        ],
        [
            41,
            342,
            12,
            38
        ],
        [
            426,
            601,
            11235,
            544
        ],
        [
            81,
            42,
            15,
            199
        ]
    ],
    "macro avg": {
        "f1-score": 0.6445357382181524,
        "precision": 0.5993329091365586,
        "recall": 0.7905995430128151,
        "support": 20000
    },
    "producer_accuracy": [
        91.38364779874215,
        28.885135135135137,
        97.15496368038741,
        22.309417040358746
    ],
    "user_accuracy": [
        90.47322540473225,
        78.9838337182448,
        87.73231297829143,
        59.05044510385756
    ],
    "weighted avg": {
        "f1-score": 0.897048797531153,
        "precision": 0.9256202777031376,
        "recall": 0.8794,
        "support": 20000
    }
}