{
    "Mangroves": {
        "f1-score": 0.9060733462452959,
        "precision": 0.9107628996517886,
        "recall": 0.9014318388319704,
        "support": 31917
    },
    "Mangroves > Not Mangroves": {
        "f1-score": 0.4171515304831774,
        "precision": 0.2842123405722165,
        "recall": 0.783745247148289,
        "support": 2104
    },
    "Not Mangroves": {
        "f1-score": 0.920704197724598,
        "precision": 0.9712379080233822,
        "recall": 0.8751689740362654,
        "support": 64359
    },
    "Not Mangroves > Mangroves": {
        "f1-score": 0.3130713712910987,
        "precision": 0.2114842903575298,
        "recall": 0.6024691358024692,
        "support": 1620
    },
    "accuracy": 0.87721,
    "accuracy_conf_interval": [
        0.001702068893213902,
        0.0020341798967678346,
        0.0024181832446270686,
        0.002677644966153578
    ],
    "cls_confidence_intervals": {
        "Mangroves": [
            0.002630537065788581,
            0.003143812590820499,
            0.0037372874166386547,
            0.00413828392056984
        ],
        "Mangroves > Not Mangroves": [
            0.009711102871878985,
            0.011605952212733422,
            0.013796871763096364,
            0.015277222810638893
        ],
        "Not Mangroves": [
            0.001138227589000515,
            0.0013603207770981763,
            0.0016171160258360974,
            0.0017906263290373954
        ],
        "Not Mangroves > Mangroves": [
            0.009858304460575833,
            0.01178187606263941,
            0.01400600572752542,
            0.015508796041637591
        ]
    },
    "cohen_kappa": 0.7656539307161161,
    "confusion_matrix": [
        [
            28771,
            968,
            1532,
            646
        ],
        [
            191,
            1649,
            54,
            210
        ],
        [
            2263,
            2988,
            56325,
            2783
        ],
        [
            365,
            197,
            82,
            976
        ]
    ],
    "macro avg": {
        "f1-score": 0.6392501114360425,
        "precision": 0.5944243596512293,
        "recall": 0.7907037989547485,
        "support": 100000
    },
    "producer_accuracy": [
        91.07628996517886,
        28.42123405722165,
        97.12379080233822,
        21.14842903575298
    ],
    "user_accuracy": [
        90.14318388319704,
        78.3745247148289,
        87.51689740362653,
        60.24691358024692
    ],
    "weighted avg": {
        "f1-score": 0.895596068950967,
        "precision": 0.9251730730560612,
        "recall": 0.87721,
        "support": 100000
    }
}