{
    "Mangroves": {
        "f1-score": 0.9089206567201449,
        "precision": 0.9143431298668676,
        "recall": 0.9035621198957429,
        "support": 8057
    },
    "Mangroves > Not Mangroves": {
        "f1-score": 0.4124435524335173,
        "precision": 0.28016359918200406,
        "recall": 0.7813688212927756,
        "support": 526
    },
    "Not Mangroves": {
        "f1-score": 0.9217436974789915,
        "precision": 0.9706858407079646,
        "recall": 0.8775,
        "support": 16000
    },
    "Not Mangroves > Mangroves": {
        "f1-score": 0.3320209973753281,
        "precision": 0.22854561878952123,
        "recall": 0.6067146282973621,
        "support": 417
    },
    "accuracy": 0.87936,
    "accuracy_conf_interval": [
        0.003378336157222013,
        0.0040375237000946015,
        0.004799709296541031,
        0.005314699564410241
    ],
    "cls_confidence_intervals": {
        "Mangroves": [
            0.005143615130337258,
            0.006147247350890869,
            0.007307697105905983,
            0.008091784778213491
        ],
        "Mangroves > Not Mangroves": [
            0.01922877188419838,
            0.022980727373798065,
            0.027318925908647703,
            0.030250141134897456
        ],
        "Not Mangroves": [
            0.002300264147951622,
            0.0027490961768202316,
            0.0032680582101995608,
            0.003618708232753162
        ],
        "Not Mangroves > Mangroves": [
            0.020697200778043434,
            0.024735678978637276,
            0.029405169398073906,
            0.032560230492287845
        ]
    },
    "cohen_kappa": 0.7702570687809354,
    "confusion_matrix": [
        [
            7280,
            246,
            388,
            143
        ],
        [
            53,
            411,
            14,
            48
        ],
        [
            535,
            762,
            14040,
            663
        ],
        [
            94,
            48,
            22,
            253
        ]
    ],
    "macro avg": {
        "f1-score": 0.6437822260019954,
        "precision": 0.5984345471365894,
        "recall": 0.79228639237147,
        "support": 25000
    },
    "producer_accuracy": [
        91.43431298668676,
        28.016359918200408,
        97.06858407079646,
        22.854561878952122
    ],
    "user_accuracy": [
        90.35621198957429,
        78.13688212927757,
        87.75,
        60.671462829736214
    ],
    "weighted avg": {
        "f1-score": 0.8970588382137445,
        "precision": 0.92562022499479,
        "recall": 0.87936,
        "support": 25000
    }
}