{
    "Mangroves": {
        "f1-score": 0.907294892399357,
        "precision": 0.9126971608832808,
        "recall": 0.9019561998285403,
        "support": 12831
    },
    "Mangroves > Not Mangroves": {
        "f1-score": 0.413880929640242,
        "precision": 0.2824858757062147,
        "recall": 0.7738095238095238,
        "support": 840
    },
    "Not Mangroves": {
        "f1-score": 0.9225575447570333,
        "precision": 0.9710556919498643,
        "recall": 0.8786733182633097,
        "support": 25658
    },
    "Not Mangroves > Mangroves": {
        "f1-score": 0.3307723412858876,
        "precision": 0.22697003329633741,
        "recall": 0.6095380029806259,
        "support": 671
    },
    "accuracy": 0.879425,
    "accuracy_conf_interval": [
        0.002670188317099563,
        0.0031912006716555757,
        0.0037936212066109654,
        0.00420066210860785
    ],
    "cls_confidence_intervals": {
        "Mangroves": [
            0.004111135156255376,
            0.004913307869671059,
            0.005840820069557943,
            0.006467517501913945
        ],
        "Mangroves > Not Mangroves": [
            0.015392144612317308,
            0.018395489902525562,
            0.02186810789432886,
            0.02421447140230406
        ],
        "Not Mangroves": [
            0.001804448337000251,
            0.002156535817390544,
            0.0025636369665918203,
            0.0028387053106467366
        ],
        "Not Mangroves > Mangroves": [
            0.016182621644950445,
            0.019340206356160287,
            0.02299116367849667,
            0.025458026734129363
        ]
    },
    "cohen_kappa": 0.7699112717181004,
    "confusion_matrix": [
        [
            11573,
            398,
            614,
            246
        ],
        [
            85,
            650,
            24,
            81
        ],
        [
            877,
            1170,
            22545,
            1066
        ],
        [
            145,
            83,
            34,
            409
        ]
    ],
    "macro avg": {
        "f1-score": 0.64362642702063,
        "precision": 0.5983021904589243,
        "recall": 0.7909942612204999,
        "support": 40000
    },
    "producer_accuracy": [
        91.26971608832808,
        28.24858757062147,
        97.10556919498643,
        22.69700332963374
    ],
    "user_accuracy": [
        90.19561998285403,
        77.38095238095238,
        87.86733182633097,
        60.95380029806259
    ],
    "weighted avg": {
        "f1-score": 0.8970522617413186,
        "precision": 0.9253937310819516,
        "recall": 0.879425,
        "support": 40000
    }
}