{
    "Mangroves": {
        "f1-score": 0.9109414758269719,
        "precision": 0.9156010230179028,
        "recall": 0.9063291139240506,
        "support": 790
    },
    "Mangroves > Not Mangroves": {
        "f1-score": 0.4257425742574257,
        "precision": 0.2905405405405405,
        "recall": 0.7962962962962963,
        "support": 54
    },
    "Not Mangroves": {
        "f1-score": 0.9237288135593219,
        "precision": 0.9712131596984236,
        "recall": 0.8806712243629583,
        "support": 1609
    },
    "Not Mangroves > Mangroves": {
        "f1-score": 0.3417721518987342,
        "precision": 0.24324324324324326,
        "recall": 0.574468085106383,
        "support": 47
    },
    "accuracy": 0.8812,
    "accuracy_conf_interval": [
        0.010612539220676643,
        0.012683278580808671,
        0.015077570965961328,
        0.016695336091064474
    ],
    "cls_confidence_intervals": {
        "Mangroves": [
            0.01630279987434355,
            0.019483833996166683,
            0.023161904699524682,
            0.025647087607199002
        ],
        "Mangroves > Not Mangroves": [
            0.061204048732972846,
            0.07314630214428462,
            0.08695453265111387,
            0.0962844181287012
        ],
        "Not Mangroves": [
            0.007179107897065407,
            0.008579909437956218,
            0.01019958621961122,
            0.011293962423432165
        ],
        "Not Mangroves > Mangroves": [
            0.06678530366169998,
            0.07981658242495852,
            0.0948839984949762,
            0.10506468502877193
        ]
    },
    "cohen_kappa": 0.7730385024514899,
    "confusion_matrix": [
        [
            716,
            25,
            36,
            13
        ],
        [
            3,
            43,
            2,
            6
        ],
        [
            51,
            76,
            1417,
            65
        ],
        [
            12,
            4,
            4,
            27
        ]
    ],
    "macro avg": {
        "f1-score": 0.6505462538856134,
        "precision": 0.6051494916250276,
        "recall": 0.7894411799224221,
        "support": 2500
    },
    "producer_accuracy": [
        91.56010230179028,
        29.054054054054053,
        97.12131596984236,
        24.324324324324326
    ],
    "user_accuracy": [
        90.63291139240506,
        79.62962962962963,
        88.06712243629583,
        57.446808510638306
    ],
    "weighted avg": {
        "f1-score": 0.8979907268277592,
        "precision": 0.9252513615042113,
        "recall": 0.8812,
        "support": 2500
    }
}