{
    "Mangroves": {
        "f1-score": 0.9100496277915633,
        "precision": 0.9136391945194104,
        "recall": 0.9064881565396499,
        "support": 4855
    },
    "Mangroves > Not Mangroves": {
        "f1-score": 0.4225122349102773,
        "precision": 0.2874583795782464,
        "recall": 0.796923076923077,
        "support": 325
    },
    "Not Mangroves": {
        "f1-score": 0.9202818762387139,
        "precision": 0.9715215622457283,
        "recall": 0.8741763413868843,
        "support": 9561
    },
    "Not Mangroves > Mangroves": {
        "f1-score": 0.31982942430703626,
        "precision": 0.22091310751104565,
        "recall": 0.5791505791505791,
        "support": 259
    },
    "accuracy": 0.8778666666666667,
    "accuracy_conf_interval": [
        0.004384596199308733,
        0.0052401271650275106,
        0.006229334844139847,
        0.006897718411107642
    ],
    "cls_confidence_intervals": {
        "Mangroves": [
            0.00663744947448716,
            0.00793256156707002,
            0.009430034924118954,
            0.010441841246449313
        ],
        "Mangroves > Not Mangroves": [
            0.02472714967484962,
            0.029551959367503208,
            0.03513064557463392,
            0.03890002814701953
        ],
        "Not Mangroves": [
            0.0029410552915863698,
            0.0035149197387251735,
            0.004178450505729416,
            0.004626782105056606
        ],
        "Not Mangroves > Mangroves": [
            0.02611034751979224,
            0.031205049474873656,
            0.03709579861043654,
            0.0410760345128439
        ]
    },
    "cohen_kappa": 0.7688648816396422,
    "confusion_matrix": [
        [
            4401,
            146,
            221,
            87
        ],
        [
            27,
            259,
            10,
            29
        ],
        [
            329,
            461,
            8358,
            413
        ],
        [
            60,
            35,
            14,
            150
        ]
    ],
    "macro avg": {
        "f1-score": 0.6431682908118976,
        "precision": 0.5983830609636077,
        "recall": 0.7891845385000475,
        "support": 15000
    },
    "producer_accuracy": [
        91.36391945194104,
        28.745837957824637,
        97.15215622457282,
        22.091310751104565
    ],
    "user_accuracy": [
        90.64881565396499,
        79.6923076923077,
        87.41763413868843,
        57.91505791505791
    ],
    "weighted avg": {
        "f1-score": 0.8958172172591831,
        "precision": 0.9250050942820958,
        "recall": 0.8778666666666667,
        "support": 15000
    }
}