{
    "Mangroves": {
        "f1-score": 0.9113846153846153,
        "precision": 0.9122266707730212,
        "recall": 0.9105441131263449,
        "support": 3253
    },
    "Mangroves > Not Mangroves": {
        "f1-score": 0.448780487804878,
        "precision": 0.3161512027491409,
        "recall": 0.773109243697479,
        "support": 238
    },
    "Not Mangroves": {
        "f1-score": 0.9210111893908,
        "precision": 0.9711588883062402,
        "recall": 0.8757881462799496,
        "support": 6344
    },
    "Not Mangroves > Mangroves": {
        "f1-score": 0.3024390243902439,
        "precision": 0.20666666666666667,
        "recall": 0.5636363636363636,
        "support": 165
    },
    "accuracy": 0.8795,
    "accuracy_conf_interval": [
        0.0053389431126394295,
        0.006380688110227612,
        0.0075852057636889465,
        0.008399069043054713
    ],
    "cls_confidence_intervals": {
        "Mangroves": [
            0.00814395512997383,
            0.00973301954557848,
            0.011570375276121357,
            0.01281183185081249
        ],
        "Mangroves > Not Mangroves": [
            0.03160893174040833,
            0.03777652817756118,
            0.04490781155801916,
            0.04972624627454482
        ],
        "Not Mangroves": [
            0.0036287664453368753,
            0.0043368184346709,
            0.005155503547338366,
            0.0057086691640055726
        ],
        "Not Mangroves > Mangroves": [
            0.031304059453553384,
            0.037412168615222334,
            0.044474669833402064,
            0.04924663011595594
        ]
    },
    "cohen_kappa": 0.7723439199834032,
    "confusion_matrix": [
        [
            2962,
            92,
            149,
            50
        ],
        [
            22,
            184,
            6,
            26
        ],
        [
            224,
            283,
            5556,
            281
        ],
        [
            39,
            23,
            10,
            93
        ]
    ],
    "macro avg": {
        "f1-score": 0.6459038292426342,
        "precision": 0.6015508571237672,
        "recall": 0.7807694666850342,
        "support": 10000
    },
    "producer_accuracy": [
        91.22266707730212,
        31.615120274914087,
        97.11588883062402,
        20.666666666666668
    ],
    "user_accuracy": [
        91.05441131263449,
        77.31092436974791,
        87.57881462799496,
        56.36363636363636
    ],
    "weighted avg": {
        "f1-score": 0.896434133446334,
        "precision": 0.9237849333693723,
        "recall": 0.8795,
        "support": 10000
    }
}