{
    "Mangroves": {
        "f1-score": 0.9128367670364501,
        "precision": 0.935064935064935,
        "recall": 0.891640866873065,
        "support": 323
    },
    "Mangroves > Not Mangroves": {
        "f1-score": 0.32432432432432434,
        "precision": 0.2,
        "recall": 0.8571428571428571,
        "support": 14
    },
    "Not Mangroves": {
        "f1-score": 0.9290322580645162,
        "precision": 0.964824120603015,
        "recall": 0.895800933125972,
        "support": 643
    },
    "Not Mangroves > Mangroves": {
        "f1-score": 0.43636363636363634,
        "precision": 0.34285714285714286,
        "recall": 0.6,
        "support": 20
    },
    "accuracy": 0.888,
    "accuracy_conf_interval": [
        0.016355331167542893,
        0.019546615297795167,
        0.023236537573399357,
        0.025729728300158943
    ],
    "cls_confidence_intervals": {
        "Mangroves": [
            0.023026557488115086,
            0.02751954431506437,
            0.03271456033372448,
            0.03622470629227861
        ],
        "Mangroves > Not Mangroves": [
            0.08468923583706885,
            0.10121396478088716,
            0.12032068262217709,
            0.13323062710953515
        ],
        "Not Mangroves": [
            0.012365259654936112,
            0.01477799324614316,
            0.017567716460976306,
            0.019452664579106813
        ],
        "Not Mangroves > Mangroves": [
            0.13158195131755893,
            0.15725647840391188,
            0.1869426503475075,
            0.20700087463372074
        ]
    },
    "cohen_kappa": 0.7825686025179333,
    "confusion_matrix": [
        [
            288,
            12,
            20,
            3
        ],
        [
            0,
            12,
            0,
            2
        ],
        [
            14,
            35,
            576,
            18
        ],
        [
            6,
            1,
            1,
            12
        ]
    ],
    "macro avg": {
        "f1-score": 0.6506392464472318,
        "precision": 0.6106865496312733,
        "recall": 0.8111461642854735,
        "support": 1000
    },
    "producer_accuracy": [
        93.5064935064935,
        20.0,
        96.4824120603015,
        34.285714285714285
    ],
    "user_accuracy": [
        89.1640866873065,
        85.71428571428571,
        89.5800933125972,
        60.0
    ],
    "weighted avg": {
        "f1-score": 0.9054818309560706,
        "precision": 0.9320650264308556,
        "recall": 0.888,
        "support": 1000
    }
}