{
    "Mangroves": {
        "f1-score": 0.8731542924643019,
        "precision": 0.8986947970677632,
        "recall": 0.8490253707645012,
        "support": 29601
    },
    "Mangroves > Not Mangroves": {
        "f1-score": 0.21797752808988766,
        "precision": 0.12921847246891652,
        "recall": 0.6961722488038278,
        "support": 836
    },
    "Not Mangroves": {
        "f1-score": 0.921168161862951,
        "precision": 0.9706980336626654,
        "recall": 0.8764474276830987,
        "support": 68829
    },
    "Not Mangroves > Mangroves": {
        "f1-score": 0.15100506618728549,
        "precision": 0.08579387186629527,
        "recall": 0.6294277929155313,
        "support": 734
    },
    "accuracy": 0.86501,
    "accuracy_conf_interval": [
        0.0017721693080827237,
        0.0021179584413671577,
        0.0025177771267272846,
        0.0027879248871057485
    ],
    "cls_confidence_intervals": {
        "Mangroves": [
            0.0029590917102802127,
            0.003536475458627571,
            0.0042040754176542044,
            0.0046551564710505785
        ],
        "Mangroves > Not Mangroves": [
            0.008197125084403175,
            0.009796564125262332,
            0.011645915516255732,
            0.012895477266926948
        ],
        "Not Mangroves": [
            0.0011095010438893335,
            0.001325989052453106,
            0.0015763033123549679,
            0.0017454345690454149
        ],
        "Not Mangroves > Mangroves": [
            0.0062589458217666505,
            0.0074802035430869725,
            0.008892282783363596,
            0.009846390378145097
        ]
    },
    "cohen_kappa": 0.7237798027369011,
    "confusion_matrix": [
        [
            25132,
            1809,
            1695,
            965
        ],
        [
            57,
            582,
            52,
            145
        ],
        [
            2725,
            1966,
            60325,
            3813
        ],
        [
            51,
            147,
            74,
            462
        ]
    ],
    "macro avg": {
        "f1-score": 0.5408262621511065,
        "precision": 0.5211012937664101,
        "recall": 0.7627682100417397,
        "support": 100000
    },
    "producer_accuracy": [
        89.86947970677632,
        12.921847246891652,
        97.06980336626654,
        8.579387186629527
    ],
    "user_accuracy": [
        84.90253707645013,
        69.61722488038278,
        87.64474276830987,
        62.94277929155313
    ],
    "weighted avg": {
        "f1-score": 0.8954239055616545,
        "precision": 0.9358543899190434,
        "recall": 0.86501,
        "support": 100000
    }
}