{
    "Mangroves": {
        "f1-score": 0.8775320139697322,
        "precision": 0.9011356843992827,
        "recall": 0.8551332955190017,
        "support": 8815
    },
    "Mangroves > Not Mangroves": {
        "f1-score": 0.24075235109717869,
        "precision": 0.14512471655328799,
        "recall": 0.7058823529411765,
        "support": 272
    },
    "Not Mangroves": {
        "f1-score": 0.923997970573313,
        "precision": 0.9720324508966696,
        "recall": 0.8804873332044092,
        "support": 20684
    },
    "Not Mangroves > Mangroves": {
        "f1-score": 0.15734072022160667,
        "precision": 0.0901015228426396,
        "recall": 0.6200873362445415,
        "support": 229
    },
    "accuracy": 0.8694666666666667,
    "accuracy_conf_interval": [
        0.0031898510436742375,
        0.0038122610034155525,
        0.004531922519366448,
        0.00501818030041435
    ],
    "cls_confidence_intervals": {
        "Mangroves": [
            0.005352118881476675,
            0.006396434760789197,
            0.0076039249962443,
            0.008419796776957209
        ],
        "Mangroves > Not Mangroves": [
            0.015881298130288244,
            0.018980088009368876,
            0.022563063807055857,
            0.0249839934000876
        ],
        "Not Mangroves": [
            0.0019754816310577706,
            0.0023609414615080675,
            0.0028066293904662233,
            0.0031077698830055175
        ],
        "Not Mangroves > Mangroves": [
            0.011828461922955811,
            0.014136454493288653,
            0.016805070902736002,
            0.018608190098308535
        ]
    },
    "cohen_kappa": 0.73178470491595,
    "confusion_matrix": [
        [
            7538,
            512,
            483,
            282
        ],
        [
            19,
            192,
            13,
            48
        ],
        [
            789,
            579,
            18212,
            1104
        ],
        [
            19,
            40,
            28,
            142
        ]
    ],
    "macro avg": {
        "f1-score": 0.5499057639654578,
        "precision": 0.52709859367297,
        "recall": 0.7653975794772823,
        "support": 30000
    },
    "producer_accuracy": [
        90.11356843992827,
        14.512471655328799,
        97.20324508966695,
        9.01015228426396
    ],
    "user_accuracy": [
        85.51332955190017,
        70.58823529411765,
        88.04873332044092,
        62.00873362445415
    ],
    "weighted avg": {
        "f1-score": 0.8982978130303593,
        "precision": 0.936971248131995,
        "recall": 0.8694666666666667,
        "support": 30000
    }
}