{
    "Mangroves": {
        "f1-score": 0.8748043274080773,
        "precision": 0.9002004581901489,
        "recall": 0.8508018133838555,
        "support": 14779
    },
    "Mangroves > Not Mangroves": {
        "f1-score": 0.22596333707444818,
        "precision": 0.135183527305282,
        "recall": 0.6879271070615034,
        "support": 439
    },
    "Not Mangroves": {
        "f1-score": 0.9227577158374907,
        "precision": 0.9713808499020332,
        "recall": 0.878770267914221,
        "support": 34414
    },
    "Not Mangroves > Mangroves": {
        "f1-score": 0.15496208374546655,
        "precision": 0.08818011257035648,
        "recall": 0.6385869565217391,
        "support": 368
    },
    "accuracy": 0.86706,
    "accuracy_conf_interval": [
        0.00249006829598483,
        0.0029759352805672364,
        0.0035377189814906436,
        0.003917302563195648
    ],
    "cls_confidence_intervals": {
        "Mangroves": [
            0.004159207843191917,
            0.004970760593083023,
            0.005909118460144615,
            0.006543144045997041
        ],
        "Mangroves > Not Mangroves": [
            0.01186386312122503,
            0.014178763242439671,
            0.0168553665075941,
            0.018663882227293038
        ],
        "Not Mangroves": [
            0.0015497316301627086,
            0.0018521182897066517,
            0.002201752864804336,
            0.0024379924425730415
        ],
        "Not Mangroves > Mangroves": [
            0.009008139352679273,
            0.010765825080031328,
            0.01279814920228214,
            0.014171341176775931
        ]
    },
    "cohen_kappa": 0.7276253730122778,
    "confusion_matrix": [
        [
            12574,
            887,
            828,
            490
        ],
        [
            36,
            302,
            26,
            75
        ],
        [
            1330,
            977,
            30242,
            1865
        ],
        [
            28,
            68,
            37,
            235
        ]
    ],
    "macro avg": {
        "f1-score": 0.5446218660163706,
        "precision": 0.5237362369919552,
        "recall": 0.7640215362203298,
        "support": 50000
    },
    "producer_accuracy": [
        90.0200458190149,
        13.5183527305282,
        97.13808499020332,
        8.818011257035648
    ],
    "user_accuracy": [
        85.08018133838556,
        68.79271070615034,
        87.8770267914221,
        63.858695652173914
    ],
    "weighted avg": {
        "f1-score": 0.8968148227877879,
        "precision": 0.9364991798006738,
        "recall": 0.86706,
        "support": 50000
    }
}