{
    "Mangroves": {
        "f1-score": 0.8778599084829285,
        "precision": 0.8945480631276901,
        "recall": 0.861782999308915,
        "support": 1447
    },
    "Mangroves > Not Mangroves": {
        "f1-score": 0.24444444444444444,
        "precision": 0.14473684210526316,
        "recall": 0.7857142857142857,
        "support": 42
    },
    "Not Mangroves": {
        "f1-score": 0.9227963525835866,
        "precision": 0.9777777777777777,
        "recall": 0.8736690647482014,
        "support": 3475
    },
    "Not Mangroves > Mangroves": {
        "f1-score": 0.12297734627831715,
        "precision": 0.0695970695970696,
        "recall": 0.5277777777777778,
        "support": 36
    },
    "accuracy": 0.867,
    "accuracy_conf_interval": [
        0.007875791586881918,
        0.009412531408712538,
        0.011189386827704189,
        0.01238996481350936
    ],
    "cls_confidence_intervals": {
        "Mangroves": [
            0.01349092045204036,
            0.0161232951743897,
            0.019166978447106124,
            0.021223521198941546
        ],
        "Mangroves > Not Mangroves": [
            0.03821341520739416,
            0.04566969134542229,
            0.05429101063001732,
            0.0601162263628518
        ],
        "Not Mangroves": [
            0.004338372816879232,
            0.005184884586026399,
            0.006163663819102812,
            0.006825001138749036
        ],
        "Not Mangroves > Mangroves": [
            0.025257684628290353,
            0.03018601333624945,
            0.03588439340482715,
            0.03973465020792019
        ]
    },
    "cohen_kappa": 0.7268680439143613,
    "confusion_matrix": [
        [
            1247,
            88,
            63,
            49
        ],
        [
            2,
            33,
            1,
            6
        ],
        [
            142,
            98,
            3036,
            199
        ],
        [
            3,
            9,
            5,
            19
        ]
    ],
    "macro avg": {
        "f1-score": 0.5420195129473192,
        "precision": 0.5216649381519503,
        "recall": 0.7622360318872949,
        "support": 5000
    },
    "producer_accuracy": [
        89.45480631276901,
        14.473684210526317,
        97.77777777777777,
        6.95970695970696
    ],
    "user_accuracy": [
        86.1782999308915,
        78.57142857142857,
        87.36690647482014,
        52.77777777777778
    ],
    "weighted avg": {
        "f1-score": 0.8983348927870894,
        "precision": 0.9401546533994922,
        "recall": 0.867,
        "support": 5000
    }
}