{
    "Mangroves": {
        "f1-score": 0.8772303595206391,
        "precision": 0.9003279883381924,
        "recall": 0.8552882118746754,
        "support": 5777
    },
    "Mangroves > Not Mangroves": {
        "f1-score": 0.2591549295774648,
        "precision": 0.1564625850340136,
        "recall": 0.7540983606557377,
        "support": 183
    },
    "Not Mangroves": {
        "f1-score": 0.9250774930067286,
        "precision": 0.9734287987271281,
        "recall": 0.8813022183808701,
        "support": 13884
    },
    "Not Mangroves > Mangroves": {
        "f1-score": 0.15789473684210525,
        "precision": 0.09056603773584905,
        "recall": 0.6153846153846154,
        "support": 156
    },
    "accuracy": 0.87055,
    "accuracy_conf_interval": [
        0.003892931281155627,
        0.004652527628698188,
        0.005530810905544276,
        0.006124245552061902
    ],
    "cls_confidence_intervals": {
        "Mangroves": [
            0.006631683392631418,
            0.007925670396071696,
            0.009421842868799515,
            0.010432770215237232
        ],
        "Mangroves > Not Mangroves": [
            0.020061665335366827,
            0.023976136620316453,
            0.028502244043539456,
            0.031560424734906355
        ],
        "Not Mangroves": [
            0.0023525231136334343,
            0.0028115520138545925,
            0.0033423041797353064,
            0.0037009205080330864
        ],
        "Not Mangroves > Mangroves": [
            0.014456367619429183,
            0.01727712227687878,
            0.020538619849554875,
            0.022742334425687374
        ]
    },
    "cohen_kappa": 0.7323300317154278,
    "confusion_matrix": [
        [
            4941,
            337,
            311,
            188
        ],
        [
            10,
            138,
            7,
            28
        ],
        [
            525,
            375,
            12236,
            748
        ],
        [
            12,
            32,
            16,
            96
        ]
    ],
    "macro avg": {
        "f1-score": 0.5548393797367345,
        "precision": 0.5301963524587958,
        "recall": 0.7765183515739746,
        "support": 20000
    },
    "producer_accuracy": [
        90.03279883381924,
        15.646258503401361,
        97.3428798727128,
        9.056603773584905
    ],
    "user_accuracy": [
        85.52882118746754,
        75.40983606557377,
        88.13022183808701,
        61.53846153846154
    ],
    "weighted avg": {
        "f1-score": 0.8991796315458099,
        "precision": 0.9379520592552599,
        "recall": 0.87055,
        "support": 20000
    }
}