{
    "Mangroves": {
        "f1-score": 0.8763723150357995,
        "precision": 0.8975800537765828,
        "recall": 0.8561436232221963,
        "support": 4289
    },
    "Mangroves > Not Mangroves": {
        "f1-score": 0.2528160200250313,
        "precision": 0.1518796992481203,
        "recall": 0.753731343283582,
        "support": 134
    },
    "Not Mangroves": {
        "f1-score": 0.9248856956237753,
        "precision": 0.9746902467436196,
        "recall": 0.8799235181644359,
        "support": 10460
    },
    "Not Mangroves > Mangroves": {
        "f1-score": 0.15250544662309368,
        "precision": 0.08739076154806492,
        "recall": 0.5982905982905983,
        "support": 117
    },
    "accuracy": 0.8698,
    "accuracy_conf_interval": [
        0.004506230599336877,
        0.0053854951065245606,
        0.00640214469296032,
        0.0070890700892006974
    ],
    "cls_confidence_intervals": {
        "Mangroves": [
            0.007774240588230219,
            0.009291165581055628,
            0.011045110104010008,
            0.012230207754654858
        ],
        "Mangroves > Not Mangroves": [
            0.02282504376750649,
            0.02727871084409312,
            0.032428263401396415,
            0.03590769080497972
        ],
        "Not Mangroves": [
            0.0026507338189257425,
            0.0031679501738380825,
            0.003765981584205476,
            0.004170056861480741
        ],
        "Not Mangroves > Mangroves": [
            0.016364501581438425,
            0.019557575060743484,
            0.02324956627118996,
            0.025744154926897037
        ]
    },
    "cohen_kappa": 0.7299927682855727,
    "confusion_matrix": [
        [
            3672,
            255,
            222,
            140
        ],
        [
            10,
            101,
            3,
            20
        ],
        [
            403,
            282,
            9204,
            571
        ],
        [
            6,
            27,
            14,
            70
        ]
    ],
    "macro avg": {
        "f1-score": 0.5516448693269249,
        "precision": 0.527885190329097,
        "recall": 0.7720222707402031,
        "support": 15000
    },
    "producer_accuracy": [
        89.75800537765828,
        15.18796992481203,
        97.46902467436196,
        8.739076154806492
    ],
    "user_accuracy": [
        85.61436232221963,
        75.3731343283582,
        87.99235181644359,
        59.82905982905983
    ],
    "weighted avg": {
        "f1-score": 0.8989857146234327,
        "precision": 0.9383704953590931,
        "recall": 0.8698,
        "support": 15000
    }
}