{
    "Mangroves": {
        "f1-score": 0.8787878787878789,
        "precision": 0.9,
        "recall": 0.8585526315789473,
        "support": 304
    },
    "Mangroves > Not Mangroves": {
        "f1-score": 0.24242424242424243,
        "precision": 0.14035087719298245,
        "recall": 0.8888888888888888,
        "support": 9
    },
    "Not Mangroves": {
        "f1-score": 0.9251170046801873,
        "precision": 0.9834162520729685,
        "recall": 0.8733431516936672,
        "support": 679
    },
    "Not Mangroves > Mangroves": {
        "f1-score": 0.1724137931034483,
        "precision": 0.1,
        "recall": 0.625,
        "support": 8
    },
    "accuracy": 0.867,
    "accuracy_conf_interval": [
        0.01761080536488891,
        0.02104706007023309,
        0.025020229573287294,
        0.027704803561837434
    ],
    "cls_confidence_intervals": {
        "Mangroves": [
            0.02889123480012341,
            0.03452854890746457,
            0.041046693344077775,
            0.045450844990438055
        ],
        "Mangroves > Not Mangroves": [
            0.07545266748742348,
            0.09017513919228659,
            0.10719799710103459,
            0.11869992812045889
        ],
        "Not Mangroves": [
            0.008528943285634,
            0.010193127341367465,
            0.012117340155809283,
            0.01341748394935105
        ],
        "Not Mangroves > Mangroves": [
            0.06957930726875627,
            0.08315575746753799,
            0.09885352800987936,
            0.10946012972767756
        ]
    },
    "cohen_kappa": 0.7347903248320007,
    "confusion_matrix": [
        [
            261,
            27,
            8,
            8
        ],
        [
            1,
            8,
            0,
            0
        ],
        [
            28,
            21,
            593,
            37
        ],
        [
            0,
            1,
            2,
            5
        ]
    ],
    "macro avg": {
        "f1-score": 0.5546857297489393,
        "precision": 0.5309417823164877,
        "recall": 0.8114461680403758,
        "support": 1000
    },
    "producer_accuracy": [
        90.0,
        14.035087719298245,
        98.34162520729684,
        10.0
    ],
    "user_accuracy": [
        85.85526315789474,
        88.88888888888889,
        87.33431516936672,
        62.5
    ],
    "weighted avg": {
        "f1-score": 0.898867089856008,
        "precision": 0.9434027930522823,
        "recall": 0.867,
        "support": 1000
    }
}