{
    "Mangroves": {
        "f1-score": 0.8737612898754938,
        "precision": 0.8995481569560048,
        "recall": 0.8494116590317076,
        "support": 22266
    },
    "Mangroves > Not Mangroves": {
        "f1-score": 0.2253873063468266,
        "precision": 0.13454653937947494,
        "recall": 0.6938461538461539,
        "support": 650
    },
    "Not Mangroves": {
        "f1-score": 0.9217051024671605,
        "precision": 0.9704089953220891,
        "recall": 0.8776563743280222,
        "support": 51527
    },
    "Not Mangroves > Mangroves": {
        "f1-score": 0.15421581476627347,
        "precision": 0.08778910718726685,
        "recall": 0.6337522441651705,
        "support": 557
    },
    "accuracy": 0.8658666666666667,
    "accuracy_conf_interval": [
        0.002040831201724398,
        0.0024390421679145245,
        0.0028994735975718584,
        0.003210575914907895
    ],
    "cls_confidence_intervals": {
        "Mangroves": [
            0.003399906780049767,
            0.004063303224937526,
            0.004830355364338998,
            0.00534863383690756
        ],
        "Mangroves > Not Mangroves": [
            0.009666070724490381,
            0.01155213330487875,
            0.013732893163452801,
            0.015206379554381212
        ],
        "Not Mangroves": [
            0.00128735650667995,
            0.001538548020178477,
            0.0018289882076611486,
            0.0020252315775818727
        ],
        "Not Mangroves > Mangroves": [
            0.007318882157788748,
            0.008746956725162163,
            0.010398167943687673,
            0.011513851199448154
        ]
    },
    "cohen_kappa": 0.7257538007454531,
    "confusion_matrix": [
        [
            18913,
            1348,
            1284,
            721
        ],
        [
            48,
            451,
            37,
            114
        ],
        [
            2020,
            1451,
            45223,
            2833
        ],
        [
            44,
            102,
            58,
            353
        ]
    ],
    "macro avg": {
        "f1-score": 0.5437673783639386,
        "precision": 0.523073199711209,
        "recall": 0.7636666078427636,
        "support": 75000
    },
    "producer_accuracy": [
        89.95481569560047,
        13.454653937947494,
        97.04089953220891,
        8.778910718726685
    ],
    "user_accuracy": [
        84.94116590317076,
        69.38461538461539,
        87.76563743280222,
        63.37522441651705
    ],
    "weighted avg": {
        "f1-score": 0.8957369020419118,
        "precision": 0.935572764640582,
        "recall": 0.8658666666666667,
        "support": 75000
    }
}