{
    "Mangroves": {
        "f1-score": 0.8772133902029211,
        "precision": 0.8862627317837556,
        "recall": 0.8683469805527124,
        "support": 7816
    },
    "Mangroves > Not Mangroves": {
        "f1-score": 0.22110552763819094,
        "precision": 0.13205282112845138,
        "recall": 0.6790123456790124,
        "support": 324
    },
    "Not Mangroves": {
        "f1-score": 0.920753054079859,
        "precision": 0.9797332499739502,
        "recall": 0.8684708816330301,
        "support": 21653
    },
    "Not Mangroves > Mangroves": {
        "f1-score": 0.17525162818235643,
        "precision": 0.09986504723346828,
        "recall": 0.714975845410628,
        "support": 207
    },
    "accuracy": 0.8653333333333333,
    "accuracy_conf_interval": [
        0.003232250360673516,
        0.0038629333578781046,
        0.00459216057339591,
        0.0050848816649619955
    ],
    "cls_confidence_intervals": {
        "Mangroves": [
            0.005950025227952192,
            0.007111005760235547,
            0.008453389500688177,
            0.009360405541534547
        ],
        "Mangroves > Not Mangroves": [
            0.013602753850668274,
            0.0162569497239694,
            0.019325863702473828,
            0.021399454228490336
        ],
        "Not Mangroves": [
            0.0016680423850469672,
            0.0019935140699341805,
            0.0023698407055850208,
            0.002624115459403156
        ],
        "Not Mangroves > Mangroves": [
            0.012772629512928155,
            0.015264849905694624,
            0.018146479734830856,
            0.02009352691667966
        ]
    },
    "cohen_kappa": 0.7139423587999657,
    "confusion_matrix": [
        [
            6787,
            395,
            342,
            292
        ],
        [
            43,
            220,
            29,
            32
        ],
        [
            809,
            1029,
            18805,
            1010
        ],
        [
            19,
            22,
            18,
            148
        ]
    ],
    "macro avg": {
        "f1-score": 0.5485809000258319,
        "precision": 0.5244784625299064,
        "recall": 0.7827015133188457,
        "support": 30000
    },
    "producer_accuracy": [
        88.62627317837556,
        13.205282112845138,
        97.97332499739501,
        9.986504723346828
    ],
    "user_accuracy": [
        86.83469805527125,
        67.90123456790124,
        86.84708816330301,
        71.49758454106279
    ],
    "weighted avg": {
        "f1-score": 0.8967093671935247,
        "precision": 0.9401550250710241,
        "recall": 0.8653333333333333,
        "support": 30000
    }
}