{
    "Mangroves": {
        "f1-score": 0.8762338648443432,
        "precision": 0.8789032749428789,
        "recall": 0.8735806207418623,
        "support": 1321
    },
    "Mangroves > Not Mangroves": {
        "f1-score": 0.18604651162790697,
        "precision": 0.11155378486055777,
        "recall": 0.56,
        "support": 50
    },
    "Not Mangroves": {
        "f1-score": 0.9176262178919397,
        "precision": 0.9773584905660377,
        "recall": 0.8647746243739566,
        "support": 3594
    },
    "Not Mangroves > Mangroves": {
        "f1-score": 0.17869415807560138,
        "precision": 0.1015625,
        "recall": 0.7428571428571429,
        "support": 35
    },
    "accuracy": 0.8632,
    "accuracy_conf_interval": [
        0.007969986952260337,
        0.009525106357579426,
        0.011323213169979625,
        0.012538150205385163
    ],
    "cls_confidence_intervals": {
        "Mangroves": [
            0.014765502296307352,
            0.017646575915099032,
            0.02097781728682691,
            0.02322865605150791
        ],
        "Mangroves > Not Mangroves": [
            0.03258852566464232,
            0.03894726237969448,
            0.04629955170647354,
            0.05126731476510804
        ],
        "Not Mangroves": [
            0.004326233155524423,
            0.005170376210260896,
            0.006146416617299943,
            0.006805903378812812
        ],
        "Not Mangroves > Mangroves": [
            0.03096239109751677,
            0.0370038332628859,
            0.043989250766593956,
            0.048709127458288586
        ]
    },
    "cohen_kappa": 0.7105398288308593,
    "confusion_matrix": [
        [
            1154,
            60,
            64,
            43
        ],
        [
            11,
            28,
            5,
            6
        ],
        [
            147,
            158,
            3108,
            181
        ],
        [
            1,
            5,
            3,
            26
        ]
    ],
    "macro avg": {
        "f1-score": 0.5396501881099478,
        "precision": 0.5173445125923686,
        "recall": 0.7603030969932405,
        "support": 5000
    },
    "producer_accuracy": [
        87.89032749428789,
        11.155378486055776,
        97.73584905660377,
        10.15625
    ],
    "user_accuracy": [
        87.35806207418622,
        56.00000000000001,
        86.47746243739566,
        74.28571428571429
    ],
    "weighted avg": {
        "f1-score": 0.89420203673541,
        "precision": 0.9365580036073822,
        "recall": 0.8632,
        "support": 5000
    }
}