{
    "Mangroves": {
        "f1-score": 0.8710675605982465,
        "precision": 0.8780868208994022,
        "recall": 0.86415963161934,
        "support": 3909
    },
    "Mangroves > Not Mangroves": {
        "f1-score": 0.21993833504624868,
        "precision": 0.1312883435582822,
        "recall": 0.6772151898734177,
        "support": 158
    },
    "Not Mangroves": {
        "f1-score": 0.9181386700592062,
        "precision": 0.9771898760545776,
        "recall": 0.8658176448874123,
        "support": 10836
    },
    "Not Mangroves > Mangroves": {
        "f1-score": 0.17026378896882494,
        "precision": 0.09633649932157395,
        "recall": 0.7319587628865979,
        "support": 97
    },
    "accuracy": 0.8625333333333334,
    "accuracy_conf_interval": [
        0.004610891080509918,
        0.005510577144999658,
        0.006550839157065921,
        0.00725371889494853
    ],
    "cls_confidence_intervals": {
        "Mangroves": [
            0.00865120916985477,
            0.010339249983484969,
            0.012291047174244889,
            0.013609829059893481
        ],
        "Mangroves > Not Mangroves": [
            0.019400635340333632,
            0.02318612516283776,
            0.027563097770108153,
            0.0305205116939395
        ],
        "Not Mangroves": [
            0.0024988426810853732,
            0.0029864217408093487,
            0.0035501850286151953,
            0.003931106169024551
        ],
        "Not Mangroves > Mangroves": [
            0.0178241531548078,
            0.021302036697209325,
            0.025323339543111088,
            0.028040436060612278
        ]
    },
    "cohen_kappa": 0.707449626429347,
    "confusion_matrix": [
        [
            3378,
            195,
            195,
            141
        ],
        [
            24,
            107,
            14,
            13
        ],
        [
            440,
            502,
            9382,
            512
        ],
        [
            5,
            11,
            10,
            71
        ]
    ],
    "macro avg": {
        "f1-score": 0.5448520886681316,
        "precision": 0.520725384958459,
        "recall": 0.784787807316692,
        "support": 15000
    },
    "producer_accuracy": [
        87.80868208994022,
        13.12883435582822,
        97.71898760545777,
        9.633649932157395
    ],
    "user_accuracy": [
        86.415963161934,
        67.72151898734177,
        86.58176448874123,
        73.19587628865979
    ],
    "weighted avg": {
        "f1-score": 0.8936813045071591,
        "precision": 0.9367572719026378,
        "recall": 0.8625333333333334,
        "support": 15000
    }
}