{
    "Mangroves": {
        "f1-score": 0.8829090909090909,
        "precision": 0.8861313868613139,
        "recall": 0.8797101449275362,
        "support": 690
    },
    "Mangroves > Not Mangroves": {
        "f1-score": 0.2465753424657534,
        "precision": 0.15,
        "recall": 0.6923076923076923,
        "support": 26
    },
    "Not Mangroves": {
        "f1-score": 0.9245508982035928,
        "precision": 0.9803174603174604,
        "recall": 0.8747875354107649,
        "support": 1765
    },
    "Not Mangroves > Mangroves": {
        "f1-score": 0.2446043165467626,
        "precision": 0.14166666666666666,
        "recall": 0.8947368421052632,
        "support": 19
    },
    "accuracy": 0.8744,
    "accuracy_conf_interval": [
        0.01086985467693106,
        0.012990801930966389,
        0.015443147193444738,
        0.01710013723565984
    ],
    "cls_confidence_intervals": {
        "Mangroves": [
            0.019904425069241165,
            0.023788215326654073,
            0.028278847811787754,
            0.03131305895039159
        ],
        "Mangroves > Not Mangroves": [
            0.05345745972266172,
            0.06388818357098597,
            0.07594870802061086,
            0.08409771102711418
        ],
        "Not Mangroves": [
            0.005740206363207736,
            0.00686024662919949,
            0.008155293186752455,
            0.009030324644558512
        ],
        "Not Mangroves > Mangroves": [
            0.05220535484099379,
            0.06239176554167551,
            0.07416980291433875,
            0.08212793627424633
        ]
    },
    "cohen_kappa": 0.7376402663703283,
    "confusion_matrix": [
        [
            607,
            33,
            30,
            20
        ],
        [
            4,
            18,
            1,
            3
        ],
        [
            74,
            67,
            1544,
            80
        ],
        [
            0,
            2,
            0,
            17
        ]
    ],
    "macro avg": {
        "f1-score": 0.5746599120312998,
        "precision": 0.5395288784613602,
        "recall": 0.8353855536878142,
        "support": 2500
    },
    "producer_accuracy": [
        88.61313868613139,
        15.0,
        98.03174603174604,
        14.166666666666666
    ],
    "user_accuracy": [
        87.97101449275362,
        69.23076923076923,
        87.47875354107649,
        89.47368421052632
    ],
    "weighted avg": {
        "f1-score": 0.9008392195900448,
        "precision": 0.9393130564245162,
        "recall": 0.8744,
        "support": 2500
    }
}