{
    "Mangroves": {
        "f1-score": 0.9130434782608695,
        "precision": 0.9254237288135593,
        "recall": 0.900990099009901,
        "support": 303
    },
    "Mangroves > Not Mangroves": {
        "f1-score": 0.25,
        "precision": 0.14893617021276595,
        "recall": 0.7777777777777778,
        "support": 9
    },
    "Not Mangroves": {
        "f1-score": 0.9274691358024693,
        "precision": 0.9804241435562806,
        "recall": 0.8799414348462665,
        "support": 683
    },
    "Not Mangroves > Mangroves": {
        "f1-score": 0.15999999999999998,
        "precision": 0.08888888888888889,
        "recall": 0.8,
        "support": 5
    },
    "accuracy": 0.885,
    "accuracy_conf_interval": [
        0.01654490979123186,
        0.019773184872447835,
        0.023505877935103805,
        0.026027967842303785
    ],
    "cls_confidence_intervals": {
        "Mangroves": [
            0.02508438674556939,
            0.029978901232509764,
            0.035638183608034564,
            0.03946202305095673
        ],
        "Mangroves > Not Mangroves": [
            0.08516792704575092,
            0.10178605915223891,
            0.12100077440036565,
            0.1339836901085594
        ],
        "Not Mangroves": [
            0.009176582962901305,
            0.01096713573615034,
            0.013037462380219536,
            0.014436331734320346
        ],
        "Not Mangroves > Mangroves": [
            0.06957400457414287,
            0.0831494201008049,
            0.09884599430350786,
            0.10945178768371258
        ]
    },
    "cohen_kappa": 0.7659214147302601,
    "confusion_matrix": [
        [
            273,
            9,
            11,
            10
        ],
        [
            0,
            7,
            1,
            1
        ],
        [
            22,
            30,
            601,
            30
        ],
        [
            0,
            1,
            0,
            4
        ]
    ],
    "macro avg": {
        "f1-score": 0.5626281535158347,
        "precision": 0.5359182328678737,
        "recall": 0.8396773279084864,
        "support": 1000
    },
    "producer_accuracy": [
        92.54237288135593,
        14.893617021276595,
        98.04241435562805,
        8.88888888888889
    ],
    "user_accuracy": [
        90.0990099009901,
        77.77777777777779,
        87.99414348462665,
        80.0
    ],
    "weighted avg": {
        "f1-score": 0.9131635936661299,
        "precision": 0.9518179498558075,
        "recall": 0.885,
        "support": 1000
    }
}