{
    "Mangroves": {
        "f1-score": 0.8747445255474452,
        "precision": 0.8815221655551196,
        "recall": 0.8680703109909214,
        "support": 5177
    },
    "Mangroves > Not Mangroves": {
        "f1-score": 0.24114544084400902,
        "precision": 0.1461187214611872,
        "recall": 0.6896551724137931,
        "support": 232
    },
    "Not Mangroves": {
        "f1-score": 0.9194264128800381,
        "precision": 0.9783796440836715,
        "recall": 0.8671739882393635,
        "support": 14455
    },
    "Not Mangroves > Mangroves": {
        "f1-score": 0.17506631299734748,
        "precision": 0.09949748743718594,
        "recall": 0.7279411764705882,
        "support": 136
    },
    "accuracy": 0.8644,
    "accuracy_conf_interval": [
        0.0039702337245053985,
        0.004744913475628403,
        0.005640636937864377,
        0.006245855493429224
    ],
    "cls_confidence_intervals": {
        "Mangroves": [
            0.007422993917735751,
            0.008871382974854921,
            0.010546082822148964,
            0.011677636773023317
        ],
        "Mangroves > Not Mangroves": [
            0.01750606215329637,
            0.020921879158817616,
            0.024871417571451553,
            0.027540024607015025
        ],
        "Not Mangroves": [
            0.0021072715640612434,
            0.0025184465033902667,
            0.00299386752698945,
            0.003315097948340249
        ],
        "Not Mangroves > Mangroves": [
            0.01556255248322206,
            0.018599148089704413,
            0.022110211759699638,
            0.024482552077263974
        ]
    },
    "cohen_kappa": 0.7115213306627499,
    "confusion_matrix": [
        [
            4494,
            256,
            244,
            183
        ],
        [
            29,
            160,
            19,
            24
        ],
        [
            566,
            665,
            12535,
            689
        ],
        [
            9,
            14,
            14,
            99
        ]
    ],
    "macro avg": {
        "f1-score": 0.5525956730672099,
        "precision": 0.5263795046342912,
        "recall": 0.7882101620286666,
        "support": 20000
    },
    "producer_accuracy": [
        88.15221655551197,
        14.61187214611872,
        97.83796440836716,
        9.949748743718594
    ],
    "user_accuracy": [
        86.80703109909214,
        68.96551724137932,
        86.71739882393635,
        72.79411764705883
    ],
    "weighted avg": {
        "f1-score": 0.8949307983891763,
        "precision": 0.9376774603989388,
        "recall": 0.8644,
        "support": 20000
    }
}