{
    "Mangroves": {
        "f1-score": 0.877728693585471,
        "precision": 0.8883078853796277,
        "recall": 0.8673985192749554,
        "support": 19585
    },
    "Mangroves > Not Mangroves": {
        "f1-score": 0.22348782403770623,
        "precision": 0.1336622034296453,
        "recall": 0.681437125748503,
        "support": 835
    },
    "Not Mangroves": {
        "f1-score": 0.9205633139808568,
        "precision": 0.9790358580696301,
        "recall": 0.86868163393733,
        "support": 54029
    },
    "Not Mangroves > Mangroves": {
        "f1-score": 0.17300874497754667,
        "precision": 0.09945652173913043,
        "recall": 0.6642468239564429,
        "support": 551
    },
    "accuracy": 0.86476,
    "accuracy_conf_interval": [
        0.002047922859872217,
        0.0024475175642375275,
        0.0029095489411599183,
        0.0032217323039453174
    ],
    "cls_confidence_intervals": {
        "Mangroves": [
            0.003735489292287366,
            0.0044643652517580715,
            0.005307128079896075,
            0.005876562423232564
        ],
        "Mangroves > Not Mangroves": [
            0.008553423237533614,
            0.01022238386924749,
            0.01215211959966666,
            0.013455995093193123
        ],
        "Not Mangroves": [
            0.001073092619040044,
            0.0012824765447063942,
            0.0015245767087581114,
            0.0016881579006849474
        ],
        "Not Mangroves > Mangroves": [
            0.00809075247535412,
            0.009669435885179314,
            0.011494788577789695,
            0.012728134991715628
        ]
    },
    "cohen_kappa": 0.7134506112446044,
    "confusion_matrix": [
        [
            16988,
            1029,
            864,
            704
        ],
        [
            99,
            569,
            86,
            81
        ],
        [
            1986,
            2580,
            46934,
            2529
        ],
        [
            51,
            79,
            55,
            366
        ]
    ],
    "macro avg": {
        "f1-score": 0.5486971441453952,
        "precision": 0.5251156171545084,
        "recall": 0.7704410257293078,
        "support": 75000
    },
    "producer_accuracy": [
        88.83078853796277,
        13.36622034296453,
        97.90358580696301,
        9.945652173913043
    ],
    "user_accuracy": [
        86.73985192749554,
        68.1437125748503,
        86.868163393733,
        66.42468239564428
    ],
    "weighted avg": {
        "f1-score": 0.8961249587532971,
        "precision": 0.9394699572552808,
        "recall": 0.86476,
        "support": 75000
    }
}