{
    "Mangroves": {
        "f1-score": 0.8779734321902998,
        "precision": 0.8896540929722961,
        "recall": 0.8665955176093917,
        "support": 26236
    },
    "Mangroves > Not Mangroves": {
        "f1-score": 0.22515391380826735,
        "precision": 0.13433619030960295,
        "recall": 0.6950226244343891,
        "support": 1105
    },
    "Not Mangroves": {
        "f1-score": 0.9209481800039765,
        "precision": 0.9793422083007047,
        "recall": 0.8691258843315218,
        "support": 71947
    },
    "Not Mangroves > Mangroves": {
        "f1-score": 0.16532474503488995,
        "precision": 0.09473036702891122,
        "recall": 0.648876404494382,
        "support": 712
    },
    "accuracy": 0.86497,
    "accuracy_conf_interval": [
        0.00177239087060208,
        0.002118223235597608,
        0.0025180919076236872,
        0.0027882734427764435
    ],
    "cls_confidence_intervals": {
        "Mangroves": [
            0.0032142978167832036,
            0.0038414778785945606,
            0.004566654825063942,
            0.005056639248354065
        ],
        "Mangroves > Not Mangroves": [
            0.007396578940469228,
            0.008839813855682737,
            0.010508554226398355,
            0.011636081503908909
        ],
        "Not Mangroves": [
            0.0009231506512870188,
            0.0011032776076357054,
            0.0013115494009138743,
            0.0014522735855612857
        ],
        "Not Mangroves > Mangroves": [
            0.006877032177388868,
            0.008218892114440355,
            0.009770417666656138,
            0.010818745742477612
        ]
    },
    "cohen_kappa": 0.714277076488252,
    "confusion_matrix": [
        [
            22736,
            1411,
            1140,
            949
        ],
        [
            123,
            768,
            110,
            104
        ],
        [
            2624,
            3430,
            62531,
            3362
        ],
        [
            73,
            108,
            69,
            462
        ]
    ],
    "macro avg": {
        "f1-score": 0.5473500677593583,
        "precision": 0.5245157146528787,
        "recall": 0.7699051077174212,
        "support": 100000
    },
    "producer_accuracy": [
        88.96540929722961,
        13.433619030960294,
        97.93422083007047,
        9.473036702891122
    ],
    "user_accuracy": [
        86.65955176093917,
        69.50226244343891,
        86.91258843315218,
        64.8876404494382
    ],
    "weighted avg": {
        "f1-score": 0.8966047596691379,
        "precision": 0.9401758815544867,
        "recall": 0.86497,
        "support": 100000
    }
}