{
    "Mangroves": {
        "f1-score": 0.8712603744450879,
        "precision": 0.8754848719937937,
        "recall": 0.8670764502497119,
        "support": 2603
    },
    "Mangroves > Not Mangroves": {
        "f1-score": 0.20440251572327045,
        "precision": 0.12172284644194757,
        "recall": 0.6372549019607843,
        "support": 102
    },
    "Not Mangroves": {
        "f1-score": 0.9175537772557081,
        "precision": 0.9777812548896886,
        "recall": 0.8643153526970955,
        "support": 7230
    },
    "Not Mangroves > Mangroves": {
        "f1-score": 0.17793594306049823,
        "precision": 0.1006036217303823,
        "recall": 0.7692307692307693,
        "support": 65
    },
    "accuracy": 0.8621,
    "accuracy_conf_interval": [
        0.005654637951840949,
        0.006757981942444061,
        0.00803372343157891,
        0.00889571092423759
    ],
    "cls_confidence_intervals": {
        "Mangroves": [
            0.010664433102274622,
            0.012745298097840401,
            0.015151298248963335,
            0.0167769740267491
        ],
        "Mangroves > Not Mangroves": [
            0.023204652133105633,
            0.02773238913468722,
            0.03296758504276593,
            0.036504879575251545
        ],
        "Not Mangroves": [
            0.003023709443214862,
            0.0036137015296958106,
            0.004295879879689408,
            0.004756811197252649
        ],
        "Not Mangroves > Mangroves": [
            0.022128298879863867,
            0.026446015734471452,
            0.03143837584761147,
            0.03481159214027365
        ]
    },
    "cohen_kappa": 0.7065692922147045,
    "confusion_matrix": [
        [
            2257,
            132,
            129,
            85
        ],
        [
            18,
            65,
            9,
            10
        ],
        [
            299,
            330,
            6249,
            352
        ],
        [
            4,
            7,
            4,
            50
        ]
    ],
    "macro avg": {
        "f1-score": 0.5427881526211411,
        "precision": 0.518898148763953,
        "recall": 0.7844693685345903,
        "support": 10000
    },
    "producer_accuracy": [
        87.54848719937937,
        12.172284644194757,
        97.77812548896885,
        10.06036217303823
    ],
    "user_accuracy": [
        86.70764502497119,
        63.725490196078425,
        86.43153526970954,
        76.92307692307693
    ],
    "weighted avg": {
        "f1-score": 0.8934219457142039,
        "precision": 0.9367200560401845,
        "recall": 0.8621,
        "support": 10000
    }
}