{
    "Mangroves": {
        "f1-score": 0.877946487515048,
        "precision": 0.8886792452830189,
        "recall": 0.8674698795180723,
        "support": 13031
    },
    "Mangroves > Not Mangroves": {
        "f1-score": 0.22751637879690292,
        "precision": 0.13628255440599357,
        "recall": 0.6882882882882883,
        "support": 555
    },
    "Not Mangroves": {
        "f1-score": 0.921260189469046,
        "precision": 0.9792362693976957,
        "recall": 0.8697653780021077,
        "support": 36058
    },
    "Not Mangroves > Mangroves": {
        "f1-score": 0.17391304347826086,
        "precision": 0.09959183673469388,
        "recall": 0.6853932584269663,
        "support": 356
    },
    "accuracy": 0.86584,
    "accuracy_conf_interval": [
        0.0024997075008818125,
        0.0029874553059319226,
        0.0035514137055211122,
        0.003932466678216511
    ],
    "cls_confidence_intervals": {
        "Mangroves": [
            0.004573628465344708,
            0.0054660437756558706,
            0.006497898978203153,
            0.007195098439383749
        ],
        "Mangroves > Not Mangroves": [
            0.010627675308355945,
            0.012701368051449788,
            0.015099075285652044,
            0.01671914774119411
        ],
        "Not Mangroves": [
            0.0013067188506767993,
            0.0015616883825161749,
            0.0018564969037054527,
            0.002055691850454965
        ],
        "Not Mangroves > Mangroves": [
            0.009921843870467548,
            0.011857813406168533,
            0.014096278181822798,
            0.015608754381589193
        ]
    },
    "cohen_kappa": 0.7150353877492281,
    "confusion_matrix": [
        [
            11304,
            673,
            574,
            480
        ],
        [
            64,
            382,
            56,
            53
        ],
        [
            1317,
            1706,
            31362,
            1673
        ],
        [
            35,
            42,
            35,
            244
        ]
    ],
    "macro avg": {
        "f1-score": 0.5501590248148145,
        "precision": 0.5259474764553506,
        "recall": 0.7777292010588587,
        "support": 50000
    },
    "producer_accuracy": [
        88.86792452830188,
        13.628255440599357,
        97.92362693976958,
        9.959183673469388
    ],
    "user_accuracy": [
        86.74698795180723,
        68.82882882882882,
        86.97653780021078,
        68.53932584269663
    ],
    "weighted avg": {
        "f1-score": 0.89695010448788,
        "precision": 0.9400154431759601,
        "recall": 0.86584,
        "support": 50000
    }
}