{
    "Mangroves": {
        "f1-score": 0.8881951781769283,
        "precision": 0.9091534755677908,
        "recall": 0.8681813914186461,
        "support": 10651
    },
    "Mangroves > Not Mangroves": {
        "f1-score": 0.32056526589810336,
        "precision": 0.21158566519391261,
        "recall": 0.661042944785276,
        "support": 652
    },
    "Not Mangroves": {
        "f1-score": 0.9335320580312582,
        "precision": 0.9774367197342801,
        "recall": 0.8934020780444398,
        "support": 38209
    },
    "Not Mangroves > Mangroves": {
        "f1-score": 0.18772348033373062,
        "precision": 0.1098326359832636,
        "recall": 0.6454918032786885,
        "support": 488
    },
    "accuracy": 0.88258,
    "accuracy_conf_interval": [
        0.0023610594624725563,
        0.0028217539917354947,
        0.0033544320411957665,
        0.0037143496421824366
    ],
    "cls_confidence_intervals": {
        "Mangroves": [
            0.004673419657846437,
            0.005585306420353059,
            0.00663967548950134,
            0.007352087022709638
        ],
        "Mangroves > Not Mangroves": [
            0.014841189489162143,
            0.017737031340705974,
            0.021085348481553533,
            0.023347724928072154
        ],
        "Not Mangroves": [
            0.0013032487060284509,
            0.0015575411364730269,
            0.0018515667591745676,
            0.0020502327204593926
        ],
        "Not Mangroves > Mangroves": [
            0.009575375454656754,
            0.011443741397028804,
            0.013604039517896488,
            0.015063700410374652
        ]
    },
    "cohen_kappa": 0.7216295028460811,
    "confusion_matrix": [
        [
            9247,
            367,
            656,
            381
        ],
        [
            75,
            431,
            85,
            61
        ],
        [
            785,
            1177,
            34136,
            2111
        ],
        [
            64,
            62,
            47,
            315
        ]
    ],
    "macro avg": {
        "f1-score": 0.5825039956100051,
        "precision": 0.5520021241198118,
        "recall": 0.7670295543817627,
        "support": 50000
    },
    "producer_accuracy": [
        90.91534755677908,
        21.15856651939126,
        97.74367197342801,
        10.98326359832636
    ],
    "user_accuracy": [
        86.81813914186462,
        66.1042944785276,
        89.34020780444398,
        64.54918032786885
    ],
    "weighted avg": {
        "f1-score": 0.9086022171969446,
        "precision": 0.9444365094533183,
        "recall": 0.88258,
        "support": 50000
    }
}