{
    "Mangroves": {
        "f1-score": 0.8904655612244897,
        "precision": 0.9103504482477588,
        "recall": 0.8714308004368856,
        "support": 6409
    },
    "Mangroves > Not Mangroves": {
        "f1-score": 0.3270911360799001,
        "precision": 0.21475409836065573,
        "recall": 0.6858638743455497,
        "support": 382
    },
    "Not Mangroves": {
        "f1-score": 0.9334581231310064,
        "precision": 0.9782307066647529,
        "recall": 0.8926045577577927,
        "support": 22906
    },
    "Not Mangroves > Mangroves": {
        "f1-score": 0.19638495359062044,
        "precision": 0.11525229357798165,
        "recall": 0.6633663366336634,
        "support": 303
    },
    "accuracy": 0.8831333333333333,
    "accuracy_conf_interval": [
        0.003041877271091848,
        0.003635414299597574,
        0.004321691488807321,
        0.0047853922923274195
    ],
    "cls_confidence_intervals": {
        "Mangroves": [
            0.005981566438904127,
            0.00714870135381225,
            0.008498201099174766,
            0.009410025251446737
        ],
        "Mangroves > Not Mangroves": [
            0.019281352846222857,
            0.02304356803572976,
            0.027393629348597112,
            0.03033285996539938
        ],
        "Not Mangroves": [
            0.0016554006703306903,
            0.001978405679175703,
            0.002351880220652749,
            0.0026042278838129154
        ],
        "Not Mangroves > Mangroves": [
            0.01254021893929109,
            0.014987090927445448,
            0.017816286663748928,
            0.01972790540449452
        ]
    },
    "cohen_kappa": 0.7238848337029731,
    "confusion_matrix": [
        [
            5585,
            218,
            388,
            218
        ],
        [
            41,
            262,
            45,
            34
        ],
        [
            465,
            704,
            20446,
            1291
        ],
        [
            44,
            36,
            22,
            201
        ]
    ],
    "macro avg": {
        "f1-score": 0.5868499435065041,
        "precision": 0.5546468867127873,
        "recall": 0.7783163922934729,
        "support": 30000
    },
    "producer_accuracy": [
        91.03504482477588,
        21.475409836065573,
        97.82307066647529,
        11.525229357798166
    ],
    "user_accuracy": [
        87.14308004368856,
        68.58638743455498,
        89.26045577577926,
        66.33663366336634
    ],
    "weighted avg": {
        "f1-score": 0.9091079668415688,
        "precision": 0.9452915366736871,
        "recall": 0.8831333333333333,
        "support": 30000
    }
}