{
    "Mangroves": {
        "f1-score": 0.8927426060102149,
        "precision": 0.9152459814905017,
        "recall": 0.8713192673313239,
        "support": 4313
    },
    "Mangroves > Not Mangroves": {
        "f1-score": 0.3314814814814815,
        "precision": 0.2193627450980392,
        "recall": 0.678030303030303,
        "support": 264
    },
    "Not Mangroves": {
        "f1-score": 0.9330269881005453,
        "precision": 0.977720281730631,
        "recall": 0.8922410966091691,
        "support": 15247
    },
    "Not Mangroves > Mangroves": {
        "f1-score": 0.173134328358209,
        "precision": 0.09965635738831616,
        "recall": 0.6590909090909091,
        "support": 176
    },
    "accuracy": 0.88285,
    "accuracy_conf_interval": [
        0.003729438564475891,
        0.004457133894129724,
        0.005298531619041967,
        0.005867043595334024
    ],
    "cls_confidence_intervals": {
        "Mangroves": [
            0.007128258495586439,
            0.00851913820204233,
            0.010127342862631953,
            0.011213967633300619
        ],
        "Mangroves > Not Mangroves": [
            0.023757724485089116,
            0.028393378043155285,
            0.0337533524696693,
            0.037374956811908486
        ],
        "Not Mangroves": [
            0.002052012528703759,
            0.0024524052172313214,
            0.002915359263341316,
            0.0032281660512534743
        ],
        "Not Mangroves > Mangroves": [
            0.014398724213535932,
            0.0172082313771527,
            0.020456724035084587,
            0.022651651506660188
        ]
    },
    "cohen_kappa": 0.7239043279357631,
    "confusion_matrix": [
        [
            3758,
            144,
            267,
            144
        ],
        [
            25,
            179,
            32,
            28
        ],
        [
            295,
            472,
            13604,
            876
        ],
        [
            28,
            21,
            11,
            116
        ]
    ],
    "macro avg": {
        "f1-score": 0.5825963509876128,
        "precision": 0.552996341426872,
        "recall": 0.7751703940154263,
        "support": 20000
    },
    "producer_accuracy": [
        91.52459814905018,
        21.936274509803923,
        97.77202817306309,
        9.965635738831615
    ],
    "user_accuracy": [
        87.13192673313239,
        67.8030303030303,
        89.22410966091691,
        65.9090909090909
    ],
    "weighted avg": {
        "f1-score": 0.9097122050096613,
        "precision": 0.9465104168660844,
        "recall": 0.88285,
        "support": 20000
    }
}