{
    "Mangroves": {
        "f1-score": 0.8895156934525595,
        "precision": 0.9087676272225629,
        "recall": 0.8710625293841091,
        "support": 8508
    },
    "Mangroves > Not Mangroves": {
        "f1-score": 0.3370473537604457,
        "precision": 0.22379778051787916,
        "recall": 0.6823308270676691,
        "support": 532
    },
    "Not Mangroves": {
        "f1-score": 0.9336046372450113,
        "precision": 0.9779688339602365,
        "recall": 0.8930908139230568,
        "support": 30568
    },
    "Not Mangroves > Mangroves": {
        "f1-score": 0.19407407407407407,
        "precision": 0.11351819757365685,
        "recall": 0.6683673469387755,
        "support": 392
    },
    "accuracy": 0.8834,
    "accuracy_conf_interval": [
        0.0026317329928395093,
        0.003145241869491121,
        0.003738986508119547,
        0.004140165318003619
    ],
    "cls_confidence_intervals": {
        "Mangroves": [
            0.005229170161863254,
            0.0062494960471048645,
            0.007429247851915477,
            0.008226377449760486
        ],
        "Mangroves > Not Mangroves": [
            0.016972028438641838,
            0.020283643743742686,
            0.02411269894026554,
            0.026699898397375577
        ],
        "Not Mangroves": [
            0.001440808563869387,
            0.001721941942185365,
            0.0020470024108632146,
            0.0022666378626725724
        ],
        "Not Mangroves > Mangroves": [
            0.01082913085697934,
            0.012942131999804577,
            0.015385289571196259,
            0.017036071714028475
        ]
    },
    "cohen_kappa": 0.7238373405488525,
    "confusion_matrix": [
        [
            7411,
            289,
            521,
            287
        ],
        [
            60,
            363,
            63,
            46
        ],
        [
            630,
            925,
            27300,
            1713
        ],
        [
            54,
            45,
            31,
            262
        ]
    ],
    "macro avg": {
        "f1-score": 0.5885604396330226,
        "precision": 0.5560131098185839,
        "recall": 0.7787128793284026,
        "support": 40000
    },
    "producer_accuracy": [
        90.87676272225629,
        22.379778051787916,
        97.79688339602365,
        11.351819757365684
    ],
    "user_accuracy": [
        87.1062529384109,
        68.23308270676691,
        89.30908139230567,
        66.83673469387756
    ],
    "weighted avg": {
        "f1-score": 0.9090453075109369,
        "precision": 0.9447476460397615,
        "recall": 0.8834,
        "support": 40000
    }
}