{
    "Mangroves": {
        "f1-score": 0.8813365622704143,
        "precision": 0.8903733025454945,
        "recall": 0.8724814136407715,
        "support": 18562
    },
    "Mangroves > Not Mangroves": {
        "f1-score": 0.24609843937575027,
        "precision": 0.15222772277227722,
        "recall": 0.6419624217118998,
        "support": 958
    },
    "Not Mangroves": {
        "f1-score": 0.9219229063421972,
        "precision": 0.9798938328790145,
        "recall": 0.8704280226482423,
        "support": 54927
    },
    "Not Mangroves > Mangroves": {
        "f1-score": 0.15309949260975073,
        "precision": 0.0871859296482412,
        "recall": 0.6274864376130199,
        "support": 553
    },
    "accuracy": 0.8662266666666667,
    "accuracy_conf_interval": [
        0.002038514314502366,
        0.002436273205136974,
        0.0028961819224332394,
        0.003206931055741527
    ],
    "cls_confidence_intervals": {
        "Mangroves": [
            0.003799125732138098,
            0.004540418557921142,
            0.005397538387732786,
            0.005976673407875789
        ],
        "Mangroves > Not Mangroves": [
            0.009269144363418712,
            0.011077757897744315,
            0.013168967296808293,
            0.01458194662050017
        ],
        "Not Mangroves": [
            0.0010421449889387925,
            0.0012454903526341666,
            0.001480608429406943,
            0.001639471994793954
        ],
        "Not Mangroves > Mangroves": [
            0.007333590846346417,
            0.008764535401731083,
            0.010419065043894605,
            0.011536990477788875
        ]
    },
    "cohen_kappa": 0.7107379854831505,
    "confusion_matrix": [
        [
            16195,
            777,
            803,
            787
        ],
        [
            142,
            615,
            112,
            89
        ],
        [
            1798,
            2562,
            47810,
            2757
        ],
        [
            54,
            86,
            66,
            347
        ]
    ],
    "macro avg": {
        "f1-score": 0.5506143501495282,
        "precision": 0.527420196961257,
        "recall": 0.7530895739034833,
        "support": 75000
    },
    "producer_accuracy": [
        89.03733025454945,
        15.222772277227723,
        97.98938328790146,
        8.71859296482412
    ],
    "user_accuracy": [
        87.24814136407714,
        64.19624217118998,
        87.04280226482423,
        62.74864376130199
    ],
    "weighted avg": {
        "f1-score": 0.8975767342647528,
        "precision": 0.9405838103720856,
        "recall": 0.8662266666666667,
        "support": 75000
    }
}