{
    "Mangroves": {
        "f1-score": 0.912751677852349,
        "precision": 0.9107142857142857,
        "recall": 0.9147982062780269,
        "support": 223
    },
    "Mangroves > Not Mangroves": {
        "f1-score": 0.32352941176470584,
        "precision": 0.20754716981132076,
        "recall": 0.7333333333333333,
        "support": 15
    },
    "Not Mangroves": {
        "f1-score": 0.9344490934449092,
        "precision": 0.9882005899705014,
        "recall": 0.8862433862433863,
        "support": 756
    },
    "Not Mangroves > Mangroves": {
        "f1-score": 0.11764705882352941,
        "precision": 0.06666666666666667,
        "recall": 0.5,
        "support": 6
    },
    "accuracy": 0.888,
    "accuracy_conf_interval": [
        0.016355331167542893,
        0.019546615297795167,
        0.023236537573399357,
        0.025729728300158943
    ],
    "cls_confidence_intervals": {
        "Mangroves": [
            0.031246537709075303,
            0.037343423115724146,
            0.044392946867161866,
            0.04915613859110627
        ],
        "Mangroves > Not Mangroves": [
            0.091358935673458,
            0.10918506946340104,
            0.12979653665802265,
            0.14372320368141564
        ],
        "Not Mangroves": [
            0.00680113980106931,
            0.00812819146957064,
            0.009662594961275302,
            0.010699354077291966
        ],
        "Not Mangroves > Mangroves": [
            0.060983219711817055,
            0.07288238453363502,
            0.08664079385886204,
            0.09593701637590732
        ]
    },
    "cohen_kappa": 0.7433635415831261,
    "confusion_matrix": [
        [
            204,
            6,
            5,
            8
        ],
        [
            2,
            11,
            1,
            1
        ],
        [
            18,
            35,
            670,
            33
        ],
        [
            0,
            1,
            2,
            3
        ]
    ],
    "macro avg": {
        "f1-score": 0.5720943104713734,
        "precision": 0.5432821780406937,
        "recall": 0.7585937314636866,
        "support": 1000
    },
    "producer_accuracy": [
        91.07142857142857,
        20.754716981132077,
        98.82005899705014,
        6.666666666666667
    ],
    "user_accuracy": [
        91.4798206278027,
        73.33333333333333,
        88.62433862433863,
        50.0
    ],
    "weighted avg": {
        "f1-score": 0.915545962334837,
        "precision": 0.9536821392791545,
        "recall": 0.888,
        "support": 1000
    }
}