{
    "Mangroves": {
        "f1-score": 0.8916518650088809,
        "precision": 0.8884955752212389,
        "recall": 0.8948306595365418,
        "support": 561
    },
    "Mangroves > Not Mangroves": {
        "f1-score": 0.2754491017964072,
        "precision": 0.17692307692307693,
        "recall": 0.6216216216216216,
        "support": 37
    },
    "Not Mangroves": {
        "f1-score": 0.9250631490317149,
        "precision": 0.9803688280785247,
        "recall": 0.8756641870350691,
        "support": 1882
    },
    "Not Mangroves > Mangroves": {
        "f1-score": 0.18055555555555555,
        "precision": 0.10483870967741936,
        "recall": 0.65,
        "support": 20
    },
    "accuracy": 0.8744,
    "accuracy_conf_interval": [
        0.01086985467693106,
        0.012990801930966389,
        0.015443147193444738,
        0.01710013723565984
    ],
    "cls_confidence_intervals": {
        "Mangroves": [
            0.02171667388175824,
            0.02595407366356473,
            0.03085356716127848,
            0.034164035740814794
        ],
        "Mangroves > Not Mangroves": [
            0.054888912517391246,
            0.06559894422810174,
            0.07798241839361074,
            0.08634963066760332
        ],
        "Not Mangroves": [
            0.005549167722888155,
            0.0066319321566224295,
            0.007883878533127685,
            0.008729788246982586
        ],
        "Not Mangroves > Mangroves": [
            0.04511744378111735,
            0.05392084744572562,
            0.06409978293292892,
            0.07097744204590413
        ]
    },
    "cohen_kappa": 0.7157962610373327,
    "confusion_matrix": [
        [
            502,
            17,
            23,
            19
        ],
        [
            6,
            23,
            6,
            2
        ],
        [
            56,
            88,
            1648,
            90
        ],
        [
            1,
            2,
            4,
            13
        ]
    ],
    "macro avg": {
        "f1-score": 0.5681799178481396,
        "precision": 0.537656547475065,
        "recall": 0.7605291170483082,
        "support": 2500
    },
    "producer_accuracy": [
        88.84955752212389,
        17.692307692307693,
        98.03688280785246,
        10.483870967741936
    ],
    "user_accuracy": [
        89.48306595365419,
        62.16216216216216,
        87.56641870350691,
        65.0
    ],
    "weighted avg": {
        "f1-score": 0.9019953082500993,
        "precision": 0.9408572320730402,
        "recall": 0.8744,
        "support": 2500
    }
}