{
    "Mangroves": {
        "f1-score": 0.8809943034697049,
        "precision": 0.8878914405010438,
        "recall": 0.8742034943473792,
        "support": 4865
    },
    "Mangroves > Not Mangroves": {
        "f1-score": 0.2485549132947977,
        "precision": 0.15357142857142858,
        "recall": 0.6515151515151515,
        "support": 264
    },
    "Not Mangroves": {
        "f1-score": 0.9206314878892734,
        "precision": 0.9792209783775494,
        "recall": 0.8686573255339409,
        "support": 14702
    },
    "Not Mangroves > Mangroves": {
        "f1-score": 0.19063270336894,
        "precision": 0.11068702290076336,
        "recall": 0.6863905325443787,
        "support": 169
    },
    "accuracy": 0.8656,
    "accuracy_conf_interval": [
        0.003955369938096815,
        0.004727149438213266,
        0.005619519485222914,
        0.006222472219688892
    ],
    "cls_confidence_intervals": {
        "Mangroves": [
            0.007476105341310699,
            0.00893485760302986,
            0.01062153990564264,
            0.011761190110110734
        ],
        "Mangroves > Not Mangroves": [
            0.01766791113344308,
            0.021115308427773437,
            0.025101361549342914,
            0.027794640685538507
        ],
        "Not Mangroves": [
            0.0020484466241020628,
            0.00244814352636588,
            0.002910293069608419,
            0.003222556274502026
        ],
        "Not Mangroves > Mangroves": [
            0.01589420736838008,
            0.018995516123185948,
            0.022581404370930237,
            0.02500430183562232
        ]
    },
    "cohen_kappa": 0.7085868874051611,
    "confusion_matrix": [
        [
            4253,
            205,
            221,
            186
        ],
        [
            40,
            172,
            34,
            18
        ],
        [
            486,
            717,
            12771,
            728
        ],
        [
            11,
            26,
            16,
            116
        ]
    ],
    "macro avg": {
        "f1-score": 0.560203352005679,
        "precision": 0.5328427175876963,
        "recall": 0.7701916259852126,
        "support": 20000
    },
    "producer_accuracy": [
        88.78914405010438,
        15.357142857142858,
        97.92209783775493,
        11.068702290076336
    ],
    "user_accuracy": [
        87.42034943473791,
        65.15151515151516,
        86.8657325533941,
        68.63905325443787
    ],
    "weighted avg": {
        "f1-score": 0.8959498422653694,
        "precision": 0.9387673823078698,
        "recall": 0.8656,
        "support": 20000
    }
}