{
    "Mangroves": {
        "f1-score": 0.8811088295687886,
        "precision": 0.8873035566583953,
        "recall": 0.875,
        "support": 9808
    },
    "Mangroves > Not Mangroves": {
        "f1-score": 0.2457975345536048,
        "precision": 0.15203327171903883,
        "recall": 0.6413255360623782,
        "support": 513
    },
    "Not Mangroves": {
        "f1-score": 0.9205684259944746,
        "precision": 0.979820110701107,
        "recall": 0.8680742380384812,
        "support": 29365
    },
    "Not Mangroves > Mangroves": {
        "f1-score": 0.16246953696181965,
        "precision": 0.0931098696461825,
        "recall": 0.6369426751592356,
        "support": 314
    },
    "accuracy": 0.86505,
    "accuracy_conf_interval": [
        0.0028016953031869828,
        0.00334836755746737,
        0.003980457351479068,
        0.00440754505013562
    ],
    "cls_confidence_intervals": {
        "Mangroves": [
            0.005273232503377022,
            0.0063021559186700995,
            0.0074918486176027204,
            0.008295695035800438
        ],
        "Mangroves > Not Mangroves": [
            0.012658258101056299,
            0.015128162120774601,
            0.017983988643573888,
            0.019913601158978812
        ],
        "Not Mangroves": [
            0.00142973698020574,
            0.001708710049514177,
            0.0020312726609020577,
            0.002249220371299274
        ],
        "Not Mangroves > Mangroves": [
            0.010282575490566275,
            0.0122889316838475,
            0.014608781032328917,
            0.016176246808329874
        ]
    },
    "cohen_kappa": 0.7079765122879649,
    "confusion_matrix": [
        [
            8582,
            405,
            423,
            398
        ],
        [
            78,
            329,
            66,
            40
        ],
        [
            983,
            1381,
            25491,
            1510
        ],
        [
            29,
            49,
            36,
            200
        ]
    ],
    "macro avg": {
        "f1-score": 0.552486081769672,
        "precision": 0.5280667021811809,
        "recall": 0.7553356123150237,
        "support": 40000
    },
    "producer_accuracy": [
        88.73035566583954,
        15.203327171903883,
        97.9820110701107,
        9.31098696461825
    ],
    "user_accuracy": [
        87.5,
        64.13255360623782,
        86.80742380384811,
        63.69426751592356
    ],
    "weighted avg": {
        "f1-score": 0.8962879199892608,
        "precision": 0.9395580100476078,
        "recall": 0.86505,
        "support": 40000
    }
}