{
    "Mangroves": {
        "f1-score": 0.8814351614556637,
        "precision": 0.890103519668737,
        "recall": 0.8729340101522842,
        "support": 24625
    },
    "Mangroves > Not Mangroves": {
        "f1-score": 0.253977875435672,
        "precision": 0.1574300206650385,
        "recall": 0.6567398119122257,
        "support": 1276
    },
    "Not Mangroves": {
        "f1-score": 0.9226074535774573,
        "precision": 0.9800901232297222,
        "recall": 0.8714939896966227,
        "support": 73374
    },
    "Not Mangroves > Mangroves": {
        "f1-score": 0.15346205059920107,
        "precision": 0.08726102593223548,
        "recall": 0.6358620689655172,
        "support": 725
    },
    "accuracy": 0.8674,
    "accuracy_conf_interval": [
        0.0017588358897407117,
        0.002102023380421826,
        0.002498833916521865,
        0.0027669491436164858
    ],
    "cls_confidence_intervals": {
        "Mangroves": [
            0.003300634473836632,
            0.003944660712634024,
            0.0046893160512435075,
            0.00519246155030397
        ],
        "Mangroves > Not Mangroves": [
            0.00818676608562447,
            0.009784183858429243,
            0.011631198158234764,
            0.012879180793238494
        ],
        "Not Mangroves": [
            0.0008968934468640501,
            0.0010718970462521575,
            0.0012742449580446565,
            0.0014109665200666155
        ],
        "Not Mangroves > Mangroves": [
            0.006367764562826488,
            0.007610255209231657,
            0.009046885019137633,
            0.010017580836641672
        ]
    },
    "cohen_kappa": 0.7122065239946049,
    "confusion_matrix": [
        [
            21496,
            1003,
            1072,
            1054
        ],
        [
            191,
            838,
            140,
            107
        ],
        [
            2397,
            3371,
            63945,
            3661
        ],
        [
            66,
            111,
            87,
            461
        ]
    ],
    "macro avg": {
        "f1-score": 0.5528706352669985,
        "precision": 0.5287211723739332,
        "recall": 0.7592574701816626,
        "support": 100000
    },
    "producer_accuracy": [
        89.0103519668737,
        15.74300206650385,
        98.00901232297223,
        8.726102593223548
    ],
    "user_accuracy": [
        87.29340101522843,
        65.67398119122258,
        87.14939896966227,
        63.58620689655172
    ],
    "weighted avg": {
        "f1-score": 0.8983607590537841,
        "precision": 0.9409607682386977,
        "recall": 0.8674,
        "support": 100000
    }
}