{
    "Mangroves": {
        "f1-score": 0.8813447593935398,
        "precision": 0.8889627659574468,
        "recall": 0.8738562091503268,
        "support": 6120
    },
    "Mangroves > Not Mangroves": {
        "f1-score": 0.246299585553582,
        "precision": 0.15260454878943508,
        "recall": 0.6380368098159509,
        "support": 326
    },
    "Not Mangroves": {
        "f1-score": 0.921038961038961,
        "precision": 0.9790171176145775,
        "recall": 0.8695438940657185,
        "support": 18351
    },
    "Not Mangroves > Mangroves": {
        "f1-score": 0.17704918032786887,
        "precision": 0.1021180030257186,
        "recall": 0.6650246305418719,
        "support": 203
    },
    "accuracy": 0.86592,
    "accuracy_conf_interval": [
        0.003534229353975545,
        0.004223835081580529,
        0.005021191704123793,
        0.005559946178815187
    ],
    "cls_confidence_intervals": {
        "Mangroves": [
            0.006643027299928716,
            0.007939227748695295,
            0.009437959517581652,
            0.010450616118180541
        ],
        "Mangroves > Not Mangroves": [
            0.015974332647746416,
            0.019091275603404255,
            0.02269524089588363,
            0.025130352579991317
        ],
        "Not Mangroves": [
            0.0018411581044574027,
            0.0022004084663027495,
            0.002615791697186432,
            0.002896456042378109
        ],
        "Not Mangroves > Mangroves": [
            0.013658056628725074,
            0.016323043287988503,
            0.019404434112761843,
            0.021486454940311397
        ]
    },
    "cohen_kappa": 0.7093975159597896,
    "confusion_matrix": [
        [
            5348,
            254,
            279,
            239
        ],
        [
            50,
            208,
            44,
            24
        ],
        [
            600,
            870,
            15957,
            924
        ],
        [
            18,
            31,
            19,
            135
        ]
    ],
    "macro avg": {
        "f1-score": 0.5564331215784879,
        "precision": 0.5306756088467945,
        "recall": 0.761615385893467,
        "support": 25000
    },
    "producer_accuracy": [
        88.89627659574468,
        15.260454878943507,
        97.90171176145776,
        10.211800302571861
    ],
    "user_accuracy": [
        87.38562091503267,
        63.80368098159509,
        86.95438940657185,
        66.50246305418719
    ],
    "weighted avg": {
        "f1-score": 0.8964820220004586,
        "precision": 0.9390749716209704,
        "recall": 0.86592,
        "support": 25000
    }
}