{
    "Mangroves": {
        "f1-score": 0.8807008924916072,
        "precision": 0.8897344693523037,
        "recall": 0.8718489097835779,
        "support": 12337
    },
    "Mangroves > Not Mangroves": {
        "f1-score": 0.24777711914641376,
        "precision": 0.1532258064516129,
        "recall": 0.6470588235294118,
        "support": 646
    },
    "Not Mangroves": {
        "f1-score": 0.9211637457342818,
        "precision": 0.9796094110410579,
        "recall": 0.8692994186839879,
        "support": 36641
    },
    "Not Mangroves > Mangroves": {
        "f1-score": 0.1550591327201051,
        "precision": 0.08845577211394302,
        "recall": 0.6276595744680851,
        "support": 376
    },
    "accuracy": 0.86524,
    "accuracy_conf_interval": [
        0.0025044227564811816,
        0.002993090611404339,
        0.00355811281865924,
        0.003939884580317956
    ],
    "cls_confidence_intervals": {
        "Mangroves": [
            0.004671956098698012,
            0.005583557288687868,
            0.0066375961646136395,
            0.007349784594293214
        ],
        "Mangroves > Not Mangroves": [
            0.01131022982453766,
            0.01351710393664257,
            0.01606880212876387,
            0.01779292252884583
        ],
        "Not Mangroves": [
            0.001285414895545629,
            0.0015362275580911178,
            0.001826229699159339,
            0.002022177091773002
        ],
        "Not Mangroves > Mangroves": [
            0.009015771515666498,
            0.010774946445552646,
            0.012808992458233501,
            0.014183347872207054
        ]
    },
    "cohen_kappa": 0.708743009905722,
    "confusion_matrix": [
        [
            10756,
            523,
            540,
            518
        ],
        [
            94,
            418,
            80,
            54
        ],
        [
            1206,
            1723,
            31852,
            1860
        ],
        [
            33,
            64,
            43,
            236
        ]
    ],
    "macro avg": {
        "f1-score": 0.551175222523102,
        "precision": 0.5277563647397294,
        "recall": 0.7539666816162657,
        "support": 50000
    },
    "producer_accuracy": [
        88.97344693523037,
        15.32258064516129,
        97.96094110410579,
        8.845577211394302
    ],
    "user_accuracy": [
        87.18489097835779,
        64.70588235294117,
        86.92994186839879,
        62.76595744680851
    ],
    "weighted avg": {
        "f1-score": 0.8967186794198023,
        "precision": 0.9400553163927472,
        "recall": 0.86524,
        "support": 50000
    }
}