{
    "Mangroves": {
        "f1-score": 0.8834056973419464,
        "precision": 0.8929565403553843,
        "recall": 0.874056999161777,
        "support": 9544
    },
    "Mangroves > Not Mangroves": {
        "f1-score": 0.24888528577219296,
        "precision": 0.1527363184079602,
        "recall": 0.6717724288840262,
        "support": 457
    },
    "Not Mangroves": {
        "f1-score": 0.9256323686063517,
        "precision": 0.980867835004209,
        "recall": 0.8762861928691075,
        "support": 29253
    },
    "Not Mangroves > Mangroves": {
        "f1-score": 0.1821138211382114,
        "precision": 0.10596026490066225,
        "recall": 0.6473988439306358,
        "support": 346
    },
    "accuracy": 0.8713888888888889,
    "accuracy_conf_interval": [
        0.0027589352571167226,
        0.003297264087773644,
        0.00391970679822071,
        0.00434027619717143
    ],
    "cls_confidence_intervals": {
        "Mangroves": [
            0.005245889597255615,
            0.006269477811354272,
            0.007453001683905843,
            0.00825267997617042
        ],
        "Mangroves > Not Mangroves": [
            0.01315910261685471,
            0.01572673239575319,
            0.01869555432760456,
            0.020701515092368998
        ],
        "Not Mangroves": [
            0.0013897228876305324,
            0.001660888329119417,
            0.0019744233708409394,
            0.0021862713720041307
        ],
        "Not Mangroves > Mangroves": [
            0.010978456485704507,
            0.01312059433657368,
            0.01559744122664116,
            0.0172709864226327
        ]
    },
    "cohen_kappa": 0.717076209627323,
    "confusion_matrix": [
        [
            8342,
            457,
            405,
            340
        ],
        [
            44,
            307,
            64,
            42
        ],
        [
            914,
            1197,
            25634,
            1508
        ],
        [
            42,
            49,
            31,
            224
        ]
    ],
    "macro avg": {
        "f1-score": 0.5600092932146756,
        "precision": 0.533130239667054,
        "recall": 0.7673786162113866,
        "support": 39600
    },
    "producer_accuracy": [
        89.29565403553843,
        15.273631840796021,
        98.0867835004209,
        10.596026490066226
    ],
    "user_accuracy": [
        87.40569991617771,
        67.17724288840262,
        87.62861928691075,
        64.73988439306359
    ],
    "weighted avg": {
        "f1-score": 0.9011489801006276,
        "precision": 0.9424789582752017,
        "recall": 0.8713888888888889,
        "support": 39600
    }
}