{
    "Mangroves": {
        "f1-score": 0.8697696285848614,
        "precision": 0.8755324183625177,
        "recall": 0.8640822045773003,
        "support": 2141
    },
    "Mangroves > Not Mangroves": {
        "f1-score": 0.21731748726655348,
        "precision": 0.13008130081300814,
        "recall": 0.6597938144329897,
        "support": 97
    },
    "Not Mangroves": {
        "f1-score": 0.917706964520368,
        "precision": 0.9800035081564638,
        "recall": 0.8628571428571429,
        "support": 6475
    },
    "Not Mangroves > Mangroves": {
        "f1-score": 0.17555938037865748,
        "precision": 0.10323886639676114,
        "recall": 0.5862068965517241,
        "support": 87
    },
    "accuracy": 0.8581818181818182,
    "accuracy_conf_interval": [
        0.0060989928347882074,
        0.0072890402171859065,
        0.008665032503083247,
        0.009594757020581449
    ],
    "cls_confidence_intervals": {
        "Mangroves": [
            0.011777641777540567,
            0.014075718221938727,
            0.0167328691107741,
            0.018528241332960164
        ],
        "Mangroves > Not Mangroves": [
            0.024871848599474753,
            0.02972489222864056,
            0.035336223924863526,
            0.03912766426014931
        ],
        "Not Mangroves": [
            0.003040598296756987,
            0.003633885769294936,
            0.004319874409416939,
            0.004783380247337212
        ],
        "Not Mangroves > Mangroves": [
            0.022451242242994704,
            0.026831972436749767,
            0.03189719172327906,
            0.035319637187150206
        ]
    },
    "cohen_kappa": 0.6941805928425494,
    "confusion_matrix": [
        [
            1850,
            122,
            90,
            79
        ],
        [
            11,
            64,
            14,
            8
        ],
        [
            237,
            295,
            5587,
            356
        ],
        [
            15,
            11,
            10,
            51
        ]
    ],
    "macro avg": {
        "f1-score": 0.5450883651876102,
        "precision": 0.5222140234321877,
        "recall": 0.7432350146047892,
        "support": 8800
    },
    "producer_accuracy": [
        87.55324183625177,
        13.008130081300814,
        98.00035081564637,
        10.323886639676113
    ],
    "user_accuracy": [
        86.40822045773004,
        65.97938144329896,
        86.28571428571429,
        58.620689655172406
    ],
    "weighted avg": {
        "f1-score": 0.8909866855031102,
        "precision": 0.936549692111663,
        "recall": 0.8581818181818182,
        "support": 8800
    }
}