{
    "Mangroves": {
        "f1-score": 0.8828451882845189,
        "precision": 0.8921775898520085,
        "recall": 0.8737060041407867,
        "support": 5313
    },
    "Mangroves > Not Mangroves": {
        "f1-score": 0.23255813953488375,
        "precision": 0.14102564102564102,
        "recall": 0.6626506024096386,
        "support": 249
    },
    "Not Mangroves": {
        "f1-score": 0.923397874698481,
        "precision": 0.9807505885611412,
        "recall": 0.8723823601872382,
        "support": 16236
    },
    "Not Mangroves > Mangroves": {
        "f1-score": 0.18601297764960348,
        "precision": 0.10886075949367088,
        "recall": 0.6386138613861386,
        "support": 202
    },
    "accuracy": 0.8681818181818182,
    "accuracy_conf_interval": [
        0.0037404642596254927,
        0.004470310944430467,
        0.005314196173736218,
        0.005884388896240105
    ],
    "cls_confidence_intervals": {
        "Mangroves": [
            0.007051753258543968,
            0.008427705113869621,
            0.010018649446589908,
            0.011093611833563074
        ],
        "Mangroves > Not Mangroves": [
            0.01668745311097688,
            0.019943541522874808,
            0.023708393749131786,
            0.026252212820927042
        ],
        "Not Mangroves": [
            0.0018750730595615884,
            0.002240940973622386,
            0.002663975749255184,
            0.0029498100571151817
        ],
        "Not Mangroves > Mangroves": [
            0.01483860713903032,
            0.017733945117377702,
            0.02108167965484186,
            0.02334366245042575
        ]
    },
    "cohen_kappa": 0.7117627659017285,
    "confusion_matrix": [
        [
            4642,
            258,
            223,
            190
        ],
        [
            26,
            165,
            35,
            23
        ],
        [
            509,
            720,
            14164,
            843
        ],
        [
            26,
            27,
            20,
            129
        ]
    ],
    "macro avg": {
        "f1-score": 0.5562035450418717,
        "precision": 0.5307036447331154,
        "recall": 0.7618382070309506,
        "support": 22000
    },
    "producer_accuracy": [
        89.21775898520085,
        14.102564102564102,
        98.07505885611411,
        10.886075949367088
    ],
    "user_accuracy": [
        87.37060041407867,
        66.26506024096386,
        87.23823601872382,
        63.86138613861386
    ],
    "weighted avg": {
        "f1-score": 0.8990148171449813,
        "precision": 0.9418505158543417,
        "recall": 0.8681818181818182,
        "support": 22000
    }
}