{
    "Mangroves": {
        "f1-score": 0.8802514455721108,
        "precision": 0.8883723182720713,
        "recall": 0.8722776985259154,
        "support": 21030
    },
    "Mangroves > Not Mangroves": {
        "f1-score": 0.2599498027967013,
        "precision": 0.15983245149911818,
        "recall": 0.6957773512476008,
        "support": 1042
    },
    "Not Mangroves": {
        "f1-score": 0.9251149924149624,
        "precision": 0.9814279321147027,
        "recall": 0.8749136886038269,
        "support": 65171
    },
    "Not Mangroves > Mangroves": {
        "f1-score": 0.18268176835951774,
        "precision": 0.10599957600169599,
        "recall": 0.6605019815059445,
        "support": 757
    },
    "accuracy": 0.8703181818181818,
    "accuracy_conf_interval": [
        0.001857295838407924,
        0.0022196950263899578,
        0.002638719087494185,
        0.002921843453105149
    ],
    "cls_confidence_intervals": {
        "Mangroves": [
            0.0035939977208347524,
            0.004295265568802509,
            0.005106106518015228,
            0.005653972024240037
        ],
        "Mangroves > Not Mangroves": [
            0.00892324375874819,
            0.010664364492162471,
            0.012677535340172736,
            0.014037785913152643
        ],
        "Not Mangroves": [
            0.0009185918654488444,
            0.0010978293026095945,
            0.001305072589326712,
            0.0014451018371085481
        ],
        "Not Mangroves > Mangroves": [
            0.00735075311040411,
            0.008785046400239058,
            0.010443448016610717,
            0.011563989649294271
        ]
    },
    "cohen_kappa": 0.7143063182458547,
    "confusion_matrix": [
        [
            18344,
            1043,
            880,
            763
        ],
        [
            103,
            725,
            124,
            90
        ],
        [
            2110,
            2678,
            57019,
            3364
        ],
        [
            92,
            90,
            75,
            500
        ]
    ],
    "macro avg": {
        "f1-score": 0.5619995022858231,
        "precision": 0.5339080694718971,
        "recall": 0.7758676799708218,
        "support": 88000
    },
    "producer_accuracy": [
        88.83723182720713,
        15.983245149911818,
        98.14279321147026,
        10.5999576001696
    ],
    "user_accuracy": [
        87.22776985259154,
        69.57773512476008,
        87.49136886038269,
        66.05019815059445
    ],
    "weighted avg": {
        "f1-score": 0.9001308507297651,
        "precision": 0.9419306444386853,
        "recall": 0.8703181818181818,
        "support": 88000
    }
}