{
    "Mangroves": {
        "f1-score": 0.8763129017087317,
        "precision": 0.8828174352495262,
        "recall": 0.8699035169623405,
        "support": 3213
    },
    "Mangroves > Not Mangroves": {
        "f1-score": 0.2227432590855803,
        "precision": 0.1347517730496454,
        "recall": 0.6418918918918919,
        "support": 148
    },
    "Not Mangroves": {
        "f1-score": 0.9216765683763012,
        "precision": 0.979949003245248,
        "recall": 0.8699454676407038,
        "support": 9719
    },
    "Not Mangroves > Mangroves": {
        "f1-score": 0.1705237515225335,
        "precision": 0.09985734664764621,
        "recall": 0.5833333333333334,
        "support": 120
    },
    "accuracy": 0.8647727272727272,
    "accuracy_conf_interval": [
        0.004881350798557969,
        0.0058338094909595245,
        0.006935089854048823,
        0.0076791982074875375
    ],
    "cls_confidence_intervals": {
        "Mangroves": [
            0.009374656060046557,
            0.011203857242494664,
            0.013318871109700292,
            0.014747934533487876
        ],
        "Mangroves > Not Mangroves": [
            0.02109050081948595,
            0.02520572049158077,
            0.029963943237440407,
            0.033178958606264485
        ],
        "Not Mangroves": [
            0.0024749048169172066,
            0.002957813073876662,
            0.0035161757459860315,
            0.0038934478217356057
        ],
        "Not Mangroves > Mangroves": [
            0.018570796060911183,
            0.022194366024015807,
            0.026384118793855525,
            0.02921503282753101
        ]
    },
    "cohen_kappa": 0.7055620432209728,
    "confusion_matrix": [
        [
            2795,
            168,
            136,
            114
        ],
        [
            18,
            95,
            23,
            12
        ],
        [
            333,
            426,
            8455,
            505
        ],
        [
            20,
            16,
            14,
            70
        ]
    ],
    "macro avg": {
        "f1-score": 0.5478141201732866,
        "precision": 0.5243438895480165,
        "recall": 0.7412685524570675,
        "support": 13200
    },
    "producer_accuracy": [
        88.28174352495262,
        13.47517730496454,
        97.9949003245248,
        9.985734664764621
    ],
    "user_accuracy": [
        86.99035169623404,
        64.1891891891892,
        86.99454676407038,
        58.333333333333336
    ],
    "weighted avg": {
        "f1-score": 0.8959694525580907,
        "precision": 0.9388290095459363,
        "recall": 0.8647727272727272,
        "support": 13200
    }
}