{
    "Mangroves": {
        "f1-score": 0.885,
        "precision": 0.8879598662207357,
        "recall": 0.8820598006644518,
        "support": 1204
    },
    "Mangroves > Not Mangroves": {
        "f1-score": 0.36085626911314983,
        "precision": 0.24081632653061225,
        "recall": 0.7195121951219512,
        "support": 82
    },
    "Not Mangroves": {
        "f1-score": 0.9252832353362972,
        "precision": 0.9802491643877241,
        "recall": 0.8761542639869636,
        "support": 3682
    },
    "Not Mangroves > Mangroves": {
        "f1-score": 0.12,
        "precision": 0.06716417910447761,
        "recall": 0.5625,
        "support": 32
    },
    "accuracy": 0.873,
    "accuracy_conf_interval": [
        0.007722676240785961,
        0.009229539897524685,
        0.010971851000628835,
        0.012149088232455965
    ],
    "cls_confidence_intervals": {
        "Mangroves": [
            0.014957593838365264,
            0.01787614873365605,
            0.021250727831336018,
            0.023530848843281944
        ],
        "Mangroves > Not Mangroves": [
            0.044799915972736214,
            0.0535413629918067,
            0.06364866110760695,
            0.07047791659125577
        ],
        "Not Mangroves": [
            0.003977781141480358,
            0.004753933559330185,
            0.005651359792469046,
            0.006257728868914223
        ],
        "Not Mangroves > Mangroves": [
            0.025075402559366723,
            0.02996816403436511,
            0.03562541948983199,
            0.03944788939217449
        ]
    },
    "cohen_kappa": 0.7218301073218871,
    "confusion_matrix": [
        [
            1062,
            30,
            53,
            59
        ],
        [
            4,
            59,
            7,
            12
        ],
        [
            124,
            153,
            3226,
            179
        ],
        [
            6,
            3,
            5,
            18
        ]
    ],
    "macro avg": {
        "f1-score": 0.5727848761123617,
        "precision": 0.5440473840608874,
        "recall": 0.7600565649433416,
        "support": 5000
    },
    "producer_accuracy": [
        88.79598662207357,
        24.081632653061224,
        98.02491643877241,
        6.7164179104477615
    ],
    "user_accuracy": [
        88.20598006644518,
        71.95121951219512,
        87.61542639869636,
        56.25
    ],
    "weighted avg": {
        "f1-score": 0.901172617315105,
        "precision": 0.9400554589424439,
        "recall": 0.873,
        "support": 5000
    }
}