{
    "Mangroves": {
        "f1-score": 0.8772288356409339,
        "precision": 0.8788002866209438,
        "recall": 0.8756629946960425,
        "support": 9804
    },
    "Mangroves > Not Mangroves": {
        "f1-score": 0.33209723939019364,
        "precision": 0.21890277023356872,
        "recall": 0.6877133105802048,
        "support": 586
    },
    "Not Mangroves": {
        "f1-score": 0.923882618510158,
        "precision": 0.9800766283524904,
        "recall": 0.8737830913748933,
        "support": 29275
    },
    "Not Mangroves > Mangroves": {
        "f1-score": 0.1699047619047619,
        "precision": 0.09737991266375545,
        "recall": 0.6656716417910448,
        "support": 335
    },
    "accuracy": 0.869775,
    "accuracy_conf_interval": [
        0.0027597166622635376,
        0.0032981979622173987,
        0.003920816965289051,
        0.004341505480878005
    ],
    "cls_confidence_intervals": {
        "Mangroves": [
            0.0054152022880000995,
            0.006471827124683046,
            0.0076935495920977025,
            0.008519037745756255
        ],
        "Mangroves > Not Mangroves": [
            0.01580502297123893,
            0.018888929892456285,
            0.02245469727011385,
            0.024863999552314907
        ],
        "Not Mangroves": [
            0.0014185185809673026,
            0.0016953026943267765,
            0.0020153343253986678,
            0.002231571913960757
        ],
        "Not Mangroves > Mangroves": [
            0.010160458220403523,
            0.01214298665365299,
            0.01443528515459769,
            0.015984135493073835
        ]
    },
    "cohen_kappa": 0.7177845756533247,
    "confusion_matrix": [
        [
            8585,
            344,
            416,
            459
        ],
        [
            50,
            403,
            72,
            61
        ],
        [
            1082,
            1066,
            25580,
            1547
        ],
        [
            52,
            28,
            32,
            223
        ]
    ],
    "macro avg": {
        "f1-score": 0.5757783638615118,
        "precision": 0.5437898994676895,
        "recall": 0.7757077596105464,
        "support": 40000
    },
    "producer_accuracy": [
        87.88002866209438,
        21.890277023356873,
        98.00766283524905,
        9.737991266375545
    ],
    "user_accuracy": [
        87.56629946960425,
        68.77133105802048,
        87.37830913748932,
        66.56716417910448
    ],
    "weighted avg": {
        "f1-score": 0.8974635559757332,
        "precision": 0.936710014978753,
        "recall": 0.869775,
        "support": 40000
    }
}