{
    "Mangroves": {
        "f1-score": 0.8723996723996723,
        "precision": 0.8739744010502133,
        "recall": 0.8708306082406801,
        "support": 6116
    },
    "Mangroves > Not Mangroves": {
        "f1-score": 0.31884057971014496,
        "precision": 0.2097053726169844,
        "recall": 0.6648351648351648,
        "support": 364
    },
    "Not Mangroves": {
        "f1-score": 0.923632372479926,
        "precision": 0.9807999018525334,
        "recall": 0.8727620087336244,
        "support": 18320
    },
    "Not Mangroves > Mangroves": {
        "f1-score": 0.1612121212121212,
        "precision": 0.09172413793103448,
        "recall": 0.665,
        "support": 200
    },
    "accuracy": 0.8676,
    "accuracy_conf_interval": [
        0.0035154231466723884,
        0.004201359370413342,
        0.0049944731291138205,
        0.005530360803911441
    ],
    "cls_confidence_intervals": {
        "Mangroves": [
            0.006972224527133737,
            0.008332658581208612,
            0.009905660456232687,
            0.010968499560978683
        ],
        "Mangroves > Not Mangroves": [
            0.0196535151101871,
            0.023488347326808972,
            0.02792237207727801,
            0.03091833474651385
        ],
        "Not Mangroves": [
            0.0017626469542024884,
            0.0021065780672176082,
            0.0025042484166413405,
            0.0027729445986844027
        ],
        "Not Mangroves > Mangroves": [
            0.012431128411267917,
            0.014856714442734828,
            0.017661298291618447,
            0.01955628737870197
        ]
    },
    "cohen_kappa": 0.7130386896670347,
    "confusion_matrix": [
        [
            5326,
            236,
            248,
            306
        ],
        [
            29,
            242,
            47,
            46
        ],
        [
            707,
            659,
            15989,
            965
        ],
        [
            32,
            17,
            18,
            133
        ]
    ],
    "macro avg": {
        "f1-score": 0.5690211864504662,
        "precision": 0.5390509533626914,
        "recall": 0.7683569454523673,
        "support": 25000
    },
    "producer_accuracy": [
        87.39744010502133,
        20.97053726169844,
        98.07999018525334,
        9.172413793103448
    ],
    "user_accuracy": [
        87.08306082406801,
        66.48351648351648,
        87.27620087336244,
        66.5
    ],
    "weighted avg": {
        "f1-score": 0.8961936742194224,
        "precision": 0.9363263688792123,
        "recall": 0.8676,
        "support": 25000
    }
}