{
    "Mangroves": {
        "f1-score": 0.8720835038886615,
        "precision": 0.874051282051282,
        "recall": 0.8701245660608535,
        "support": 4897
    },
    "Mangroves > Not Mangroves": {
        "f1-score": 0.30042194092827,
        "precision": 0.19581958195819582,
        "recall": 0.644927536231884,
        "support": 276
    },
    "Not Mangroves": {
        "f1-score": 0.9246792561626065,
        "precision": 0.9810354056740843,
        "recall": 0.8744461863540318,
        "support": 14671
    },
    "Not Mangroves > Mangroves": {
        "f1-score": 0.16216216216216217,
        "precision": 0.09218612818261633,
        "recall": 0.6730769230769231,
        "support": 156
    },
    "accuracy": 0.86865,
    "accuracy_conf_interval": [
        0.0039171148094228735,
        0.004681429894188313,
        0.005565169210948352,
        0.006162290370921351
    ],
    "cls_confidence_intervals": {
        "Mangroves": [
            0.007793308543699331,
            0.00931395411320164,
            0.011072200552938685,
            0.012260204904112363
        ],
        "Mangroves > Not Mangroves": [
            0.021585728626179204,
            0.025797578114214174,
            0.030667529084754605,
            0.03395803649728192
        ],
        "Not Mangroves": [
            0.0019561578889277956,
            0.002337847233108829,
            0.002779175537318149,
            0.003077370337459581
        ],
        "Not Mangroves > Mangroves": [
            0.014057664713763662,
            0.016800623682302913,
            0.019972169989676426,
            0.022115106683847714
        ]
    },
    "cohen_kappa": 0.7142171630815353,
    "confusion_matrix": [
        [
            4261,
            194,
            196,
            246
        ],
        [
            25,
            178,
            39,
            34
        ],
        [
            564,
            524,
            12829,
            754
        ],
        [
            25,
            13,
            13,
            105
        ]
    ],
    "macro avg": {
        "f1-score": 0.564836715785425,
        "precision": 0.5357730994665446,
        "recall": 0.7656438029309232,
        "support": 20000
    },
    "producer_accuracy": [
        87.40512820512821,
        19.58195819581958,
        98.10354056740843,
        9.218612818261633
    ],
    "user_accuracy": [
        87.01245660608535,
        64.4927536231884,
        87.44461863540319,
        67.3076923076923
    ],
    "weighted avg": {
        "f1-score": 0.8972388019348937,
        "precision": 0.9370713402733285,
        "recall": 0.86865,
        "support": 20000
    }
}