{
    "Mangroves": {
        "f1-score": 0.8772790450494644,
        "precision": 0.8805186279336944,
        "recall": 0.8740632127728902,
        "support": 18414
    },
    "Mangroves > Not Mangroves": {
        "f1-score": 0.3372531617483914,
        "precision": 0.2222222222222222,
        "recall": 0.6991720331186753,
        "support": 1087
    },
    "Not Mangroves": {
        "f1-score": 0.9247038672863562,
        "precision": 0.9799118978667863,
        "recall": 0.8753848676419683,
        "support": 54889
    },
    "Not Mangroves > Mangroves": {
        "f1-score": 0.1693664137789625,
        "precision": 0.09678931333489571,
        "recall": 0.6770491803278689,
        "support": 610
    },
    "accuracy": 0.8708933333333333,
    "accuracy_conf_interval": [
        0.002008029245049303,
        0.0023998398294491673,
        0.00285287081766151,
        0.003158972836723904
    ],
    "cls_confidence_intervals": {
        "Mangroves": [
            0.0039344769586490465,
            0.004702179779848861,
            0.0055898361668611455,
            0.0061896039959235
        ],
        "Mangroves > Not Mangroves": [
            0.011658758419980183,
            0.013933638111683633,
            0.016563967755215746,
            0.01834121751435907
        ],
        "Not Mangroves": [
            0.0010391019407895768,
            0.0012418535389924212,
            0.00147628507441446,
            0.0016346847605104322
        ],
        "Not Mangroves > Mangroves": [
            0.0074231932148054935,
            0.008871621159157786,
            0.010546365969815123,
            0.011677950301340351
        ]
    },
    "cohen_kappa": 0.7196759903522729,
    "confusion_matrix": [
        [
            16095,
            634,
            806,
            879
        ],
        [
            85,
            760,
            125,
            117
        ],
        [
            2002,
            1980,
            48049,
            2858
        ],
        [
            97,
            46,
            54,
            413
        ]
    ],
    "macro avg": {
        "f1-score": 0.5771506219657936,
        "precision": 0.5448605153393996,
        "recall": 0.7814173234653506,
        "support": 75000
    },
    "producer_accuracy": [
        88.05186279336944,
        22.22222222222222,
        97.99118978667863,
        9.67893133348957
    ],
    "user_accuracy": [
        87.40632127728902,
        69.91720331186752,
        87.53848676419683,
        67.70491803278689
    ],
    "weighted avg": {
        "f1-score": 0.8984025947499642,
        "precision": 0.937344682846279,
        "recall": 0.8708933333333333,
        "support": 75000
    }
}