{
    "Mangroves": {
        "f1-score": 0.8769057607694669,
        "precision": 0.8798045335085414,
        "recall": 0.8740260270060785,
        "support": 24513
    },
    "Mangroves > Not Mangroves": {
        "f1-score": 0.3327781479013991,
        "precision": 0.21788440567066522,
        "recall": 0.7040169133192389,
        "support": 1419
    },
    "Not Mangroves": {
        "f1-score": 0.9244353390130065,
        "precision": 0.9800244723156929,
        "recall": 0.8748139753969663,
        "support": 73243
    },
    "Not Mangroves > Mangroves": {
        "f1-score": 0.17209588199139522,
        "precision": 0.09853950378321309,
        "recall": 0.6787878787878788,
        "support": 825
    },
    "accuracy": 0.87058,
    "accuracy_conf_interval": [
        0.0017408000427922786,
        0.0020804683438249184,
        0.0024732098168939085,
        0.002738575677075658
    ],
    "cls_confidence_intervals": {
        "Mangroves": [
            0.003417540515690631,
            0.004084377689483925,
            0.004855408171682421,
            0.005376374713708432
        ],
        "Mangroves > Not Mangroves": [
            0.009998220830242691,
            0.011949093187363216,
            0.014204789350283825,
            0.015728908379284236
        ],
        "Not Mangroves": [
            0.0008974060242297914,
            0.001072509638713653,
            0.0012749731929606184,
            0.0014117728917761353
        ],
        "Not Mangroves > Mangroves": [
            0.006483858902130549,
            0.007749002102546267,
            0.00921182392802694,
            0.010200217053351718
        ]
    },
    "cohen_kappa": 0.718850048104861,
    "confusion_matrix": [
        [
            21425,
            846,
            1081,
            1161
        ],
        [
            115,
            999,
            153,
            152
        ],
        [
            2692,
            2667,
            64074,
            3810
        ],
        [
            120,
            73,
            72,
            560
        ]
    ],
    "macro avg": {
        "f1-score": 0.5765537824188169,
        "precision": 0.5440632288195282,
        "recall": 0.7829111986275405,
        "support": 100000
    },
    "producer_accuracy": [
        87.98045335085413,
        21.788440567066523,
        98.00244723156929,
        9.85395037832131
    ],
    "user_accuracy": [
        87.40260270060784,
        70.40169133192389,
        87.48139753969663,
        67.87878787878789
    ],
    "weighted avg": {
        "f1-score": 0.8981819974358657,
        "precision": 0.9373705401798099,
        "recall": 0.87058,
        "support": 100000
    }
}