{
    "Mangroves": {
        "f1-score": 0.8740211567523012,
        "precision": 0.8743815283122595,
        "recall": 0.8736610821202966,
        "support": 3641
    },
    "Mangroves > Not Mangroves": {
        "f1-score": 0.2976324689966178,
        "precision": 0.19186046511627908,
        "recall": 0.6633165829145728,
        "support": 199
    },
    "Not Mangroves": {
        "f1-score": 0.9251446883818818,
        "precision": 0.9815284684867553,
        "recall": 0.874886918762439,
        "support": 11054
    },
    "Not Mangroves > Mangroves": {
        "f1-score": 0.14455231930960086,
        "precision": 0.08160779537149818,
        "recall": 0.6320754716981132,
        "support": 106
    },
    "accuracy": 0.8700666666666667,
    "accuracy_conf_interval": [
        0.004502303566789553,
        0.0053808018237240995,
        0.00639656543330467,
        0.0070828921965347845
    ],
    "cls_confidence_intervals": {
        "Mangroves": [
            0.009011347563404987,
            0.010769659283093765,
            0.012802707208983915,
            0.014176388239990772
        ],
        "Mangroves > Not Mangroves": [
            0.024619858474316168,
            0.029423733298572983,
            0.034978213564119925,
            0.03873124077057056
        ],
        "Not Mangroves": [
            0.0022246541775795344,
            0.0026587330414974924,
            0.0031606367279026315,
            0.0034997608403385364
        ],
        "Not Mangroves > Mangroves": [
            0.015669393488265567,
            0.018726836120122263,
            0.022262004163206568,
            0.02465063121934461
        ]
    },
    "cohen_kappa": 0.7151002481682949,
    "confusion_matrix": [
        [
            3181,
            135,
            148,
            177
        ],
        [
            18,
            132,
            23,
            26
        ],
        [
            421,
            411,
            9671,
            551
        ],
        [
            18,
            10,
            11,
            67
        ]
    ],
    "macro avg": {
        "f1-score": 0.5603376583601004,
        "precision": 0.532344564321698,
        "recall": 0.7609850138738554,
        "support": 15000
    },
    "producer_accuracy": [
        87.43815283122595,
        19.186046511627907,
        98.15284684867554,
        8.160779537149818
    ],
    "user_accuracy": [
        87.36610821202966,
        66.33165829145729,
        87.48869187624389,
        63.20754716981132
    ],
    "weighted avg": {
        "f1-score": 0.8988941216190395,
        "precision": 0.9386846329403365,
        "recall": 0.8700666666666667,
        "support": 15000
    }
}