{
    "Mangroves": {
        "f1-score": 0.8996844003606854,
        "precision": 0.9200092208390963,
        "recall": 0.8802382002646669,
        "support": 4534
    },
    "Mangroves > Not Mangroves": {
        "f1-score": 0.23735408560311283,
        "precision": 0.1423570595099183,
        "recall": 0.7134502923976608,
        "support": 171
    },
    "Not Mangroves": {
        "f1-score": 0.9327948151974828,
        "precision": 0.9844369547977796,
        "recall": 0.8863007585899152,
        "support": 11205
    },
    "Not Mangroves > Mangroves": {
        "f1-score": 0.16604708798017345,
        "precision": 0.09344490934449093,
        "recall": 0.7444444444444445,
        "support": 90
    },
    "accuracy": 0.8819375,
    "accuracy_conf_interval": [
        0.004183682793706923,
        0.005000011143698518,
        0.005943890798376299,
        0.006581647321807233
    ],
    "cls_confidence_intervals": {
        "Mangroves": [
            0.006754840954206138,
            0.008072858701368313,
            0.009596816721524576,
            0.010626518086495024
        ],
        "Mangroves > Not Mangroves": [
            0.019574748913432884,
            0.023394212116053935,
            0.027810466444084525,
            0.030794422071132223
        ],
        "Not Mangroves": [
            0.0020210755808623233,
            0.002415431791762289,
            0.0028714061606153743,
            0.0031794969503809722
        ],
        "Not Mangroves > Mangroves": [
            0.01782621721738345,
            0.021304503503702173,
            0.025326272022258196,
            0.028043683183444697
        ]
    },
    "cohen_kappa": 0.7544448995161377,
    "confusion_matrix": [
        [
            3991,
            283,
            133,
            127
        ],
        [
            13,
            122,
            10,
            26
        ],
        [
            331,
            446,
            9931,
            497
        ],
        [
            3,
            6,
            14,
            67
        ]
    ],
    "macro avg": {
        "f1-score": 0.5589700972853636,
        "precision": 0.5350620361228213,
        "recall": 0.8061084239241718,
        "support": 16000
    },
    "producer_accuracy": [
        92.00092208390963,
        14.23570595099183,
        98.44369547977796,
        9.344490934449093
    ],
    "user_accuracy": [
        88.0238200264667,
        71.34502923976608,
        88.63007585899152,
        74.44444444444444
    ],
    "weighted avg": {
        "f1-score": 0.911666672629968,
        "precision": 0.9521681865506739,
        "recall": 0.8819375,
        "support": 16000
    }
}