{
    "Mangroves": {
        "f1-score": 0.9001632550546277,
        "precision": 0.9203903441191577,
        "recall": 0.8808060948636028,
        "support": 4069
    },
    "Mangroves > Not Mangroves": {
        "f1-score": 0.23351351351351352,
        "precision": 0.13989637305699482,
        "recall": 0.7058823529411765,
        "support": 153
    },
    "Not Mangroves": {
        "f1-score": 0.9319426336375489,
        "precision": 0.9839224754982931,
        "recall": 0.8851793144442243,
        "support": 10094
    },
    "Not Mangroves > Mangroves": {
        "f1-score": 0.1655359565807327,
        "precision": 0.09341500765696784,
        "recall": 0.7261904761904762,
        "support": 84
    },
    "accuracy": 0.8811111111111111,
    "accuracy_conf_interval": [
        0.0044233222001900455,
        0.005286409458763713,
        0.006284354101489516,
        0.0069586410222501945
    ],
    "cls_confidence_intervals": {
        "Mangroves": [
            0.007114014969157744,
            0.008502115450944621,
            0.010107106633010699,
            0.011191560134406696
        ],
        "Mangroves > Not Mangroves": [
            0.020474524050689946,
            0.0244695531337514,
            0.029088805511041208,
            0.03220992198218297
        ],
        "Not Mangroves": [
            0.00216454710227174,
            0.002586897756373543,
            0.003075240700178753,
            0.0034052021486957866
        ],
        "Not Mangroves > Mangroves": [
            0.018676687276812487,
            0.02232091894058078,
            0.026534561801812864,
            0.029381617789131842
        ]
    },
    "cohen_kappa": 0.7526774317313748,
    "confusion_matrix": [
        [
            3584,
            249,
            123,
            113
        ],
        [
            13,
            108,
            9,
            23
        ],
        [
            294,
            409,
            8935,
            456
        ],
        [
            3,
            6,
            14,
            61
        ]
    ],
    "macro avg": {
        "f1-score": 0.5577888396966056,
        "precision": 0.5344060500828534,
        "recall": 0.79951455960987,
        "support": 14400
    },
    "producer_accuracy": [
        92.03903441191576,
        13.989637305699482,
        98.39224754982932,
        9.341500765696784
    ],
    "user_accuracy": [
        88.08060948636029,
        70.58823529411765,
        88.51793144442243,
        72.61904761904762
    ],
    "weighted avg": {
        "f1-score": 0.9110712372691007,
        "precision": 0.9518078321959396,
        "recall": 0.8811111111111111,
        "support": 14400
    }
}