{
    "Mangroves": {
        "f1-score": 0.8959230184856926,
        "precision": 0.9142118863049096,
        "recall": 0.8783515392254221,
        "support": 2014
    },
    "Mangroves > Not Mangroves": {
        "f1-score": 0.2012847965738758,
        "precision": 0.11838790931989925,
        "recall": 0.6714285714285714,
        "support": 70
    },
    "Not Mangroves": {
        "f1-score": 0.9288234073459223,
        "precision": 0.9822251481237656,
        "recall": 0.8809289509938988,
        "support": 5081
    },
    "Not Mangroves > Mangroves": {
        "f1-score": 0.1329479768786127,
        "precision": 0.07395498392282958,
        "recall": 0.6571428571428571,
        "support": 35
    },
    "accuracy": 0.8770833333333333,
    "accuracy_conf_interval": [
        0.006346048928148662,
        0.007584302377543524,
        0.009016032928406333,
        0.009983418435746067
    ],
    "cls_confidence_intervals": {
        "Mangroves": [
            0.010440958137652561,
            0.012478218262072573,
            0.014833800280933212,
            0.016425409753136347
        ],
        "Mangroves > Not Mangroves": [
            0.026591389965541053,
            0.031779953861256385,
            0.037779230865677235,
            0.041832796409204835
        ],
        "Not Mangroves": [
            0.0032100578088732562,
            0.0038364105520680377,
            0.0045606309113870045,
            0.005049968992007927
        ],
        "Not Mangroves > Mangroves": [
            0.024336797383685018,
            0.029085440775623563,
            0.0345760596975525,
            0.03828593734750448
        ]
    },
    "cohen_kappa": 0.7425466819996576,
    "confusion_matrix": [
        [
            1769,
            132,
            69,
            44
        ],
        [
            6,
            47,
            4,
            13
        ],
        [
            158,
            216,
            4476,
            231
        ],
        [
            2,
            2,
            8,
            23
        ]
    ],
    "macro avg": {
        "f1-score": 0.5397447998210259,
        "precision": 0.522194981917851,
        "recall": 0.7719629796976873,
        "support": 7200
    },
    "producer_accuracy": [
        91.42118863049096,
        11.838790931989925,
        98.22251481237656,
        7.395498392282958
    ],
    "user_accuracy": [
        87.8351539225422,
        67.14285714285714,
        88.09289509938988,
        65.71428571428571
    ],
    "weighted avg": {
        "f1-score": 0.908678306514686,
        "precision": 0.9503867076006436,
        "recall": 0.8770833333333333,
        "support": 7200
    }
}