{
    "Mangroves": {
        "f1-score": 0.8960593946316391,
        "precision": 0.9122093023255814,
        "recall": 0.8804713804713805,
        "support": 1782
    },
    "Mangroves > Not Mangroves": {
        "f1-score": 0.19704433497536947,
        "precision": 0.11494252873563218,
        "recall": 0.6896551724137931,
        "support": 58
    },
    "Not Mangroves": {
        "f1-score": 0.9276645311589984,
        "precision": 0.9815134335716046,
        "recall": 0.8794169611307421,
        "support": 4528
    },
    "Not Mangroves > Mangroves": {
        "f1-score": 0.13029315960912052,
        "precision": 0.07272727272727272,
        "recall": 0.625,
        "support": 32
    },
    "accuracy": 0.87671875,
    "accuracy_conf_interval": [
        0.006739575192339154,
        0.00805461425425899,
        0.0095751281696038,
        0.010602502436728672
    ],
    "cls_confidence_intervals": {
        "Mangroves": [
            0.011190542040582122,
            0.013374062438744488,
            0.015898757899119723,
            0.017604633210184073
        ],
        "Mangroves > Not Mangroves": [
            0.028040150225652934,
            0.03351139905017058,
            0.03983753050351911,
            0.04411194364767352
        ],
        "Not Mangroves": [
            0.0034683075079118848,
            0.004145050436284935,
            0.004927534447216275,
            0.005456239860007721
        ],
        "Not Mangroves > Mangroves": [
            0.025682062311426505,
            0.03069319642097314,
            0.03648732023513644,
            0.04040226875821975
        ]
    },
    "cohen_kappa": 0.7409914299841813,
    "confusion_matrix": [
        [
            1569,
            114,
            63,
            36
        ],
        [
            5,
            40,
            4,
            9
        ],
        [
            144,
            192,
            3982,
            210
        ],
        [
            2,
            2,
            8,
            20
        ]
    ],
    "macro avg": {
        "f1-score": 0.5377653550937819,
        "precision": 0.5203481343400227,
        "recall": 0.768635878503979,
        "support": 6400
    },
    "producer_accuracy": [
        91.22093023255815,
        11.494252873563218,
        98.15134335716046,
        7.2727272727272725
    ],
    "user_accuracy": [
        88.04713804713805,
        68.96551724137932,
        87.94169611307422,
        62.5
    ],
    "weighted avg": {
        "f1-score": 0.9082563735714984,
        "precision": 0.9498193348984922,
        "recall": 0.87671875,
        "support": 6400
    }
}