{
    "Mangroves": {
        "f1-score": 0.8925802879291251,
        "precision": 0.9117647058823529,
        "recall": 0.8741865509761388,
        "support": 461
    },
    "Mangroves > Not Mangroves": {
        "f1-score": 0.23636363636363633,
        "precision": 0.14285714285714285,
        "recall": 0.6842105263157895,
        "support": 19
    },
    "Not Mangroves": {
        "f1-score": 0.9281294621608758,
        "precision": 0.9828629032258065,
        "recall": 0.8791704238052299,
        "support": 1109
    },
    "Not Mangroves > Mangroves": {
        "f1-score": 0.2325581395348837,
        "precision": 0.13333333333333333,
        "recall": 0.9090909090909091,
        "support": 11
    },
    "accuracy": 0.875625,
    "accuracy_conf_interval": [
        0.013530363986581256,
        0.016170435008353207,
        0.01922301712727703,
        0.021285572613036367
    ],
    "cls_confidence_intervals": {
        "Mangroves": [
            0.022125610898398512,
            0.026442803268817736,
            0.031434556947114965,
            0.03480736348650498
        ],
        "Mangroves > Not Mangroves": [
            0.06015901780439118,
            0.07189736274183336,
            0.08546982407575089,
            0.0946404060581276
        ],
        "Not Mangroves": [
            0.00675776536040608,
            0.008076353723412144,
            0.009600971518137906,
            0.010631118676736395
        ],
        "Not Mangroves > Mangroves": [
            0.06437372364790075,
            0.0769344502133448,
            0.09145779030463949,
            0.10127085793389265
        ]
    },
    "cohen_kappa": 0.7460025718835057,
    "confusion_matrix": [
        [
            403,
            31,
            14,
            13
        ],
        [
            1,
            13,
            2,
            3
        ],
        [
            38,
            47,
            975,
            49
        ],
        [
            0,
            0,
            1,
            10
        ]
    ],
    "macro avg": {
        "f1-score": 0.5724078814971302,
        "precision": 0.542704521324659,
        "recall": 0.8366646025470168,
        "support": 1600
    },
    "producer_accuracy": [
        91.17647058823529,
        14.285714285714285,
        98.28629032258065,
        13.333333333333334
    ],
    "user_accuracy": [
        87.41865509761388,
        68.42105263157895,
        87.91704238052299,
        90.9090909090909
    ],
    "weighted avg": {
        "f1-score": 0.9048900843109569,
        "precision": 0.9465621509188353,
        "recall": 0.875625,
        "support": 1600
    }
}