{
    "Mangroves": {
        "f1-score": 0.8940298507462685,
        "precision": 0.9089529590288316,
        "recall": 0.8795888399412628,
        "support": 681
    },
    "Mangroves > Not Mangroves": {
        "f1-score": 0.22085889570552145,
        "precision": 0.13138686131386862,
        "recall": 0.6923076923076923,
        "support": 26
    },
    "Not Mangroves": {
        "f1-score": 0.9296924042686755,
        "precision": 0.9847074468085106,
        "recall": 0.880499405469679,
        "support": 1682
    },
    "Not Mangroves > Mangroves": {
        "f1-score": 0.1801801801801802,
        "precision": 0.1,
        "recall": 0.9090909090909091,
        "support": 11
    },
    "accuracy": 0.8783333333333333,
    "accuracy_conf_interval": [
        0.010943436304385754,
        0.013078740949143951,
        0.015547686944645615,
        0.017215893698362957
    ],
    "cls_confidence_intervals": {
        "Mangroves": [
            0.018378275711664737,
            0.02196428072857493,
            0.02611059902937734,
            0.02891216544883843
        ],
        "Mangroves > Not Mangroves": [
            0.04733394813327233,
            0.05656984045195962,
            0.06724884094544178,
            0.07446438181941623
        ],
        "Not Mangroves": [
            0.005189356905292641,
            0.006201914350227791,
            0.007372683895934058,
            0.008163744399789645
        ],
        "Not Mangroves > Mangroves": [
            0.0492,
            0.058800000000000005,
            0.0699,
            0.07740000000000001
        ]
    },
    "cohen_kappa": 0.7476259808393093,
    "confusion_matrix": [
        [
            599,
            47,
            20,
            15
        ],
        [
            3,
            18,
            2,
            3
        ],
        [
            57,
            72,
            1481,
            72
        ],
        [
            0,
            0,
            1,
            10
        ]
    ],
    "macro avg": {
        "f1-score": 0.5561903327251614,
        "precision": 0.5312618167878027,
        "recall": 0.8403717117023858,
        "support": 2400
    },
    "producer_accuracy": [
        90.89529590288315,
        13.138686131386862,
        98.47074468085107,
        10.0
    ],
    "user_accuracy": [
        87.95888399412628,
        69.23076923076923,
        88.0499405469679,
        90.9090909090909
    ],
    "weighted avg": {
        "f1-score": 0.9084588606701859,
        "precision": 0.9499128954269624,
        "recall": 0.8783333333333333,
        "support": 2400
    }
}