{
    "Mangroves": {
        "f1-score": 0.8967874231032126,
        "precision": 0.9149232914923291,
        "recall": 0.8793565683646113,
        "support": 2238
    },
    "Mangroves > Not Mangroves": {
        "f1-score": 0.19844357976653693,
        "precision": 0.11643835616438356,
        "recall": 0.6710526315789473,
        "support": 76
    },
    "Not Mangroves": {
        "f1-score": 0.9285514149621742,
        "precision": 0.9824110671936759,
        "recall": 0.8802904196918718,
        "support": 5647
    },
    "Not Mangroves > Mangroves": {
        "f1-score": 0.1282051282051282,
        "precision": 0.07122507122507123,
        "recall": 0.6410256410256411,
        "support": 39
    },
    "accuracy": 0.876875,
    "accuracy_conf_interval": [
        0.006024774833707482,
        0.007200340654918698,
        0.008559588635694166,
        0.00947799943351543
    ],
    "cls_confidence_intervals": {
        "Mangroves": [
            0.009865550508688283,
            0.011790535973798193,
            0.014016300417831525,
            0.015520195312448642
        ],
        "Mangroves > Not Mangroves": [
            0.02513467377460242,
            0.03003900036476875,
            0.035709627984648565,
            0.03954113313321601
        ],
        "Not Mangroves": [
            0.0030306442337162216,
            0.0036219894500510944,
            0.004305732356438291,
            0.0047677208066999105
        ],
        "Not Mangroves > Mangroves": [
            0.022514482948587523,
            0.026907552792214358,
            0.031987039798907886,
            0.03541912561424135
        ]
    },
    "cohen_kappa": 0.7421910132302141,
    "confusion_matrix": [
        [
            1968,
            145,
            76,
            49
        ],
        [
            7,
            51,
            4,
            14
        ],
        [
            174,
            239,
            4971,
            263
        ],
        [
            2,
            3,
            9,
            25
        ]
    ],
    "macro avg": {
        "f1-score": 0.5379968865092629,
        "precision": 0.521249446518865,
        "recall": 0.7679313151652679,
        "support": 8000
    },
    "producer_accuracy": [
        91.49232914923292,
        11.643835616438356,
        98.2411067193676,
        7.122507122507122
    ],
    "user_accuracy": [
        87.93565683646113,
        67.10526315789474,
        88.02904196918718,
        64.1025641025641
    ],
    "weighted avg": {
        "f1-score": 0.9088277256573306,
        "precision": 0.9508625894560989,
        "recall": 0.876875,
        "support": 8000
    }
}