{
    "tests": {
        "-3349.499765": {
            "above": 1227866,
            "below": 91609
        },
        "-3299.499765": {
            "above": 1176957,
            "below": 142518
        },
        "-3249.499765": {
            "above": 1108873,
            "below": 210602
        },
        "-3199.499765": {
            "above": 1024160,
            "below": 295315
        },
        "-3149.499765": {
            "above": 924780,
            "below": 394695
        },
        "-3099.499765": {
            "above": 814767,
            "below": 504708
        },
        "-3049.499765": {
            "above": 701761,
            "below": 617714
        },
        "-2999.499765": {
            "above": 588552,
            "below": 730923
        },
        "-2949.499765": {
            "above": 483619,
            "below": 835856
        },
        "-2899.499765": {
            "above": 396163,
            "below": 923312
        },
        "-2849.499765": {
            "above": 324531,
            "below": 994944
        },
        "-2799.499765": {
            "above": 269810,
            "below": 1049665
        },
        "-2749.499765": {
            "above": 226178,
            "below": 1093297
        },
        "-2699.499765": {
            "above": 193856,
            "below": 1125619
        },
        "-2649.499765": {
            "above": 168547,
            "below": 1150928
        },
        "-2599.499765": {
            "above": 148591,
            "below": 1170884
        },
        "-2549.499765": {
            "above": 132993,
            "below": 1186482
        },
        "-2499.499765": {
            "above": 120719,
            "below": 1198756
        },
        "-2449.499765": {
            "above": 110533,
            "below": 1208942
        },
        "-2399.499765": {
            "above": 102273,
            "below": 1217202
        },
        "-2349.499765": {
            "above": 95214,
            "below": 1224261
        },
        "-2299.499765": {
            "above": 89269,
            "below": 1230206
        },
        "-2249.499765": {
            "above": 83879,
            "below": 1235596
        },
        "-2199.499765": {
            "above": 79038,
            "below": 1240437
        },
        "-2149.499765": {
            "above": 74387,
            "below": 1245088
        },
        "-2099.499765": {
            "above": 70194,
            "below": 1249281
        },
        "-2049.499765": {
            "above": 66094,
            "below": 1253381
        },
        "-1999.499765": {
            "above": 62098,
            "below": 1257377
        },
        "-1949.499765": {
            "above": 58260,
            "below": 1261215
        },
        "-1899.499765": {
            "above": 54451,
            "below": 1265024
        },
        "-1849.499765": {
            "above": 50635,
            "below": 1268840
        },
        "-1799.499765": {
            "above": 46814,
            "below": 1272661
        },
        "-1749.499765": {
            "above": 43039,
            "below": 1276436
        },
        "-1699.499765": {
            "above": 39101,
            "below": 1280374
        },
        "-1649.499765": {
            "above": 35156,
            "below": 1284319
        },
        "-1599.499765": {
            "above": 31209,
            "below": 1288266
        },
        "-1549.499765": {
            "above": 27205,
            "below": 1292270
        },
        "-1499.499765": {
            "above": 23115,
            "below": 1296360
        },
        "-1449.499765": {
            "above": 19331,
            "below": 1300144
        }
    },
    "threshold": -2399.499765
}