{
    "Mangroves": {
        "f1-score": 0.8860872675250359,
        "precision": 0.8782346685572492,
        "recall": 0.8940815590039697,
        "support": 5542
    },
    "Mangroves > Not Mangroves": {
        "f1-score": 0.41108199176338456,
        "precision": 0.28534303534303534,
        "recall": 0.7349397590361446,
        "support": 747
    },
    "Not Mangroves": {
        "f1-score": 0.9213748608555395,
        "precision": 0.9834149653266088,
        "recall": 0.8666980083767843,
        "support": 23398
    },
    "Not Mangroves > Mangroves": {
        "f1-score": 0.19002822201317027,
        "precision": 0.11141753998896856,
        "recall": 0.645367412140575,
        "support": 313
    },
    "accuracy": 0.8661666666666666,
    "accuracy_conf_interval": [
        0.003223785231105865,
        0.003852816495711888,
        0.004580133895412602,
        0.005071564570886057
    ],
    "cls_confidence_intervals": {
        "Mangroves": [
            0.007139937715317458,
            0.008533096293915986,
            0.010143935900420535,
            0.011232341039950636
        ],
        "Mangroves > Not Mangroves": [
            0.016883938742673292,
            0.02017836581441442,
            0.023987547116115105,
            0.02656131826591286
        ],
        "Not Mangroves": [
            0.0014585307352007585,
            0.0017431220981667603,
            0.0020721808615961996,
            0.0022945178639133886
        ],
        "Not Mangroves > Mangroves": [
            0.012119106356673829,
            0.014483810036024822,
            0.017217998665274407,
            0.019065423414767368
        ]
    },
    "cohen_kappa": 0.6865217476181723,
    "confusion_matrix": [
        [
            4955,
            224,
            252,
            111
        ],
        [
            77,
            549,
            78,
            43
        ],
        [
            570,
            1092,
            20279,
            1457
        ],
        [
            40,
            59,
            12,
            202
        ]
    ],
    "macro avg": {
        "f1-score": 0.6021430855392825,
        "precision": 0.5646025523039655,
        "recall": 0.7852716846393684,
        "support": 30000
    },
    "producer_accuracy": [
        87.82346685572492,
        28.534303534303536,
        98.34149653266088,
        11.141753998896856
    ],
    "user_accuracy": [
        89.40815590039696,
        73.49397590361446,
        86.66980083767844,
        64.5367412140575
    ],
    "weighted avg": {
        "f1-score": 0.8945193904086345,
        "precision": 0.9375048276424687,
        "recall": 0.8661666666666666,
        "support": 30000
    }
}