{
    "Mangroves": {
        "f1-score": 0.8813013943510905,
        "precision": 0.868569415081043,
        "recall": 0.8944121915820029,
        "support": 2756
    },
    "Mangroves > Not Mangroves": {
        "f1-score": 0.3948170731707317,
        "precision": 0.273784355179704,
        "recall": 0.7076502732240437,
        "support": 366
    },
    "Not Mangroves": {
        "f1-score": 0.9206838692122805,
        "precision": 0.9826718296224588,
        "recall": 0.8660523846088217,
        "support": 11721
    },
    "Not Mangroves > Mangroves": {
        "f1-score": 0.19175455417066156,
        "precision": 0.11286681715575621,
        "recall": 0.6369426751592356,
        "support": 157
    },
    "accuracy": 0.865,
    "accuracy_conf_interval": [
        0.004575864508483615,
        0.005468716119895053,
        0.006501075795589528,
        0.007198616117004713
    ],
    "cls_confidence_intervals": {
        "Mangroves": [
            0.01040131236676911,
            0.01243083673101674,
            0.014777474277178066,
            0.016363040186746527
        ],
        "Mangroves > Not Mangroves": [
            0.02377581396936311,
            0.02841499718289738,
            0.03377905277354638,
            0.03740341465912002
        ],
        "Not Mangroves": [
            0.0021055923552360696,
            0.0025164396440626197,
            0.0029914818217683186,
            0.003312456266164061
        ],
        "Not Mangroves > Mangroves": [
            0.017434300940109393,
            0.020836115757691717,
            0.024769464140521277,
            0.027427131966757463
        ]
    },
    "cohen_kappa": 0.6823203974966157,
    "confusion_matrix": [
        [
            2465,
            115,
            126,
            50
        ],
        [
            43,
            259,
            44,
            20
        ],
        [
            309,
            545,
            10151,
            716
        ],
        [
            21,
            27,
            9,
            100
        ]
    ],
    "macro avg": {
        "f1-score": 0.5971392227261911,
        "precision": 0.5594731042597406,
        "recall": 0.7762643811435259,
        "support": 15000
    },
    "producer_accuracy": [
        86.8569415081043,
        27.378435517970402,
        98.26718296224588,
        11.286681715575622
    ],
    "user_accuracy": [
        89.4412191582003,
        70.76502732240438,
        86.60523846088218,
        63.69426751592356
    ],
    "weighted avg": {
        "f1-score": 0.8929873858436018,
        "precision": 0.9353065991504946,
        "recall": 0.865,
        "support": 15000
    }
}