{
    "Mangroves": {
        "f1-score": 0.8603351955307262,
        "precision": 0.8424507658643327,
        "recall": 0.8789954337899544,
        "support": 438
    },
    "Mangroves > Not Mangroves": {
        "f1-score": 0.3457943925233645,
        "precision": 0.2356687898089172,
        "recall": 0.6491228070175439,
        "support": 57
    },
    "Not Mangroves": {
        "f1-score": 0.9214687751273118,
        "precision": 0.9834096109839817,
        "recall": 0.8668683812405447,
        "support": 1983
    },
    "Not Mangroves > Mangroves": {
        "f1-score": 0.17500000000000002,
        "precision": 0.10144927536231885,
        "recall": 0.6363636363636364,
        "support": 22
    },
    "accuracy": 0.862,
    "accuracy_conf_interval": [
        0.011312719524499843,
        0.013520079431719326,
        0.016072339324441853,
        0.01779683925195707
    ],
    "cls_confidence_intervals": {
        "Mangroves": [
            0.027948992742850676,
            0.03340245474145569,
            0.039708020177342734,
            0.0439685373637529
        ],
        "Mangroves > Not Mangroves": [
            0.05555022911218559,
            0.06638929820724619,
            0.07892197184841002,
            0.08738999457892611
        ],
        "Not Mangroves": [
            0.005010356670000735,
            0.005987987239756977,
            0.007118372586037631,
            0.007882146468659694
        ],
        "Not Mangroves > Mangroves": [
            0.04215024262641327,
            0.050374680212054886,
            0.059884186170453005,
            0.06630952803423551
        ]
    },
    "cohen_kappa": 0.6646011281068143,
    "confusion_matrix": [
        [
            385,
            25,
            20,
            8
        ],
        [
            11,
            37,
            6,
            3
        ],
        [
            59,
            92,
            1719,
            113
        ],
        [
            2,
            3,
            3,
            14
        ]
    ],
    "macro avg": {
        "f1-score": 0.5756495907953506,
        "precision": 0.5407446105048876,
        "recall": 0.7578375646029197,
        "support": 2500
    },
    "producer_accuracy": [
        84.24507658643327,
        23.56687898089172,
        98.34096109839817,
        10.144927536231885
    ],
    "user_accuracy": [
        87.89954337899543,
        64.91228070175438,
        86.68683812405446,
        63.63636363636363
    ],
    "weighted avg": {
        "f1-score": 0.8910638708374996,
        "precision": 0.933903879642757,
        "recall": 0.862,
        "support": 2500
    }
}