{
    "Mangroves": {
        "f1-score": 0.8848782571550619,
        "precision": 0.8766398645789251,
        "recall": 0.8932729624838293,
        "support": 4638
    },
    "Mangroves > Not Mangroves": {
        "f1-score": 0.4094348019581665,
        "precision": 0.2844774273345702,
        "recall": 0.7301587301587301,
        "support": 630
    },
    "Not Mangroves": {
        "f1-score": 0.9212581226451155,
        "precision": 0.9832158051168483,
        "recall": 0.8666461190733036,
        "support": 19467
    },
    "Not Mangroves > Mangroves": {
        "f1-score": 0.1905842314237096,
        "precision": 0.11214953271028037,
        "recall": 0.6339622641509434,
        "support": 265
    },
    "accuracy": 0.86568,
    "accuracy_conf_interval": [
        0.0035369007839573894,
        0.0042270277661929775,
        0.0050249870894028765,
        0.00556414879427443
    ],
    "cls_confidence_intervals": {
        "Mangroves": [
            0.00784503735975911,
            0.009375776356785279,
            0.011145693322096787,
            0.012341583163523481
        ],
        "Mangroves > Not Mangroves": [
            0.018400279225358005,
            0.021990577610793715,
            0.026141860118953753,
            0.0289467807325754
        ],
        "Not Mangroves": [
            0.0016083202988704966,
            0.001922138893772057,
            0.0022849916441269862,
            0.0025301624213938303
        ],
        "Not Mangroves > Mangroves": [
            0.013370775267194879,
            0.01597970702664754,
            0.018996284373514676,
            0.021034512310587068
        ]
    },
    "cohen_kappa": 0.6863216968323002,
    "confusion_matrix": [
        [
            4143,
            193,
            212,
            90
        ],
        [
            65,
            460,
            66,
            39
        ],
        [
            483,
            912,
            16871,
            1201
        ],
        [
            35,
            52,
            10,
            168
        ]
    ],
    "macro avg": {
        "f1-score": 0.6015388532955134,
        "precision": 0.5641206574351559,
        "recall": 0.7810100189667015,
        "support": 25000
    },
    "producer_accuracy": [
        87.6639864578925,
        28.44774273345702,
        98.32158051168483,
        11.214953271028037
    ],
    "user_accuracy": [
        89.32729624838292,
        73.01587301587301,
        86.66461190733035,
        63.39622641509434
    ],
    "weighted avg": {
        "f1-score": 0.8938658390711427,
        "precision": 0.9366023270206298,
        "recall": 0.86568,
        "support": 25000
    }
}