{
    "Mangroves": {
        "f1-score": 0.8881410687844932,
        "precision": 0.8796160511931742,
        "recall": 0.8968329482125866,
        "support": 7357
    },
    "Mangroves > Not Mangroves": {
        "f1-score": 0.41019830028328613,
        "precision": 0.285376428852976,
        "recall": 0.729103726082578,
        "support": 993
    },
    "Not Mangroves": {
        "f1-score": 0.9208402846345034,
        "precision": 0.9837413159713382,
        "recall": 0.8654996959902717,
        "support": 31249
    },
    "Not Mangroves > Mangroves": {
        "f1-score": 0.1846689895470383,
        "precision": 0.10733090319967598,
        "recall": 0.6608478802992519,
        "support": 401
    },
    "accuracy": 0.865825,
    "accuracy_conf_interval": [
        0.002794889970065906,
        0.0033402343544690102,
        0.003970788798935099,
        0.004396839099250024
    ],
    "cls_confidence_intervals": {
        "Mangroves": [
            0.0061619068761974115,
            0.007364230169113979,
            0.008754416476548761,
            0.00969373154913983
        ],
        "Mangroves > Not Mangroves": [
            0.014703859097775837,
            0.017572904775390634,
            0.020890238840132747,
            0.023131680775769308
        ],
        "Not Mangroves": [
            0.0012508808197298827,
            0.0014949551260186403,
            0.0017771660426650164,
            0.0019678490944531083
        ],
        "Not Mangroves > Mangroves": [
            0.010216236668637994,
            0.01220964870154297,
            0.014514531364589345,
            0.01607188451529636
        ]
    },
    "cohen_kappa": 0.6853016503298623,
    "confusion_matrix": [
        [
            6598,
            295,
            321,
            143
        ],
        [
            95,
            724,
            109,
            65
        ],
        [
            758,
            1449,
            27046,
            1996
        ],
        [
            50,
            69,
            17,
            265
        ]
    ],
    "macro avg": {
        "f1-score": 0.6009621608123303,
        "precision": 0.5640161748042911,
        "recall": 0.788071062646172,
        "support": 40000
    },
    "producer_accuracy": [
        87.96160511931743,
        28.537642885297597,
        98.37413159713381,
        10.733090319967598
    ],
    "user_accuracy": [
        89.68329482125867,
        72.9103726082578,
        86.54996959902716,
        66.08478802992519
    ],
    "weighted avg": {
        "f1-score": 0.8947692768645195,
        "precision": 0.9384671539362651,
        "recall": 0.865825,
        "support": 40000
    }
}