{
    "Mangroves": {
        "f1-score": 0.8514285714285714,
        "precision": 0.8370786516853933,
        "recall": 0.8662790697674418,
        "support": 172
    },
    "Mangroves > Not Mangroves": {
        "f1-score": 0.3870967741935484,
        "precision": 0.28125,
        "recall": 0.6206896551724138,
        "support": 29
    },
    "Not Mangroves": {
        "f1-score": 0.9204851752021563,
        "precision": 0.977110157367668,
        "recall": 0.870063694267516,
        "support": 785
    },
    "Not Mangroves > Mangroves": {
        "f1-score": 0.2465753424657534,
        "precision": 0.15254237288135594,
        "recall": 0.6428571428571429,
        "support": 14
    },
    "accuracy": 0.859,
    "accuracy_conf_interval": [
        0.018048868729092137,
        0.02157059921281743,
        0.025642600084624805,
        0.028393952025035193
    ],
    "cls_confidence_intervals": {
        "Mangroves": [
            0.045394786486134764,
            0.054252305800502526,
            0.06449381250774025,
            0.07141374947209006
        ],
        "Mangroves > Not Mangroves": [
            0.09216988708866633,
            0.11015425530108904,
            0.1309486810467028,
            0.14499896871265802
        ],
        "Not Mangroves": [
            0.009276804996741994,
            0.011086913288789212,
            0.013179851001468809,
            0.014593998104630699
        ],
        "Not Mangroves > Mangroves": [
            0.07676656135694493,
            0.09174540259732443,
            0.10906468778151324,
            0.12076690750055971
        ]
    },
    "cohen_kappa": 0.6626689346797867,
    "confusion_matrix": [
        [
            149,
            8,
            11,
            4
        ],
        [
            6,
            18,
            3,
            2
        ],
        [
            23,
            35,
            683,
            44
        ],
        [
            0,
            3,
            2,
            9
        ]
    ],
    "macro avg": {
        "f1-score": 0.6013964658225075,
        "precision": 0.5619952954836043,
        "recall": 0.7499723905161286,
        "support": 1000
    },
    "producer_accuracy": [
        83.70786516853933,
        28.125,
        97.71101573676681,
        15.254237288135593
    ],
    "user_accuracy": [
        86.62790697674419,
        62.06896551724138,
        87.00636942675159,
        64.28571428571429
    ],
    "weighted avg": {
        "f1-score": 0.8837044380655404,
        "precision": 0.921300844843846,
        "recall": 0.859,
        "support": 1000
    }
}