{
    "Mangroves": {
        "f1-score": 0.8740202203794161,
        "precision": 0.8903031705623698,
        "recall": 0.8583221775992861,
        "support": 4482
    },
    "Mangroves > Not Mangroves": {
        "f1-score": 0.6029673590504451,
        "precision": 0.5167853509664293,
        "recall": 0.7236467236467237,
        "support": 702
    },
    "Not Mangroves": {
        "f1-score": 0.9465773426092932,
        "precision": 0.9569332291395328,
        "recall": 0.9364431982326451,
        "support": 11769
    },
    "Not Mangroves > Mangroves": {
        "f1-score": 0.6012526096033403,
        "precision": 0.5284403669724771,
        "recall": 0.6973365617433414,
        "support": 413
    },
    "accuracy": 0.9019923989404584,
    "accuracy_conf_interval": [
        0.003700200590536422,
        0.00442219094966548,
        0.005256992302408454,
        0.005821047270478031
    ],
    "cls_confidence_intervals": {
        "Mangroves": [
            0.007796823671408632,
            0.009318155119488365,
            0.011077194606330557,
            0.01226573480014285
        ],
        "Mangroves > Not Mangroves": [
            0.02613919642190837,
            0.031239527431061224,
            0.03713678516039421,
            0.04112141876129488
        ],
        "Not Mangroves": [
            0.0031023167467142065,
            0.003707646843634052,
            0.004407559768197624,
            0.004880473906416253
        ],
        "Not Mangroves > Mangroves": [
            0.0350680728577951,
            0.041910623659316096,
            0.049822323023574755,
            0.05516806583726303
        ]
    },
    "cohen_kappa": 0.7972115059973924,
    "confusion_matrix": [
        [
            3847,
            174,
            353,
            108
        ],
        [
            112,
            508,
            80,
            2
        ],
        [
            301,
            300,
            11021,
            147
        ],
        [
            61,
            1,
            63,
            288
        ]
    ],
    "macro avg": {
        "f1-score": 0.7562043829106236,
        "precision": 0.7231155294102023,
        "recall": 0.803937165305499,
        "support": 17366
    },
    "producer_accuracy": [
        89.03031705623698,
        51.67853509664293,
        95.69332291395328,
        52.84403669724771
    ],
    "user_accuracy": [
        85.83221775992861,
        72.36467236467237,
        93.64431982326451,
        69.73365617433413
    ],
    "weighted avg": {
        "f1-score": 0.9057484617487565,
        "precision": 0.9117537240666688,
        "recall": 0.9019923989404584,
        "support": 17366
    }
}