{
    "Mangroves": {
        "f1-score": 0.8734406894987525,
        "precision": 0.8881457564575646,
        "recall": 0.85921463632307,
        "support": 4482
    },
    "Mangroves > Not Mangroves": {
        "f1-score": 0.6052318668252081,
        "precision": 0.5193877551020408,
        "recall": 0.7250712250712251,
        "support": 702
    },
    "Not Mangroves": {
        "f1-score": 0.9464999355420911,
        "precision": 0.9574856546687532,
        "recall": 0.9357634463420852,
        "support": 11769
    },
    "Not Mangroves > Mangroves": {
        "f1-score": 0.5952133194588969,
        "precision": 0.5218978102189781,
        "recall": 0.6924939467312349,
        "support": 413
    },
    "accuracy": 0.9017044800184268,
    "accuracy_conf_interval": [
        0.003705040209876465,
        0.004427974884974312,
        0.005263868103056198,
        0.005828660817976391
    ],
    "cls_confidence_intervals": {
        "Mangroves": [
            0.007849962215850001,
            0.009381662160406099,
            0.011152690221299087,
            0.012349330802983538
        ],
        "Mangroves > Not Mangroves": [
            0.026174239937411765,
            0.03128140870568723,
            0.03718657259400574,
            0.041176548194220945
        ],
        "Not Mangroves": [
            0.0030852549113407177,
            0.003687255869651102,
            0.004383319477697483,
            0.004853632726377471
        ],
        "Not Mangroves > Mangroves": [
            0.03499505436635624,
            0.04182335765735258,
            0.0497185833375671,
            0.055053195283658
        ]
    },
    "cohen_kappa": 0.7967693888968804,
    "confusion_matrix": [
        [
            3851,
            175,
            347,
            109
        ],
        [
            112,
            509,
            79,
            2
        ],
        [
            310,
            295,
            11013,
            151
        ],
        [
            63,
            1,
            63,
            286
        ]
    ],
    "macro avg": {
        "f1-score": 0.7550964528312372,
        "precision": 0.7217292441118341,
        "recall": 0.8031358136169039,
        "support": 17366
    },
    "producer_accuracy": [
        88.81457564575645,
        51.93877551020408,
        95.74856546687532,
        52.18978102189781
    ],
    "user_accuracy": [
        85.92146363230701,
        72.50712250712252,
        93.57634463420852,
        69.24939467312349
    ],
    "weighted avg": {
        "f1-score": 0.9054943443035874,
        "precision": 0.9115209000311778,
        "recall": 0.9017044800184268,
        "support": 17366
    }
}