{
    "Mangroves": {
        "f1-score": {
            "90th": [
                0.8672698818780998,
                0.8810593438356839
            ],
            "95th": [
                0.8660042085018154,
                0.8821670246337703
            ],
            "99th": [
                0.8641766825881735,
                0.8843683242657698
            ],
            "mean": 0.8740867151817695,
            "median": 0.8740543956858913
        },
        "precision": {
            "90th": [
                0.8821042482950137,
                0.8987872673365179
            ],
            "95th": [
                0.8803492384779296,
                0.9002863588096561
            ],
            "99th": [
                0.8773428808028669,
                0.9033627579842047
            ],
            "mean": 0.8904531402469323,
            "median": 0.8905520852193856
        },
        "producer_accuracy": {
            "90th": [
                88.21042482950136,
                89.87872673365179
            ],
            "95th": [
                88.03492384779295,
                90.02863588096561
            ],
            "99th": [
                87.73428808028669,
                90.33627579842047
            ],
            "mean": 89.04531402469321,
            "median": 89.05520852193857
        },
        "recall": {
            "90th": [
                0.8488694039860926,
                0.8679487156921121
            ],
            "95th": [
                0.847680064358657,
                0.8700661857452628
            ],
            "99th": [
                0.8429362948993961,
                0.872527836000302
            ],
            "mean": 0.8583389054521211,
            "median": 0.8583049421342837
        },
        "support": {
            "90th": [
                3787.0,
                3958.0
            ],
            "95th": [
                3774.0,
                3974.025
            ],
            "99th": [
                3747.935,
                4026.02
            ],
            "mean": 3870.358,
            "median": 3868.0
        },
        "user_accuracy": {
            "90th": [
                84.88694039860927,
                86.79487156921121
            ],
            "95th": [
                84.76800643586569,
                87.00661857452629
            ],
            "99th": [
                84.2936294899396,
                87.2527836000302
            ],
            "mean": 85.83389054521211,
            "median": 85.83049421342837
        }
    },
    "Mangroves > Not Mangroves": {
        "f1-score": {
            "90th": [
                0.5792086796985086,
                0.6275579809004093
            ],
            "95th": [
                0.5752391192055671,
                0.6315138415406085
            ],
            "99th": [
                0.561533753124166,
                0.6384109720684397
            ],
            "mean": 0.6031862357311638,
            "median": 0.6039675859142184
        },
        "precision": {
            "90th": [
                0.49112214959649336,
                0.5441720150957909
            ],
            "95th": [
                0.4831139280869411,
                0.5483636641380946
            ],
            "99th": [
                0.4707998612399727,
                0.5576006059203342
            ],
            "mean": 0.5169298495086571,
            "median": 0.5176196542165392
        },
        "producer_accuracy": {
            "90th": [
                49.11221495964933,
                54.417201509579094
            ],
            "95th": [
                48.311392808694116,
                54.83636641380946
            ],
            "99th": [
                47.07998612399727,
                55.760060592033426
            ],
            "mean": 51.69298495086571,
            "median": 51.761965421653926
        },
        "recall": {
            "90th": [
                0.6938989747811121,
                0.7532701380773059
            ],
            "95th": [
                0.6891679051727263,
                0.7595592806181978
            ],
            "99th": [
                0.6767013070061698,
                0.7691196013289037
            ],
            "mean": 0.7244380489790871,
            "median": 0.7251973481344434
        },
        "support": {
            "90th": [
                566.0,
                644.0
            ],
            "95th": [
                558.975,
                654.0
            ],
            "99th": [
                547.0,
                666.01
            ],
            "mean": 605.972,
            "median": 606.5
        },
        "user_accuracy": {
            "90th": [
                69.38989747811121,
                75.32701380773061
            ],
            "95th": [
                68.91679051727262,
                75.95592806181979
            ],
            "99th": [
                67.67013070061698,
                76.91196013289036
            ],
            "mean": 72.4438048979087,
            "median": 72.51973481344434
        }
    },
    "Not Mangroves": {
        "f1-score": {
            "90th": [
                0.9440754835938452,
                0.9493320401282046
            ],
            "95th": [
                0.9436012425117681,
                0.9500282868953029
            ],
            "99th": [
                0.9426711303558186,
                0.9507581663568679
            ],
            "mean": 0.9466378048031318,
            "median": 0.9465844015245011
        },
        "precision": {
            "90th": [
                0.9535827369183495,
                0.9603146623463357
            ],
            "95th": [
                0.9531498879575446,
                0.9608405531318731
            ],
            "99th": [
                0.9518768570956845,
                0.9618047722737721
            ],
            "mean": 0.956964036601018,
            "median": 0.9569941358913434
        },
        "producer_accuracy": {
            "90th": [
                95.35827369183495,
                96.03146623463356
            ],
            "95th": [
                95.31498879575446,
                96.0840553131873
            ],
            "99th": [
                95.18768570956844,
                96.18047722737721
            ],
            "mean": 95.69640366010182,
            "median": 95.69941358913434
        },
        "recall": {
            "90th": [
                0.9328314007811379,
                0.9406054613797341
            ],
            "95th": [
                0.9321421069212392,
                0.9413114724251104
            ],
            "99th": [
                0.9303359440361698,
                0.9426745221372761
            ],
            "mean": 0.9365368488608344,
            "median": 0.9365213129109722
        },
        "support": {
            "90th": [
                10068.95,
                10256.0
            ],
            "95th": [
                10050.0,
                10276.0
            ],
            "99th": [
                10015.97,
                10298.035
            ],
            "mean": 10166.301,
            "median": 10166.0
        },
        "user_accuracy": {
            "90th": [
                93.28314007811379,
                94.0605461379734
            ],
            "95th": [
                93.21421069212391,
                94.13114724251103
            ],
            "99th": [
                93.03359440361699,
                94.26745221372761
            ],
            "mean": 93.65368488608343,
            "median": 93.65213129109722
        }
    },
    "Not Mangroves > Mangroves": {
        "f1-score": {
            "90th": [
                0.5689606565949369,
                0.6341631623212783
            ],
            "95th": [
                0.5616132001635048,
                0.6402879921032272
            ],