{
    "Mangroves": {
        "f1-score": 0.8723089190112769,
        "precision": 0.8910868047474982,
        "recall": 0.8543061133422579,
        "support": 4482
    },
    "Mangroves > Not Mangroves": {
        "f1-score": 0.5980221058755091,
        "precision": 0.5054080629301868,
        "recall": 0.7321937321937322,
        "support": 702
    },
    "Not Mangroves": {
        "f1-score": 0.9454670565972819,
        "precision": 0.9572411390751546,
        "recall": 0.9339790976293653,
        "support": 11769
    },
    "Not Mangroves > Mangroves": {
        "f1-score": 0.5824847250509165,
        "precision": 0.5026362038664324,
        "recall": 0.6924939467312349,
        "support": 413
    },
    "accuracy": 0.8995162962109869,
    "accuracy_conf_interval": [
        0.0037415046117115773,
        0.004471554292045544,
        0.005315674234931692,
        0.0058860255476926035
    ],
    "cls_confidence_intervals": {
        "Mangroves": [
            0.007794018408956419,
            0.009314802488752794,
            0.011073209081017353,
            0.01226132164335827
        ],
        "Mangroves > Not Mangroves": [
            0.025711532959329996,
            0.030728417439199265,
            0.03652919011904811,
            0.04044863111894598
        ],
        "Not Mangroves": [
            0.0030962777129884375,
            0.0037004294618642303,
            0.004398979921501866,
            0.0048709734753110785
        ],
        "Not Mangroves > Mangroves": [
            0.03437571046549542,
            0.04108316616607989,
            0.04883866181988068,
            0.054078861585962305
        ]
    },
    "cohen_kappa": 0.7927620396759426,
    "confusion_matrix": [
        [
            3829,
            196,
            345,
            112
        ],
        [
            107,
            514,
            79,
            2
        ],
        [
            303,
            305,
            10992,
            169
        ],
        [
            58,
            2,
            67,
            286
        ]
    ],
    "macro avg": {
        "f1-score": 0.7495707016337462,
        "precision": 0.714093052654818,
        "recall": 0.8032432224741476,
        "support": 17366
    },
    "producer_accuracy": [
        89.10868047474982,
        50.54080629301868,
        95.72411390751546,
        50.26362038664324
    ],
    "user_accuracy": [
        85.43061133422579,
        73.21937321937322,
        93.39790976293652,
        69.24939467312349
    ],
    "weighted avg": {
        "f1-score": 0.9039081005339509,
        "precision": 0.9110910536120932,
        "recall": 0.8995162962109869,
        "support": 17366
    }
}