{
    "Mangroves": {
        "f1-score": 0.8598912588874948,
        "precision": 0.833063209076175,
        "recall": 0.888504753673293,
        "support": 1157
    },
    "Mangroves > Not Mangroves": {
        "f1-score": 0.34576271186440677,
        "precision": 0.21982758620689655,
        "recall": 0.8095238095238095,
        "support": 63
    },
    "Not Mangroves": {
        "f1-score": 0.9159736162890738,
        "precision": 0.9827692307692307,
        "recall": 0.8576799140708915,
        "support": 3724
    },
    "Not Mangroves > Mangroves": {
        "f1-score": 0.20588235294117646,
        "precision": 0.12323943661971831,
        "recall": 0.625,
        "support": 56
    },
    "accuracy": 0.8616,
    "accuracy_conf_interval": [
        0.008009026600330404,
        0.009571763497955849,
        0.011378678035835268,
        0.012599566237105148
    ],
    "cls_confidence_intervals": {
        "Mangroves": [
            0.017410100416686385,
            0.020807193180917873,
            0.024735081689560536,
            0.027389060411616387
        ],
        "Mangroves > Not Mangroves": [
            0.044589874108092314,
            0.0532903373486957,
            0.06335024797064336,
            0.07014748487736475
        ],
        "Not Mangroves": [
            0.003743521019433496,
            0.004473964145176618,
            0.0053185390093171015,
            0.005889197701303916
        ],
        "Not Mangroves > Mangroves": [
            0.03198895357917533,
            0.03823070061901442,
            0.04544772063382837,
            0.05032408550870266
        ]
    },
    "cohen_kappa": 0.6975191852390761,
    "confusion_matrix": [
        [
            1028,
            51,
            44,
            34
        ],
        [
            9,
            51,
            1,
            2
        ],
        [
            191,
            126,
            3194,
            213
        ],
        [
            6,
            4,
            11,
            35
        ]
    ],
    "macro avg": {
        "f1-score": 0.581877484995538,
        "precision": 0.5397248656680051,
        "recall": 0.7951771193169985,
        "support": 5000
    },
    "producer_accuracy": [
        83.3063209076175,
        21.982758620689655,
        98.27692307692307,
        12.323943661971832
    ],
    "user_accuracy": [
        88.8504753673293,
        80.95238095238095,
        85.76799140708916,
        62.5
    ],
    "weighted avg": {
        "f1-score": 0.8878584792411013,
        "precision": 0.9288874589334977,
        "recall": 0.8616,
        "support": 5000
    }
}