{
    "Mangroves": {
        "f1-score": 0.8586078987562732,
        "precision": 0.8436059599099582,
        "recall": 0.8741530600910807,
        "support": 9003
    },
    "Mangroves > Not Mangroves": {
        "f1-score": 0.32883435582822085,
        "precision": 0.2110236220472441,
        "recall": 0.7444444444444445,
        "support": 540
    },
    "Not Mangroves": {
        "f1-score": 0.9196685688037736,
        "precision": 0.9819293016938921,
        "recall": 0.8648325358851675,
        "support": 30096
    },
    "Not Mangroves > Mangroves": {
        "f1-score": 0.1778625954198473,
        "precision": 0.10314298362107127,
        "recall": 0.6454293628808865,
        "support": 361
    },
    "accuracy": 0.863325,
    "accuracy_conf_interval": [
        0.0028167321597509054,
        0.003366338434824253,
        0.004001820690377811,
        0.004431200592778864
    ],
    "cls_confidence_intervals": {
        "Mangroves": [
            0.006167458282693386,
            0.007370864776877461,
            0.0087623035357778,
            0.009702464859359107
        ],
        "Mangroves > Not Mangroves": [
            0.015331826460293154,
            0.018323402354984503,
            0.021782411983221374,
            0.024119580650948987
        ],
        "Not Mangroves": [
            0.001341810347505705,
            0.0016036270006775499,
            0.0019063525059074954,
            0.0021108967661979993
        ],
        "Not Mangroves > Mangroves": [
            0.010494631233492216,
            0.012542364157100453,
            0.014910055350022478,
            0.016509846696591415
        ]
    },
    "cohen_kappa": 0.6947567089112792,
    "confusion_matrix": [
        [
            7870,
            388,
            410,
            335
        ],
        [
            74,
            402,
            28,
            36
        ],
        [
            1334,
            1079,
            26028,
            1655
        ],
        [
            51,
            36,
            41,
            233
        ]
    ],
    "macro avg": {
        "f1-score": 0.5712433547020287,
        "precision": 0.5349254668180414,
        "recall": 0.7822148508253948,
        "support": 40000
    },
    "producer_accuracy": [
        84.36059599099582,
        21.102362204724407,
        98.19293016938921,
        10.314298362107127
    ],
    "user_accuracy": [
        87.41530600910808,
        74.44444444444444,
        86.48325358851675,
        64.54293628808865
    ],
    "weighted avg": {
        "f1-score": 0.8912542777078727,
        "precision": 0.9324579023460361,
        "recall": 0.863325,
        "support": 40000
    }
}