{
    "Mangroves": {
        "f1-score": 0.8587015821058375,
        "precision": 0.8402733290625667,
        "recall": 0.8779562695225346,
        "support": 4482
    },
    "Mangroves > Not Mangroves": {
        "f1-score": 0.347682119205298,
        "precision": 0.22532188841201717,
        "recall": 0.7608695652173914,
        "support": 276
    },
    "Not Mangroves": {
        "f1-score": 0.9202977807571535,
        "precision": 0.9824482109227872,
        "recall": 0.8655428723121847,
        "support": 15068
    },
    "Not Mangroves > Mangroves": {
        "f1-score": 0.16666666666666666,
        "precision": 0.0963963963963964,
        "recall": 0.6149425287356322,
        "support": 174
    },
    "accuracy": 0.8647,
    "accuracy_conf_interval": [
        0.003966527576709886,
        0.004740484177043522,
        0.005635371496179289,
        0.006240025090189942
    ],
    "cls_confidence_intervals": {
        "Mangroves": [
            0.0087797222825344,
            0.010492838825467941,
            0.01247362982823485,
            0.01381200212740168
        ],
        "Mangroves > Not Mangroves": [
            0.02244389486595797,
            0.02682319142516928,
            0.03188675307175736,
            0.0353080785086412
        ],
        "Not Mangroves": [
            0.001869141206300977,
            0.0022338516855792165,
            0.002655548177244681,
            0.002940478239180805
        ],
        "Not Mangroves > Mangroves": [
            0.014527862982889087,
            0.01736256795516013,
            0.02064019557934852,
            0.022854808838935273
        ]
    },
    "cohen_kappa": 0.6968622928406367,
    "confusion_matrix": [
        [
            3935,
            183,
            198,
            166
        ],
        [
            37,
            210,
            13,
            16
        ],
        [
            684,
            521,
            13042,
            821
        ],
        [
            27,
            18,
            22,
            107
        ]
    ],
    "macro avg": {
        "f1-score": 0.5733370371837389,
        "precision": 0.5361099561984418,
        "recall": 0.7798278089469357,
        "support": 20000
    },
    "producer_accuracy": [
        84.02733290625667,
        22.532188841201716,
        98.24482109227873,
        9.63963963963964
    ],
    "user_accuracy": [
        87.79562695225346,
        76.08695652173914,
        86.55428723121847,
        61.49425287356321
    ],
    "weighted avg": {
        "f1-score": 0.8920353858173908,
        "precision": 0.9324298258608835,
        "recall": 0.8647,
        "support": 20000
    }
}