{
    "Mangroves": {
        "f1-score": 0.8597344169508744,
        "precision": 0.8441151325163865,
        "recall": 0.875942629010794,
        "support": 6763
    },
    "Mangroves > Not Mangroves": {
        "f1-score": 0.33261571582346605,
        "precision": 0.21237113402061855,
        "recall": 0.7667493796526055,
        "support": 403
    },
    "Not Mangroves": {
        "f1-score": 0.9193472313932648,
        "precision": 0.9821131657177408,
        "recall": 0.8641220020392782,
        "support": 22557
    },
    "Not Mangroves > Mangroves": {
        "f1-score": 0.17782319877363315,
        "precision": 0.10357142857142858,
        "recall": 0.628158844765343,
        "support": 277
    },
    "accuracy": 0.8633,
    "accuracy_conf_interval": [
        0.0032527324956924046,
        0.00388741200704702,
        0.004621260192050795,
        0.005117103560296588
    ],
    "cls_confidence_intervals": {
        "Mangroves": [
            0.007101334795816085,
            0.008486961097438735,
            0.010089091508689927,
            0.011171612056832623
        ],
        "Mangroves > Not Mangroves": [
            0.01758413084012598,
            0.021015180760150562,
            0.024982332230178983,
            0.027662839980198188
        ],
        "Not Mangroves": [
            0.0015429218218247585,
            0.00184397973827837,
            0.0021920779541778584,
            0.0024272794514072424
        ],
        "Not Mangroves > Mangroves": [
            0.012191777706085224,
            0.014570661160931123,
            0.01732124515559669,
            0.01917974785469505
        ]
    },
    "cohen_kappa": 0.6953170218833998,
    "confusion_matrix": [
        [
            5924,
            287,
            303,
            249
        ],
        [
            52,
            309,
            20,
            22
        ],
        [
            1003,
            827,
            19492,
            1235
        ],
        [
            39,
            32,
            32,
            174
        ]
    ],
    "macro avg": {
        "f1-score": 0.5723801407353096,
        "precision": 0.5355427152065436,
        "recall": 0.7837432138670052,
        "support": 30000
    },
    "producer_accuracy": [
        84.41151325163865,
        21.237113402061855,
        98.21131657177408,
        10.357142857142858
    ],
    "user_accuracy": [
        87.5942629010794,
        76.67493796526055,
        86.41220020392782,
        62.8158844765343
    ],
    "weighted avg": {
        "f1-score": 0.8911800173304597,
        "precision": 0.9325517391009331,
        "recall": 0.8633,
        "support": 30000
    }
}