{
    "Mangroves": {
        "f1-score": 0.8566502354163444,
        "precision": 0.8424050082601513,
        "recall": 0.8713855286234654,
        "support": 22237
    },
    "Mangroves > Not Mangroves": {
        "f1-score": 0.3318748987198185,
        "precision": 0.2145401215168657,
        "recall": 0.7324749642346209,
        "support": 1398
    },
    "Not Mangroves": {
        "f1-score": 0.9195118858060789,
        "precision": 0.9808651996151996,
        "recall": 0.8653820650876588,
        "support": 75406
    },
    "Not Mangroves > Mangroves": {
        "f1-score": 0.18509615384615385,
        "precision": 0.10812708443040196,
        "recall": 0.6423357664233577,
        "support": 959
    },
    "accuracy": 0.86272,
    "accuracy_conf_interval": [
        0.0017847706536789534,
        0.0021330185861041153,
        0.0025356802579707084,
        0.002807748955177866
    ],
    "cls_confidence_intervals": {
        "Mangroves": [
            0.003939968271403457,
            0.004708742568262669,
            0.005597637849006132,
            0.006198242768427391
        ],
        "Mangroves > Not Mangroves": [
            0.009744608488043439,
            0.011645995510100695,
            0.0138444742543544,
            0.015329932865336631
        ],
        "Not Mangroves": [
            0.0008710804070632185,
            0.0010410473157584808,
            0.0012375715539373778,
            0.0013703582013555513
        ],
        "Not Mangroves > Mangroves": [
            0.0067474468518471525,
            0.008064021847329524,
            0.009586311685856016,
            0.010614885901076619
        ]
    },
    "cohen_kappa": 0.6921806126999202,
    "confusion_matrix": [
        [
            19377,
            934,
            1091,
            835
        ],
        [
            178,
            1024,
            85,
            111
        ],
        [
            3309,
            2707,
            65255,
            4135
        ],
        [
            138,
            108,
            97,
            616
        ]
    ],
    "macro avg": {
        "f1-score": 0.5732832934470989,
        "precision": 0.5364843534556546,
        "recall": 0.7778945810922757,
        "support": 100000
    },
    "producer_accuracy": [
        84.24050082601514,
        21.45401215168657,
        98.08651996151995,
        10.812708443040195
    ],
    "user_accuracy": [
        87.13855286234654,
        73.24749642346208,
        86.53820650876588,
        64.23357664233576
    ],
    "weighted avg": {
        "f1-score": 0.8902751286599522,
        "precision": 0.9309930237471407,
        "recall": 0.86272,
        "support": 100000
    }
}