{
    "Mangroves": {
        "f1-score": 0.857151244715829,
        "precision": 0.8428983833718244,
        "recall": 0.8718944099378882,
        "support": 16744
    },
    "Mangroves > Not Mangroves": {
        "f1-score": 0.33019487628640243,
        "precision": 0.21311475409836064,
        "recall": 0.7327502429543246,
        "support": 1029
    },
    "Not Mangroves": {
        "f1-score": 0.9202586612026994,
        "precision": 0.9815342048279734,
        "recall": 0.8661842244948512,
        "support": 56518
    },
    "Not Mangroves > Mangroves": {
        "f1-score": 0.18653266331658291,
        "precision": 0.1087669948429442,
        "recall": 0.6544428772919605,
        "support": 709
    },
    "accuracy": 0.8636266666666667,
    "accuracy_conf_interval": [
        0.0020551378897718615,
        0.002456140404849298,
        0.002919799562907584,
        0.0032330827778118314
    ],
    "cls_confidence_intervals": {
        "Mangroves": [
            0.004534692490117722,
            0.005419510536969961,
            0.006442581403642862,
            0.007133845502746174
        ],
        "Mangroves > Not Mangroves": [
            0.011290869649221769,
            0.013493966166143088,
            0.016041296513833368,
            0.017762465667678147
        ],
        "Not Mangroves": [
            0.0009886322336055953,
            0.0011815360840652237,
            0.0014045811611591691,
            0.0015552872943307538
        ],
        "Not Mangroves > Mangroves": [
            0.007817675110511766,
            0.009343075132075038,
            0.01110681890700757,
            0.012298537673853877
        ]
    },
    "cohen_kappa": 0.6943138985158072,
    "confusion_matrix": [
        [
            14599,
            718,
            787,
            640
        ],
        [
            137,
            754,
            59,
            79
        ],
        [
            2481,
            1999,
            48955,
            3083
        ],
        [
            103,
            67,
            75,
            464
        ]
    ],
    "macro avg": {
        "f1-score": 0.5735343613803785,
        "precision": 0.5365785842852757,
        "recall": 0.7813179386697561,
        "support": 75000
    },
    "producer_accuracy": [
        84.28983833718245,
        21.311475409836063,
        98.15342048279734,
        10.87669948429442
    ],
    "user_accuracy": [
        87.18944099378882,
        73.27502429543246,
        86.61842244948512,
        65.44428772919605
    ],
    "weighted avg": {
        "f1-score": 0.8911378885515489,
        "precision": 0.9317900213460812,
        "recall": 0.8636266666666667,
        "support": 75000
    }
}