{
    "Mangroves": {
        "f1-score": 0.8631402183039463,
        "precision": 0.8303715670436187,
        "recall": 0.8986013986013986,
        "support": 572
    },
    "Mangroves > Not Mangroves": {
        "f1-score": 0.35460992907801414,
        "precision": 0.22727272727272727,
        "recall": 0.8064516129032258,
        "support": 31
    },
    "Not Mangroves": {
        "f1-score": 0.9164992826398851,
        "precision": 0.9876314162028448,
        "recall": 0.8549250535331906,
        "support": 1868
    },
    "Not Mangroves > Mangroves": {
        "f1-score": 0.24043715846994537,
        "precision": 0.14285714285714285,
        "recall": 0.7586206896551724,
        "support": 29
    },
    "accuracy": 0.8632,
    "accuracy_conf_interval": [
        0.011271263639823175,
        0.013470534593935015,
        0.01601344163462683,
        0.017731622067526705
    ],
    "cls_confidence_intervals": {
        "Mangroves": [
            0.02473911067813362,
            0.029566254225086522,
            0.035147638951250816,
            0.038918844847307774
        ],
        "Mangroves > Not Mangroves": [
            0.06552911271391425,
            0.07831528104833654,
            0.09309928818501231,
            0.10308848219627974
        ],
        "Not Mangroves": [
            0.00450760938141184,
            0.0053871429192482966,
            0.0064041035723717,
            0.007091239148806432
        ],
        "Not Mangroves > Mangroves": [
            0.04624460484574376,
            0.05526794237662059,
            0.06570117639669693,
            0.07275065884269445
        ]
    },
    "cohen_kappa": 0.7018308631211857,
    "confusion_matrix": [
        [
            514,
            23,
            15,
            20
        ],
        [
            4,
            25,
            1,
            1
        ],
        [
            99,
            61,
            1597,
            111
        ],
        [
            2,
            1,
            4,
            22
        ]
    ],
    "macro avg": {
        "f1-score": 0.5936716471229477,
        "precision": 0.5470332133440834,
        "recall": 0.8296496886732467,
        "support": 2500
    },
    "producer_accuracy": [
        83.03715670436188,
        22.727272727272727,
        98.76314162028447,
        14.285714285714285
    ],
    "user_accuracy": [
        89.86013986013987,
        80.64516129032258,
        85.49250535331906,
        75.86206896551724
    ],
    "weighted avg": {
        "f1-score": 0.8894809800952836,
        "precision": 0.9324225334016705,
        "recall": 0.8632,
        "support": 2500
    }
}