{
    "Mangroves": {
        "f1-score": 0.8581646894626658,
        "precision": 0.8405673274094326,
        "recall": 0.8765146115466856,
        "support": 5612
    },
    "Mangroves > Not Mangroves": {
        "f1-score": 0.3359683794466403,
        "precision": 0.21555367709213863,
        "recall": 0.7611940298507462,
        "support": 335
    },
    "Not Mangroves": {
        "f1-score": 0.9197661611454715,
        "precision": 0.9824434389140272,
        "recall": 0.864606562599554,
        "support": 18834
    },
    "Not Mangroves > Mangroves": {
        "f1-score": 0.16656308266003728,
        "precision": 0.09640287769784173,
        "recall": 0.6118721461187214,
        "support": 219
    },
    "accuracy": 0.86368,
    "accuracy_conf_interval": [
        0.003559017011484828,
        0.004253459355189185,
        0.005056408315097348,
        0.005598941396116376
    ],
    "cls_confidence_intervals": {
        "Mangroves": [
            0.007848137530863759,
            0.00937948143932498,
            0.011150097833483268,
            0.012346460261968596
        ],
        "Mangroves > Not Mangroves": [
            0.01960698467693339,
            0.02343273778462771,
            0.027856264815399264,
            0.030845134430785452
        ],
        "Not Mangroves": [
            0.0016729793630526736,
            0.001999414360721488,
            0.002376854826776055,
            0.002631882168704816
        ],
        "Not Mangroves > Mangroves": [
            0.012982814938294477,
            0.015516047121376327,
            0.018445096833064716,
            0.020424184476097413
        ]
    },
    "cohen_kappa": 0.6949345285636185,
    "confusion_matrix": [
        [
            4919,
            238,
            249,
            206
        ],
        [
            45,
            255,
            16,
            19
        ],
        [
            854,
            665,
            16284,
            1031
        ],
        [
            34,
            25,
            26,
            134
        ]
    ],
    "macro avg": {
        "f1-score": 0.5701155781787037,
        "precision": 0.5337418302783601,
        "recall": 0.7785468375289268,
        "support": 25000
    },
    "producer_accuracy": [
        84.05673274094326,
        21.55536770921386,
        98.24434389140272,
        9.640287769784173
    ],
    "user_accuracy": [
        87.65146115466857,
        76.11940298507463,
        86.4606562599554,
        61.18721461187214
    ],
    "weighted avg": {
        "f1-score": 0.8915169135398184,
        "precision": 0.9325570512788086,
        "recall": 0.86368,
        "support": 25000
    }
}