{
    "Mangroves": {
        "f1-score": 0.860864586315488,
        "precision": 0.8439517260735335,
        "recall": 0.878469179082676,
        "support": 3423
    },
    "Mangroves > Not Mangroves": {
        "f1-score": 0.3553072625698324,
        "precision": 0.22976878612716764,
        "recall": 0.7832512315270936,
        "support": 203
    },
    "Not Mangroves": {
        "f1-score": 0.9199697285025069,
        "precision": 0.9823232323232324,
        "recall": 0.8650595979363103,
        "support": 11242
    },
    "Not Mangroves > Mangroves": {
        "f1-score": 0.16581371545547596,
        "precision": 0.09585798816568047,
        "recall": 0.6136363636363636,
        "support": 132
    },
    "accuracy": 0.8648,
    "accuracy_conf_interval": [
        0.004578723359307337,
        0.005472132795269744,
        0.006505137455601278,
        0.0072031135774469094
    ],
    "cls_confidence_intervals": {
        "Mangroves": [
            0.009970667285070789,
            0.011916163340694359,
            0.01416564315500911,
            0.015685561948465022
        ],
        "Mangroves > Not Mangroves": [
            0.026226894727723594,
            0.031344337601425756,
            0.03726138092414389,
            0.04125938316922371
        ],
        "Not Mangroves": [
            0.0021719753170275054,
            0.002595775378886531,
            0.0030857942004110296,
            0.003416887998738393
        ],
        "Not Mangroves > Mangroves": [
            0.016609171648010897,
            0.01984998562811059,
            0.02359717679260085,
            0.026129062714553734
        ]
    },
    "cohen_kappa": 0.6995734624607808,
    "confusion_matrix": [
        [
            3007,
            135,
            146,
            135
        ],
        [
            26,
            159,
            9,
            9
        ],
        [
            511,
            386,
            9725,
            620
        ],
        [
            19,
            12,
            20,
            81
        ]
    ],
    "macro avg": {
        "f1-score": 0.5754888232108257,
        "precision": 0.5379754331724035,
        "recall": 0.7851040930456109,
        "support": 15000
    },
    "producer_accuracy": [
        84.39517260735336,
        22.976878612716764,
        98.23232323232324,
        9.585798816568047
    ],
    "user_accuracy": [
        87.8469179082676,
        78.32512315270937,
        86.50595979363102,
        61.36363636363637
    ],
    "weighted avg": {
        "f1-score": 0.8922035967683264,
        "precision": 0.9327613902766113,
        "recall": 0.8648,
        "support": 15000
    }
}