{
    "Mangrove": {
        "f1-score": 0.9556650246305419,
        "precision": 0.9797979797979798,
        "recall": 0.9326923076923077,
        "support": 312
    },
    "Other": {
        "f1-score": 0.9543147208121827,
        "precision": 0.9306930693069307,
        "recall": 0.9791666666666666,
        "support": 288
    },
    "accuracy": 0.955,
    "accuracy_conf_interval": [
        0.013879574921444824,
        0.01658778466221455,
        0.019719152174979538,
        0.021834941034955885
    ],
    "cls_confidence_intervals": {
        "Mangrove": [
            0.013388480603886107,
            0.01600086706318096,
            0.01902143890674063,
            0.02106236582806473
        ],
        "Other": [
            0.02392842461946289,
            0.028597385520821503,
            0.0339958715630174,
            0.03764349726720382
        ]
    },
    "cohen_kappa": 0.9100359856057577,
    "confusion_matrix": [
        [
            291,
            21
        ],
        [
            6,
            282
        ]
    ],
    "macro avg": {
        "f1-score": 0.9549898727213624,
        "precision": 0.9552455245524553,
        "recall": 0.9559294871794872,
        "support": 600
    },
    "producer_accuracy": [
        97.97979797979798,
        93.06930693069307
    ],
    "user_accuracy": [
        93.26923076923077,
        97.91666666666666
    ],
    "weighted avg": {
        "f1-score": 0.9550168787977295,
        "precision": 0.9562276227622762,
        "recall": 0.955,
        "support": 600
    }
}