overall accuracy,0.964
cohen kappa,0.9279397576373849
""
Confidence Interval,90%,95%,98%,99%
Overall Accuracy,0.009661256564236354,0.011546379796282473,0.013726053533335798,0.015198806058371827
""
class,f1-score,precision,recall,support
Mangrove,0.9628865979381444,0.9708939708939709,0.9550102249488752,489
Other,0.9650485436893204,0.9576107899807321,0.9726027397260274,511
""
macro avg,0.9639675708137323,0.9642523804373515,0.9638064823374513,1000
weighted (pixel) avg,0.9639913522169953,0.9641062654473058,0.964,1000
""
Confidence Interval,90%,95%,98%,99%
Mangrove,0.012570388251808874,0.015023146935088655,0.017859149162630903,0.01977536688394323
Other,0.014503818154982176,0.017333831453515285,0.020606034329944192,0.02281698221942318
""
Point Count Confusion Matrix
,Mangrove,Other,User Acc
Mangrove,467,22,95.50102249488752
Other,14,497,97.26027397260275
Producer,97.0893970893971,95.76107899807322
""
