{
    "Mangrove": {
        "f1-score": {
            "90th": [
                0.9486885686718021,
                0.9698216509944018
            ],
            "95th": [
                0.9463204964103681,
                0.9711471384406017
            ],
            "99th": [
                0.9423856409209945,
                0.9745692887880582
            ],
            "mean": 0.9597149166328698,
            "median": 0.9599166959380054
        },
        "precision": {
            "90th": [
                0.9355437247983871,
                0.9674804520511745
            ],
            "95th": [
                0.9322709163346613,
                0.9704142011834319
            ],
            "99th": [
                0.924452373139802,
                0.9761904761904762
            ],
            "mean": 0.9522226435538966,
            "median": 0.952286282306163
        },
        "producer_accuracy": {
            "90th": [
                93.5543724798387,
                96.74804520511745
            ],
            "95th": [
                93.22709163346613,
                97.0414201183432
            ],
            "99th": [
                92.4452373139802,
                97.61904761904762
            ],
            "mean": 95.22226435538967,
            "median": 95.2286282306163
        },
        "recall": {
            "90th": [
                0.954183266932271,
                0.9796375323779347
            ],
            "95th": [
                0.9516441005802708,
                0.9818209200438116
            ],
            "99th": [
                0.9462149126063036,
                0.9863819789628364
            ],
            "mean": 0.9674059633507855,
            "median": 0.9676151918257181
        },
        "support": {
            "90th": [
                468.0,
                519.0
            ],
            "95th": [
                462.975,
                524.0
            ],
            "99th": [
                453.99,
                532.0
            ],
            "mean": 493.516,
            "median": 493.0
        },
        "user_accuracy": {
            "90th": [
                95.4183266932271,
                97.96375323779347
            ],
            "95th": [
                95.16441005802709,
                98.18209200438116
            ],
            "99th": [
                94.62149126063036,
                98.63819789628364
            ],
            "mean": 96.74059633507856,
            "median": 96.76151918257182
        }
    },
    "Other": {
        "f1-score": {
            "90th": [
                0.9493163548944482,
                0.9702217990942775
            ],
            "95th": [
                0.9470466845588189,
                0.971486258004173
            ],
            "99th": [
                0.9425286176213742,
                0.9754186067003505
            ],
            "mean": 0.9601327342396659,
            "median": 0.9601554907677357
        },
        "precision": {
            "90th": [
                0.954090774609445,
                0.9800401414465969
            ],
            "95th": [
                0.9519038076152304,
                0.9820726042153454
            ],
            "99th": [
                0.9470463830281012,
                0.98635530369013
            ],
            "mean": 0.9677389116530312,
            "median": 0.9682539682539683
        },
        "producer_accuracy": {
            "90th": [
                95.4090774609445,
                98.00401414465969
            ],
            "95th": [
                95.19038076152304,
                98.20726042153453
            ],
            "99th": [
                94.70463830281011,
                98.635530369013
            ],
            "mean": 96.77389116530313,
            "median": 96.82539682539682
        },
        "recall": {
            "90th": [
                0.936127744510978,
                0.9676117216117216
            ],
            "95th": [
                0.9324055666003976,
                0.9707602339181286
            ],
            "99th": [
                0.9262121539014743,
                0.9759059861493217
            ],
            "mean": 0.9527209001781807,
            "median": 0.9527484631528809
        },
        "support": {
            "90th": [
                481.0,
                532.0
            ],
            "95th": [
                476.0,
                537.0249999999999
            ],
            "99th": [
                468.0,
                546.0099999999998
            ],
            "mean": 506.484,
            "median": 507.0
        },
        "user_accuracy": {
            "90th": [
                93.6127744510978,
                96.76117216117217
            ],
            "95th": [
                93.24055666003976,
                97.07602339181285
            ],
            "99th": [
                92.62121539014743,
                97.59059861493216
            ],
            "mean": 95.27209001781806,
            "median": 95.27484631528809
        }
    },
    "accuracy": {
        "90th": [
            0.949,
            0.97
        ],
        "95th": [
            0.947,
            0.971
        ],
        "99th": [
            0.943,
            0.975
        ],
        "mean": 0.9599610000000001,
        "median": 0.96
    },
    "cohen_kappa": {
        "90th": [
            0.89804400368706,
            0.9399647352850956
        ],
        "95th": [
            0.8939684233990742,
            0.9419995475963807
        ],
        "99th": [
            0.8857465882378676,
            0.9499896318458722
        ],
        "mean": 0.9198561767695658,
        "median": 0.9199823961271479
    },
    "macro avg": {
        "f1-score": {
            "90th": [
                0.9489995409958689,
                0.9699797062814463
            ],
            "95th": [
                0.9469613348130789,
                0.970999286582269
            ],
            "99th": [
                0.9428732299671818,
                0.9749927939199843
            ],
            "mean": 0.959923825436268,
            "median": 0.9599897573778886
        },
        "precision": {
            "90th": [
                0.9493116483725847,
                0.9699797062814463
            ],
            "95th": [
                0.9469859129071181,
                0.9710722374548256
            ],
            "99th": [
                0.9429151235148583,
                0.9749273530039119
            ],
            "mean": 0.9599807776034639,
            "median": 0.9600242497141387
        },
        "recall": {
            "90th": [
                0.9496116766124563,
                0.9699942762731439
            ],
            "95th": [
                0.9470389965008612,
                0.9711175999247136
            ],
            "99th": [
                0.9428314952566673,
                0.9751878167917961
            ],
            "mean": 0.960063431764483,
            "median": 0.9600986697930723
        }
    },
    "weighted avg": {
        "f1-score": {
            "90th": [
                0.9490273509042214,
                0.97
            ],
            "95th": [
                0.9469994328871886,
                0.9710023521033421
            ],
            "99th": [
                0.9429971614303392,
                0.9750038271108675
            ],
            "mean": 0.9599628976156583,
            "median": 0.9600011201100926
        },
        "precision": {
            "90th": [
                0.9499941,
                0.97004286008911
            ],
            "95th": [
                0.9471710801080109,
                0.9710981630689456
            ],
            "99th": [
                0.9430840642940089,
                0.9751039364487446
            ],
            "mean": 0.9601609396487673,
            "median": 0.9601435663622637
        },