{
    "Mangrove": {
        "f1-score": {
            "90th": [
                0.9262721559162661,
                0.9591836734693876
            ],
            "95th": [
                0.9230706075533661,
                0.9620287375983578
            ],
            "99th": [
                0.9163628237684103,
                0.9664908887463075
            ],
            "mean": 0.9432445925194768,
            "median": 0.9435897435897437
        },
        "precision": {
            "90th": [
                0.9003552604223991,
                0.951048951048951
            ],
            "95th": [
                0.8943888578998745,
                0.954891442088367
            ],
            "99th": [
                0.8853430425344117,
                0.9622662630245001
            ],
            "mean": 0.9267549979837912,
            "median": 0.9274644855789926
        },
        "producer_accuracy": {
            "90th": [
                90.03552604223991,
                95.1048951048951
            ],
            "95th": [
                89.43888578998745,
                95.48914420883669
            ],
            "99th": [
                88.53430425344116,
                96.22662630245001
            ],
            "mean": 92.67549979837912,
            "median": 92.74644855789927
        },
        "recall": {
            "90th": [
                0.9399293286219081,
                0.9786476868327402
            ],
            "95th": [
                0.9361019361502798,
                0.9816226604278074
            ],
            "99th": [
                0.9291018123667377,
                0.9884615384615385
            ],
            "mean": 0.9605374036445801,
            "median": 0.9611855260634947
        },
        "support": {
            "90th": [
                258.0,
                298.0
            ],
            "95th": [
                254.0,
                301.0
            ],
            "99th": [
                245.995,
                308.0
            ],
            "mean": 277.288,
            "median": 277.0
        },
        "user_accuracy": {
            "90th": [
                93.99293286219081,
                97.86476868327402
            ],
            "95th": [
                93.61019361502798,
                98.16226604278074
            ],
            "99th": [
                92.91018123667376,
                98.84615384615385
            ],
            "mean": 96.05374036445801,
            "median": 96.11855260634947
        }
    },
    "Other": {
        "f1-score": {
            "90th": [
                0.9347826086956522,
                0.9636691437216915
            ],
            "95th": [
                0.9314182850173562,
                0.966363420228239
            ],
            "99th": [
                0.924585099293616,
                0.9705042730178602
            ],
            "mean": 0.9495701310932549,
            "median": 0.9496644295302012
        },
        "precision": {
            "90th": [
                0.9470579072750596,
                0.9809523809523809
            ],
            "95th": [
                0.943136645962733,
                0.9841269841269841
            ],
            "99th": [
                0.934780826799715,
                0.9893267191487831
            ],
            "mean": 0.9649949352200438,
            "median": 0.9655172413793104
        },
        "producer_accuracy": {
            "90th": [
                94.70579072750596,
                98.09523809523809
            ],
            "95th": [
                94.3136645962733,
                98.4126984126984
            ],
            "99th": [
                93.4780826799715,
                98.93267191487833
            ],
            "mean": 96.49949352200439,
            "median": 96.55172413793103
        },
        "recall": {
            "90th": [
                0.9102131287297527,
                0.9565284695113744
            ],
            "95th": [
                0.9054846791567285,
                0.96
            ],
            "99th": [
                0.8963163879598662,
                0.9672147115179901
            ],
            "mean": 0.9347832005188352,
            "median": 0.9354342431761786
        },
        "support": {
            "90th": [
                302.0,
                342.0
            ],
            "95th": [
                299.0,
                346.0
            ],
            "99th": [
                292.0,
                354.0049999999999
            ],
            "mean": 322.712,
            "median": 323.0
        },
        "user_accuracy": {
            "90th": [
                91.02131287297527,
                95.65284695113743
            ],
            "95th": [
                90.54846791567284,
                96.0
            ],
            "99th": [
                89.63163879598662,
                96.72147115179901
            ],
            "mean": 93.47832005188353,
            "median": 93.54342431761786
        }
    },
    "accuracy": {
        "90th": [
            0.9316666666666666,
            0.9616666666666667
        ],
        "95th": [
            0.9283333333333333,
            0.9633333333333334
        ],
        "99th": [
            0.9216666666666666,
            0.9683333333333334
        ],
        "mean": 0.9466783333333334,
        "median": 0.9466666666666667
    },
    "cohen_kappa": {
        "90th": [
            0.8627947258609905,
            0.9228689154458659
        ],
        "95th": [
            0.8564657186728086,
            0.9266658722133949
        ],
        "99th": [
            0.842953126575602,
            0.9365066823110002
        ],
        "mean": 0.8928574718630816,
        "median": 0.8931653655171734
    },
    "macro avg": {
        "f1-score": {
            "90th": [
                0.9313444808582635,
                0.9614309880953921
            ],
            "95th": [
                0.9281873540125866,
                0.9633077300282825
            ],
            "99th": [
                0.9213974628139855,
                0.9682489769068461
            ],
            "mean": 0.9464073618063658,
            "median": 0.9465663301087599
        },
        "precision": {
            "90th": [
                0.9304314066123842,
                0.9608289421524226
            ],
            "95th": [
                0.9275640883883918,
                0.9633333333333334
            ],
            "99th": [
                0.9207617880004125,
                0.9678183658530597
            ],
            "mean": 0.9458749666019175,
            "median": 0.946170692932819
        },
        "recall": {
            "90th": [
                0.9333299191091501,
                0.962105266356336
            ],
            "95th": [
                0.9297377658338357,
                0.9646611042501831
            ],
            "99th": [
                0.9223132044941496,
                0.9689759318987361
            ],
            "mean": 0.9476603020817076,
            "median": 0.9477955382953409
        }
    },
    "weighted avg": {
        "f1-score": {
            "90th": [
                0.9317742001766894,
                0.9616823702816056
            ],
            "95th": [
                0.9284582954725149,
                0.963389697263108
            ],
            "99th": [
                0.9217022653635043,
                0.9683604766000218
            ],
            "mean": 0.9467334086960292,
            "median": 0.9467255118323179
        },
        "precision": {
            "90th": [
                0.9333608784536273,
                0.9619602225536116
            ],
            "95th": [
                0.9296552261429717,
                0.9640240585340584
            ],
            "99th": [
                0.9227597337148983,
                0.9689981208854416
            ],
            "mean": 0.9474997438470605,