{
    "Mangrove": {
        "f1-score": {
            "90th": [
                0.9525859797972458,
                0.9728175368689582
            ],
            "95th": [
                0.95030996520314,
                0.9746205750903882
            ],
            "99th": [
                0.9464665279530944,
                0.9779182127831421
            ],
            "mean": 0.9628473575138223,
            "median": 0.9630350194552529
        },
        "precision": {
            "90th": [
                0.9581589958158996,
                0.983402489626556
            ],
            "95th": [
                0.9556001854373455,
                0.9853264794317301
            ],
            "99th": [
                0.9501052859915515,
                0.9892935901708954
            ],
            "mean": 0.971018673241283,
            "median": 0.9715179717586649
        },
        "producer_accuracy": {
            "90th": [
                95.81589958158996,
                98.3402489626556
            ],
            "95th": [
                95.56001854373456,
                98.532647943173
            ],
            "99th": [
                95.01052859915515,
                98.92935901708954
            ],
            "mean": 97.1018673241283,
            "median": 97.15179717586649
        },
        "recall": {
            "90th": [
                0.9390952353436463,
                0.9698193471171859
            ],
            "95th": [
                0.9356121134290148,
                0.9722222222222222
            ],
            "99th": [
                0.9304112408880053,
                0.9766459289981732
            ],
            "mean": 0.9548844704883948,
            "median": 0.9553752535496958
        },
        "support": {
            "90th": [
                463.0,
                515.0
            ],
            "95th": [
                458.0,
                520.0
            ],
            "99th": [
                448.0,
                527.0049999999999
            ],
            "mean": 488.6045,
            "median": 488.0
        },
        "user_accuracy": {
            "90th": [
                93.90952353436462,
                96.9819347117186
            ],
            "95th": [
                93.56121134290149,
                97.22222222222221
            ],
            "99th": [
                93.04112408880054,
                97.66459289981731
            ],
            "mean": 95.48844704883948,
            "median": 95.53752535496957
        }
    },
    "Other": {
        "f1-score": {
            "90th": [
                0.9551065935020089,
                0.9743065521370585
            ],
            "95th": [
                0.9529280926352545,
                0.9763325257419745
            ],
            "99th": [
                0.9486151591239472,
                0.9792083732114328
            ],
            "mean": 0.9650792453872254,
            "median": 0.9653767820773931
        },
        "precision": {
            "90th": [
                0.9426877470355731,
                0.97165991902834
            ],
            "95th": [
                0.9393346379647749,
                0.9742576077460687
            ],
            "99th": [
                0.9341078874087454,
                0.9780250720153632
            ],
            "mean": 0.9575717677535865,
            "median": 0.9579349904397706
        },
        "producer_accuracy": {
            "90th": [
                94.26877470355731,
                97.16599190283401
            ],
            "95th": [
                93.9334637964775,
                97.42576077460687
            ],
            "99th": [
                93.41078874087455,
                97.80250720153632
            ],
            "mean": 95.75717677535866,
            "median": 95.79349904397706
        },
        "recall": {
            "90th": [
                0.9605509706218208,
                0.984251968503937
            ],
            "95th": [
                0.9581652432187419,
                0.9863287912707115
            ],
            "99th": [
                0.9527710594021638,
                0.9895425452587099
            ],
            "mean": 0.9727713860933905,
            "median": 0.9730250481695568
        },
        "support": {
            "90th": [
                485.0,
                537.0
            ],
            "95th": [
                480.0,
                542.0
            ],
            "99th": [
                472.995,
                552.0
            ],
            "mean": 511.3955,
            "median": 512.0
        },
        "user_accuracy": {
            "90th": [
                96.05509706218209,
                98.4251968503937
            ],
            "95th": [
                95.81652432187418,
                98.63287912707115
            ],
            "99th": [
                95.27710594021637,
                98.954254525871
            ],
            "mean": 97.27713860933905,
            "median": 97.30250481695568
        }
    },
    "accuracy": {
        "90th": [
            0.954,
            0.974
        ],
        "95th": [
            0.952,
            0.975
        ],
        "99th": [
            0.948,
            0.979
        ],
        "mean": 0.9640325,
        "median": 0.964
    },
    "cohen_kappa": {
        "90th": [
            0.9079643637837427,
            0.9477728746255119
        ],
        "95th": [
            0.9039682418684771,
            0.9499976398873546
        ],
        "99th": [
            0.8958797868306672,
            0.9577756466838795
        ],
        "mean": 0.927934245568491,
        "median": 0.9279929433081562
    },
    "macro avg": {
        "f1-score": {
            "90th": [
                0.9539813992661523,
                0.9738862484984593
            ],
            "95th": [
                0.951983890347365,
                0.9749979948385621
            ],
            "99th": [
                0.9479323984934247,
                0.9788878012729235
            ],
            "mean": 0.9639633014505239,
            "median": 0.9639929426167528
        },
        "precision": {
            "90th": [
                0.9543999374401804,
                0.9739173917391739
            ],
            "95th": [
                0.9521630920969641,
                0.9752537070891047
            ],
            "99th": [
                0.9482893520071194,
                0.9788191006231729
            ],
            "mean": 0.9642952204974347,
            "median": 0.9644449552939212
        },
        "recall": {
            "90th": [
                0.9539963938177566,
                0.9736368634888719
            ],
            "95th": [
                0.9519529254636679,
                0.975023245038029
            ],
            "99th": [
                0.9477940715733063,
                0.9788037388111117
            ],
            "mean": 0.9638279282908927,
            "median": 0.9639988479262673
        }
    },
    "weighted avg": {
        "f1-score": {
            "90th": [
                0.953996669531255,
                0.9739828024188212
            ],
            "95th": [
                0.9519982378490325,
                0.9750023485947107
            ],
            "99th": [
                0.9479824974590967,
                0.9789951525207957
            ],
            "mean": 0.9640231547393057,
            "median": 0.964
        },
        "precision": {
            "90th": [
                0.9543450389882351,
                0.974
            ],
            "95th": [
                0.9521141600056864,
                0.9751219562454584
            ],
            "99th": [
                0.9481461328048892,
                0.9790000092941363
            ],
            "mean": 0.9642097744935577,
            "median": 0.9642378532168565
        },