overall accuracy,0.912
cohen kappa,0.8235596047735146
""
Confidence Interval,90%,95%,98%,99%
Overall Accuracy,0.014692056956056217,0.017558799776750112,0.02087347116317743,0.023113113991844538
""
class,f1-score,precision,recall,support
Mangrove,0.9037199124726476,0.9786729857819905,0.8394308943089431,492
Other,0.9189686924493555,0.8633217993079585,0.9822834645669292,508
""
macro avg,0.9113443024610015,0.9209973925449745,0.9108571794379361,1000
weighted (pixel) avg,0.9114662927008153,0.9200745830531823,0.912,1000
""
Confidence Interval,90%,95%,98%,99%
Mangrove,0.01153377439393274,0.013784266958602544,0.016386398986502005,0.01814459630265029
Other,0.02343235341331001,0.028004519932980258,0.03329108747134898,0.03686309256484136
""
Point Count Confusion Matrix
,Mangrove,Other,User Acc
Mangrove,413,79,83.94308943089432
Other,9,499,98.22834645669292
Producer,97.86729857819904,86.33217993079585
""
