overall accuracy,0.952
cohen kappa,0.9038338248493396
""
Confidence Interval,90%,95%,98%,99%
Overall Accuracy,0.01567826276090563,0.018737435982545753,0.022274605020067145,0.024664584099473492
""
class,f1-score,precision,recall,support
Mangrove,0.9495798319327732,0.9262295081967213,0.9741379310344828,232
Other,0.9541984732824427,0.9765625,0.9328358208955224,268
""
macro avg,0.9518891526076079,0.9513960040983607,0.9534868759650026,500
weighted (pixel) avg,0.952055423696196,0.9532079918032786,0.952,500
""
Confidence Interval,90%,95%,98%,99%
Mangrove,0.027444137127966704,0.032799090713911426,0.038990755797660016,0.04317431328667933
Other,0.015507062226025789,0.018532830465250335,0.022031374991853713,0.02439525642874789
""
Point Count Confusion Matrix
,Mangrove,Other,User Acc
Mangrove,226,6,97.41379310344827
Other,18,250,93.28358208955224
Producer,92.62295081967213,97.65625
""
