{
    "Mangrove": {
        "f1-score": {
            "90th": [
                0.9390936778837595,
                0.9680519236448573
            ],
            "95th": [
                0.935483870967742,
                0.9707807522666013
            ],
            "99th": [
                0.9290676606098257,
                0.9754394522892598
            ],
            "mean": 0.9539288897655299,
            "median": 0.9542815434126273
        },
        "precision": {
            "90th": [
                0.9475409836065574,
                0.9825174825174825
            ],
            "95th": [
                0.9435658863024967,
                0.9855085543870664
            ],
            "99th": [
                0.9355899117715347,
                0.989619733885064
            ],
            "mean": 0.9657716396861195,
            "median": 0.9661016949152542
        },
        "producer_accuracy": {
            "90th": [
                94.75409836065573,
                98.25174825174825
            ],
            "95th": [
                94.35658863024968,
                98.55085543870665
            ],
            "99th": [
                93.55899117715347,
                98.9619733885064
            ],
            "mean": 96.57716396861194,
            "median": 96.61016949152543
        },
        "recall": {
            "90th": [
                0.9202886513553854,
                0.9646682748935399
            ],
            "95th": [
                0.9146684627612324,
                0.968421052631579
            ],
            "99th": [
                0.9052614322691976,
                0.9730653198653199
            ],
            "mean": 0.9425211880901254,
            "median": 0.9430604982206405
        },
        "support": {
            "90th": [
                277.0,
                317.0
            ],
            "95th": [
                272.975,
                321.0
            ],
            "99th": [
                264.0,
                330.0
            ],
            "mean": 296.73,
            "median": 297.0
        },
        "user_accuracy": {
            "90th": [
                92.02886513553854,
                96.46682748935399
            ],
            "95th": [
                91.46684627612323,
                96.84210526315789
            ],
            "99th": [
                90.52614322691976,
                97.30653198653198
            ],
            "mean": 94.25211880901256,
            "median": 94.30604982206405
        }
    },
    "Other": {
        "f1-score": {
            "90th": [
                0.9417799671779911,
                0.9691071966275219
            ],
            "95th": [
                0.9391821282697489,
                0.9717008510904597
            ],
            "99th": [
                0.9337630891106113,
                0.9757685298869144
            ],
            "mean": 0.9560061426520426,
            "median": 0.95625
        },
        "precision": {
            "90th": [
                0.9233226837060703,
                0.9657534246575342
            ],
            "95th": [
                0.9193523342015628,
                0.9688503061553335
            ],
            "99th": [
                0.9093898096151212,
                0.9746035764516777
            ],
            "mean": 0.9450730004655183,
            "median": 0.9453924914675768
        },
        "producer_accuracy": {
            "90th": [
                92.33226837060703,
                96.57534246575342
            ],
            "95th": [
                91.93523342015628,
                96.88503061553335
            ],
            "99th": [
                90.93898096151212,
                97.46035764516776
            ],
            "mean": 94.50730004655182,
            "median": 94.53924914675767
        },
        "recall": {
            "90th": [
                0.9503311258278145,
                0.9833361018826134
            ],
            "95th": [
                0.9468049645390071,
                0.9863492837408001
            ],
            "99th": [
                0.9383056644613248,
                0.9901319014447885
            ],
            "mean": 0.967337947852284,
            "median": 0.9676375404530745
        },
        "support": {
            "90th": [
                283.0,
                323.0
            ],
            "95th": [
                279.0,
                327.02499999999986
            ],
            "99th": [
                270.0,
                336.0
            ],
            "mean": 303.27,
            "median": 303.0
        },
        "user_accuracy": {
            "90th": [
                95.03311258278146,
                98.33361018826135
            ],
            "95th": [
                94.68049645390072,
                98.63492837408
            ],
            "99th": [
                93.8305664461325,
                99.01319014447886
            ],
            "mean": 96.7337947852284,
            "median": 96.76375404530745
        }
    },
    "accuracy": {
        "90th": [
            0.9416666666666667,
            0.9683333333333334
        ],
        "95th": [
            0.9383333333333334,
            0.9716666666666667
        ],
        "99th": [
            0.9316666666666666,
            0.9750083333333331
        ],
        "mean": 0.9550633333333333,
        "median": 0.955
    },
    "cohen_kappa": {
        "90th": [
            0.8828454495398881,
            0.9366457597540071
        ],
        "95th": [
            0.8764054702031736,
            0.9431818181818181
        ],
        "99th": [
            0.8633269247220902,
            0.9500189519082725
        ],
        "mean": 0.9099557921830544,
        "median": 0.9099939995999733
    },
    "macro avg": {
        "f1-score": {
            "90th": [
                0.9414178547252042,
                0.9683184606106756
            ],
            "95th": [
                0.9381884193486199,
                0.9715908299655469
            ],
            "99th": [
                0.9316616017355804,
                0.9750077434025857
            ],
            "mean": 0.9549675162087863,
            "median": 0.9549898727213623
        },
        "precision": {
            "90th": [
                0.9416028648608366,
                0.9686874946826876
            ],
            "95th": [
                0.9387647718187313,
                0.9715121136173768
            ],
            "99th": [
                0.9324805160054539,
                0.9753591836207673
            ],
            "mean": 0.955422320075819,
            "median": 0.9557225358228006
        },
        "recall": {
            "90th": [
                0.9412043721582346,
                0.9684114330934821
            ],
            "95th": [
                0.9378273779735095,
                0.9714586274749586
            ],
            "99th": [
                0.9314429940586327,
                0.9754943426279438
            ],
            "mean": 0.9549295679712048,
            "median": 0.9550570848602419
        }
    },
    "weighted avg": {
        "f1-score": {
            "90th": [
                0.9416219503977425,
                0.9683341515627275
            ],
            "95th": [
                0.9382909412024196,
                0.9716594106791206
            ],
            "99th": [
                0.9316635988272021,
                0.9750184251102334
            ],
            "mean": 0.955050642035039,
            "median": 0.9549992499770819
        },
        "precision": {
            "90th": [
                0.9417700463957097,
                0.9686133461968978
            ],
            "95th": [
                0.9387149530847871,
                0.9716773215240812
            ],
            "99th": [
                0.9324461458993502,
                0.9752929983572511
            ],