{
    "Mangrove": {
        "f1-score": {
            "90th": [
                0.8888888888888888,
                0.920665636237037
            ],
            "95th": [
                0.8859806918178056,
                0.9237948521092615
            ],
            "99th": [
                0.8804535273619023,
                0.9290337569871654
            ],
            "mean": 0.9051112714965784,
            "median": 0.9051566853696706
        },
        "precision": {
            "90th": [
                0.9394472006482387,
                0.9703398204595699
            ],
            "95th": [
                0.9362517991904636,
                0.9729167674081238
            ],
            "99th": [
                0.9291317734977629,
                0.9773202847726888
            ],
            "mean": 0.9552427978733878,
            "median": 0.9556451612903226
        },
        "producer_accuracy": {
            "90th": [
                93.94472006482387,
                97.03398204595699
            ],
            "95th": [
                93.62517991904636,
                97.29167674081238
            ],
            "99th": [
                92.91317734977629,
                97.73202847726888
            ],
            "mean": 95.52427978733877,
            "median": 95.56451612903226
        },
        "recall": {
            "90th": [
                0.8351628658080271,
                0.8837650270681123
            ],
            "95th": [
                0.8304745373008456,
                0.8886861313868614
            ],
            "99th": [
                0.8219792315014829,
                0.899321710378225
            ],
            "mean": 0.8601250012430071,
            "median": 0.8601769911504424
        },
        "support": {
            "90th": [
                530.0,
                583.0
            ],
            "95th": [
                524.975,
                588.0
            ],
            "99th": [
                514.995,
                598.0
            ],
            "mean": 557.449,
            "median": 558.0
        },
        "user_accuracy": {
            "90th": [
                83.51628658080271,
                88.37650270681124
            ],
            "95th": [
                83.04745373008456,
                88.86861313868614
            ],
            "99th": [
                82.19792315014828,
                89.9321710378225
            ],
            "mean": 86.01250012430071,
            "median": 86.01769911504424
        }
    },
    "Other": {
        "f1-score": {
            "90th": [
                0.8743047830923247,
                0.9105866717377508
            ],
            "95th": [
                0.8706353424326609,
                0.9137931034482759
            ],
            "99th": [
                0.8649224472210254,
                0.9199239427738469
            ],
            "mean": 0.8930986831997795,
            "median": 0.8935467226142175
        },
        "precision": {
            "90th": [
                0.8151647831608921,
                0.8694782608695651
            ],
            "95th": [
                0.8095214706707831,
                0.8752661334804192
            ],
            "99th": [
                0.8003819577735125,
                0.8842843081108167
            ],
            "mean": 0.843425638122443,
            "median": 0.8439637337697427
        },
        "producer_accuracy": {
            "90th": [
                81.51647831608922,
                86.94782608695652
            ],
            "95th": [
                80.9521470670783,
                87.52661334804192
            ],
            "99th": [
                80.03819577735125,
                88.42843081108167
            ],
            "mean": 84.3425638122443,
            "median": 84.39637337697425
        },
        "recall": {
            "90th": [
                0.9311888470003704,
                0.9663746862059347
            ],
            "95th": [
                0.927765237020316,
                0.9694323144104804
            ],
            "99th": [
                0.9208790418214878,
                0.9741790320797016
            ],
            "mean": 0.9492192235507514,
            "median": 0.9496567505720824
        },
        "support": {
            "90th": [
                417.0,
                470.0
            ],
            "95th": [
                412.0,
                475.02499999999986
            ],
            "99th": [
                402.0,
                485.0049999999999
            ],
            "mean": 442.551,
            "median": 442.0
        },
        "user_accuracy": {
            "90th": [
                93.11888470003704,
                96.63746862059347
            ],
            "95th": [
                92.7765237020316,
                96.94323144104804
            ],
            "99th": [
                92.08790418214879,
                97.41790320797016
            ],
            "mean": 94.92192235507514,
            "median": 94.96567505720824
        }
    },
    "accuracy": {
        "90th": [
            0.883,
            0.915
        ],
        "95th": [
            0.88,
            0.9180249999999999
        ],
        "99th": [
            0.874,
            0.924
        ],
        "mean": 0.899558,
        "median": 0.9
    },
    "cohen_kappa": {
        "90th": [
            0.7665944371678,
            0.8300377994611731
        ],
        "95th": [
            0.7605143187911406,
            0.8364562286384131
        ],
        "99th": [
            0.7489924890637081,
            0.8481124544965788
        ],
        "mean": 0.7988629239737418,
        "median": 0.7989464795496062
    },
    "macro avg": {
        "f1-score": {
            "90th": [
                0.8827120515660272,
                0.9147815487285939
            ],
            "95th": [
                0.8798217756510405,
                0.9180119628044632
            ],
            "99th": [
                0.8737323120984383,
                0.9239221875916508
            ],
            "mean": 0.8991049773481788,
            "median": 0.8991085229084188
        },
        "precision": {
            "90th": [
                0.8830899118581067,
                0.9147803570530286
            ],
            "95th": [
                0.879919895312217,
                0.9182406316783167
            ],
            "99th": [
                0.8746267652686928,
                0.9240004784819138
            ],
            "mean": 0.8993342179979154,
            "median": 0.8995002854879188
        },
        "recall": {
            "90th": [
                0.8892915411767548,
                0.9196430162015805
            ],
            "95th": [
                0.8864690006710374,
                0.9221686986379906
            ],
            "99th": [
                0.8815818419992317,
                0.9286159099275091
            ],
            "mean": 0.9046721123968792,
            "median": 0.9047588018187381
        }
    },
    "weighted avg": {
        "f1-score": {
            "90th": [
                0.8836284246679194,
                0.9153863341494135
            ],
            "95th": [
                0.8805025253945037,
                0.9182825518311423
            ],
            "99th": [
                0.874452965060987,
                0.9242747662906212
            ],
            "mean": 0.8998942963669215,
            "median": 0.9001576441324475
        },
        "precision": {
            "90th": [
                0.8913474653392544,
                0.9203886011348447
            ],
            "95th": [
                0.8885793434733922,
                0.9229602639289589
            ],
            "99th": [
                0.8837717747030495,
                0.9285948999108276
            ],
            "mean": 0.9059396091309655,