overall accuracy,0.955
cohen kappa,0.9099559784783672
""
Confidence Interval,90%,95%,98%,99%
Overall Accuracy,0.013879574921444824,0.01658778466221455,0.019719152174979538,0.021834941034955885
""
class,f1-score,precision,recall,support
Mangrove,0.9538461538461539,0.9653979238754326,0.9425675675675675,296
Other,0.9560975609756098,0.9453376205787781,0.9671052631578947,304
""
macro avg,0.9549718574108819,0.9553677722271053,0.9548364153627311,600
weighted (pixel) avg,0.9549868667917449,0.9552340368717944,0.955,600
""
Confidence Interval,90%,95%,98%,99%
Mangrove,0.01763190290237376,0.02107227420039791,0.025050203513738333,0.0277379935903197
Other,0.021139825126515712,0.02526466905364073,0.030034019844379034,0.033256554162445454
""
Point Count Confusion Matrix
,Mangrove,Other,User Acc
Mangrove,279,17,94.25675675675676
Other,10,294,96.71052631578947
Producer,96.53979238754326,94.53376205787781
""
