{
    "Mangrove": {
        "f1-score": 0.9396110542476971,
        "precision": 0.95625,
        "recall": 0.9235412474849095,
        "support": 497
    },
    "Other": {
        "f1-score": 0.9423264907135875,
        "precision": 0.926923076923077,
        "recall": 0.9582504970178927,
        "support": 503
    },
    "accuracy": 0.941,
    "accuracy_conf_interval": [
        0.01221981597242774,
        0.014604170308511202,
        0.017361080009607704,
        0.019223856834672908
    ],
    "cls_confidence_intervals": {
        "Mangrove": [
            0.015310803477446887,
            0.018298277326704818,
            0.0217525439649093,
            0.024086507909642056
        ],
        "Other": [
            0.018717771877795313,
            0.02237002004907245,
            0.026592931997111637,
            0.029446250880921895
        ]
    },
    "cohen_kappa": 0.8819716732015683,
    "confusion_matrix": [
        [
            459,
            38
        ],
        [
            21,
            482
        ]
    ],
    "macro avg": {
        "f1-score": 0.9409687724806424,
        "precision": 0.9415865384615385,
        "recall": 0.9408958722514011,
        "support": 1000
    },
    "producer_accuracy": [
        95.625,
        92.6923076923077
    ],
    "user_accuracy": [
        92.35412474849095,
        95.82504970178927
    ],
    "weighted avg": {
        "f1-score": 0.9409769187900399,
        "precision": 0.9414985576923077,
        "recall": 0.941,
        "support": 1000
    }
}