overall accuracy,0.93
cohen kappa,0.8596397420044781
""
Confidence Interval,90%,95%,98%,99%
Overall Accuracy,0.017082786657919714,0.02041601332287966,0.024270056654239598,0.026874139986239554
""
class,f1-score,precision,recall,support
Mangrove,0.926056338028169,0.942652329749104,0.9100346020761245,289
Other,0.9335443037974684,0.9190031152647975,0.9485530546623794,311
""
macro avg,0.9298003209128187,0.9308277225069508,0.929293828369252,600
weighted (pixel) avg,0.9299376002852558,0.9303941535747384,0.93,600
""
Confidence Interval,90%,95%,98%,99%
Mangrove,0.022828396585625806,0.02728271787062596,0.0324330268564074,0.03591296536031377
Other,0.0249737627384101,0.02984669205322183,0.03548101657347289,0.039287992600669557
""
Point Count Confusion Matrix
,Mangrove,Other,User Acc
Mangrove,263,26,91.00346020761245
Other,16,295,94.85530546623794
Producer,94.26523297491039,91.90031152647975
""
