{
    "Mangrove": {
        "f1-score": 0.9531502423263327,
        "precision": 0.9833333333333333,
        "recall": 0.9247648902821317,
        "support": 319
    },
    "Other": {
        "f1-score": 0.9500860585197934,
        "precision": 0.92,
        "recall": 0.9822064056939501,
        "support": 281
    },
    "accuracy": 0.9516666666666667,
    "accuracy_conf_interval": [
        0.0143593250125072,
        0.01716114452714275,
        0.02040074834094011,
        0.02258966983674913
    ],
    "cls_confidence_intervals": {
        "Mangrove": [
            0.012121544944925637,
            0.014486724446374543,
            0.01722146324492484,
            0.019069259730431797
        ],
        "Other": [
            0.025687517072175987,
            0.0306997155252835,
            0.03649506998668906,
            0.040410850028179304
        ]
    },
    "cohen_kappa": 0.9033333333333333,
    "confusion_matrix": [
        [
            295,
            24
        ],
        [
            5,
            276
        ]
    ],
    "macro avg": {
        "f1-score": 0.9516181504230631,
        "precision": 0.9516666666666667,
        "recall": 0.9534856479880409,
        "support": 600
    },
    "producer_accuracy": [
        98.33333333333333,
        92.0
    ],
    "user_accuracy": [
        92.47648902821317,
        98.22064056939502
    ],
    "weighted avg": {
        "f1-score": 0.95171518291027,
        "precision": 0.9536722222222223,
        "recall": 0.9516666666666667,
        "support": 600
    }
}