{
    "Mangrove": {
        "f1-score": 0.9356521739130435,
        "precision": 0.911864406779661,
        "recall": 0.9607142857142857,
        "support": 280
    },
    "Other": {
        "f1-score": 0.9408,
        "precision": 0.9639344262295082,
        "recall": 0.91875,
        "support": 320
    },
    "accuracy": 0.9383333333333334,
    "accuracy_conf_interval": [
        0.016105419147787674,
        0.0192479399571121,
        0.022881479642893467,
        0.025336574025178173
    ],
    "cls_confidence_intervals": {
        "Mangrove": [
            0.027069088879575223,
            0.032350862319492336,
            0.03845791285939651,
            0.04258429835933176
        ],
        "Other": [
            0.017509111034226622,
            0.020925522943344012,
            0.024875749213260998,
            0.02754482101725896
        ]
    },
    "cohen_kappa": 0.8765294771968855,
    "confusion_matrix": [
        [
            269,
            11
        ],
        [
            26,
            294
        ]
    ],
    "macro avg": {
        "f1-score": 0.9382260869565218,
        "precision": 0.9378994165045846,
        "recall": 0.9397321428571428,
        "support": 600
    },
    "producer_accuracy": [
        91.18644067796609,
        96.39344262295081
    ],
    "user_accuracy": [
        96.07142857142857,
        91.875
    ],
    "weighted avg": {
        "f1-score": 0.9383976811594201,
        "precision": 0.9396350838195796,
        "recall": 0.9383333333333334,
        "support": 600
    }
}