{
    "Mangrove": {
        "f1-score": 0.9428868120456905,
        "precision": 0.924643584521385,
        "recall": 0.961864406779661,
        "support": 472
    },
    "Other": {
        "f1-score": 0.9469623915139826,
        "precision": 0.9646365422396856,
        "recall": 0.9299242424242424,
        "support": 528
    },
    "accuracy": 0.945,
    "accuracy_conf_interval": [
        0.011823365003246752,
        0.014130363052660754,
        0.016797829547295695,
        0.01860017177340038
    ],
    "cls_confidence_intervals": {
        "Mangrove": [
            0.019536663592553287,
            0.02334869551305149,
            0.027756357421127534,
            0.030734507359016755
        ],
        "Other": [
            0.013425923650868095,
            0.016045616070549676,
            0.0190746354308065,
            0.021121270133682736
        ]
    },
    "cohen_kappa": 0.8898890081201851,
    "confusion_matrix": [
        [
            454,
            18
        ],
        [
            37,
            491
        ]
    ],
    "macro avg": {
        "f1-score": 0.9449246017798365,
        "precision": 0.9446400633805353,
        "recall": 0.9458943246019518,
        "support": 1000
    },
    "producer_accuracy": [
        92.4643584521385,
        96.46365422396856
    ],
    "user_accuracy": [
        96.1864406779661,
        92.99242424242425
    ],
    "weighted avg": {
        "f1-score": 0.9450387180049487,
        "precision": 0.9457598661966476,
        "recall": 0.945,
        "support": 1000
    }
}