{
    "Mangrove": {
        "f1-score": {
            "90th": [
                0.8841433465906368,
                0.9168243794173891
            ],
            "95th": [
                0.8809766022380467,
                0.9196078431372549
            ],
            "99th": [
                0.8755019683476991,
                0.9242746528964556
            ],
            "mean": 0.9009108039109701,
            "median": 0.9009708737864077
        },
        "precision": {
            "90th": [
                0.843508089212889,
                0.8922004314438444
            ],
            "95th": [
                0.8379888268156425,
                0.8964209582334867
            ],
            "99th": [
                0.8300386664375322,
                0.902672960053361
            ],
            "mean": 0.8685493937919393,
            "median": 0.8691588785046729
        },
        "producer_accuracy": {
            "90th": [
                84.3508089212889,
                89.22004314438445
            ],
            "95th": [
                83.79888268156425,
                89.64209582334867
            ],
            "99th": [
                83.00386664375321,
                90.2672960053361
            ],
            "mean": 86.85493937919392,
            "median": 86.91588785046729
        },
        "recall": {
            "90th": [
                0.9179984375,
                0.9534002201171338
            ],
            "95th": [
                0.9149787071412973,
                0.9564271282510237
            ],
            "99th": [
                0.9068804026698764,
                0.9632657899366643
            ],
            "mean": 0.9359739661834952,
            "median": 0.936127744510978
        },
        "support": {
            "90th": [
                470.0,
                523.0
            ],
            "95th": [
                464.0,
                527.0
            ],
            "99th": [
                454.995,
                535.0
            ],
            "mean": 495.8595,
            "median": 496.0
        },
        "user_accuracy": {
            "90th": [
                91.79984375,
                95.34002201171337
            ],
            "95th": [
                91.49787071412972,
                95.64271282510238
            ],
            "99th": [
                90.68804026698764,
                96.32657899366643
            ],
            "mean": 93.5973966183495,
            "median": 93.6127744510978
        }
    },
    "Other": {
        "f1-score": {
            "90th": [
                0.8773784355179703,
                0.911580404685836
            ],
            "95th": [
                0.8743258077809077,
                0.9146979994454072
            ],
            "99th": [
                0.8675696356366418,
                0.9198450855665283
            ],
            "mean": 0.8947446873525833,
            "median": 0.8949537390713862
        },
        "precision": {
            "90th": [
                0.912570617607931,
                0.9505177806092899
            ],
            "95th": [
                0.909086093990755,
                0.9544536984754376
            ],
            "99th": [
                0.901466746662253,
                0.9603541542427332
            ],
            "mean": 0.9318183356014967,
            "median": 0.9317697228144989
        },
        "producer_accuracy": {
            "90th": [
                91.2570617607931,
                95.05177806092898
            ],
            "95th": [
                90.9086093990755,
                95.44536984754376
            ],
            "99th": [
                90.14667466622531,
                96.03541542427331
            ],
            "mean": 93.18183356014967,
            "median": 93.17697228144989
        },
        "recall": {
            "90th": [
                0.8346434238495853,
                0.885883425843126
            ],
            "95th": [
                0.8296593186372746,
                0.8901966654925443
            ],
            "99th": [
                0.8212795053732718,
                0.8984712198164483
            ],
            "mean": 0.8606945542020473,
            "median": 0.8607350096711799
        },
        "support": {
            "90th": [
                477.0,
                530.0
            ],
            "95th": [
                473.0,
                536.0
            ],
            "99th": [
                465.0,
                545.0049999999999
            ],
            "mean": 504.1405,
            "median": 504.0
        },
        "user_accuracy": {
            "90th": [
                83.46434238495853,
                88.5883425843126
            ],
            "95th": [
                82.96593186372746,
                89.01966654925442
            ],
            "99th": [
                82.12795053732718,
                89.84712198164483
            ],
            "mean": 86.06945542020473,
            "median": 86.073500967118
        }
    },
    "accuracy": {
        "90th": [
            0.882,
            0.914
        ],
        "95th": [
            0.879,
            0.917
        ],
        "99th": [
            0.873995,
            0.922
        ],
        "mean": 0.8980125,
        "median": 0.898
    },
    "cohen_kappa": {
        "90th": [
            0.764378925747068,
            0.8272308629388557
        ],
        "95th": [
            0.7585658726757794,
            0.8335234422357118
        ],
        "99th": [
            0.7465696307122598,
            0.8440895423272277
        ],
        "mean": 0.7959856598873438,
        "median": 0.7960399761646717
    },
    "macro avg": {
        "f1-score": {
            "90th": [
                0.8819761118731632,
                0.913479918991472
            ],
            "95th": [
                0.8789901982060546,
                0.9166914574953003
            ],
            "99th": [
                0.8730597853077996,
                0.9219300865192651
            ],
            "mean": 0.8978277456317767,
            "median": 0.897908117305575
        },
        "precision": {
            "90th": [
                0.8847973971892488,
                0.91564095605259
            ],
            "95th": [
                0.8816329810295553,
                0.918471360346084
            ],
            "99th": [
                0.8766531983472463,
                0.9225782678371754
            ],
            "mean": 0.900183864696718,
            "median": 0.9000842833217647
        },
        "recall": {
            "90th": [
                0.8824445798577241,
                0.9138613842885095
            ],
            "95th": [
                0.8799283235562325,
                0.9164748179859924
            ],
            "99th": [
                0.8742313623685294,
                0.922228903157091
            ],
            "mean": 0.8983342601927713,
            "median": 0.898304086064692
        }
    },
    "weighted avg": {
        "f1-score": {
            "90th": [
                0.881956998828963,
                0.913735194722947
            ],
            "95th": [
                0.8789647509283607,
                0.9168672438572592
            ],
            "99th": [
                0.8735377723518966,
                0.9218974437961898
            ],
            "mean": 0.8978936809958064,
            "median": 0.8978964584286001
        },
        "precision": {
            "90th": [
                0.8852432460553075,
                0.9159300735412261
            ],
            "95th": [
                0.882556285537809,
                0.9183098102629107
            ],
            "99th": [
                0.8776393443516509,
                0.9235077914218854
            ],
            "mean": 0.9006347774014348,
            "median": 0.9006822259807412
        },