{
    "Mangrove": {
        "f1-score": 0.9584980237154149,
        "precision": 0.9719438877755511,
        "recall": 0.9454191033138402,
        "support": 513
    },
    "Other": {
        "f1-score": 0.9574898785425101,
        "precision": 0.9441117764471058,
        "recall": 0.971252566735113,
        "support": 487
    },
    "accuracy": 0.958,
    "accuracy_conf_interval": [
        0.010402823924300558,
        0.012432643226603108,
        0.01477962179489043,
        0.016365418124814294
    ],
    "cls_confidence_intervals": {
        "Mangrove": [
            0.012123497207192984,
            0.014489057637864787,
            0.01722423688582906,
            0.019072330972291406
        ],
        "Other": [
            0.016830493299945265,
            0.02011449199261751,
            0.023911615481019798,
            0.026477239459669993
        ]
    },
    "cohen_kappa": 0.9160043677728757,
    "confusion_matrix": [
        [
            485,
            28
        ],
        [
            14,
            473
        ]
    ],
    "macro avg": {
        "f1-score": 0.9579939511289626,
        "precision": 0.9580278321113285,
        "recall": 0.9583358350244766,
        "support": 1000
    },
    "producer_accuracy": [
        97.1943887775551,
        94.41117764471058
    ],
    "user_accuracy": [
        94.54191033138402,
        97.1252566735113
    ],
    "weighted avg": {
        "f1-score": 0.9580070570162103,
        "precision": 0.9583896495585982,
        "recall": 0.958,
        "support": 1000
    }
}