{
    "Mangrove": {
        "f1-score": 0.9709127382146439,
        "precision": 0.9777777777777777,
        "recall": 0.9641434262948207,
        "support": 502
    },
    "Other": {
        "f1-score": 0.971086739780658,
        "precision": 0.9643564356435643,
        "recall": 0.9779116465863453,
        "support": 498
    },
    "accuracy": 0.971,
    "accuracy_conf_interval": [
        0.008702668923956608,
        0.010400750665216434,
        0.012364157678548107,
        0.013690784038907347
    ],
    "cls_confidence_intervals": {
        "Mangrove": [
            0.010865634023998984,
            0.012985757735998787,
            0.01543715077799856,
            0.017093497427998403
        ],
        "Other": [
            0.013530302740003712,
            0.016170361811223947,
            0.01922293011232235,
            0.02128547626171316
        ]
    },
    "cohen_kappa": 0.9420023199072037,
    "confusion_matrix": [
        [
            484,
            18
        ],
        [
            11,
            487
        ]
    ],
    "macro avg": {
        "f1-score": 0.9709997389976509,
        "precision": 0.9710671067106711,
        "recall": 0.971027536440583,
        "support": 1000
    },
    "producer_accuracy": [
        97.77777777777777,
        96.43564356435644
    ],
    "user_accuracy": [
        96.41434262948208,
        97.79116465863453
    ],
    "weighted avg": {
        "f1-score": 0.9709993909945189,
        "precision": 0.9710939493949395,
        "recall": 0.971,
        "support": 1000
    }
}