overall accuracy,0.957
cohen kappa,0.9139214964047211
""
Confidence Interval,90%,95%,98%,99%
Overall Accuracy,0.010520443412708424,0.012573212859090556,0.014946727531469896,0.01655045366145594
""
class,f1-score,precision,recall,support
Mangrove,0.95562435500516,0.9487704918032787,0.9625779625779626,481
Other,0.9582929194956353,0.96484375,0.9518304431599229,519
""
macro avg,0.9569586372503976,0.9568071209016393,0.9572042028689427,1000
weighted (pixel) avg,0.9570093399757167,0.957112512807377,0.957,1000
""
Confidence Interval,90%,95%,98%,99%
Mangrove,0.016367208500409992,0.019560810159026575,0.023253412076802003,0.02574841337259621
Other,0.01334868957431554,0.01595331193027955,0.018964906529362936,0.020999767744959815
""
Point Count Confusion Matrix
,Mangrove,Other,User Acc
Mangrove,463,18,96.25779625779626
Other,25,494,95.18304431599229
Producer,94.87704918032787,96.484375
""
