{
    "Mangrove": {
        "f1-score": 0.9195402298850575,
        "precision": 0.944206008583691,
        "recall": 0.8961303462321792,
        "support": 491
    },
    "Other": {
        "f1-score": 0.9261744966442954,
        "precision": 0.9044943820224719,
        "recall": 0.9489194499017681,
        "support": 509
    },
    "accuracy": 0.923,
    "accuracy_conf_interval": [
        0.013825793344325666,
        0.016523509118828238,
        0.019642742983096834,
        0.021750333431926967
    ],
    "cls_confidence_intervals": {
        "Mangrove": [
            0.017437249643154056,
            0.020839639817428018,
            0.024773653456432287,
            0.02743177078008382
        ],
        "Other": [
            0.020858862243059332,
            0.02492888414414408,
            0.02963484696727332,
            0.03281455157749578
        ]
    },
    "cohen_kappa": 0.8458112729981497,
    "confusion_matrix": [
        [
            440,
            51
        ],
        [
            26,
            483
        ]
    ],
    "macro avg": {
        "f1-score": 0.9228573632646764,
        "precision": 0.9243501953030815,
        "recall": 0.9225248980669737,
        "support": 1000
    },
    "producer_accuracy": [
        94.4206008583691,
        90.4494382022472
    ],
    "user_accuracy": [
        89.61303462321793,
        94.89194499017681
    ],
    "weighted avg": {
        "f1-score": 0.9229170716655096,
        "precision": 0.9239927906640305,
        "recall": 0.923,
        "support": 1000
    }
}