overall accuracy,0.965
cohen kappa,0.9299626467449307
""
Confidence Interval,90%,95%,98%,99%
Overall Accuracy,0.012304554712246469,0.014705443436587244,0.017481471024106264,0.019357165339997495
""
class,f1-score,precision,recall,support
Mangrove,0.963855421686747,0.9427609427609428,0.9859154929577465,284
Other,0.9660743134087237,0.9867986798679867,0.9462025316455697,316
""
macro avg,0.9649648675477354,0.9647798113144648,0.9660590123016581,600
weighted (pixel) avg,0.9650240379936547,0.9659541509706525,0.965,600
""
Confidence Interval,90%,95%,98%,99%
Mangrove,0.02210612647626325,0.026419517008217056,0.031406874810788646,0.03477671116387755
Other,0.010753392431455712,0.012851615344910486,0.01527768558859257,0.01691692223972911
""
Point Count Confusion Matrix
,Mangrove,Other,User Acc
Mangrove,280,4,98.59154929577466
Other,17,299,94.62025316455697
Producer,94.27609427609428,98.67986798679867
""
