{
    "Mangrove": {
        "f1-score": {
            "90th": [
                0.9387755102040817,
                0.9675329693490435
            ],
            "95th": [
                0.9361003539118555,
                0.9699842022116903
            ],
            "99th": [
                0.9299139432243957,
                0.9752887846914204
            ],
            "mean": 0.9531918890003614,
            "median": 0.9532710280373832
        },
        "precision": {
            "90th": [
                0.9840764331210191,
                1.0
            ],
            "95th": [
                0.9828163881976537,
                1.0
            ],
            "99th": [
                0.9791655701754386,
                1.0
            ],
            "mean": 0.993238543805064,
            "median": 0.9933774834437086
        },
        "producer_accuracy": {
            "90th": [
                98.40764331210191,
                100.0
            ],
            "95th": [
                98.28163881976536,
                100.0
            ],
            "99th": [
                97.91655701754385,
                100.0
            ],
            "mean": 99.3238543805064,
            "median": 99.33774834437085
        },
        "recall": {
            "90th": [
                0.8917951580977517,
                0.9413680781758957
            ],
            "95th": [
                0.886428294103373,
                0.9467084639498433
            ],
            "99th": [
                0.8770162386779266,
                0.9569241758241758
            ],
            "mean": 0.9163821730401536,
            "median": 0.9164179104477612
        },
        "support": {
            "90th": [
                302.0,
                342.0
            ],
            "95th": [
                299.0,
                346.0
            ],
            "99th": [
                292.0,
                351.0049999999999
            ],
            "mean": 322.5945,
            "median": 323.0
        },
        "user_accuracy": {
            "90th": [
                89.17951580977515,
                94.13680781758957
            ],
            "95th": [
                88.6428294103373,
                94.67084639498434
            ],
            "99th": [
                87.70162386779265,
                95.69241758241758
            ],
            "mean": 91.63821730401536,
            "median": 91.64179104477613
        }
    },
    "Other": {
        "f1-score": {
            "90th": [
                0.9348210671200713,
                0.9652946895822013
            ],
            "95th": [
                0.9311594202898551,
                0.9678512509064541
            ],
            "99th": [
                0.9239331088166491,
                0.9740950296140028
            ],
            "mean": 0.949927433714204,
            "median": 0.9501661129568106
        },
        "precision": {
            "90th": [
                0.8840986144700856,
                0.9378978135876777
            ],
            "95th": [
                0.8787824675324676,
                0.9433962264150944
            ],
            "99th": [
                0.8690025158352906,
                0.9523864894795125
            ],
            "mean": 0.91080178478495,
            "median": 0.9108910891089109
        },
        "producer_accuracy": {
            "90th": [
                88.40986144700857,
                93.78978135876777
            ],
            "95th": [
                87.87824675324676,
                94.33962264150944
            ],
            "99th": [
                86.90025158352907,
                95.23864894795125
            ],
            "mean": 91.08017847849499,
            "median": 91.0891089108911
        },
        "recall": {
            "90th": [
                0.9828089203894615,
                1.0
            ],
            "95th": [
                0.9812716482216778,
                1.0
            ],
            "99th": [
                0.9776947511513067,
                1.0
            ],
            "mean": 0.9927429303717242,
            "median": 0.9929078014184397
        },
        "support": {
            "90th": [
                258.0,
                298.0
            ],
            "95th": [
                254.0,
                301.0
            ],
            "99th": [
                248.995,
                308.0
            ],
            "mean": 277.4055,
            "median": 277.0
        },
        "user_accuracy": {
            "90th": [
                98.28089203894615,
                100.0
            ],
            "95th": [
                98.12716482216777,
                100.0
            ],
            "99th": [
                97.76947511513067,
                100.0
            ],
            "mean": 99.27429303717243,
            "median": 99.29078014184397
        }
    },
    "accuracy": {
        "90th": [
            0.9383333333333334,
            0.9666666666666667
        ],
        "95th": [
            0.935,
            0.9683333333333334
        ],
        "99th": [
            0.9283333333333333,
            0.975
        ],
        "mean": 0.9516924999999999,
        "median": 0.9516666666666667
    },
    "cohen_kappa": {
        "90th": [
            0.8758620049295631,
            0.933228575157628
        ],
        "95th": [
            0.8699452229442488,
            0.9366922007849312
        ],
        "99th": [
            0.8571893999292652,
            0.9499701709620879
        ],
        "mean": 0.9033055303602777,
        "median": 0.9033827153103122
    },
    "macro avg": {
        "f1-score": {
            "90th": [
                0.937720010544013,
                0.966584166069867
            ],
            "95th": [
                0.9347496897177069,
                0.9683186542636549
            ],
            "99th": [
                0.9283170612491416,
                0.9749694320430545
            ],
            "mean": 0.9515596613572828,
            "median": 0.9516127680686148
        },
        "precision": {
            "90th": [
                0.9382994548786401,
                0.9663798480410064
            ],
            "95th": [
                0.9348164497279484,
                0.9686481514007784
            ],
            "99th": [
                0.929003239727937,
                0.9747491526561293
            ],
            "mean": 0.9520201642950069,
            "median": 0.9520794555154899
        },
        "recall": {
            "90th": [
                0.9412568907741529,
                0.9681481022916573
            ],
            "95th": [
                0.9387013773377091,
                0.9706813794452044
            ],
            "99th": [
                0.9335362439747867,
                0.9755302151816514
            ],
            "mean": 0.9545625517059388,
            "median": 0.9545454545454546
        }
    },
    "weighted avg": {
        "f1-score": {
            "90th": [
                0.9383028746047464,
                0.966673333648164
            ],
            "95th": [
                0.9350277081555195,
                0.9683886534544777
            ],
            "99th": [
                0.9285920144937635,
                0.9749973318807126
            ],
            "mean": 0.9517623524750847,
            "median": 0.9517434627400075
        },
        "precision": {
            "90th": [
                0.9429929655219129,
                0.9681640002936305
            ],
            "95th": [
                0.9406523770014702,
                0.9703732294016699
            ],
            "99th": [
                0.9359066069438893,
                0.97591101331523
            ],
            "mean": 0.9552668751283823,
            "median": 0.9552664538546876
        },