{
    "Mangrove": {
        "f1-score": 0.9392799570123589,
        "precision": 0.9798206278026906,
        "recall": 0.9019607843137255,
        "support": 969
    },
    "Other": {
        "f1-score": 0.9350201265094883,
        "precision": 0.8953744493392071,
        "recall": 0.9783393501805054,
        "support": 831
    },
    "accuracy": 0.9372222222222222,
    "accuracy_conf_interval": [
        0.009376307751495495,
        0.011205831215201934,
        0.013321217720112502,
        0.014750532926133158
    ],
    "cls_confidence_intervals": {
        "Mangrove": [
            0.007721266374442179,
            0.009227854935308945,
            0.010969847958811146,
            0.012146870271988307
        ],
        "Other": [
            0.016657972880420455,
            0.019908309052209815,
            0.02366651025084126,
            0.026205835385051696
        ]
    },
    "cohen_kappa": 0.8745299499600272,
    "confusion_matrix": [
        [
            874,
            95
        ],
        [
            18,
            813
        ]
    ],
    "macro avg": {
        "f1-score": 0.9371500417609235,
        "precision": 0.9375975385709489,
        "recall": 0.9401500672471155,
        "support": 1800
    },
    "producer_accuracy": [
        97.98206278026906,
        89.53744493392071
    ],
    "user_accuracy": [
        90.19607843137256,
        97.83393501805054
    ],
    "weighted avg": {
        "f1-score": 0.9373133352635336,
        "precision": 0.9408346420787158,
        "recall": 0.9372222222222222,
        "support": 1800
    }
}