{
    "Mangrove": {
        "f1-score": {
            "90th": [
                0.9449898589149357,
                0.9666683484695593
            ],
            "95th": [
                0.9422471626411489,
                0.9688717971487156
            ],
            "99th": [
                0.9380892311302002,
                0.9720430751400425
            ],
            "mean": 0.9557949434741086,
            "median": 0.9559748427672956
        },
        "precision": {
            "90th": [
                0.932201747470766,
                0.9644272909190137
            ],
            "95th": [
                0.9287210672610127,
                0.9673086734693878
            ],
            "99th": [
                0.9212102272727273,
                0.9720561238038944
            ],
            "mean": 0.9490863665320671,
            "median": 0.949342413699509
        },
        "producer_accuracy": {
            "90th": [
                93.22017474707658,
                96.44272909190137
            ],
            "95th": [
                92.87210672610126,
                96.73086734693877
            ],
            "99th": [
                92.12102272727273,
                97.20561238038944
            ],
            "mean": 94.90863665320671,
            "median": 94.9342413699509
        },
        "recall": {
            "90th": [
                0.9480463137729949,
                0.9763948497854077
            ],
            "95th": [
                0.9453661464585834,
                0.9790356394129979
            ],
            "99th": [
                0.9377681958221288,
                0.9829431519539121
            ],
            "mean": 0.9626895203147625,
            "median": 0.9629629629629629
        },
        "support": {
            "90th": [
                456.0,
                507.0
            ],
            "95th": [
                451.0,
                512.0249999999999
            ],
            "99th": [
                441.0,
                521.0
            ],
            "mean": 481.11,
            "median": 481.0
        },
        "user_accuracy": {
            "90th": [
                94.80463137729949,
                97.63948497854076
            ],
            "95th": [
                94.53661464585834,
                97.9035639412998
            ],
            "99th": [
                93.77681958221288,
                98.2943151953912
            ],
            "mean": 96.26895203147625,
            "median": 96.29629629629629
        }
    },
    "Other": {
        "f1-score": {
            "90th": [
                0.9477907689872791,
                0.9687514782403028
            ],
            "95th": [
                0.9457198898659802,
                0.9707616560857396
            ],
            "99th": [
                0.940944798830526,
                0.9744570811275053
            ],
            "mean": 0.9584266457123322,
            "median": 0.9583736689254598
        },
        "precision": {
            "90th": [
                0.9507186858316222,
                0.9780898275684539
            ],
            "95th": [
                0.9480744219653179,
                0.980276134122288
            ],
            "99th": [
                0.9416313745575745,
                0.9838731815306767
            ],
            "mean": 0.9649212697705951,
            "median": 0.965183752417795
        },
        "producer_accuracy": {
            "90th": [
                95.07186858316223,
                97.80898275684538
            ],
            "95th": [
                94.8074421965318,
                98.0276134122288
            ],
            "99th": [
                94.16313745575745,
                98.38731815306768
            ],
            "mean": 96.49212697705953,
            "median": 96.5183752417795
        },
        "recall": {
            "90th": [
                0.9361565739225314,
                0.9668615984405458
            ],
            "95th": [
                0.9325831549848403,
                0.9694072657743786
            ],
            "99th": [
                0.9247104247104247,
                0.9738458903024446
            ],
            "mean": 0.9520971038627283,
            "median": 0.9524714828897338
        },
        "support": {
            "90th": [
                493.0,
                544.0
            ],
            "95th": [
                487.975,
                549.0
            ],
            "99th": [
                479.0,
                559.0
            ],
            "mean": 518.89,
            "median": 519.0
        },
        "user_accuracy": {
            "90th": [
                93.61565739225314,
                96.68615984405457
            ],
            "95th": [
                93.25831549848404,
                96.94072657743786
            ],
            "99th": [
                92.47104247104248,
                97.38458903024446
            ],
            "mean": 95.20971038627285,
            "median": 95.24714828897338
        }
    },
    "accuracy": {
        "90th": [
            0.947,
            0.968
        ],
        "95th": [
            0.944,
            0.97
        ],
        "99th": [
            0.94,
            0.973
        ],
        "mean": 0.957191,
        "median": 0.957
    },
    "cohen_kappa": {
        "90th": [
            0.8938206842149852,
            0.9357765918919981
        ],
        "95th": [
            0.8879855725389466,
            0.9398968446331619
        ],
        "99th": [
            0.8799768787361335,
            0.9459340350320595
        ],
        "mean": 0.9142297314363023,
        "median": 0.9139652419563733
    },
    "macro avg": {
        "f1-score": {
            "90th": [
                0.9469098419946572,
                0.9678851312078387
            ],
            "95th": [
                0.9439818501194388,
                0.9699473385607075
            ],
            "99th": [
                0.9399759375445875,
                0.9729669904499972
            ],
            "mean": 0.9571107945932203,
            "median": 0.9569791347970478
        },
        "precision": {
            "90th": [
                0.9467755280723312,
                0.9675499567463237
            ],
            "95th": [
                0.9440918992842682,
                0.9697459898539968
            ],
            "99th": [
                0.9400536921673157,
                0.9729123847839691
            ],
            "mean": 0.9570038181513312,
            "median": 0.9569460903917633
        },
        "recall": {
            "90th": [
                0.9470405030041651,
                0.9679874254291693
            ],
            "95th": [
                0.9447206016389356,
                0.9700245509246677
            ],
            "99th": [
                0.9400116580405832,
                0.97316543183581
            ],
            "mean": 0.9573933120887455,
            "median": 0.9572854420415853
        }
    },
    "weighted avg": {
        "f1-score": {
            "90th": [
                0.9470018232763169,
                0.968
            ],
            "95th": [
                0.9440428072547034,
                0.9700007230293898
            ],
            "99th": [
                0.9399999927998848,
                0.973003643816078
            ],
            "mean": 0.9572002774479824,
            "median": 0.9570117906007827
        },
        "precision": {
            "90th": [
                0.947046485042698,
                0.9680148920108604
            ],
            "95th": [
                0.9446541041379904,
                0.9700118966936453
            ],
            "99th": [
                0.940313216951684,
                0.9731029667933829
            ],
            "mean": 0.9573843250707095,
            "median": 0.9572036589337197
        },