{
    "Mangrove": {
        "f1-score": {
            "90th": [
                0.8365172496932325,
                0.8789237668161434
            ],
            "95th": [
                0.8320306693535916,
                0.8822921215145656
            ],
            "99th": [
                0.8250288238702203,
                0.8888888888888888
            ],
            "mean": 0.8578375628018463,
            "median": 0.8580750542894586
        },
        "precision": {
            "90th": [
                0.7329428826416778,
                0.7975290211627574
            ],
            "95th": [
                0.7274540038955455,
                0.8028176170846216
            ],
            "99th": [
                0.7159722072798996,
                0.8146739646978952
            ],
            "mean": 0.7648613156152498,
            "median": 0.7649364008321242
        },
        "producer_accuracy": {
            "90th": [
                73.29428826416778,
                79.75290211627573
            ],
            "95th": [
                72.74540038955455,
                80.28176170846216
            ],
            "99th": [
                71.59722072798995,
                81.46739646978953
            ],
            "mean": 76.48613156152499,
            "median": 76.49364008321243
        },
        "recall": {
            "90th": [
                0.9634464751958225,
                0.989013991473008
            ],
            "95th": [
                0.960834229253059,
                0.9905229997212155
            ],
            "99th": [
                0.9549053532674222,
                0.9947917343073592
            ],
            "mean": 0.9769174948690655,
            "median": 0.9773299748110831
        },
        "support": {
            "90th": [
                364.0,
                415.0
            ],
            "95th": [
                359.0,
                421.0
            ],
            "99th": [
                350.0,
                430.0
            ],
            "mean": 390.039,
            "median": 390.0
        },
        "user_accuracy": {
            "90th": [
                96.34464751958225,
                98.9013991473008
            ],
            "95th": [
                96.0834229253059,
                99.05229997212155
            ],
            "99th": [
                95.49053532674222,
                99.47917343073593
            ],
            "mean": 97.69174948690656,
            "median": 97.73299748110831
        }
    },
    "Other": {
        "f1-score": {
            "90th": [
                0.8696381380764596,
                0.9033989266547406
            ],
            "95th": [
                0.8659195390811605,
                0.9061379100086139
            ],
            "99th": [
                0.8585365380979392,
                0.912001717352415
            ],
            "mean": 0.8864518979937909,
            "median": 0.8866075192580385
        },
        "precision": {
            "90th": [
                0.9714838521966831,
                0.9917525773195877
            ],
            "95th": [
                0.9694652601794126,
                0.9924024011476483
            ],
            "99th": [
                0.9651376863176514,
                0.9959758551307847
            ],
            "mean": 0.9820639439042644,
            "median": 0.9823874755381604
        },
        "producer_accuracy": {
            "90th": [
                97.14838521966831,
                99.17525773195877
            ],
            "95th": [
                96.94652601794125,
                99.24024011476483
            ],
            "99th": [
                96.51376863176515,
                99.59758551307847
            ],
            "mean": 98.20639439042642,
            "median": 98.23874755381604
        },
        "recall": {
            "90th": [
                0.7814005861697128,
                0.8349399443149443
            ],
            "95th": [
                0.7759256223242323,
                0.8396087568137858
            ],
            "99th": [
                0.7638876262626262,
                0.8495300655457395
            ],
            "mean": 0.8079619112987239,
            "median": 0.8077571669477235
        },
        "support": {
            "90th": [
                585.0,
                636.0
            ],
            "95th": [
                579.0,
                641.0
            ],
            "99th": [
                570.0,
                650.0
            ],
            "mean": 609.961,
            "median": 610.0
        },
        "user_accuracy": {
            "90th": [
                78.14005861697127,
                83.49399443149444
            ],
            "95th": [
                77.59256223242323,
                83.96087568137858
            ],
            "99th": [
                76.38876262626262,
                84.95300655457395
            ],
            "mean": 80.79619112987238,
            "median": 80.77571669477234
        }
    },
    "accuracy": {
        "90th": [
            0.856,
            0.892
        ],
        "95th": [
            0.853,
            0.895
        ],
        "99th": [
            0.846,
            0.901005
        ],
        "mean": 0.8738605,
        "median": 0.874
    },
    "cohen_kappa": {
        "90th": [
            0.7128508075204586,
            0.782004532514474
        ],
        "95th": [
            0.7062166244056469,
            0.7886874442821494
        ],
        "99th": [
            0.6944774870061453,
            0.8005709213838647
        ],
        "mean": 0.7473553682168769,
        "median": 0.7471936190739095
    },
    "macro avg": {
        "f1-score": {
            "90th": [
                0.8541826632363904,
                0.8900114419215203
            ],
            "95th": [
                0.8509443691243536,
                0.8933346763180152
            ],
            "99th": [
                0.8447928760319917,
                0.8994839202953102
            ],
            "mean": 0.8721447303978185,
            "median": 0.8721604782433906
        },
        "precision": {
            "90th": [
                0.8569994813012295,
                0.8903269605259877
            ],
            "95th": [
                0.8536090976004747,
                0.8931357374625285
            ],
            "99th": [
                0.8478420137953555,
                0.8983442513541755
            ],
            "mean": 0.8734626297597572,
            "median": 0.8733437106284124
        },
        "recall": {
            "90th": [
                0.8780253510883438,
                0.9069806300153306
            ],
            "95th": [
                0.8743122843680354,
                0.9100596538628732
            ],
            "99th": [
                0.8698297487348252,
                0.9159328292210305
            ],
            "mean": 0.8924397030838948,
            "median": 0.8925397253492205
        }
    },
    "weighted avg": {
        "f1-score": {
            "90th": [
                0.8580686782064245,
                0.8926793864225028
            ],
            "95th": [
                0.8546613939781863,
                0.8962933695368208
            ],
            "99th": [
                0.8485085418924149,
                0.9021489048048674
            ],
            "mean": 0.8754170513003994,
            "median": 0.8752657417545353
        },
        "precision": {
            "90th": [
                0.885418644093096,
                0.9097081896998539
            ],
            "95th": [
                0.883113424083267,
                0.9122161945580042
            ],
            "99th": [
                0.8779480233209542,
                0.9168301331519091
            ],
            "mean": 0.8975531563332905,
            "median": 0.8976442500315813
        },