{
    "Mangrove": {
        "f1-score": {
            "90th": [
                0.8828125,
                0.927179149648517
            ],
            "95th": [
                0.8786127167630058,
                0.9304856746945627
            ],
            "99th": [
                0.871400206479381,
                0.938634471602454
            ],
            "mean": 0.905862583929015,
            "median": 0.9063097514340346
        },
        "precision": {
            "90th": [
                0.8938324803050831,
                0.9479553903345725
            ],
            "95th": [
                0.8884881337957523,
                0.9522102591036414
            ],
            "99th": [
                0.8759996992481203,
                0.9609425010813147
            ],
            "mean": 0.9216953606829303,
            "median": 0.9221789883268483
        },
        "producer_accuracy": {
            "90th": [
                89.38324803050831,
                94.79553903345726
            ],
            "95th": [
                88.84881337957523,
                95.22102591036415
            ],
            "99th": [
                87.59996992481203,
                96.09425010813148
            ],
            "mean": 92.16953606829303,
            "median": 92.21789883268482
        },
        "recall": {
            "90th": [
                0.8586956521739131,
                0.9208682538505278
            ],
            "95th": [
                0.8517080036007469,
                0.9259327593275932
            ],
            "99th": [
                0.8409082491582492,
                0.9368186057509159
            ],
            "mean": 0.8908691561942749,
            "median": 0.8913450578081745
        },
        "support": {
            "90th": [
                255.0,
                294.0
            ],
            "95th": [
                251.0,
                298.0
            ],
            "99th": [
                245.0,
                307.0
            ],
            "mean": 274.646,
            "median": 274.0
        },
        "user_accuracy": {
            "90th": [
                85.86956521739131,
                92.08682538505279
            ],
            "95th": [
                85.1708003600747,
                92.59327593275933
            ],
            "99th": [
                84.09082491582492,
                93.68186057509159
            ],
            "mean": 89.08691561942749,
            "median": 89.13450578081745
        }
    },
    "Other": {
        "f1-score": {
            "90th": [
                0.9046898638426627,
                0.9404670779741365
            ],
            "95th": [
                0.9013596675783716,
                0.9433398826894739
            ],
            "99th": [
                0.8934771183434286,
                0.9498448227033467
            ],
            "mean": 0.9229593473841782,
            "median": 0.9233128834355828
        },
        "precision": {
            "90th": [
                0.8841379194178682,
                0.9352986425339367
            ],
            "95th": [
                0.8776758409785933,
                0.9393085479068138
            ],
            "99th": [
                0.868714457097837,
                0.9484884559884559
            ],
            "mean": 0.9103924839305783,
            "median": 0.9109792284866469
        },
        "producer_accuracy": {
            "90th": [
                88.41379194178683,
                93.52986425339367
            ],
            "95th": [
                87.76758409785933,
                93.93085479068138
            ],
            "99th": [
                86.8714457097837,
                94.84884559884559
            ],
            "mean": 91.03924839305782,
            "median": 91.0979228486647
        },
        "recall": {
            "90th": [
                0.9134268287047733,
                0.9582089552238806
            ],
            "95th": [
                0.9077369505494506,
                0.9616613418530351
            ],
            "99th": [
                0.8981462252987812,
                0.9683066981049688
            ],
            "mean": 0.936099340642366,
            "median": 0.9365079365079365
        },
        "support": {
            "90th": [
                306.0,
                345.0
            ],
            "95th": [
                302.0,
                349.0
            ],
            "99th": [
                293.0,
                355.0
            ],
            "mean": 325.354,
            "median": 326.0
        },
        "user_accuracy": {
            "90th": [
                91.34268287047733,
                95.82089552238806
            ],
            "95th": [
                90.77369505494505,
                96.1661341853035
            ],
            "99th": [
                89.81462252987812,
                96.83066981049687
            ],
            "mean": 93.6099340642366,
            "median": 93.65079365079364
        }
    },
    "accuracy": {
        "90th": [
            0.895,
            0.9333333333333333
        ],
        "95th": [
            0.8916666666666667,
            0.9366666666666666
        ],
        "99th": [
            0.885,
            0.945
        ],
        "mean": 0.9153966666666666,
        "median": 0.915
    },
    "cohen_kappa": {
        "90th": [
            0.7887768591206155,
            0.8650593735513558
        ],
        "95th": [
            0.7820640939482288,
            0.8730250650298433
        ],
        "99th": [
            0.7695578692023319,
            0.8883118827393762
        ],
        "mean": 0.828888663915541,
        "median": 0.8293020349875044
    },
    "macro avg": {
        "f1-score": {
            "90th": [
                0.8943133229278614,
                0.9325167864493706
            ],
            "95th": [
                0.8909948282851404,
                0.936508449088067
            ],
            "99th": [
                0.884726827923514,
                0.9441293478717063
            ],
            "mean": 0.9144109656565965,
            "median": 0.9146393512590695
        },
        "precision": {
            "90th": [
                0.8964909219740681,
                0.9340366458967019
            ],
            "95th": [
                0.8928233456212911,
                0.9377712694327881
            ],
            "99th": [
                0.8860370155236325,
                0.9463216888046712
            ],
            "mean": 0.9160439223067542,
            "median": 0.9162938422320147
        },
        "recall": {
            "90th": [
                0.893191081636564,
                0.9318991093544826
            ],
            "95th": [
                0.8899830508026411,
                0.9360364584987332
            ],
            "99th": [
                0.8825273547242966,
                0.9430130079542824
            ],
            "mean": 0.9134842484183204,
            "median": 0.9137491235791009
        }
    },
    "weighted avg": {
        "f1-score": {
            "90th": [
                0.8949913003918113,
                0.9332796712424971
            ],
            "95th": [
                0.8916420628332087,
                0.9366673540685657
            ],
            "99th": [
                0.8849390157056964,
                0.9449105220706765
            ],
            "mean": 0.9152638856276607,
            "median": 0.9149829980363929
        },
        "precision": {
            "90th": [
                0.8965673466592083,
                0.9337862539051753
            ],
            "95th": [
                0.8932404284875431,
                0.9372045832190669
            ],
            "99th": [
                0.88610752372652,
                0.9454695067460334
            ],
            "mean": 0.9158255094959384,
            "median": 0.9160860172249088
        },