{
    "Mangrove": {
        "f1-score": {
            "90th": [
                0.9351669941060904,
                0.9593196138060321
            ],
            "95th": [
                0.932088876006154,
                0.9616876552163689
            ],
            "99th": [
                0.927410207247738,
                0.9659871398758707
            ],
            "mean": 0.9474288218964083,
            "median": 0.9475827172363492
        },
        "precision": {
            "90th": [
                0.973630831643002,
                0.9920642778563571
            ],
            "95th": [
                0.9709513312586445,
                0.9938274773747052
            ],
            "99th": [
                0.9660285492146082,
                0.9958848159133352
            ],
            "mean": 0.9835461973561473,
            "median": 0.9837728194726166
        },
        "producer_accuracy": {
            "90th": [
                97.3630831643002,
                99.20642778563571
            ],
            "95th": [
                97.09513312586445,
                99.38274773747052
            ],
            "99th": [
                96.60285492146083,
                99.58848159133352
            ],
            "mean": 98.35461973561473,
            "median": 98.37728194726166
        },
        "recall": {
            "90th": [
                0.8935268647829789,
                0.9338823795158775
            ],
            "95th": [
                0.8884569597069597,
                0.9373898504740371
            ],
            "99th": [
                0.877906330749354,
                0.9435517990074441
            ],
            "mean": 0.9139595905405151,
            "median": 0.9139579349904398
        },
        "support": {
            "90th": [
                498.0,
                549.05
            ],
            "95th": [
                492.0,
                554.0249999999999
            ],
            "99th": [
                485.995,
                564.0049999999999
            ],
            "mean": 523.235,
            "median": 523.0
        },
        "user_accuracy": {
            "90th": [
                89.3526864782979,
                93.38823795158774
            ],
            "95th": [
                88.84569597069597,
                93.73898504740372
            ],
            "99th": [
                87.7906330749354,
                94.35517990074442
            ],
            "mean": 91.3959590540515,
            "median": 91.39579349904398
        }
    },
    "Other": {
        "f1-score": {
            "90th": [
                0.9330543933054393,
                0.9582062095261871
            ],
            "95th": [
                0.9306288345638365,
                0.9605002931926009
            ],
            "99th": [
                0.9249735336050712,
                0.965867121932406
            ],
            "mean": 0.9464199986470121,
            "median": 0.9466881355696258
        },
        "precision": {
            "90th": [
                0.8910505836575876,
                0.932433700116627
            ],
            "95th": [
                0.8860282091808686,
                0.9354838709677419
            ],
            "99th": [
                0.8772165841584159,
                0.9453929740141634
            ],
            "mean": 0.9123715316093958,
            "median": 0.9123809523809524
        },
        "producer_accuracy": {
            "90th": [
                89.10505836575877,
                93.24337001166269
            ],
            "95th": [
                88.60282091808685,
                93.54838709677419
            ],
            "99th": [
                87.72165841584157,
                94.53929740141635
            ],
            "mean": 91.23715316093957,
            "median": 91.23809523809524
        },
        "recall": {
            "90th": [
                0.9730290456431535,
                0.9917695473251029
            ],
            "95th": [
                0.9706469090954023,
                0.9936974789915967
            ],
            "99th": [
                0.9653046947173931,
                0.9957983193277311
            ],
            "mean": 0.9832164938032746,
            "median": 0.9834368530020704
        },
        "support": {
            "90th": [
                450.95,
                502.0
            ],
            "95th": [
                445.975,
                508.0
            ],
            "99th": [
                435.995,
                514.0049999999999
            ],
            "mean": 476.765,
            "median": 477.0
        },
        "user_accuracy": {
            "90th": [
                97.30290456431536,
                99.1769547325103
            ],
            "95th": [
                97.06469090954023,
                99.36974789915966
            ],
            "99th": [
                96.53046947173932,
                99.57983193277312
            ],
            "mean": 98.32164938032744,
            "median": 98.34368530020704
        }
    },
    "accuracy": {
        "90th": [
            0.934,
            0.959
        ],
        "95th": [
            0.932,
            0.961
        ],
        "99th": [
            0.927,
            0.966
        ],
        "mean": 0.946978,
        "median": 0.947
    },
    "cohen_kappa": {
        "90th": [
            0.8683007746468185,
            0.9179444319570906
        ],
        "95th": [
            0.8642166016736264,
            0.9220083762652357
        ],
        "99th": [
            0.8541957975110827,
            0.9319922592946566
        ],
        "mean": 0.8940050275540113,
        "median": 0.8941397355490752
    },
    "macro avg": {
        "f1-score": {
            "90th": [
                0.9339988779796715,
                0.9589247252412494
            ],
            "95th": [
                0.9319669154969623,
                0.9609757034642057
            ],
            "99th": [
                0.9269203138817136,
                0.9659694820418717
            ],
            "mean": 0.9469244102717101,
            "median": 0.9469965547624897
        },
        "precision": {
            "90th": [
                0.9357868276911733,
                0.959154500582717
            ],
            "95th": [
                0.9335028605029984,
                0.9614823832324938
            ],
            "99th": [
                0.9277554083608838,
                0.9667590150310142
            ],
            "mean": 0.9479588644827716,
            "median": 0.9482133902346669
        },
        "recall": {
            "90th": [
                0.936717267127112,
                0.9598871822083489
            ],
            "95th": [
                0.9335683957246126,
                0.9618645634098383
            ],
            "99th": [
                0.9299662996318359,
                0.9663354798004675
            ],
            "mean": 0.9485880421718949,
            "median": 0.9487866974116191
        }
    },
    "weighted avg": {
        "f1-score": {
            "90th": [
                0.9341447797554551,
                0.9590036859379296
            ],
            "95th": [
                0.9319686828682868,
                0.9609975761284113
            ],
            "99th": [
                0.9270967256376271,
                0.9660041249616705
            ],
            "mean": 0.9469970681476213,
            "median": 0.9470573483947102
        },
        "precision": {
            "90th": [
                0.9384340683095547,
                0.9604540846110867
            ],
            "95th": [
                0.9362087126029507,
                0.9622785572249779
            ],
            "99th": [
                0.9312143144438034,
                0.9671411338237501
            ],
            "mean": 0.949706947219338,