{
    "Mangrove": {
        "f1-score": 0.9817813765182187,
        "precision": 0.9857723577235772,
        "recall": 0.9778225806451613,
        "support": 496
    },
    "Other": {
        "f1-score": 0.982213438735178,
        "precision": 0.9783464566929134,
        "recall": 0.9861111111111112,
        "support": 504
    },
    "accuracy": 0.982,
    "accuracy_conf_interval": [
        0.006895024989077272,
        0.008240395718653325,
        0.009795980624725637,
        0.010847051507206927
    ],
    "cls_confidence_intervals": {
        "Mangrove": [
            0.00875620827633172,
            0.010464736720494007,
            0.012440222734056651,
            0.013775010581058438
        ],
        "Other": [
            0.010590654898274036,
            0.012657124146717753,
            0.015046479215230798,
            0.01666090831557745
        ]
    },
    "cohen_kappa": 0.9639953914101005,
    "confusion_matrix": [
        [
            485,
            11
        ],
        [
            7,
            497
        ]
    ],
    "macro avg": {
        "f1-score": 0.9819974076266984,
        "precision": 0.9820594072082454,
        "recall": 0.9819668458781362,
        "support": 1000
    },
    "producer_accuracy": [
        98.57723577235772,
        97.83464566929135
    ],
    "user_accuracy": [
        97.78225806451613,
        98.61111111111111
    ],
    "weighted avg": {
        "f1-score": 0.9819991358755662,
        "precision": 0.9820297036041227,
        "recall": 0.982,
        "support": 1000
    }
}