{
    "Mangrove": {
        "f1-score": {
            "90th": [
                0.9458483754512635,
                0.9732291364917176
            ],
            "95th": [
                0.943199324164285,
                0.9750898532249784
            ],
            "99th": [
                0.9372658616511539,
                0.977854612730579
            ],
            "mean": 0.9602680944873824,
            "median": 0.9607142857142856
        },
        "precision": {
            "90th": [
                0.9228187919463087,
                0.9658761115367649
            ],
            "95th": [
                0.9180271726925668,
                0.9702029678685307
            ],
            "99th": [
                0.9063545150501672,
                0.9761096213229319
            ],
            "mean": 0.945559076940709,
            "median": 0.9464285714285714
        },
        "producer_accuracy": {
            "90th": [
                92.28187919463086,
                96.58761115367649
            ],
            "95th": [
                91.80271726925668,
                97.02029678685308
            ],
            "99th": [
                90.63545150501672,
                97.6109621322932
            ],
            "mean": 94.5559076940709,
            "median": 94.64285714285714
        },
        "recall": {
            "90th": [
                0.9594594594594594,
                0.9895470383275261
            ],
            "95th": [
                0.9563675418541191,
                0.992675983436853
            ],
            "99th": [
                0.9491518777002327,
                0.9965156794425087
            ],
            "mean": 0.9755835776965808,
            "median": 0.9761092150170648
        },
        "support": {
            "90th": [
                264.0,
                305.0
            ],
            "95th": [
                259.975,
                307.0
            ],
            "99th": [
                253.0,
                314.0049999999999
            ],
            "mean": 284.6885,
            "median": 285.0
        },
        "user_accuracy": {
            "90th": [
                95.94594594594594,
                98.95470383275261
            ],
            "95th": [
                95.63675418541192,
                99.26759834368531
            ],
            "99th": [
                94.91518777002327,
                99.65156794425087
            ],
            "mean": 97.55835776965807,
            "median": 97.61092150170649
        }
    },
    "Other": {
        "f1-score": {
            "90th": [
                0.9494916538962216,
                0.9750457363763545
            ],
            "95th": [
                0.946823800792571,
                0.9768231044958801
            ],
            "99th": [
                0.9409824587220766,
                0.9796569698113117
            ],
            "mean": 0.9630270954403763,
            "median": 0.9633333333333333
        },
        "precision": {
            "90th": [
                0.9623824451410659,
                0.9901960784313726
            ],
            "95th": [
                0.959592547092547,
                0.9932203389830508
            ],
            "99th": [
                0.9537942044978491,
                0.9966887417218543
            ],
            "mean": 0.9773247808513679,
            "median": 0.9777070063694268
        },
        "producer_accuracy": {
            "90th": [
                96.23824451410658,
                99.01960784313727
            ],
            "95th": [
                95.95925470925471,
                99.32203389830508
            ],
            "99th": [
                95.37942044978492,
                99.66887417218543
            ],
            "mean": 97.7324780851368,
            "median": 97.77070063694268
        },
        "recall": {
            "90th": [
                0.9273838618039019,
                0.9682589913602572
            ],
            "95th": [
                0.9235663920216599,
                0.9724791620049228
            ],
            "99th": [
                0.9111066391468868,
                0.9774207930963632
            ],
            "mean": 0.9492589092262442,
            "median": 0.9501557632398754
        },
        "support": {
            "90th": [
                295.0,
                336.0
            ],
            "95th": [
                293.0,
                340.02499999999986
            ],
            "99th": [
                285.995,
                347.0
            ],
            "mean": 315.3115,
            "median": 315.0
        },
        "user_accuracy": {
            "90th": [
                92.7383861803902,
                96.82589913602571
            ],
            "95th": [
                92.356639202166,
                97.24791620049228
            ],
            "99th": [
                91.11066391468869,
                97.74207930963631
            ],
            "mean": 94.92589092262445,
            "median": 95.01557632398755
        }
    },
    "accuracy": {
        "90th": [
            0.9483333333333334,
            0.9733333333333334
        ],
        "95th": [
            0.945,
            0.9766666666666667
        ],
        "99th": [
            0.94,
            0.9783333333333334
        ],
        "mean": 0.9617608333333334,
        "median": 0.9616666666666667
    },
    "cohen_kappa": {
        "90th": [
            0.8965516090649863,
            0.9466762649339764
        ],
        "95th": [
            0.8899828250952598,
            0.9530344617354699
        ],
        "99th": [
            0.8798824382516917,
            0.9566291701362761
        ],
        "mean": 0.9233195190484248,
        "median": 0.9233333333333333
    },
    "macro avg": {
        "f1-score": {
            "90th": [
                0.9482566092082412,
                0.9733321925423846
            ],
            "95th": [
                0.9449656035021889,
                0.9765169748259365
            ],
            "99th": [
                0.9399190642186621,
                0.9783116425353452
            ],
            "mean": 0.9616475949638793,
            "median": 0.9616559089005068
        },
        "precision": {
            "90th": [
                0.9479443860877684,
                0.9737607677053699
            ],
            "95th": [
                0.9449266102956699,
                0.9761069677737221
            ],
            "99th": [
                0.9398870600500937,
                0.9782444035380198
            ],
            "mean": 0.9614419288960384,
            "median": 0.9617517151759041
        },
        "recall": {
            "90th": [
                0.949209084043434,
                0.9747503327532735
            ],
            "95th": [
                0.946434285272856,
                0.9766434624080172
            ],
            "99th": [
                0.9411222231313102,
                0.9796243597760007
            ],
            "mean": 0.9624212434614126,
            "median": 0.9627538724209781
        }
    },
    "weighted avg": {
        "f1-score": {
            "90th": [
                0.9483584595226305,
                0.973373158901474
            ],
            "95th": [
                0.9450657998611152,
                0.9766646235590074
            ],
            "99th": [
                0.9400781231687981,
                0.9783535041308633
            ],
            "mean": 0.9617819325220559,
            "median": 0.9617007137971393
        },
        "precision": {
            "90th": [
                0.9491058659180827,
                0.9741505344535624
            ],
            "95th": [
                0.9466880207020462,
                0.9766666666666667
            ],
            "99th": [
                0.941200224171921,
                0.979288151831354
            ],