{
    "Mangrove": {
        "f1-score": 0.9328968903436987,
        "precision": 0.9595959595959596,
        "recall": 0.9076433121019108,
        "support": 314
    },
    "Other": {
        "f1-score": 0.930390492359932,
        "precision": 0.9042904290429042,
        "recall": 0.958041958041958,
        "support": 286
    },
    "accuracy": 0.9316666666666666,
    "accuracy_conf_interval": [
        0.01689331206698653,
        0.020189568080057074,
        0.02400086409516989,
        0.026576064105381252
    ],
    "cls_confidence_intervals": {
        "Mangrove": [
            0.018737956530017634,
            0.022394143170021075,
            0.026621608972525055,
            0.029478004785027743
        ],
        "Other": [
            0.02771750826195306,
            0.033125802556968294,
            0.03937914283557965,
            0.04360437275356031
        ]
    },
    "cohen_kappa": 0.8633970813620311,
    "confusion_matrix": [
        [
            285,
            29
        ],
        [
            12,
            274
        ]
    ],
    "macro avg": {
        "f1-score": 0.9316436913518154,
        "precision": 0.9319431943194318,
        "recall": 0.9328426350719344,
        "support": 600
    },
    "producer_accuracy": [
        95.95959595959596,
        90.42904290429043
    ],
    "user_accuracy": [
        90.76433121019109,
        95.8041958041958
    ],
    "weighted avg": {
        "f1-score": 0.9317021739714365,
        "precision": 0.9332336566990033,
        "recall": 0.9316666666666666,
        "support": 600
    }
}