overall accuracy,0.765
cohen kappa,0.5344895892943611
""
Confidence Interval,90%,95%,98%,99%
Overall Accuracy,0.028387874171906566,0.03392697157130297,0.040331552939355066,0.044658972782633505
""
class,f1-score,precision,recall,support
Mangrove,0.7661691542288557,0.6978851963746223,0.8492647058823529,272
Other,0.7638190954773869,0.8475836431226765,0.6951219512195121,328
""
macro avg,0.7649941248531213,0.7727344197486494,0.7721933285509326,600
weighted (pixel) avg,0.7648844554447194,0.7797203472635587,0.765,600
""
Confidence Interval,90%,95%,98%,99%
Mangrove,0.04139118378114945,0.04946751232381275,0.058805767201267206,0.06511539887522291
Other,0.03593972749997977,0.04295235725607339,0.05106071041155663,0.05653932740850477
""
Point Count Confusion Matrix
,Mangrove,Other,User Acc
Mangrove,231,41,84.92647058823529
Other,100,228,69.51219512195121
Producer,69.78851963746223,84.75836431226766
""
