overall accuracy,0.965
cohen kappa,0.9300227426086521
""
Confidence Interval,90%,95%,98%,99%
Overall Accuracy,0.015069940278581072,0.018010416430499332,0.021410341981154817,0.023707588974840956
""
class,f1-score,precision,recall,support
Mangrove,0.9639175257731958,1.0,0.9303482587064676,201
Other,0.9660194174757283,0.9342723004694836,1.0,199
""
macro avg,0.964968471624462,0.9671361502347418,0.9651741293532339,400
weighted (pixel) avg,0.9649632168952057,0.967300469483568,0.965,400
""
Confidence Interval,90%,95%,98%,99%
Mangrove,0.0,0.0,0.0,0.0
Other,0.027846139785513434,0.0332795329143941,0.03956189371966238,0.0438067321016004
""
Point Count Confusion Matrix
,Mangrove,Other,User Acc
Mangrove,187,14,93.03482587064677
Other,0,199,100.0
Producer,100.0,93.42723004694837
""
