overall accuracy,0.971
cohen kappa,0.9420023199072037
""
Confidence Interval,90%,95%,98%,99%
Overall Accuracy,0.008702668923956608,0.010400750665216434,0.012364157678548107,0.013690784038907347
""
class,f1-score,precision,recall,support
Mangrove,0.9709127382146439,0.9777777777777777,0.9641434262948207,502
Other,0.971086739780658,0.9643564356435643,0.9779116465863453,498
""
macro avg,0.9709997389976509,0.9710671067106711,0.971027536440583,1000
weighted (pixel) avg,0.9709993909945189,0.9710939493949395,0.971,1000
""
Confidence Interval,90%,95%,98%,99%
Mangrove,0.010865634023998984,0.012985757735998787,0.01543715077799856,0.017093497427998403
Other,0.013530302740003712,0.016170361811223947,0.01922293011232235,0.02128547626171316
""
Point Count Confusion Matrix
,Mangrove,Other,User Acc
Mangrove,484,18,96.41434262948208
Other,11,487,97.79116465863453
Producer,97.77777777777777,96.43564356435644
""
