overall accuracy,0.929
cohen kappa,0.8573953563107576
""
Confidence Interval,90%,95%,98%,99%
Overall Accuracy,0.01331928400478043,0.015918168688640027,0.018923129104352687,0.020953507763617995
""
class,f1-score,precision,recall,support
Mangrove,0.9234088457389428,0.9574944071588367,0.8916666666666667,480
Other,0.9338303821062443,0.9059674502712477,0.9634615384615385,520
""
macro avg,0.9286196139225935,0.9317309287150422,0.9275641025641026,1000
weighted (pixel) avg,0.9288280446499395,0.9307003895772905,0.929,1000
""
Confidence Interval,90%,95%,98%,99%
Mangrove,0.015648807504258615,0.018702233358748103,0.02223275700300157,0.024618245951821483
Other,0.02035526149041512,0.024327019830008314,0.028919365410162948,0.03202230161297013
""
Point Count Confusion Matrix
,Mangrove,Other,User Acc
Mangrove,428,52,89.16666666666667
Other,19,501,96.34615384615385
Producer,95.74944071588367,90.59674502712477
""
