{
    "Mangrove": {
        "f1-score": 0.9224489795918366,
        "precision": 0.9224489795918367,
        "recall": 0.9224489795918367,
        "support": 490
    },
    "Other": {
        "f1-score": 0.9254901960784314,
        "precision": 0.9254901960784314,
        "recall": 0.9254901960784314,
        "support": 510
    },
    "accuracy": 0.924,
    "accuracy_conf_interval": [
        0.013743160859132804,
        0.016424753221890426,
        0.019525344391328924,
        0.021620338424733317
    ],
    "cls_confidence_intervals": {
        "Mangrove": [
            0.01981576046075488,
            0.023682250306755834,
            0.028152879191194437,
            0.031173574383382682
        ],
        "Other": [
            0.01907003023139614,
            0.02279101173996124,
            0.02709339660923964,
            0.030000413412806123
        ]
    },
    "cohen_kappa": 0.8479391756702681,
    "confusion_matrix": [
        [
            452,
            38
        ],
        [
            38,
            472
        ]
    ],
    "macro avg": {
        "f1-score": 0.9239695878351339,
        "precision": 0.923969587835134,
        "recall": 0.923969587835134,
        "support": 1000
    },
    "producer_accuracy": [
        92.24489795918367,
        92.54901960784314
    ],
    "user_accuracy": [
        92.24489795918367,
        92.54901960784314
    ],
    "weighted avg": {
        "f1-score": 0.924,
        "precision": 0.924,
        "recall": 0.924,
        "support": 1000
    }
}