overall accuracy,0.952
cohen kappa,0.9037810484302056
""
Confidence Interval,90%,95%,98%,99%
Overall Accuracy,0.012801247939165934,0.015299052415100751,0.018187138840400383,0.02013854858722446
""
class,f1-score,precision,recall,support
Mangrove,0.949579831932773,0.9549295774647887,0.9442896935933147,359
Other,0.9541984732824427,0.9493670886075949,0.959079283887468,391
""
macro avg,0.9518891526076079,0.9521483330361917,0.9516844887403914,750
weighted (pixel) avg,0.9519876836230675,0.9520296666072383,0.952,750
""
Confidence Interval,90%,95%,98%,99%
Mangrove,0.018057646997178167,0.021581090313700736,0.025655071648429957,0.028407761739463216
Other,0.018091677451700646,0.02162176085691053,0.025703419794184456,0.028461297454504677
""
Point Count Confusion Matrix
,Mangrove,Other,User Acc
Mangrove,339,20,94.42896935933148
Other,16,375,95.9079283887468
Producer,95.49295774647887,94.9367088607595
""
