{
    "Mangrove": {
        "f1-score": {
            "90th": [
                0.960598667898478,
                0.9783243767084603
            ],
            "95th": [
                0.958411186704154,
                0.9802761341222879
            ],
            "99th": [
                0.9553125209899073,
                0.9829833223053561
            ],
            "mean": 0.9696252010361706,
            "median": 0.9698131579430839
        },
        "precision": {
            "90th": [
                0.9674112919303705,
                0.988394584139265
            ],
            "95th": [
                0.9652322014552719,
                0.9900199600798403
            ],
            "99th": [
                0.960937160326087,
                0.9938020323832012
            ],
            "mean": 0.9784812146183599,
            "median": 0.9785992217898832
        },
        "producer_accuracy": {
            "90th": [
                96.74112919303704,
                98.8394584139265
            ],
            "95th": [
                96.52322014552718,
                99.00199600798403
            ],
            "99th": [
                96.0937160326087,
                99.38020323832012
            ],
            "mean": 97.848121461836,
            "median": 97.85992217898833
        },
        "recall": {
            "90th": [
                0.9469505262019885,
                0.9743614980819705
            ],
            "95th": [
                0.9439023483003763,
                0.9768339768339769
            ],
            "99th": [
                0.9387336661553891,
                0.9805075767001858
            ],
            "mean": 0.9609844350644455,
            "median": 0.9611380798274003
        },
        "support": {
            "90th": [
                488.0,
                541.0
            ],
            "95th": [
                483.0,
                546.0
            ],
            "99th": [
                474.0,
                554.0049999999999
            ],
            "mean": 514.699,
            "median": 515.0
        },
        "user_accuracy": {
            "90th": [
                94.69505262019885,
                97.43614980819704
            ],
            "95th": [
                94.39023483003763,
                97.68339768339769
            ],
            "99th": [
                93.87336661553891,
                98.05075767001858
            ],
            "mean": 96.09844350644453,
            "median": 96.11380798274003
        }
    },
    "Other": {
        "f1-score": {
            "90th": [
                0.9587402835910139,
                0.9772963841198441
            ],
            "95th": [
                0.9568872709371093,
                0.9794153757018113
            ],
            "99th": [
                0.9538131041890441,
                0.9819367227846449
            ],
            "mean": 0.9683751730265545,
            "median": 0.968421052631579
        },
        "precision": {
            "90th": [
                0.9446664506681927,
                0.9733086898710741
            ],
            "95th": [
                0.9416495079425972,
                0.9755625601599582
            ],
            "99th": [
                0.9357390537760799,
                0.9801995638160307
            ],
            "mean": 0.9593921046874961,
            "median": 0.9595959595959596
        },
        "producer_accuracy": {
            "90th": [
                94.46664506681927,
                97.33086898710742
            ],
            "95th": [
                94.16495079425971,
                97.55625601599583
            ],
            "99th": [
                93.57390537760799,
                98.01995638160308
            ],
            "mean": 95.93921046874961,
            "median": 95.95959595959596
        },
        "recall": {
            "90th": [
                0.9662407601281685,
                0.9879771543086172
            ],
            "95th": [
                0.9636353903056258,
                0.9897750511247444
            ],
            "99th": [
                0.9600785954518026,
                0.9936313000502154
            ],
            "mean": 0.9775915435730288,
            "median": 0.9776126883454759
        },
        "support": {
            "90th": [
                459.0,
                512.0
            ],
            "95th": [
                454.0,
                517.0
            ],
            "99th": [
                445.995,
                526.0
            ],
            "mean": 485.301,
            "median": 485.0
        },
        "user_accuracy": {
            "90th": [
                96.62407601281684,
                98.79771543086173
            ],
            "95th": [
                96.36353903056258,
                98.97750511247445
            ],
            "99th": [
                96.00785954518025,
                99.36313000502155
            ],
            "mean": 97.75915435730288,
            "median": 97.7612688345476
        }
    },
    "accuracy": {
        "90th": [
            0.96,
            0.978
        ],
        "95th": [
            0.958,
            0.98
        ],
        "99th": [
            0.956,
            0.9820049999999999
        ],
        "mean": 0.969044,
        "median": 0.969
    },
    "cohen_kappa": {
        "90th": [
            0.919932967751712,
            0.9558846996656087
        ],
        "95th": [
            0.9158677187534219,
            0.9599168344542933
        ],
        "99th": [
            0.9115453377135209,
            0.9640011216246276
        ],
        "mean": 0.9380078960929141,
        "median": 0.9379781683152469
    },
    "macro avg": {
        "f1-score": {
            "90th": [
                0.9599587334375027,
                0.9779410006372541
            ],
            "95th": [
                0.957925599807741,
                0.9799580718355262
            ],
            "99th": [
                0.9557698154321986,
                0.981999983210013
            ],
            "mean": 0.9690001870313626,
            "median": 0.968986322968429
        },
        "precision": {
            "90th": [
                0.9597707025042314,
                0.9777073938368843
            ],
            "95th": [
                0.9576861645543546,
                0.979772192689729
            ],
            "99th": [
                0.955416695614815,
                0.9823185795566035
            ],
            "mean": 0.9689366596529281,
            "median": 0.9689740143369175
        },
        "recall": {
            "90th": [
                0.9603402471032584,
                0.9780692902066126
            ],
            "95th": [
                0.9580773169482847,
                0.9799882219528878
            ],
            "99th": [
                0.9558485714503491,
                0.9822694006732614
            ],
            "mean": 0.9692879893187372,
            "median": 0.9693811284472418
        }
    },
    "weighted avg": {
        "f1-score": {
            "90th": [
                0.9600055450572613,
                0.9780008538416807
            ],
            "95th": [
                0.9579991515966065,
                0.9799990639400922
            ],
            "99th": [
                0.9559788245427373,
                0.9820099406331467
            ],
            "mean": 0.969049987681505,
            "median": 0.9690096375638526
        },
        "precision": {
            "90th": [
                0.9603205214974926,
                0.9780639046335923
            ],
            "95th": [
                0.9581899473524187,
                0.980010047067071
            ],
            "99th": [
                0.9560511285965371,
                0.9822069756792684
            ],
            "mean": 0.9692795038419526,
            "median": 0.9692564353735442
        },