overall accuracy,0.874
cohen kappa,0.7477780446793179
""
Confidence Interval,90%,95%,98%,99%
Overall Accuracy,0.01721015718696375,0.02056823663807863,0.024451016003430207,0.027074515574613704
""
class,f1-score,precision,recall,support
Mangrove,0.8581081081081081,0.7650602409638554,0.9769230769230769,390
Other,0.8866906474820143,0.9820717131474104,0.8081967213114755,610
""
macro avg,0.8723993777950612,0.8735659770556329,0.8925598991172762,1000
weighted (pixel) avg,0.8755434571261909,0.897437238995824,0.874,1000
""
Confidence Interval,90%,95%,98%,99%
Mangrove,0.031156972617821625,0.037236381909103895,0.04426569890214902,0.04901523741096329
Other,0.009712543718744835,0.011607674200451145,0.013798918819924066,0.01527948950875712
""
Point Count Confusion Matrix
,Mangrove,Other,User Acc
Mangrove,381,9,97.6923076923077
Other,117,493,80.81967213114754
Producer,76.50602409638554,98.20717131474103
""
