{
    "Mangrove": {
        "f1-score": 0.9683995922528033,
        "precision": 0.979381443298969,
        "recall": 0.9576612903225806,
        "support": 496
    },
    "Other": {
        "f1-score": 0.9695780176643768,
        "precision": 0.9592233009708738,
        "recall": 0.9801587301587301,
        "support": 504
    },
    "accuracy": 0.969,
    "accuracy_conf_interval": [
        0.008988486769195362,
        0.010742337846111531,
        0.01277022815379585,
        0.014140424307636608
    ],
    "cls_confidence_intervals": {
        "Mangrove": [
            0.010582250674087919,
            0.01264708007390995,
            0.015034539067454177,
            0.016647687036065142
        ],
        "Other": [
            0.014292431726638867,
            0.017081198892812306,
            0.020305710928700343,
            0.02248443527727334
        ]
    },
    "cohen_kappa": 0.9379851164279427,
    "confusion_matrix": [
        [
            475,
            21
        ],
        [
            10,
            494
        ]
    ],
    "macro avg": {
        "f1-score": 0.96898880495859,
        "precision": 0.9693023721349214,
        "recall": 0.9689100102406554,
        "support": 1000
    },
    "producer_accuracy": [
        97.9381443298969,
        95.92233009708738
    ],
    "user_accuracy": [
        95.76612903225806,
        98.01587301587301
    ],
    "weighted avg": {
        "f1-score": 0.9689935186602363,
        "precision": 0.969221739565609,
        "recall": 0.969,
        "support": 1000
    }
}