{
    "Mangrove": {
        "f1-score": {
            "90th": [
                0.9084952457839972,
                0.9378888637663427
            ],
            "95th": [
                0.9052851772182361,
                0.9405316559042184
            ],
            "99th": [
                0.900676547138857,
                0.9443322389301113
            ],
            "mean": 0.923688812618449,
            "median": 0.9238790406673618
        },
        "precision": {
            "90th": [
                0.942348200579908,
                0.9726909854851031
            ],
            "95th": [
                0.9383870597323424,
                0.9751693002257337
            ],
            "99th": [
                0.9317594620296156,
                0.9794055034585571
            ],
            "mean": 0.9579137027329939,
            "median": 0.9583333333333334
        },
        "producer_accuracy": {
            "90th": [
                94.23482005799079,
                97.26909854851031
            ],
            "95th": [
                93.83870597323423,
                97.51693002257336
            ],
            "99th": [
                93.17594620296155,
                97.94055034585571
            ],
            "mean": 95.79137027329936,
            "median": 95.83333333333334
        },
        "recall": {
            "90th": [
                0.8676773637871634,
                0.9144112556429884
            ],
            "95th": [
                0.8633359972599611,
                0.9184569023539593
            ],
            "99th": [
                0.8528204220038897,
                0.9259344541910329
            ],
            "mean": 0.8919711333647099,
            "median": 0.8923864846788376
        },
        "support": {
            "90th": [
                453.0,
                506.0
            ],
            "95th": [
                448.0,
                511.0
            ],
            "99th": [
                439.0,
                519.0099999999998
            ],
            "mean": 480.197,
            "median": 480.0
        },
        "user_accuracy": {
            "90th": [
                86.76773637871635,
                91.44112556429884
            ],
            "95th": [
                86.33359972599612,
                91.84569023539594
            ],
            "99th": [
                85.28204220038897,
                92.59344541910329
            ],
            "mean": 89.19711333647099,
            "median": 89.23864846788376
        }
    },
    "Other": {
        "f1-score": {
            "90th": [
                0.9206644590581907,
                0.9467989179440938
            ],
            "95th": [
                0.9177548047411966,
                0.9487235915492959
            ],
            "99th": [
                0.9119554236817813,
                0.9531685589969362
            ],
            "mean": 0.9340245700017465,
            "median": 0.9342934293429344
        },
        "precision": {
            "90th": [
                0.8847615779842343,
                0.9260660105576926
            ],
            "95th": [
                0.8799982847341338,
                0.929072315893724
            ],
            "99th": [
                0.8723398345153665,
                0.936824587546957
            ],
            "mean": 0.9061500473765438,
            "median": 0.9064748201438849
        },
        "producer_accuracy": {
            "90th": [
                88.47615779842343,
                92.60660105576926
            ],
            "95th": [
                87.99982847341337,
                92.9072315893724
            ],
            "99th": [
                87.23398345153666,
                93.6824587546957
            ],
            "mean": 90.6150047376544,
            "median": 90.64748201438849
        },
        "recall": {
            "90th": [
                0.9504116459529368,
                0.9767012869722286
            ],
            "95th": [
                0.9468681000997272,
                0.9785595866689376
            ],
            "99th": [
                0.9409523434570679,
                0.9816718904350159
            ],
            "mean": 0.963795771467765,
            "median": 0.9640831758034026
        },
        "support": {
            "90th": [
                494.0,
                547.0
            ],
            "95th": [
                489.0,
                552.0
            ],
            "99th": [
                480.99,
                561.0
            ],
            "mean": 519.803,
            "median": 520.0
        },
        "user_accuracy": {
            "90th": [
                95.04116459529368,
                97.67012869722285
            ],
            "95th": [
                94.68681000997272,
                97.85595866689377
            ],
            "99th": [
                94.0952343457068,
                98.1671890435016
            ],
            "mean": 96.3795771467765,
            "median": 96.40831758034027
        }
    },
    "accuracy": {
        "90th": [
            0.915,
            0.942
        ],
        "95th": [
            0.913,
            0.945
        ],
        "99th": [
            0.907995,
            0.949
        ],
        "mean": 0.9292990000000001,
        "median": 0.929
    },
    "cohen_kappa": {
        "90th": [
            0.8298390135935377,
            0.8836483589041559
        ],
        "95th": [
            0.8257735921954498,
            0.8889278170324406
        ],
        "99th": [
            0.8151432053097315,
            0.8965418666519918
        ],
        "mean": 0.8578845744686167,
        "median": 0.8577849708759645
    },
    "macro avg": {
        "f1-score": {
            "90th": [
                0.9147030814264455,
                0.9417782552723579
            ],
            "95th": [
                0.9128005540675983,
                0.9444572230627796
            ],
            "99th": [
                0.9073747479766044,
                0.9482432688844478
            ],
            "mean": 0.9288566913100976,
            "median": 0.9288148474181346
        },
        "precision": {
            "90th": [
                0.9190356194553336,
                0.9445655541402354
            ],
            "95th": [
                0.9163004011238568,
                0.9465744179921088
            ],
            "99th": [
                0.9117623041242597,
                0.9508496831831699
            ],
            "mean": 0.9320318750547688,
            "median": 0.9321062004442167
        },
        "recall": {
            "90th": [
                0.9140613953339418,
                0.9408283077455971
            ],
            "95th": [
                0.9118582851002551,
                0.9431996360816106
            ],
            "99th": [
                0.9073266219197926,
                0.9471236833145452
            ],
            "mean": 0.9278834524162374,
            "median": 0.9279232999036038
        }
    },
    "weighted avg": {
        "f1-score": {
            "90th": [
                0.9149330120284033,
                0.9419232006216993
            ],
            "95th": [
                0.9128447161716123,
                0.9448372681511873
            ],
            "99th": [
                0.9076466404073688,
                0.948855969368841
            ],
            "mean": 0.9291263715057637,
            "median": 0.9288989652738564
        },
        "precision": {
            "90th": [
                0.9182194180567621,
                0.9436893193530589
            ],
            "95th": [
                0.9157476154250845,
                0.9457686055670711
            ],
            "99th": [
                0.911551601964993,
                0.9496262511954726
            ],
            "mean": 0.9311410232489985,
            "median": 0.9311672090487982
        },