overall accuracy,0.9575
cohen kappa,0.9149574787393697
""
Confidence Interval,90%,95%,98%,99%
Overall Accuracy,0.016541607388642732,0.019769238098621803,0.023501186107035107,0.026022772599206254
""
class,f1-score,precision,recall,support
Mangrove,0.9584352078239609,0.9607843137254902,0.9560975609756097,205
Other,0.9565217391304348,0.9540816326530612,0.958974358974359,195
""
macro avg,0.9574784734771978,0.9574329731892757,0.9575359599749844,400
weighted (pixel) avg,0.9575023918358668,0.957516756702681,0.9575,400
""
Confidence Interval,90%,95%,98%,99%
Mangrove,0.022288027045827875,0.02663691037184307,0.03166530671754814,0.035062871815997515
Other,0.024518946104005995,0.0293031307096657,0.03483484415995974,0.03857248838313138
""
Point Count Confusion Matrix
,Mangrove,Other,User Acc
Mangrove,196,9,95.60975609756098
Other,8,187,95.8974358974359
Producer,96.07843137254902,95.40816326530613
""
