{
    "Mangrove": {
        "f1-score": 0.9635467980295566,
        "precision": 0.978,
        "recall": 0.9495145631067962,
        "support": 515
    },
    "Other": {
        "f1-score": 0.9624365482233502,
        "precision": 0.948,
        "recall": 0.977319587628866,
        "support": 485
    },
    "accuracy": 0.963,
    "accuracy_conf_interval": [
        0.009789440106563812,
        0.011699574761503092,
        0.013908167956276635,
        0.015400460655447947
    ],
    "cls_confidence_intervals": {
        "Mangrove": [
            0.010758199998140957,
            0.012857360973387973,
            0.015284515851017337,
            0.01692448536292907
        ],
        "Other": [
            0.016284134708359554,
            0.019461526846576052,
            0.02313538650638888,
            0.025617724114370518
        ]
    },
    "cohen_kappa": 0.926,
    "confusion_matrix": [
        [
            489,
            26
        ],
        [
            11,
            474
        ]
    ],
    "macro avg": {
        "f1-score": 0.9629916731264534,
        "precision": 0.963,
        "recall": 0.963417075367831,
        "support": 1000
    },
    "producer_accuracy": [
        97.8,
        94.8
    ],
    "user_accuracy": [
        94.95145631067962,
        97.73195876288659
    ],
    "weighted avg": {
        "f1-score": 0.9630083268735464,
        "precision": 0.96345,
        "recall": 0.963,
        "support": 1000
    }
}