overall accuracy,0.871
cohen kappa,0.7421217185488449
""
Confidence Interval,90%,95%,98%,99%
Overall Accuracy,0.01738392264133731,0.020775907546964106,0.024697890094095083,0.027347878301616016
""
class,f1-score,precision,recall,support
Mangrove,0.8845120859444943,0.9899799599198397,0.7993527508090615,618
Other,0.8539071347678369,0.7524950099800399,0.9869109947643979,382
""
macro avg,0.8692096103561655,0.8712374849499398,0.8931318727867297,1000
weighted (pixel) avg,0.8728209945950112,0.8992607090428362,0.871,1000
""
Confidence Interval,90%,95%,98%,99%
Mangrove,0.007312089629949477,0.00873883882603718,0.010388517584013587,0.011503165393457105
Other,0.03162050320266485,0.037790357486111655,0.04492425150134702,0.04974445016028983
""
Point Count Confusion Matrix
,Mangrove,Other,User Acc
Mangrove,494,124,79.93527508090615
Other,5,377,98.69109947643979
Producer,98.99799599198397,75.249500998004
""
