overall accuracy,0.959
cohen kappa,0.918
""
Confidence Interval,90%,95%,98%,99%
Overall Accuracy,0.010283597736201085,0.012290153392045198,0.014610233369114956,0.01617785497524317
""
class,f1-score,precision,recall,support
Mangrove,0.9590409590409591,0.9580838323353293,0.96,500
Other,0.9589589589589589,0.9599198396793587,0.958,500
""
macro avg,0.9589999589999589,0.959001836007344,0.959,1000
weighted (pixel) avg,0.958999958999959,0.9590018360073441,0.959,1000
""
Confidence Interval,90%,95%,98%,99%
Mangrove,0.014683092180498514,0.017548085776693347,0.02086073462229362,0.023099010869320834
Other,0.014400440734461638,0.017210282828990738,0.020459162750790013,0.02265435188714087
""
Point Count Confusion Matrix
,Mangrove,Other,User Acc
Mangrove,480,20,96.0
Other,21,479,95.8
Producer,95.80838323353294,95.99198396793587
""
