overall accuracy,0.935
cohen kappa,0.8700228759738287
""
Confidence Interval,90%,95%,98%,99%
Overall Accuracy,0.012785164840548589,0.015279831150899535,0.018164289072242816,0.02011324712720449
""
class,f1-score,precision,recall,support
Mangrove,0.9345417925478349,0.9206349206349206,0.9488752556237219,489
Other,0.9354518371400198,0.9495967741935484,0.9217221135029354,511
""
macro avg,0.9349968148439274,0.9351158474142345,0.9352986845633287,1000
weighted (pixel) avg,0.9350068253344413,0.9354344278033794,0.935,1000
""
Confidence Interval,90%,95%,98%,99%
Mangrove,0.019746359038700947,0.023599307143813326,0.028054278390349515,0.031064394097468563
Other,0.016110231872645403,0.01925369175023475,0.02288831723369743,0.02534414526306411
""
Point Count Confusion Matrix
,Mangrove,Other,User Acc
Mangrove,464,25,94.88752556237219
Other,40,471,92.17221135029354
Producer,92.06349206349206,94.95967741935483
""
