overall accuracy,0.81
cohen kappa,0.6052631578947368
""
Confidence Interval,90%,95%,98%,99%
Overall Accuracy,0.02626561249999702,0.03139061006097205,0.03731638849084943,0.04132029283536117
""
class,f1-score,precision,recall,support
Mangrove,0.7510917030567685,0.9148936170212766,0.6370370370370371,270
Other,0.8463611859838275,0.7621359223300971,0.9515151515151515,330
""
macro avg,0.798726444520298,0.8385147696756868,0.7942760942760942,600
weighted (pixel) avg,0.803489918666651,0.8308768849411278,0.81,600
""
Confidence Interval,90%,95%,98%,99%
Mangrove,0.033375769615665025,0.039888114906526495,0.04741801414908507,0.052505783907570595
Other,0.03440138169356557,0.04111384641426129,0.04887513374756572,0.054119246810609256
""
Point Count Confusion Matrix
,Mangrove,Other,User Acc
Mangrove,172,98,63.70370370370371
Other,16,314,95.15151515151516
Producer,91.48936170212765,76.2135922330097
""
