overall accuracy,0.936
cohen kappa,0.8722253944042708
""
Confidence Interval,90%,95%,98%,99%
Overall Accuracy,0.012693218598921231,0.015169944179198546,0.01803365813139419,0.019968599990985842
""
class,f1-score,precision,recall,support
Mangrove,0.9384615384615385,0.9938900203665988,0.8888888888888888,549
Other,0.9333333333333332,0.8801571709233792,0.9933481152993349,451
""
macro avg,0.9358974358974359,0.937023595644989,0.9411185020941119,1000
weighted (pixel) avg,0.9361487179487179,0.9425965052677068,0.936,1000
""
Confidence Interval,90%,95%,98%,99%
Mangrove,0.005767560359056544,0.006892937990091968,0.008194155875976676,0.0090733571502231
Other,0.023608647024964406,0.028215212298128192,0.03354155339522382,0.03714043251488303
""
Point Count Confusion Matrix
,Mangrove,Other,User Acc
Mangrove,488,61,88.88888888888889
Other,3,448,99.33481152993349
Producer,99.38900203665987,88.01571709233792
""
