{
    "Mangrove": {
        "f1-score": 0.97581317764804,
        "precision": 0.9831932773109243,
        "recall": 0.9685430463576159,
        "support": 604
    },
    "Other": {
        "f1-score": 0.9758534554537884,
        "precision": 0.968595041322314,
        "recall": 0.9832214765100671,
        "support": 596
    },
    "accuracy": 0.9758333333333333,
    "accuracy_conf_interval": [
        0.007270251345698416,
        0.008688836974127376,
        0.01032907660699836,
        0.011437346629208485
    ],
    "cls_confidence_intervals": {
        "Mangrove": [
            0.008642638192943638,
            0.010329006620835081,
            0.01227887011558456,
            0.01359634544987475
        ],
        "Other": [
            0.011628839984116611,
            0.013897881932236926,
            0.016521461684751042,
            0.018294150706720035
        ]
    },
    "cohen_kappa": 0.9516693517026832,
    "confusion_matrix": [
        [
            585,
            19
        ],
        [
            10,
            586
        ]
    ],
    "macro avg": {
        "f1-score": 0.9758333165509142,
        "precision": 0.9758941593166192,
        "recall": 0.9758822614338415,
        "support": 1200
    },
    "producer_accuracy": [
        98.31932773109243,
        96.8595041322314
    ],
    "user_accuracy": [
        96.8543046357616,
        98.3221476510067
    ],
    "weighted avg": {
        "f1-score": 0.9758331822915617,
        "precision": 0.975942820103248,
        "recall": 0.9758333333333333,
        "support": 1200
    }
}