{
    "Mangrove": {
        "f1-score": {
            "90th": [
                0.9055674298648957,
                0.9346638190159785
            ],
            "95th": [
                0.9013498316639427,
                0.9371202549985512
            ],
            "99th": [
                0.8955222238641775,
                0.9411764705882352
            ],
            "mean": 0.920742719918103,
            "median": 0.9209813347541786
        },
        "precision": {
            "90th": [
                0.9823008849557522,
                0.9976907972456658
            ],
            "95th": [
                0.9808612440191388,
                0.9977777777777778
            ],
            "99th": [
                0.9767429716436942,
                1.0
            ],
            "mean": 0.9907605465262508,
            "median": 0.9909297052154195
        },
        "producer_accuracy": {
            "90th": [
                98.23008849557522,
                99.76907972456658
            ],
            "95th": [
                98.08612440191388,
                99.77777777777777
            ],
            "99th": [
                97.6742971643694,
                100.0
            ],
            "mean": 99.07605465262509,
            "median": 99.09297052154194
        },
        "recall": {
            "90th": [
                0.833999604743083,
                0.8844727916419093
            ],
            "95th": [
                0.8279729035446196,
                0.8882284903876457
            ],
            "99th": [
                0.8191047300060526,
                0.894841810966811
            ],
            "mean": 0.8601048606660339,
            "median": 0.8603295410852012
        },
        "support": {
            "90th": [
                472.0,
                525.0
            ],
            "95th": [
                468.0,
                530.0249999999999
            ],
            "99th": [
                457.0,
                541.0049999999999
            ],
            "mean": 498.791,
            "median": 499.0
        },
        "user_accuracy": {
            "90th": [
                83.39996047430829,
                88.44727916419093
            ],
            "95th": [
                82.79729035446196,
                88.82284903876459
            ],
            "99th": [
                81.91047300060525,
                89.4841810966811
            ],
            "mean": 86.01048606660339,
            "median": 86.03295410852012
        }
    },
    "Other": {
        "f1-score": {
            "90th": [
                0.9171508317517026,
                0.9435388309322734
            ],
            "95th": [
                0.9143967956484657,
                0.9454233354673496
            ],
            "99th": [
                0.9078686690858354,
                0.9495499361301599
            ],
            "mean": 0.9308726000989299,
            "median": 0.9311663479923518
        },
        "precision": {
            "90th": [
                0.8539459176360328,
                0.8986319911129016
            ],
            "95th": [
                0.8482608612421872,
                0.9032829616543886
            ],
            "99th": [
                0.8397742179495772,
                0.9090931932389218
            ],
            "mean": 0.876936139690156,
            "median": 0.877326671724908
        },
        "producer_accuracy": {
            "90th": [
                85.39459176360329,
                89.86319911129016
            ],
            "95th": [
                84.82608612421873,
                90.32829616543887
            ],
            "99th": [
                83.97742179495773,
                90.90931932389218
            ],
            "mean": 87.69361396901562,
            "median": 87.7326671724908
        },
        "recall": {
            "90th": [
                0.9847006969242118,
                0.9980160694640893
            ],
            "95th": [
                0.9835390946502057,
                0.9980843827608185
            ],
            "99th": [
                0.9810960496156509,
                1.0
            ],
            "mean": 0.9920137289922377,
            "median": 0.9920792079207921
        },
        "support": {
            "90th": [
                475.0,
                528.0
            ],
            "95th": [
                469.975,
                532.0
            ],
            "99th": [
                458.995,
                543.0
            ],
            "mean": 501.209,
            "median": 501.0
        },
        "user_accuracy": {
            "90th": [
                98.47006969242118,
                99.80160694640892
            ],
            "95th": [
                98.35390946502058,
                99.80843827608184
            ],
            "99th": [
                98.1096049615651,
                100.0
            ],
            "mean": 99.20137289922377,
            "median": 99.20792079207921
        }
    },
    "accuracy": {
        "90th": [
            0.912,
            0.939
        ],
        "95th": [
            0.909,
            0.942
        ],
        "99th": [
            0.903995,
            0.945
        ],
        "mean": 0.926224,
        "median": 0.926
    },
    "cohen_kappa": {
        "90th": [
            0.8249642714284195,
            0.8777123291866018
        ],
        "95th": [
            0.8182171575770321,
            0.8823197592030086
        ],
        "99th": [
            0.807297976791643,
            0.889823385984047
        ],
        "mean": 0.8522841016108554,
        "median": 0.8523938132685129
    },
    "macro avg": {
        "f1-score": {
            "90th": [
                0.9119774662313553,
                0.9386549340037713
            ],
            "95th": [
                0.9085361837573894,
                0.9410087837823541
            ],
            "99th": [
                0.9028240675068196,
                0.944767803379714
            ],
            "mean": 0.9258076600085164,
            "median": 0.9258561586466306
        },
        "precision": {
            "90th": [
                0.9216624670729572,
                0.9454428609471446
            ],
            "95th": [
                0.9192899853092532,
                0.9472943257600238
            ],
            "99th": [
                0.9133493416498334,
                0.951045894894871
            ],
            "mean": 0.9338483431082034,
            "median": 0.9340273586904628
        },
        "recall": {
            "90th": [
                0.9130494331101046,
                0.9384441717884819
            ],
            "95th": [
                0.9095185340050176,
                0.940690357085839
            ],
            "99th": [
                0.904560571104813,
                0.9441396438315022
            ],
            "mean": 0.9260592948291357,
            "median": 0.9262533366761615
        }
    },
    "weighted avg": {
        "f1-score": {
            "90th": [
                0.9119573355736037,
                0.9387358654268597
            ],
            "95th": [
                0.9084845131972394,
                0.9416330230737064
            ],
            "99th": [
                0.9030146825717613,
                0.9448216357577851
            ],
            "mean": 0.925886856854222,
            "median": 0.9258340322010414
        },
        "precision": {
            "90th": [
                0.9229328443378693,
                0.9445271863747411
            ],
            "95th": [
                0.9205917506325776,
                0.9463064783191041
            ],
            "99th": [
                0.9154874085833166,
                0.9496627945676984
            ],
            "mean": 0.9338261753193011,
            "median": 0.9339826970007841
        },