{
    "Mangrove": {
        "f1-score": {
            "90th": [
                0.9274217532712452,
                0.9519572953736654
            ],
            "95th": [
                0.9250445612431445,
                0.9542612324351588
            ],
            "99th": [
                0.9208353712150937,
                0.9582224154589372
            ],
            "mean": 0.9401407445322701,
            "median": 0.9403780359425521
        },
        "precision": {
            "90th": [
                0.9036724418313735,
                0.9417165408968687
            ],
            "95th": [
                0.900346975088968,
                0.9453551912568307
            ],
            "99th": [
                0.8938345234625474,
                0.9505972251746241
            ],
            "mean": 0.9236297397040251,
            "median": 0.9238938053097345
        },
        "producer_accuracy": {
            "90th": [
                90.36724418313736,
                94.17165408968688
            ],
            "95th": [
                90.0346975088968,
                94.53551912568307
            ],
            "99th": [
                89.38345234625474,
                95.0597225174624
            ],
            "mean": 92.3629739704025,
            "median": 92.38938053097345
        },
        "recall": {
            "90th": [
                0.9432807270078563,
                0.9708587514489154
            ],
            "95th": [
                0.9406303534998116,
                0.9732313575525813
            ],
            "99th": [
                0.9334570224893557,
                0.9770596748465609
            ],
            "mean": 0.9573614825727955,
            "median": 0.9575255407113814
        },
        "support": {
            "90th": [
                514.0,
                566.05
            ],
            "95th": [
                508.0,
                571.0
            ],
            "99th": [
                500.0,
                582.0049999999999
            ],
            "mean": 540.383,
            "median": 541.0
        },
        "user_accuracy": {
            "90th": [
                94.32807270078563,
                97.08587514489155
            ],
            "95th": [
                94.06303534998116,
                97.32313575525812
            ],
            "99th": [
                93.34570224893558,
                97.70596748465607
            ],
            "mean": 95.73614825727954,
            "median": 95.75255407113815
        }
    },
    "Other": {
        "f1-score": {
            "90th": [
                0.9116575318568886,
                0.9409093442789095
            ],
            "95th": [
                0.9090909090909091,
                0.9438753531672832
            ],
            "99th": [
                0.9023242040578482,
                0.9471413388798803
            ],
            "mean": 0.926751241631385,
            "median": 0.9269949958469632
        },
        "precision": {
            "90th": [
                0.9301801801801802,
                0.9644491725768322
            ],
            "95th": [
                0.9258355870298604,
                0.9672131147540983
            ],
            "99th": [
                0.9166656429156429,
                0.9714912541150977
            ],
            "mean": 0.9476083451279652,
            "median": 0.9478458049886621
        },
        "producer_accuracy": {
            "90th": [
                93.01801801801803,
                96.44491725768322
            ],
            "95th": [
                92.58355870298602,
                96.72131147540983
            ],
            "99th": [
                91.66656429156428,
                97.14912541150976
            ],
            "mean": 94.76083451279652,
            "median": 94.7845804988662
        },
        "recall": {
            "90th": [
                0.883365623656286,
                0.9291854988795625
            ],
            "95th": [
                0.8793859649122807,
                0.9326321160042964
            ],
            "99th": [
                0.8721109336844514,
                0.9384979777788107
            ],
            "mean": 0.9069403062229202,
            "median": 0.9072398190045249
        },
        "support": {
            "90th": [
                433.95,
                486.0
            ],
            "95th": [
                429.0,
                492.0
            ],
            "99th": [
                417.995,
                500.0
            ],
            "mean": 459.617,
            "median": 459.0
        },
        "user_accuracy": {
            "90th": [
                88.33656236562861,
                92.91854988795625
            ],
            "95th": [
                87.93859649122807,
                93.26321160042964
            ],
            "99th": [
                87.21109336844513,
                93.84979777788108
            ],
            "mean": 90.69403062229202,
            "median": 90.72398190045249
        }
    },
    "accuracy": {
        "90th": [
            0.921,
            0.947
        ],
        "95th": [
            0.919,
            0.949
        ],
        "99th": [
            0.914,
            0.953
        ],
        "mean": 0.9341825,
        "median": 0.934
    },
    "cohen_kappa": {
        "90th": [
            0.8404848283954285,
            0.8923632252660137
        ],
        "95th": [
            0.8360562467940514,
            0.8971739783174716
        ],
        "99th": [
            0.825774140602634,
            0.9045142211761739
        ],
        "mean": 0.8669550748099275,
        "median": 0.8673214818656885
    },
    "macro avg": {
        "f1-score": {
            "90th": [
                0.920207879251371,
                0.9461614185093478
            ],
            "95th": [
                0.9180242097032729,
                0.9485833986404709
            ],
            "99th": [
                0.9127852021173359,
                0.9522546588859816
            ],
            "mean": 0.9334459930818275,
            "median": 0.9336365939886819
        },
        "precision": {
            "90th": [
                0.9228663536522494,
                0.9478502626473272
            ],
            "95th": [
                0.9204341651018108,
                0.9501339040363495
            ],
            "99th": [
                0.9157026279603016,
                0.9539035224071679
            ],
            "mean": 0.9356190424159951,
            "median": 0.9357660377365411
        },
        "recall": {
            "90th": [
                0.9189462467015898,
                0.944880152892627
            ],
            "95th": [
                0.9161785166446123,
                0.9476242821644897
            ],
            "99th": [
                0.9107910098400844,
                0.9509754452475864
            ],
            "mean": 0.9321508943978579,
            "median": 0.9324155690106839
        }
    },
    "weighted avg": {
        "f1-score": {
            "90th": [
                0.9208298119507871,
                0.9468860515009174
            ],
            "95th": [
                0.9187491849853642,
                0.9489433175824876
            ],
            "99th": [
                0.9137439160053633,
                0.9529310916556452
            ],
            "mean": 0.9340489412489764,
            "median": 0.9339278584173216
        },
        "precision": {
            "90th": [
                0.921744557696484,
                0.947148780543925
            ],
            "95th": [
                0.9194984253138148,
                0.9493984660405659
            ],
            "99th": [
                0.9145583375633208,
                0.9531901827662626
            ],
            "mean": 0.9347791524892489,
            "median": 0.9349317597678612
        },