overall accuracy,0.955
cohen kappa,0.9100359856057577
""
Confidence Interval,90%,95%,98%,99%
Overall Accuracy,0.013879574921444824,0.01658778466221455,0.019719152174979538,0.021834941034955885
""
class,f1-score,precision,recall,support
Mangrove,0.9556650246305419,0.9797979797979798,0.9326923076923077,312
Other,0.9543147208121827,0.9306930693069307,0.9791666666666666,288
""
macro avg,0.9549898727213624,0.9552455245524553,0.9559294871794872,600
weighted (pixel) avg,0.9550168787977295,0.9562276227622762,0.955,600
""
Confidence Interval,90%,95%,98%,99%
Mangrove,0.013388480603886107,0.01600086706318096,0.01902143890674063,0.02106236582806473
Other,0.02392842461946289,0.028597385520821503,0.0339958715630174,0.03764349726720382
""
Point Count Confusion Matrix
,Mangrove,Other,User Acc
Mangrove,291,21,93.26923076923077
Other,6,282,97.91666666666666
Producer,97.97979797979798,93.06930693069307
""
