overall accuracy,0.969
cohen kappa,0.9379776719619063
""
Confidence Interval,90%,95%,98%,99%
Overall Accuracy,0.008988486769195362,0.010742337846111531,0.01277022815379585,0.014140424307636608
""
class,f1-score,precision,recall,support
Mangrove,0.9696376101860922,0.9782608695652174,0.9611650485436893,515
Other,0.9683350357507661,0.9595141700404858,0.977319587628866,485
""
macro avg,0.9689863229684291,0.9688875198028516,0.9692423180862777,1000
weighted (pixel) avg,0.969005861584959,0.9691687202957225,0.969,1000
""
Confidence Interval,90%,95%,98%,99%
Mangrove,0.010632050110431319,0.012706596473442308,0.015105290705673766,0.0167260300517761
Other,0.014543120190615828,0.01738080217902867,0.020661871978131026,0.02287881103157856
""
Point Count Confusion Matrix
,Mangrove,Other,User Acc
Mangrove,495,20,96.11650485436894
Other,11,474,97.73195876288659
Producer,97.82608695652173,95.95141700404858
""
