overall accuracy,0.8995
cohen kappa,0.7988833523443597
""
Confidence Interval,90%,95%,98%,99%
Overall Accuracy,0.011025859775999331,0.013177247049365055,0.015664788584194175,0.017345559891511143
""
class,f1-score,precision,recall,support
Mangrove,0.9052333804809052,0.9552238805970149,0.8602150537634409,1116
Other,0.8930282064928152,0.84321608040201,0.9490950226244343,884
""
macro avg,0.8991307934868602,0.8992199804995125,0.9046550381939376,2000
weighted (pixel) avg,0.8998386935781694,0.9057164329108227,0.8995,2000
""
Confidence Interval,90%,95%,98%,99%
Mangrove,0.010698838425329817,0.012786416654662465,0.015200178982328338,0.016831099473994467
Other,0.0189039476748235,0.02259252283088662,0.02685743785508461,0.029739137195758922
""
Point Count Confusion Matrix
,Mangrove,Other,User Acc
Mangrove,960,156,86.02150537634408
Other,45,839,94.90950226244344
Producer,95.52238805970148,84.321608040201
""
