{
    "Mangrove": {
        "f1-score": 0.9439252336448598,
        "precision": 0.9395348837209302,
        "recall": 0.9483568075117371,
        "support": 213
    },
    "Other": {
        "f1-score": 0.9491525423728814,
        "precision": 0.9531914893617022,
        "recall": 0.9451476793248945,
        "support": 237
    },
    "accuracy": 0.9466666666666667,
    "accuracy_conf_interval": [
        0.01737142708623404,
        0.02076097383476751,
        0.02468013726275934,
        0.02732822066005111
    ],
    "cls_confidence_intervals": {
        "Mangrove": [
            0.026658365560362697,
            0.031859997864823714,
            0.037874385216856765,
            0.04193816045471693
        ],
        "Other": [
            0.022597604654649404,
            0.027006893367751725,
            0.032105133442276286,
            0.03554989024938748
        ]
    },
    "cohen_kappa": 0.8930798930798931,
    "confusion_matrix": [
        [
            202,
            11
        ],
        [
            13,
            224
        ]
    ],
    "macro avg": {
        "f1-score": 0.9465388880088705,
        "precision": 0.9463631865413162,
        "recall": 0.9467522434183158,
        "support": 450
    },
    "producer_accuracy": [
        93.95348837209302,
        95.31914893617022
    ],
    "user_accuracy": [
        94.83568075117371,
        94.51476793248945
    ],
    "weighted avg": {
        "f1-score": 0.9466782829082846,
        "precision": 0.9467273626917369,
        "recall": 0.9466666666666667,
        "support": 450
    }
}