overall accuracy,0.982
cohen kappa,0.9639953914101005
""
Confidence Interval,90%,95%,98%,99%
Overall Accuracy,0.006895024989077272,0.008240395718653325,0.009795980624725637,0.010847051507206927
""
class,f1-score,precision,recall,support
Mangrove,0.9817813765182187,0.9857723577235772,0.9778225806451613,496
Other,0.982213438735178,0.9783464566929134,0.9861111111111112,504
""
macro avg,0.9819974076266984,0.9820594072082454,0.9819668458781362,1000
weighted (pixel) avg,0.9819991358755662,0.9820297036041227,0.982,1000
""
Confidence Interval,90%,95%,98%,99%
Mangrove,0.00875620827633172,0.010464736720494007,0.012440222734056651,0.013775010581058438
Other,0.010590654898274036,0.012657124146717753,0.015046479215230798,0.01666090831557745
""
Point Count Confusion Matrix
,Mangrove,Other,User Acc
Mangrove,485,11,97.78225806451613
Other,7,497,98.61111111111111
Producer,98.57723577235772,97.83464566929135
""
