{
    "Mangrove": {
        "f1-score": 0.9384615384615385,
        "precision": 0.9938900203665988,
        "recall": 0.8888888888888888,
        "support": 549
    },
    "Other": {
        "f1-score": 0.9333333333333332,
        "precision": 0.8801571709233792,
        "recall": 0.9933481152993349,
        "support": 451
    },
    "accuracy": 0.936,
    "accuracy_conf_interval": [
        0.012693218598921231,
        0.015169944179198546,
        0.01803365813139419,
        0.019968599990985842
    ],
    "cls_confidence_intervals": {
        "Mangrove": [
            0.005767560359056544,
            0.006892937990091968,
            0.008194155875976676,
            0.0090733571502231
        ],
        "Other": [
            0.023608647024964406,
            0.028215212298128192,
            0.03354155339522382,
            0.03714043251488303
        ]
    },
    "cohen_kappa": 0.8722253944042708,
    "confusion_matrix": [
        [
            488,
            61
        ],
        [
            3,
            448
        ]
    ],
    "macro avg": {
        "f1-score": 0.9358974358974359,
        "precision": 0.937023595644989,
        "recall": 0.9411185020941119,
        "support": 1000
    },
    "producer_accuracy": [
        99.38900203665987,
        88.01571709233792
    ],
    "user_accuracy": [
        88.88888888888889,
        99.33481152993349
    ],
    "weighted avg": {
        "f1-score": 0.9361487179487179,
        "precision": 0.9425965052677068,
        "recall": 0.936,
        "support": 1000
    }
}