{
    "Mangrove": {
        "f1-score": 0.7661691542288557,
        "precision": 0.6978851963746223,
        "recall": 0.8492647058823529,
        "support": 272
    },
    "Other": {
        "f1-score": 0.7638190954773869,
        "precision": 0.8475836431226765,
        "recall": 0.6951219512195121,
        "support": 328
    },
    "accuracy": 0.765,
    "accuracy_conf_interval": [
        0.028387874171906566,
        0.03392697157130297,
        0.040331552939355066,
        0.044658972782633505
    ],
    "cls_confidence_intervals": {
        "Mangrove": [
            0.04139118378114945,
            0.04946751232381275,
            0.058805767201267206,
            0.06511539887522291
        ],
        "Other": [
            0.03593972749997977,
            0.04295235725607339,
            0.05106071041155663,
            0.05653932740850477
        ]
    },
    "cohen_kappa": 0.5344895892943611,
    "confusion_matrix": [
        [
            231,
            41
        ],
        [
            100,
            228
        ]
    ],
    "macro avg": {
        "f1-score": 0.7649941248531213,
        "precision": 0.7727344197486494,
        "recall": 0.7721933285509326,
        "support": 600
    },
    "producer_accuracy": [
        69.78851963746223,
        84.75836431226766
    ],
    "user_accuracy": [
        84.92647058823529,
        69.51219512195121
    ],
    "weighted avg": {
        "f1-score": 0.7648844554447194,
        "precision": 0.7797203472635587,
        "recall": 0.765,
        "support": 600
    }
}