overall accuracy,0.941
cohen kappa,0.8819716732015683
""
Confidence Interval,90%,95%,98%,99%
Overall Accuracy,0.01221981597242774,0.014604170308511202,0.017361080009607704,0.019223856834672908
""
class,f1-score,precision,recall,support
Mangrove,0.9396110542476971,0.95625,0.9235412474849095,497
Other,0.9423264907135875,0.926923076923077,0.9582504970178927,503
""
macro avg,0.9409687724806424,0.9415865384615385,0.9408958722514011,1000
weighted (pixel) avg,0.9409769187900399,0.9414985576923077,0.941,1000
""
Confidence Interval,90%,95%,98%,99%
Mangrove,0.015310803477446887,0.018298277326704818,0.0217525439649093,0.024086507909642056
Other,0.018717771877795313,0.02237002004907245,0.026592931997111637,0.029446250880921895
""
Point Count Confusion Matrix
,Mangrove,Other,User Acc
Mangrove,459,38,92.35412474849095
Other,21,482,95.82504970178927
Producer,95.625,92.6923076923077
""
