{
    "Mangrove": {
        "f1-score": {
            "90th": [
                0.9487047316944225,
                0.9785247533597947
            ],
            "95th": [
                0.9455587392550142,
                0.9806786510590858
            ],
            "99th": [
                0.9378522691076129,
                0.9850018292682926
            ],
            "mean": 0.9639272078742452,
            "median": 0.9642430958063417
        },
        "precision": {
            "90th": [
                1.0,
                1.0
            ],
            "95th": [
                1.0,
                1.0
            ],
            "99th": [
                1.0,
                1.0
            ],
            "mean": 1.0,
            "median": 1.0
        },
        "producer_accuracy": {
            "90th": [
                100.0,
                100.0
            ],
            "95th": [
                100.0,
                100.0
            ],
            "99th": [
                100.0,
                100.0
            ],
            "mean": 100.0,
            "median": 100.0
        },
        "recall": {
            "90th": [
                0.902415112386418,
                0.9579524881342664
            ],
            "95th": [
                0.8967391304347826,
                0.9620897791290351
            ],
            "99th": [
                0.8829772376084631,
                0.9704469022356953
            ],
            "mean": 0.930515583769849,
            "median": 0.9309550293977435
        },
        "support": {
            "90th": [
                185.0,
                218.0
            ],
            "95th": [
                182.0,
                221.0
            ],
            "99th": [
                175.99,
                225.0
            ],
            "mean": 200.828,
            "median": 201.0
        },
        "user_accuracy": {
            "90th": [
                90.2415112386418,
                95.79524881342664
            ],
            "95th": [
                89.67391304347827,
                96.2089779129035
            ],
            "99th": [
                88.29772376084631,
                97.04469022356953
            ],
            "mean": 93.05155837698489,
            "median": 93.09550293977435
        }
    },
    "Other": {
        "f1-score": {
            "90th": [
                0.951397292745306,
                0.9799045226130654
            ],
            "95th": [
                0.9481472746331236,
                0.9821428571428572
            ],
            "99th": [
                0.9426430932238781,
                0.9857159468438539
            ],
            "mean": 0.9660625260765671,
            "median": 0.9663461538461539
        },
        "precision": {
            "90th": [
                0.9073000567214975,
                0.9606007920409544
            ],
            "95th": [
                0.9014068717236152,
                0.9649122807017544
            ],
            "99th": [
                0.8915089003671134,
                0.9718342163070164
            ],
            "mean": 0.9344884287970922,
            "median": 0.9348837209302325
        },
        "producer_accuracy": {
            "90th": [
                90.73000567214974,
                96.06007920409543
            ],
            "95th": [
                90.14068717236154,
                96.49122807017544
            ],
            "99th": [
                89.15089003671135,
                97.18342163070163
            ],
            "mean": 93.4488428797092,
            "median": 93.48837209302326
        },
        "recall": {
            "90th": [
                1.0,
                1.0
            ],
            "95th": [
                1.0,
                1.0
            ],
            "99th": [
                1.0,
                1.0
            ],
            "mean": 1.0,
            "median": 1.0
        },
        "support": {
            "90th": [
                182.0,
                215.0
            ],
            "95th": [
                179.0,
                218.0
            ],
            "99th": [
                175.0,
                224.00999999999976
            ],
            "mean": 199.172,
            "median": 199.0
        },
        "user_accuracy": {
            "90th": [
                100.0,
                100.0
            ],
            "95th": [
                100.0,
                100.0
            ],
            "99th": [
                100.0,
                100.0
            ],
            "mean": 100.0,
            "median": 100.0
        }
    },
    "accuracy": {
        "90th": [
            0.95,
            0.98
        ],
        "95th": [
            0.9475,
            0.9825
        ],
        "99th": [
            0.9425,
            0.985
        ],
        "mean": 0.96511,
        "median": 0.965
    },
    "cohen_kappa": {
        "90th": [
            0.9002249918864402,
            0.959791366444166
        ],
        "95th": [
            0.895099655327439,
            0.9646750100928543
        ],
        "99th": [
            0.884595071188466,
            0.9700000187476565
        ],
        "mean": 0.9300911670612265,
        "median": 0.930041974815111
    },
    "macro avg": {
        "f1-score": {
            "90th": [
                0.9499877466175981,
                0.9798875962991759
            ],
            "95th": [
                0.9474050002817589,
                0.9823320439932104
            ],
            "99th": [
                0.9421054477366428,
                0.9849966336185018
            ],
            "mean": 0.9649948669754063,
            "median": 0.9649781113195748
        },
        "precision": {
            "90th": [
                0.9536500283607486,
                0.9803003960204771
            ],
            "95th": [
                0.9507034358618077,
                0.9824561403508771
            ],
            "99th": [
                0.9457544501835566,
                0.9859171081535082
            ],
            "mean": 0.967244214398546,
            "median": 0.9674418604651163
        },
        "recall": {
            "90th": [
                0.951207556193209,
                0.9789762440671332
            ],
            "95th": [
                0.9483695652173914,
                0.9810448895645176
            ],
            "99th": [
                0.9414886188042315,
                0.9852234511178476
            ],
            "mean": 0.9652577918849244,
            "median": 0.9654775146988717
        }
    },
    "weighted avg": {
        "f1-score": {
            "90th": [
                0.950012500312508,
                0.9799699318868618
            ],
            "95th": [
                0.9474376077836014,
                0.9824698540500634
            ],
            "99th": [
                0.9422251959785387,
                0.9850000281425891
            ],
            "mean": 0.9650709071244785,
            "median": 0.9649816208646945
        },
        "precision": {
            "90th": [
                0.9547846889952153,
                0.9807307611746471
            ],
            "95th": [
                0.9526273134689922,
                0.9830493273542601
            ],
            "99th": [
                0.9483001864035088,
                0.9854434057321988
            ],
            "mean": 0.9675336011992222,
            "median": 0.9673333333333334
        },
        "recall": {
            "90th": [
                0.95,
                0.98
            ],
            "95th": [
                0.9475,
                0.9825
            ],
            "99th": [
                0.9425,
                0.985
            ],
            "mean": 0.96511,
            "median": 0.965
        }
    }
}