{
    "Mangrove": {
        "f1-score": 0.9523809523809523,
        "precision": 0.9780439121756487,
        "recall": 0.928030303030303,
        "support": 528
    },
    "Other": {
        "f1-score": 0.9495365602471679,
        "precision": 0.9238476953907816,
        "recall": 0.9766949152542372,
        "support": 472
    },
    "accuracy": 0.951,
    "accuracy_conf_interval": [
        0.011195207474629494,
        0.01337963820138647,
        0.015905386229199223,
        0.017611972734478107
    ],
    "cls_confidence_intervals": {
        "Mangrove": [
            0.010736967581722521,
            0.012831985646448867,
            0.015254350283788706,
            0.016891083146856164
        ],
        "Other": [
            0.019473108812176836,
            0.023272739799918656,
            0.027666063129495138,
            0.030634524838668437
        ]
    },
    "cohen_kappa": 0.9019890227705503,
    "confusion_matrix": [
        [
            490,
            38
        ],
        [
            11,
            461
        ]
    ],
    "macro avg": {
        "f1-score": 0.9509587563140601,
        "precision": 0.9509458037832151,
        "recall": 0.9523626091422701,
        "support": 1000
    },
    "producer_accuracy": [
        97.80439121756487,
        92.38476953907816
    ],
    "user_accuracy": [
        92.8030303030303,
        97.66949152542372
    ],
    "weighted avg": {
        "f1-score": 0.9510383992938062,
        "precision": 0.9524632978531913,
        "recall": 0.951,
        "support": 1000
    }
}