{
    "Mangrove": {
        "f1-score": {
            "90th": [
                0.732470934332749,
                0.7919712487748056
            ],
            "95th": [
                0.7264426747720365,
                0.7967116402116402
            ],
            "99th": [
                0.7142857142857143,
                0.8090570027876572
            ],
            "mean": 0.7627228881466788,
            "median": 0.7631955457315641
        },
        "precision": {
            "90th": [
                0.7697048601828583,
                0.8409955318720358
            ],
            "95th": [
                0.7609995369834472,
                0.8491174920969441
            ],
            "99th": [
                0.7482729442970822,
                0.8601207779623478
            ],
            "mean": 0.8054096275137093,
            "median": 0.8053394310150264
        },
        "producer_accuracy": {
            "90th": [
                76.97048601828584,
                84.09955318720357
            ],
            "95th": [
                76.09995369834472,
                84.9117492096944
            ],
            "99th": [
                74.82729442970823,
                86.01207779623478
            ],
            "mean": 80.54096275137091,
            "median": 80.53394310150264
        },
        "recall": {
            "90th": [
                0.6858668572276502,
                0.7631615598885795
            ],
            "95th": [
                0.6774170105026256,
                0.7700831024930748
            ],
            "99th": [
                0.6666618217054263,
                0.7806286599162587
            ],
            "mean": 0.7247975924321707,
            "median": 0.7247191011235955
        },
        "support": {
            "90th": [
                334.0,
                382.0
            ],
            "95th": [
                329.975,
                387.0
            ],
            "99th": [
                320.995,
                396.0
            ],
            "mean": 358.612,
            "median": 359.0
        },
        "user_accuracy": {
            "90th": [
                68.58668572276501,
                76.31615598885794
            ],
            "95th": [
                67.74170105026256,
                77.00831024930747
            ],
            "99th": [
                66.66618217054263,
                78.06286599162588
            ],
            "mean": 72.47975924321706,
            "median": 72.47191011235955
        }
    },
    "Other": {
        "f1-score": {
            "90th": [
                0.861490476404458,
                0.8927561769775905
            ],
            "95th": [
                0.8582268950263032,
                0.8960870086019956
            ],
            "99th": [
                0.8528237490715064,
                0.8997844110880187
            ],
            "mean": 0.8774630995418882,
            "median": 0.8775356874530429
        },
        "precision": {
            "90th": [
                0.8315846705715177,
                0.8763056165458869
            ],
            "95th": [
                0.8279411764705882,
                0.8801788489288489
            ],
            "99th": [
                0.8185840075853351,
                0.8867930143755616
            ],
            "mean": 0.8542930906852171,
            "median": 0.8548148148148148
        },
        "producer_accuracy": {
            "90th": [
                83.15846705715178,
                87.63056165458869
            ],
            "95th": [
                82.79411764705881,
                88.0178848928849
            ],
            "99th": [
                81.8584007585335,
                88.67930143755616
            ],
            "mean": 85.42930906852172,
            "median": 85.48148148148148
        },
        "recall": {
            "90th": [
                0.8825396825396825,
                0.9209677419354839
            ],
            "95th": [
                0.8779316168504239,
                0.9247329032258064
            ],
            "99th": [
                0.8713823126199556,
                0.9312002500000001
            ],
            "mean": 0.9020915646767141,
            "median": 0.9023255813953488
        },
        "support": {
            "90th": [
                618.0,
                666.0
            ],
            "95th": [
                613.0,
                670.0249999999999
            ],
            "99th": [
                604.0,
                679.0049999999999
            ],
            "mean": 641.388,
            "median": 641.0
        },
        "user_accuracy": {
            "90th": [
                88.25396825396825,
                92.0967741935484
            ],
            "95th": [
                87.79316168504238,
                92.47329032258064
            ],
            "99th": [
                87.13823126199556,
                93.120025
            ],
            "mean": 90.20915646767142,
            "median": 90.23255813953487
        }
    },
    "accuracy": {
        "90th": [
            0.819,
            0.857
        ],
        "95th": [
            0.815,
            0.862
        ],
        "99th": [
            0.809,
            0.867
        ],
        "mean": 0.8385155,
        "median": 0.839
    },
    "cohen_kappa": {
        "90th": [
            0.5978456885637128,
            0.6833776982280201
        ],
        "95th": [
            0.5900545345799476,
            0.6909790924303265
        ],
        "99th": [
            0.5762239079691076,
            0.7042473816101563
        ],
        "mean": 0.6407684732251934,
        "median": 0.6411814658932072
    },
    "macro avg": {
        "f1-score": {
            "90th": [
                0.7984980663120586,
                0.8414606940207482
            ],
            "95th": [
                0.7946390027283827,
                0.8452369649858252
            ],
            "99th": [
                0.7871066060636127,
                0.8519166433064934
            ],
            "mean": 0.8200929938442835,
            "median": 0.8202968998742364
        },
        "precision": {
            "90th": [
                0.8081133021438931,
                0.8513158115602691
            ],
            "95th": [
                0.8044116266984624,
                0.8551506472967518
            ],
            "99th": [
                0.7961827837735629,
                0.8627191990698249
            ],
            "mean": 0.8298513590994633,
            "median": 0.8301049341787655
        },
        "recall": {
            "90th": [
                0.791640300438511,
                0.8344659734005438
            ],
            "95th": [
                0.7877004029090455,
                0.8388370867710073
            ],
            "99th": [
                0.7783491044019908,
                0.8466733122226049
            ],
            "mean": 0.8134445785544424,
            "median": 0.8133703983136734
        }
    },
    "weighted avg": {
        "f1-score": {
            "90th": [
                0.8166869176074985,
                0.8557442206374509
            ],
            "95th": [
                0.81244425297121,
                0.8599217453293003
            ],
            "99th": [
                0.8061147388520108,
                0.8664605343806353
            ],
            "mean": 0.8364475095237636,
            "median": 0.8367982637007586
        },
        "precision": {
            "90th": [
                0.8172463810420799,
                0.8561640630875933
            ],
            "95th": [
                0.8128962362019,
                0.860460797384095
            ],
            "99th": [
                0.8075665680486621,
                0.8667316019278546
            ],
            "mean": 0.8370308968506152,
            "median": 0.837172188954898
        },