overall accuracy,0.943
cohen kappa,0.8858995916406438
""
Confidence Interval,90%,95%,98%,99%
Overall Accuracy,0.01202367205141591,0.014369754402911699,0.017082412121828705,0.018915288958934788
""
class,f1-score,precision,recall,support
Mangrove,0.9411764705882352,0.95,0.9325153374233128,489
Other,0.944713870029098,0.9365384615384615,0.9530332681017613,511
""
macro avg,0.9429451703086666,0.9432692307692307,0.942774302762537,1000
weighted (pixel) avg,0.942984081702516,0.9431211538461538,0.943,1000
""
Confidence Interval,90%,95%,98%,99%
Mangrove,0.016314359727961546,0.019497649430978432,0.02317832815009171,0.025665273230573653
Other,0.01753316351775608,0.02095426859439141,0.024909921339251014,0.02758265968037237
""
Point Count Confusion Matrix
,Mangrove,Other,User Acc
Mangrove,456,33,93.25153374233128
Other,24,487,95.30332681017613
Producer,95.0,93.65384615384616
""
