overall accuracy,0.838
cohen kappa,0.6400687868540679
""
Confidence Interval,90%,95%,98%,99%
Overall Accuracy,0.01910835779443121,0.022836817851881203,0.02714784979330776,0.030060709213190567
""
class,f1-score,precision,recall,support
Mangrove,0.7624633431085044,0.804953560371517,0.724233983286908,359
Other,0.8770864946889226,0.8537666174298375,0.9017160686427457,641
""
macro avg,0.8197749188987136,0.8293600889006773,0.8129750259648268,1000
weighted (pixel) avg,0.8359367832715525,0.8362427299459004,0.838,1000
""
Confidence Interval,90%,95%,98%,99%
Mangrove,0.03615738497312511,0.04321248448007635,0.05136994328498873,0.05688173977479438
Other,0.02227113556698734,0.02661672299469219,0.03164130845797592,0.03503629863587033
""
Point Count Confusion Matrix
,Mangrove,Other,User Acc
Mangrove,260,99,72.42339832869081
Other,63,578,90.17160686427457
Producer,80.4953560371517,85.37666174298376
""
