{
    "Mangrove": {
        "f1-score": 0.9234088457389428,
        "precision": 0.9574944071588367,
        "recall": 0.8916666666666667,
        "support": 480
    },
    "Other": {
        "f1-score": 0.9338303821062443,
        "precision": 0.9059674502712477,
        "recall": 0.9634615384615385,
        "support": 520
    },
    "accuracy": 0.929,
    "accuracy_conf_interval": [
        0.01331928400478043,
        0.015918168688640027,
        0.018923129104352687,
        0.020953507763617995
    ],
    "cls_confidence_intervals": {
        "Mangrove": [
            0.015648807504258615,
            0.018702233358748103,
            0.02223275700300157,
            0.024618245951821483
        ],
        "Other": [
            0.02035526149041512,
            0.024327019830008314,
            0.028919365410162948,
            0.03202230161297013
        ]
    },
    "cohen_kappa": 0.8573953563107576,
    "confusion_matrix": [
        [
            428,
            52
        ],
        [
            19,
            501
        ]
    ],
    "macro avg": {
        "f1-score": 0.9286196139225935,
        "precision": 0.9317309287150422,
        "recall": 0.9275641025641026,
        "support": 1000
    },
    "producer_accuracy": [
        95.74944071588367,
        90.59674502712477
    ],
    "user_accuracy": [
        89.16666666666667,
        96.34615384615385
    ],
    "weighted avg": {
        "f1-score": 0.9288280446499395,
        "precision": 0.9307003895772905,
        "recall": 0.929,
        "support": 1000
    }
}