overall accuracy,0.963
cohen kappa,0.926
""
Confidence Interval,90%,95%,98%,99%
Overall Accuracy,0.009789440106563812,0.011699574761503092,0.013908167956276635,0.015400460655447947
""
class,f1-score,precision,recall,support
Mangrove,0.9635467980295566,0.978,0.9495145631067962,515
Other,0.9624365482233502,0.948,0.977319587628866,485
""
macro avg,0.9629916731264534,0.963,0.963417075367831,1000
weighted (pixel) avg,0.9630083268735464,0.96345,0.963,1000
""
Confidence Interval,90%,95%,98%,99%
Mangrove,0.010758199998140957,0.012857360973387973,0.015284515851017337,0.01692448536292907
Other,0.016284134708359554,0.019461526846576052,0.02313538650638888,0.025617724114370518
""
Point Count Confusion Matrix
,Mangrove,Other,User Acc
Mangrove,489,26,94.95145631067962
Other,11,474,97.73195876288659
Producer,97.8,94.8
""
