{
    "Mangrove": {
        "f1-score": {
            "90th": [
                0.9177810833249471,
                0.9520666437831701
            ],
            "95th": [
                0.9134091079826313,
                0.9547738693467337
            ],
            "99th": [
                0.9062494359205776,
                0.9605264286359122
            ],
            "mean": 0.9353060334191348,
            "median": 0.9353612167300379
        },
        "precision": {
            "90th": [
                0.883798722567966,
                0.9379096236195628
            ],
            "95th": [
                0.8771331058020477,
                0.9422382671480144
            ],
            "99th": [
                0.867109634551495,
                0.9515570934256056
            ],
            "mean": 0.9114325909057152,
            "median": 0.911864406779661
        },
        "producer_accuracy": {
            "90th": [
                88.3798722567966,
                93.79096236195628
            ],
            "95th": [
                87.71331058020478,
                94.22382671480143
            ],
            "99th": [
                86.71096345514951,
                95.15570934256056
            ],
            "mean": 91.14325909057152,
            "median": 91.18644067796609
        },
        "recall": {
            "90th": [
                0.9401375481352534,
                0.9789473684210527
            ],
            "95th": [
                0.9361019361502798,
                0.9819510817338908
            ],
            "99th": [
                0.9293261069124656,
                0.9864949989359436
            ],
            "mean": 0.960690707635786,
            "median": 0.9612676056338029
        },
        "support": {
            "90th": [
                259.95,
                300.0
            ],
            "95th": [
                255.0,
                304.02499999999986
            ],
            "99th": [
                247.995,
                312.0
            ],
            "mean": 279.9025,
            "median": 280.0
        },
        "user_accuracy": {
            "90th": [
                94.01375481352535,
                97.89473684210527
            ],
            "95th": [
                93.61019361502798,
                98.19510817338909
            ],
            "99th": [
                92.93261069124657,
                98.64949989359435
            ],
            "mean": 96.0690707635786,
            "median": 96.12676056338029
        }
    },
    "Other": {
        "f1-score": {
            "90th": [
                0.9240924092409241,
                0.9557018997700387
            ],
            "95th": [
                0.9208388649850446,
                0.9578313253012049
            ],
            "99th": [
                0.9153704732297064,
                0.9624286150664975
            ],
            "mean": 0.9405217211247174,
            "median": 0.9409836065573771
        },
        "precision": {
            "90th": [
                0.9458592977534549,
                0.9802045122545041
            ],
            "95th": [
                0.9421221864951769,
                0.9835010550235351
            ],
            "99th": [
                0.9354823775388291,
                0.9881008050702295
            ],
            "mean": 0.9639413804288636,
            "median": 0.9644012944983819
        },
        "producer_accuracy": {
            "90th": [
                94.58592977534549,
                98.02045122545042
            ],
            "95th": [
                94.21221864951768,
                98.35010550235351
            ],
            "99th": [
                93.54823775388292,
                98.81008050702295
            ],
            "mean": 96.39413804288637,
            "median": 96.44012944983818
        },
        "recall": {
            "90th": [
                0.8920634920634921,
                0.9422521627308861
            ],
            "95th": [
                0.8878780798640612,
                0.946748798076923
            ],
            "99th": [
                0.8786061562466754,
                0.9549572502438745
            ],
            "mean": 0.9183862216474263,
            "median": 0.9188405797101449
        },
        "support": {
            "90th": [
                300.0,
                340.04999999999995
            ],
            "95th": [
                295.975,
                345.0
            ],
            "99th": [
                288.0,
                352.0049999999999
            ],
            "mean": 320.0975,
            "median": 320.0
        },
        "user_accuracy": {
            "90th": [
                89.20634920634922,
                94.22521627308862
            ],
            "95th": [
                88.78780798640612,
                94.6748798076923
            ],
            "99th": [
                87.86061562466755,
                95.49572502438745
            ],
            "mean": 91.83862216474263,
            "median": 91.88405797101449
        }
    },
    "accuracy": {
        "90th": [
            0.9216666666666666,
            0.9533333333333334
        ],
        "95th": [
            0.9183333333333333,
            0.955
        ],
        "99th": [
            0.9116666666666666,
            0.9616666666666667
        ],
        "mean": 0.9381241666666666,
        "median": 0.9383333333333334
    },
    "cohen_kappa": {
        "90th": [
            0.843200227689936,
            0.9066461288062433
        ],
        "95th": [
            0.8363095485683542,
            0.9100602096659294
        ],
        "99th": [
            0.8233721519991793,
            0.9232976070511316
        ],
        "mean": 0.875924016949662,
        "median": 0.8764401401193446
    },
    "macro avg": {
        "f1-score": {
            "90th": [
                0.9215304347826088,
                0.953308249441046
            ],
            "95th": [
                0.9180536683930473,
                0.9549998749996527
            ],
            "99th": [
                0.9115130434782609,
                0.961635902917448
            ],
            "mean": 0.9379138772719261,
            "median": 0.9381682769838373
        },
        "precision": {
            "90th": [
                0.9212712393515966,
                0.9532621226995213
            ],
            "95th": [
                0.9174715374638094,
                0.9554175926320168
            ],
            "99th": [
                0.9112737912180636,
                0.9613099452763213
            ],
            "mean": 0.9376869856672894,
            "median": 0.9378054548892378
        },
        "recall": {
            "90th": [
                0.9232048588805224,
                0.9545550976800977
            ],
            "95th": [
                0.9202808728813033,
                0.9568964392216248
            ],
            "99th": [
                0.9144996369554997,
                0.9619960108629911
            ],
            "mean": 0.9395384646416062,
            "median": 0.939797774458056
        }
    },
    "weighted avg": {
        "f1-score": {
            "90th": [
                0.9217370266716189,
                0.953389835043689
            ],
            "95th": [
                0.9184582317848873,
                0.9550984384509528
            ],
            "99th": [
                0.9118534467998929,
                0.9616715067269558
            ],
            "mean": 0.9381914691113751,
            "median": 0.9384028733038808
        },
        "precision": {
            "90th": [
                0.9234306617472736,
                0.9543041172365794
            ],
            "95th": [
                0.9204220237906011,
                0.9568696709545037
            ],