overall accuracy,0.984
cohen kappa,0.968
""
Confidence Interval,90%,95%,98%,99%
Overall Accuracy,0.013014616767312057,0.015554054185324165,0.018490278699900668,0.020474214182722626
""
class,f1-score,precision,recall,support
Mangrove,0.983739837398374,0.968,1.0,121
Other,0.9842519685039369,1.0,0.9689922480620154,129
""
macro avg,0.9839959029511555,0.984,0.9844961240310077,250
weighted (pixel) avg,0.9840040970488444,0.9845119999999999,0.984,250
""
Confidence Interval,90%,95%,98%,99%
Mangrove,0.025816746441021585,0.030854160380733117,0.03667867024852457,0.04061414988892421
Other,0.0,0.0,0.0,0.0
""
Point Count Confusion Matrix
,Mangrove,Other,User Acc
Mangrove,121,0,100.0
Other,4,125,96.89922480620154
Producer,96.8,100.0
""
