{
    "Mangrove": {
        "f1-score": {
            "90th": [
                0.6345576019126347,
                0.7168150354858495
            ],
            "95th": [
                0.6247369302693895,
                0.7248922263293638
            ],
            "99th": [
                0.6059211075106676,
                0.7381981213382199
            ],
            "mean": 0.6765779587605891,
            "median": 0.6772009029345373
        },
        "precision": {
            "90th": [
                0.5018573743480806,
                0.6014261139052671
            ],
            "95th": [
                0.49097308828355757,
                0.6094915508449155
            ],
            "99th": [
                0.4758481432360743,
                0.6283914680363017
            ],
            "mean": 0.5523154939545596,
            "median": 0.5531135531135531
        },
        "producer_accuracy": {
            "90th": [
                50.18573743480806,
                60.14261139052671
            ],
            "95th": [
                49.097308828355764,
                60.949155084491544
            ],
            "99th": [
                47.584814323607425,
                62.83914680363017
            ],
            "mean": 55.231549395455964,
            "median": 55.311355311355314
        },
        "recall": {
            "90th": [
                0.8352907754010696,
                0.9162011173184358
            ],
            "95th": [
                0.8263100686498857,
                0.9235881721226484
            ],
            "99th": [
                0.807683257918552,
                0.932926999591225
            ],
            "mean": 0.8746221234366837,
            "median": 0.8746859296482412
        },
        "support": {
            "90th": [
                156.0,
                194.0
            ],
            "95th": [
                153.975,
                197.0
            ],
            "99th": [
                147.0,
                204.0
            ],
            "mean": 174.9845,
            "median": 175.0
        },
        "user_accuracy": {
            "90th": [
                83.52907754010695,
                91.62011173184358
            ],
            "95th": [
                82.63100686498856,
                92.35881721226484
            ],
            "99th": [
                80.7683257918552,
                93.2926999591225
            ],
            "mean": 87.46221234366836,
            "median": 87.46859296482413
        }
    },
    "Other": {
        "f1-score": {
            "90th": [
                0.7782421085589047,
                0.8300932758869161
            ],
            "95th": [
                0.7726674510709499,
                0.8363660736046794
            ],
            "99th": [
                0.7601668964588236,
                0.8440370460808596
            ],
            "mean": 0.8046037853552018,
            "median": 0.8043184885290149
        },
        "precision": {
            "90th": [
                0.9082554291023109,
                0.9548192771084337
            ],
            "95th": [
                0.9034244548286604,
                0.9595015576323987
            ],
            "99th": [
                0.8945731636222308,
                0.9649714371019108
            ],
            "mean": 0.9320354938762897,
            "median": 0.9326923076923077
        },
        "producer_accuracy": {
            "90th": [
                90.82554291023109,
                95.48192771084338
            ],
            "95th": [
                90.34244548286604,
                95.95015576323988
            ],
            "99th": [
                89.4573163622231,
                96.49714371019107
            ],
            "mean": 93.20354938762897,
            "median": 93.26923076923077
        },
        "recall": {
            "90th": [
                0.6725155567324242,
                0.7451502542764679
            ],
            "95th": [
                0.6643823642111313,
                0.7517698687235459
            ],
            "99th": [
                0.6491555133479892,
                0.7630359763817463
            ],
            "mean": 0.7081423617396274,
            "median": 0.7082352941176471
        },
        "support": {
            "90th": [
                406.0,
                444.0
            ],
            "95th": [
                403.0,
                446.02499999999986
            ],
            "99th": [
                396.0,
                453.0
            ],
            "mean": 425.0155,
            "median": 425.0
        },
        "user_accuracy": {
            "90th": [
                67.25155567324242,
                74.51502542764679
            ],
            "95th": [
                66.43823642111313,
                75.17698687235458
            ],
            "99th": [
                64.91555133479892,
                76.30359763817462
            ],
            "mean": 70.81423617396274,
            "median": 70.82352941176471
        }
    },
    "accuracy": {
        "90th": [
            0.7283333333333334,
            0.7866666666666666
        ],
        "95th": [
            0.7233333333333334,
            0.7916666666666666
        ],
        "99th": [
            0.7099916666666667,
            0.8016666666666666
        ],
        "mean": 0.7566866666666666,
        "median": 0.7566666666666667
    },
    "cohen_kappa": {
        "90th": [
            0.44255664989588844,
            0.5543297554640343
        ],
        "95th": [
            0.43229206843673706,
            0.563039518099902
        ],
        "99th": [
            0.4052961136038563,
            0.5805350262210097
        ],
        "mean": 0.4970341057681739,
        "median": 0.4967096524541344
    },
    "macro avg": {
        "f1-score": {
            "90th": [
                0.7103332041684136,
                0.772037246236826
            ],
            "95th": [
                0.7043121431929183,
                0.7761997531966449
            ],
            "99th": [
                0.6892934451898798,
                0.7859968285403408
            ],
            "mean": 0.7405908720578954,
            "median": 0.7407874457054786
        },
        "precision": {
            "90th": [
                0.7148947538864163,
                0.769196465327486
            ],
            "95th": [
                0.7101850694372243,
                0.7752354537140693
            ],
            "99th": [
                0.6976779479005644,
                0.7833811875225193
            ],
            "mean": 0.7421754939154247,
            "median": 0.7423233041133412
        },
        "recall": {
            "90th": [
                0.7638495045554119,
                0.819096106489709
            ],
            "95th": [
                0.7580223005726814,
                0.8238839793206659
            ],
            "99th": [
                0.7435985621828913,
                0.8325359354192123
            ],
            "mean": 0.7913822425881555,
            "median": 0.7915217680083251
        }
    },
    "weighted avg": {
        "f1-score": {
            "90th": [
                0.7415654374609643,
                0.7948207912045399
            ],
            "95th": [
                0.7358660370292053,
                0.8006106922116654
            ],
            "99th": [
                0.7223504619633734,
                0.8095210016731589
            ],
            "mean": 0.767622987005683,
            "median": 0.767443624072656
        },
        "precision": {
            "90th": [
                0.798044381415905,
                0.8443199442218712
            ],
            "95th": [
                0.7932500574846925,
                0.8487703057381086
            ],
            "99th": [
                0.7850364387602128,
                0.8548596409054521
            ],