{
    "Mangrove": {
        "f1-score": 0.95562435500516,
        "precision": 0.9487704918032787,
        "recall": 0.9625779625779626,
        "support": 481
    },
    "Other": {
        "f1-score": 0.9582929194956353,
        "precision": 0.96484375,
        "recall": 0.9518304431599229,
        "support": 519
    },
    "accuracy": 0.957,
    "accuracy_conf_interval": [
        0.010520443412708424,
        0.012573212859090556,
        0.014946727531469896,
        0.01655045366145594
    ],
    "cls_confidence_intervals": {
        "Mangrove": [
            0.016367208500409992,
            0.019560810159026575,
            0.023253412076802003,
            0.02574841337259621
        ],
        "Other": [
            0.01334868957431554,
            0.01595331193027955,
            0.018964906529362936,
            0.020999767744959815
        ]
    },
    "cohen_kappa": 0.9139214964047211,
    "confusion_matrix": [
        [
            463,
            18
        ],
        [
            25,
            494
        ]
    ],
    "macro avg": {
        "f1-score": 0.9569586372503976,
        "precision": 0.9568071209016393,
        "recall": 0.9572042028689427,
        "support": 1000
    },
    "producer_accuracy": [
        94.87704918032787,
        96.484375
    ],
    "user_accuracy": [
        96.25779625779626,
        95.18304431599229
    ],
    "weighted avg": {
        "f1-score": 0.9570093399757167,
        "precision": 0.957112512807377,
        "recall": 0.957,
        "support": 1000
    }
}