overall accuracy,0.96
cohen kappa,0.9200038398156889
""
Confidence Interval,90%,95%,98%,99%
Overall Accuracy,0.010162708300448266,0.012145675773706465,0.014438481914661258,0.015987675253144224
""
class,f1-score,precision,recall,support
Mangrove,0.9598393574297188,0.952191235059761,0.9676113360323887,494
Other,0.9601593625498008,0.9678714859437751,0.9525691699604744,506
""
macro avg,0.9599993599897598,0.9600313605017681,0.9600902529964315,1000
weighted (pixel) avg,0.9600012800204802,0.9601254420070722,0.96,1000
""
Confidence Interval,90%,95%,98%,99%
Mangrove,0.015617367912659382,0.018664659212690483,0.02218808977835144,0.024568786106500737
Other,0.012959353733344132,0.015488008120338109,0.018411764755299896,0.02038727599513894
""
Point Count Confusion Matrix
,Mangrove,Other,User Acc
Mangrove,478,16,96.76113360323887
Other,24,482,95.25691699604744
Producer,95.2191235059761,96.78714859437751
""
