{
    "Mangrove": {
        "f1-score": 0.9590409590409591,
        "precision": 0.9580838323353293,
        "recall": 0.96,
        "support": 500
    },
    "Other": {
        "f1-score": 0.9589589589589589,
        "precision": 0.9599198396793587,
        "recall": 0.958,
        "support": 500
    },
    "accuracy": 0.959,
    "accuracy_conf_interval": [
        0.010283597736201085,
        0.012290153392045198,
        0.014610233369114956,
        0.01617785497524317
    ],
    "cls_confidence_intervals": {
        "Mangrove": [
            0.014683092180498514,
            0.017548085776693347,
            0.02086073462229362,
            0.023099010869320834
        ],
        "Other": [
            0.014400440734461638,
            0.017210282828990738,
            0.020459162750790013,
            0.02265435188714087
        ]
    },
    "cohen_kappa": 0.918,
    "confusion_matrix": [
        [
            480,
            20
        ],
        [
            21,
            479
        ]
    ],
    "macro avg": {
        "f1-score": 0.9589999589999589,
        "precision": 0.959001836007344,
        "recall": 0.959,
        "support": 1000
    },
    "producer_accuracy": [
        95.80838323353294,
        95.99198396793587
    ],
    "user_accuracy": [
        96.0,
        95.8
    ],
    "weighted avg": {
        "f1-score": 0.958999958999959,
        "precision": 0.9590018360073441,
        "recall": 0.959,
        "support": 1000
    }
}