overall accuracy,0.945
cohen kappa,0.8898890081201851
""
Confidence Interval,90%,95%,98%,99%
Overall Accuracy,0.011823365003246752,0.014130363052660754,0.016797829547295695,0.01860017177340038
""
class,f1-score,precision,recall,support
Mangrove,0.9428868120456905,0.924643584521385,0.961864406779661,472
Other,0.9469623915139826,0.9646365422396856,0.9299242424242424,528
""
macro avg,0.9449246017798365,0.9446400633805353,0.9458943246019518,1000
weighted (pixel) avg,0.9450387180049487,0.9457598661966476,0.945,1000
""
Confidence Interval,90%,95%,98%,99%
Mangrove,0.019536663592553287,0.02334869551305149,0.027756357421127534,0.030734507359016755
Other,0.013425923650868095,0.016045616070549676,0.0190746354308065,0.021121270133682736
""
Point Count Confusion Matrix
,Mangrove,Other,User Acc
Mangrove,454,18,96.1864406779661
Other,37,491,92.99242424242425
Producer,92.4643584521385,96.46365422396856
""
