overall accuracy,0.951
cohen kappa,0.9019890227705503
""
Confidence Interval,90%,95%,98%,99%
Overall Accuracy,0.011195207474629494,0.01337963820138647,0.015905386229199223,0.017611972734478107
""
class,f1-score,precision,recall,support
Mangrove,0.9523809523809523,0.9780439121756487,0.928030303030303,528
Other,0.9495365602471679,0.9238476953907816,0.9766949152542372,472
""
macro avg,0.9509587563140601,0.9509458037832151,0.9523626091422701,1000
weighted (pixel) avg,0.9510383992938062,0.9524632978531913,0.951,1000
""
Confidence Interval,90%,95%,98%,99%
Mangrove,0.010736967581722521,0.012831985646448867,0.015254350283788706,0.016891083146856164
Other,0.019473108812176836,0.023272739799918656,0.027666063129495138,0.030634524838668437
""
Point Count Confusion Matrix
,Mangrove,Other,User Acc
Mangrove,490,38,92.8030303030303
Other,11,461,97.66949152542372
Producer,97.80439121756487,92.38476953907816
""
