{
    "Mangrove": {
        "f1-score": 0.926056338028169,
        "precision": 0.942652329749104,
        "recall": 0.9100346020761245,
        "support": 289
    },
    "Other": {
        "f1-score": 0.9335443037974684,
        "precision": 0.9190031152647975,
        "recall": 0.9485530546623794,
        "support": 311
    },
    "accuracy": 0.93,
    "accuracy_conf_interval": [
        0.017082786657919714,
        0.02041601332287966,
        0.024270056654239598,
        0.026874139986239554
    ],
    "cls_confidence_intervals": {
        "Mangrove": [
            0.022828396585625806,
            0.02728271787062596,
            0.0324330268564074,
            0.03591296536031377
        ],
        "Other": [
            0.0249737627384101,
            0.02984669205322183,
            0.03548101657347289,
            0.039287992600669557
        ]
    },
    "cohen_kappa": 0.8596397420044781,
    "confusion_matrix": [
        [
            263,
            26
        ],
        [
            16,
            295
        ]
    ],
    "macro avg": {
        "f1-score": 0.9298003209128187,
        "precision": 0.9308277225069508,
        "recall": 0.929293828369252,
        "support": 600
    },
    "producer_accuracy": [
        94.26523297491039,
        91.90031152647975
    ],
    "user_accuracy": [
        91.00346020761245,
        94.85530546623794
    ],
    "weighted avg": {
        "f1-score": 0.9299376002852558,
        "precision": 0.9303941535747384,
        "recall": 0.93,
        "support": 600
    }
}