{
    "Mangrove": {
        "f1-score": {
            "90th": [
                0.9484327603640041,
                0.9691736840191875
            ],
            "95th": [
                0.9464847848898217,
                0.9715462684171148
            ],
            "99th": [
                0.9419086502468055,
                0.9753723703564765
            ],
            "mean": 0.9591161692580888,
            "median": 0.9594246611773993
        },
        "precision": {
            "90th": [
                0.9432429684202448,
                0.972635477582846
            ],
            "95th": [
                0.9403578528827038,
                0.9748071156940178
            ],
            "99th": [
                0.9344221481531869,
                0.9786784910751067
            ],
            "mean": 0.9581865778852218,
            "median": 0.958498023715415
        },
        "producer_accuracy": {
            "90th": [
                94.32429684202447,
                97.26354775828459
            ],
            "95th": [
                94.03578528827038,
                97.48071156940178
            ],
            "99th": [
                93.44221481531869,
                97.86784910751066
            ],
            "mean": 95.81865778852217,
            "median": 95.8498023715415
        },
        "recall": {
            "90th": [
                0.9452602739726027,
                0.9738981980024306
            ],
            "95th": [
                0.9424565018315019,
                0.9759036144578314
            ],
            "99th": [
                0.936533188585608,
                0.9800003984063744
            ],
            "mean": 0.9601245737888011,
            "median": 0.9605392920170248
        },
        "support": {
            "90th": [
                476.0,
                526.0
            ],
            "95th": [
                472.0,
                531.0
            ],
            "99th": [
                463.995,
                541.0
            ],
            "mean": 500.7055,
            "median": 501.0
        },
        "user_accuracy": {
            "90th": [
                94.52602739726028,
                97.38981980024306
            ],
            "95th": [
                94.24565018315019,
                97.59036144578313
            ],
            "99th": [
                93.6533188585608,
                98.00003984063746
            ],
            "mean": 96.01245737888011,
            "median": 96.05392920170249
        }
    },
    "Other": {
        "f1-score": {
            "90th": [
                0.9482056419236682,
                0.9692795503181554
            ],
            "95th": [
                0.9459986486486487,
                0.9714857293416207
            ],
            "99th": [
                0.9427672250558674,
                0.9755600914207445
            ],
            "mean": 0.9589170907046108,
            "median": 0.9590332148471683
        },
        "precision": {
            "90th": [
                0.9448764540527108,
                0.974
            ],
            "95th": [
                0.942,
                0.9762376237623762
            ],
            "99th": [
                0.9359480805118635,
                0.9801221627762382
            ],
            "mean": 0.9599246460504168,
            "median": 0.9602385685884692
        },
        "producer_accuracy": {
            "90th": [
                94.4876454052711,
                97.39999999999999
            ],
            "95th": [
                94.19999999999999,
                97.62376237623762
            ],
            "99th": [
                93.59480805118636,
                98.01221627762382
            ],
            "mean": 95.99246460504169,
            "median": 96.02385685884693
        },
        "recall": {
            "90th": [
                0.9431260614482013,
                0.9722249724972497
            ],
            "95th": [
                0.9399214125926271,
                0.9748430714207511
            ],
            "99th": [
                0.9343931278856635,
                0.9785583343702045
            ],
            "mean": 0.9579887744840411,
            "median": 0.9583333333333334
        },
        "support": {
            "90th": [
                474.0,
                524.0
            ],
            "95th": [
                469.0,
                528.0
            ],
            "99th": [
                459.0,
                536.0049999999999
            ],
            "mean": 499.2945,
            "median": 499.0
        },
        "user_accuracy": {
            "90th": [
                94.31260614482014,
                97.22249724972497
            ],
            "95th": [
                93.99214125926271,
                97.48430714207511
            ],
            "99th": [
                93.43931278856634,
                97.85583343702044
            ],
            "mean": 95.79887744840413,
            "median": 95.83333333333334
        }
    },
    "accuracy": {
        "90th": [
            0.948,
            0.969
        ],
        "95th": [
            0.947,
            0.971
        ],
        "99th": [
            0.943,
            0.975
        ],
        "mean": 0.9590535,
        "median": 0.959
    },
    "cohen_kappa": {
        "90th": [
            0.8960180927807372,
            0.9379985119642872
        ],
        "95th": [
            0.89384373798231,
            0.9420001623818132
        ],
        "99th": [
            0.8858628573194821,
            0.95
        ],
        "mean": 0.9180367309912243,
        "median": 0.9179940955748814
    },
    "macro avg": {
        "f1-score": {
            "90th": [
                0.9479997919991681,
                0.9689974887965924
            ],
            "95th": [
                0.9469192642008495,
                0.970999744797709
            ],
            "99th": [
                0.9429131709329892,
                0.9749993749843746
            ],
            "mean": 0.9590166299813497,
            "median": 0.9589950383996464
        },
        "precision": {
            "90th": [
                0.9484185104768892,
                0.9690671954413486
            ],
            "95th": [
                0.9469274435467282,
                0.9710880584220786
            ],
            "99th": [
                0.9427975112675439,
                0.9750097919696905
            ],
            "mean": 0.9590556119678193,
            "median": 0.9590584256935857
        },
        "recall": {
            "90th": [
                0.948451421483177,
                0.9690716296006878
            ],
            "95th": [
                0.9469848321828984,
                0.9711529621425466
            ],
            "99th": [
                0.9430253765335862,
                0.9752287904828413
            ],
            "mean": 0.9590566741364212,
            "median": 0.9590461783503216
        }
    },
    "weighted avg": {
        "f1-score": {
            "90th": [
                0.9480421685049615,
                0.9690025112848298
            ],
            "95th": [
                0.9469951500679482,
                0.9710039358274289
            ],
            "99th": [
                0.9430048264445691,
                0.9750051926476977
            ],
            "mean": 0.9590535221209258,
            "median": 0.9590011074486331
        },
        "precision": {
            "90th": [
                0.9483655657206432,
                0.969094103410341
            ],
            "95th": [
                0.9470156604228229,
                0.9711679547491039
            ],
            "99th": [
                0.9430302175621786,
                0.9750657503361827
            ],
            "mean": 0.9591324291912082,
            "median": 0.9590945796443444
        },