{
    "Mangrove": {
        "f1-score": 0.9584352078239609,
        "precision": 0.9607843137254902,
        "recall": 0.9560975609756097,
        "support": 205
    },
    "Other": {
        "f1-score": 0.9565217391304348,
        "precision": 0.9540816326530612,
        "recall": 0.958974358974359,
        "support": 195
    },
    "accuracy": 0.9575,
    "accuracy_conf_interval": [
        0.016541607388642732,
        0.019769238098621803,
        0.023501186107035107,
        0.026022772599206254
    ],
    "cls_confidence_intervals": {
        "Mangrove": [
            0.022288027045827875,
            0.02663691037184307,
            0.03166530671754814,
            0.035062871815997515
        ],
        "Other": [
            0.024518946104005995,
            0.0293031307096657,
            0.03483484415995974,
            0.03857248838313138
        ]
    },
    "cohen_kappa": 0.9149574787393697,
    "confusion_matrix": [
        [
            196,
            9
        ],
        [
            8,
            187
        ]
    ],
    "macro avg": {
        "f1-score": 0.9574784734771978,
        "precision": 0.9574329731892757,
        "recall": 0.9575359599749844,
        "support": 400
    },
    "producer_accuracy": [
        96.07843137254902,
        95.40816326530613
    ],
    "user_accuracy": [
        95.60975609756098,
        95.8974358974359
    ],
    "weighted avg": {
        "f1-score": 0.9575023918358668,
        "precision": 0.957516756702681,
        "recall": 0.9575,
        "support": 400
    }
}