overall accuracy,0.92
cohen kappa,0.8396357156998614
""
Confidence Interval,90%,95%,98%,99%
Overall Accuracy,0.010486884930977144,0.012533106380923904,0.014899049932424845,0.016497660440195752
""
class,f1-score,precision,recall,support
Mangrove,0.9236479321314952,0.9207188160676533,0.926595744680851,940
Other,0.9159859976662776,0.9192037470725996,0.9127906976744186,860
""
macro avg,0.9198169648988864,0.9199612815701264,0.9196932211776347,1800
weighted (pixel) avg,0.9199872301092246,0.9199949497700166,0.92,1800
""
Confidence Interval,90%,95%,98%,99%
Mangrove,0.014406114181942643,0.017217063290614378,0.020467223197516073,0.022663277188665867
Other,0.015293835539962828,0.0182779985721507,0.021728437078117925,0.0240598144470147
""
Point Count Confusion Matrix
,Mangrove,Other,User Acc
Mangrove,871,69,92.65957446808511
Other,75,785,91.27906976744185
Producer,92.07188160676533,91.92037470725995
""
