{
    "Mangrove": {
        "f1-score": 0.9696376101860922,
        "precision": 0.9782608695652174,
        "recall": 0.9611650485436893,
        "support": 515
    },
    "Other": {
        "f1-score": 0.9683350357507661,
        "precision": 0.9595141700404858,
        "recall": 0.977319587628866,
        "support": 485
    },
    "accuracy": 0.969,
    "accuracy_conf_interval": [
        0.008988486769195362,
        0.010742337846111531,
        0.01277022815379585,
        0.014140424307636608
    ],
    "cls_confidence_intervals": {
        "Mangrove": [
            0.010632050110431319,
            0.012706596473442308,
            0.015105290705673766,
            0.0167260300517761
        ],
        "Other": [
            0.014543120190615828,
            0.01738080217902867,
            0.020661871978131026,
            0.02287881103157856
        ]
    },
    "cohen_kappa": 0.9379776719619063,
    "confusion_matrix": [
        [
            495,
            20
        ],
        [
            11,
            474
        ]
    ],
    "macro avg": {
        "f1-score": 0.9689863229684291,
        "precision": 0.9688875198028516,
        "recall": 0.9692423180862777,
        "support": 1000
    },
    "producer_accuracy": [
        97.82608695652173,
        95.95141700404858
    ],
    "user_accuracy": [
        96.11650485436894,
        97.73195876288659
    ],
    "weighted avg": {
        "f1-score": 0.969005861584959,
        "precision": 0.9691687202957225,
        "recall": 0.969,
        "support": 1000
    }
}