{
    "Mangrove": {
        "f1-score": 0.9560810810810811,
        "precision": 0.9248366013071896,
        "recall": 0.9895104895104895,
        "support": 286
    },
    "Other": {
        "f1-score": 0.957236842105263,
        "precision": 0.9897959183673469,
        "recall": 0.9267515923566879,
        "support": 314
    },
    "accuracy": 0.9566666666666667,
    "accuracy_conf_interval": [
        0.013632000478177699,
        0.016291903010505055,
        0.019367415313508562,
        0.02144546416688931
    ],
    "cls_confidence_intervals": {
        "Mangrove": [
            0.024718313957876582,
            0.029541399608193967,
            0.035118092391373444,
            0.038886128055683894
        ],
        "Other": [
            0.009612358821271238,
            0.011487941030299773,
            0.013656582959489016,
            0.015121881560292557
        ]
    },
    "cohen_kappa": 0.9134141467963234,
    "confusion_matrix": [
        [
            283,
            3
        ],
        [
            23,
            291
        ]
    ],
    "macro avg": {
        "f1-score": 0.9566589615931721,
        "precision": 0.9573162598372682,
        "recall": 0.9581310409335887,
        "support": 600
    },
    "producer_accuracy": [
        92.48366013071896,
        98.9795918367347
    ],
    "user_accuracy": [
        98.95104895104895,
        92.67515923566879
    ],
    "weighted avg": {
        "f1-score": 0.9566859293504031,
        "precision": 0.9588319772353386,
        "recall": 0.9566666666666667,
        "support": 600
    }
}