{
    "Mangrove": {
        "f1-score": {
            "90th": [
                0.9250749250749252,
                0.9503407984420642
            ],
            "95th": [
                0.922339405560882,
                0.9522923482370047
            ],
            "99th": [
                0.9170622924309239,
                0.9572823796736212
            ],
            "mean": 0.9384674073230119,
            "median": 0.938976377952756
        },
        "precision": {
            "90th": [
                0.9876288659793815,
                1.0
            ],
            "95th": [
                0.9860279441117764,
                1.0
            ],
            "99th": [
                0.983049940115414,
                1.0
            ],
            "mean": 0.9938669266744312,
            "median": 0.9939516129032258
        },
        "producer_accuracy": {
            "90th": [
                98.76288659793815,
                100.0
            ],
            "95th": [
                98.60279441117764,
                100.0
            ],
            "99th": [
                98.3049940115414,
                100.0
            ],
            "mean": 99.3866926674431,
            "median": 99.39516129032258
        },
        "recall": {
            "90th": [
                0.8662889194139195,
                0.9099482591844816
            ],
            "95th": [
                0.862000647526345,
                0.913701016657916
            ],
            "99th": [
                0.8513207964601769,
                0.9219869976359337
            ],
            "mean": 0.8890220043787757,
            "median": 0.8895027624309392
        },
        "support": {
            "90th": [
                522.95,
                576.0
            ],
            "95th": [
                517.0,
                581.0
            ],
            "99th": [
                507.0,
                589.0049999999999
            ],
            "mean": 548.721,
            "median": 548.0
        },
        "user_accuracy": {
            "90th": [
                86.62889194139194,
                90.99482591844817
            ],
            "95th": [
                86.2000647526345,
                91.37010166579161
            ],
            "99th": [
                85.1320796460177,
                92.19869976359338
            ],
            "mean": 88.90220043787755,
            "median": 88.95027624309392
        }
    },
    "Other": {
        "f1-score": {
            "90th": [
                0.9193498296934481,
                0.9463926907320734
            ],
            "95th": [
                0.9161409148431489,
                0.948719262295082
            ],
            "99th": [
                0.9098996555688477,
                0.9535127255650034
            ],
            "mean": 0.9333950678940305,
            "median": 0.9337606837606838
        },
        "precision": {
            "90th": [
                0.8562398032629558,
                0.9031622393475685
            ],
            "95th": [
                0.8511004843593107,
                0.9083713783000295
            ],
            "99th": [
                0.8405995768719056,
                0.9150219836192495
            ],
            "mean": 0.8803980548163295,
            "median": 0.8810408921933085
        },
        "producer_accuracy": {
            "90th": [
                85.62398032629558,
                90.31622393475685
            ],
            "95th": [
                85.11004843593108,
                90.83713783000293
            ],
            "99th": [
                84.05995768719056,
                91.50219836192494
            ],
            "mean": 88.03980548163295,
            "median": 88.10408921933085
        },
        "recall": {
            "90th": [
                0.9865771812080537,
                1.0
            ],
            "95th": [
                0.984614537444934,
                1.0
            ],
            "99th": [
                0.9818992071069782,
                1.0
            ],
            "mean": 0.9933353604813447,
            "median": 0.993421052631579
        },
        "support": {
            "90th": [
                424.0,
                477.04999999999995
            ],
            "95th": [
                419.0,
                483.0
            ],
            "99th": [
                410.995,
                493.0
            ],
            "mean": 451.279,
            "median": 452.0
        },
        "user_accuracy": {
            "90th": [
                98.65771812080537,
                100.0
            ],
            "95th": [
                98.4614537444934,
                100.0
            ],
            "99th": [
                98.18992071069782,
                100.0
            ],
            "mean": 99.33353604813445,
            "median": 99.3421052631579
        }
    },
    "accuracy": {
        "90th": [
            0.923,
            0.948
        ],
        "95th": [
            0.92,
            0.95
        ],
        "99th": [
            0.914,
            0.955
        ],
        "mean": 0.9360940000000001,
        "median": 0.937
    },
    "cohen_kappa": {
        "90th": [
            0.8464786794657939,
            0.896116452587512
        ],
        "95th": [
            0.840687369727739,
            0.9001683160791946
        ],
        "99th": [
            0.8289033220156665,
            0.9101222373522828
        ],
        "mean": 0.8723125750596455,
        "median": 0.8736314895489663
    },
    "macro avg": {
        "f1-score": {
            "90th": [
                0.9228932376196842,
                0.9479534599505954
            ],
            "95th": [
                0.919953693191987,
                0.9499874718026818
            ],
            "99th": [
                0.9139322386647133,
                0.954999596796373
            ],
            "mean": 0.9359312376085211,
            "median": 0.9366043477342092
        },
        "precision": {
            "90th": [
                0.9244893905799407,
                0.9488671321023066
            ],
            "95th": [
                0.9219504158755341,
                0.9509885713685423
            ],
            "99th": [
                0.9168248390605079,
                0.9555777932144457
            ],
            "mean": 0.9371324907453802,
            "median": 0.9373851421505178
        },
        "recall": {
            "90th": [
                0.9292885280268538,
                0.9519731406750147
            ],
            "95th": [
                0.9266496765378173,
                0.9538144826990387
            ],
            "99th": [
                0.9221125478484811,
                0.9588108761940445
            ],
            "mean": 0.9411786824300602,
            "median": 0.9415979592396898
        }
    },
    "weighted avg": {
        "f1-score": {
            "90th": [
                0.9231450873182752,
                0.9480752879655806
            ],
            "95th": [
                0.9203155454401204,
                0.9501387704849285
            ],
            "99th": [
                0.9142614970295946,
                0.9551341974989003
            ],
            "mean": 0.9362429931840286,
            "median": 0.937000063000063
        },
        "precision": {
            "90th": [
                0.9322115155797277,
                0.9524914131597493
            ],
            "95th": [
                0.9300519325150918,
                0.954299542823896
            ],
            "99th": [
                0.9257979294782416,
                0.9585549164410577
            ],
            "mean": 0.9427792936626165,
            "median": 0.9430749211987393
        },
        "recall": {
            "90th": [
                0.923,
                0.948
            ],