overall accuracy,0.969
cohen kappa,0.9379851164279427
""
Confidence Interval,90%,95%,98%,99%
Overall Accuracy,0.008988486769195362,0.010742337846111531,0.01277022815379585,0.014140424307636608
""
class,f1-score,precision,recall,support
Mangrove,0.9683995922528033,0.979381443298969,0.9576612903225806,496
Other,0.9695780176643768,0.9592233009708738,0.9801587301587301,504
""
macro avg,0.96898880495859,0.9693023721349214,0.9689100102406554,1000
weighted (pixel) avg,0.9689935186602363,0.969221739565609,0.969,1000
""
Confidence Interval,90%,95%,98%,99%
Mangrove,0.010582250674087919,0.01264708007390995,0.015034539067454177,0.016647687036065142
Other,0.014292431726638867,0.017081198892812306,0.020305710928700343,0.02248443527727334
""
Point Count Confusion Matrix
,Mangrove,Other,User Acc
Mangrove,475,21,95.76612903225806
Other,10,494,98.01587301587301
Producer,97.9381443298969,95.92233009708738
""
