{
    "Mangrove": {
        "f1-score": 0.7624633431085044,
        "precision": 0.804953560371517,
        "recall": 0.724233983286908,
        "support": 359
    },
    "Other": {
        "f1-score": 0.8770864946889226,
        "precision": 0.8537666174298375,
        "recall": 0.9017160686427457,
        "support": 641
    },
    "accuracy": 0.838,
    "accuracy_conf_interval": [
        0.01910835779443121,
        0.022836817851881203,
        0.02714784979330776,
        0.030060709213190567
    ],
    "cls_confidence_intervals": {
        "Mangrove": [
            0.03615738497312511,
            0.04321248448007635,
            0.05136994328498873,
            0.05688173977479438
        ],
        "Other": [
            0.02227113556698734,
            0.02661672299469219,
            0.03164130845797592,
            0.03503629863587033
        ]
    },
    "cohen_kappa": 0.6400687868540679,
    "confusion_matrix": [
        [
            260,
            99
        ],
        [
            63,
            578
        ]
    ],
    "macro avg": {
        "f1-score": 0.8197749188987136,
        "precision": 0.8293600889006773,
        "recall": 0.8129750259648268,
        "support": 1000
    },
    "producer_accuracy": [
        80.4953560371517,
        85.37666174298376
    ],
    "user_accuracy": [
        72.42339832869081,
        90.17160686427457
    ],
    "weighted avg": {
        "f1-score": 0.8359367832715525,
        "precision": 0.8362427299459004,
        "recall": 0.838,
        "support": 1000
    }
}