overall accuracy,0.923
cohen kappa,0.8458112729981497
""
Confidence Interval,90%,95%,98%,99%
Overall Accuracy,0.013825793344325666,0.016523509118828238,0.019642742983096834,0.021750333431926967
""
class,f1-score,precision,recall,support
Mangrove,0.9195402298850575,0.944206008583691,0.8961303462321792,491
Other,0.9261744966442954,0.9044943820224719,0.9489194499017681,509
""
macro avg,0.9228573632646764,0.9243501953030815,0.9225248980669737,1000
weighted (pixel) avg,0.9229170716655096,0.9239927906640305,0.923,1000
""
Confidence Interval,90%,95%,98%,99%
Mangrove,0.017437249643154056,0.020839639817428018,0.024773653456432287,0.02743177078008382
Other,0.020858862243059332,0.02492888414414408,0.02963484696727332,0.03281455157749578
""
Point Count Confusion Matrix
,Mangrove,Other,User Acc
Mangrove,440,51,89.61303462321793
Other,26,483,94.89194499017681
Producer,94.4206008583691,90.4494382022472
""
