{
    "Mangrove": {
        "f1-score": {
            "90th": [
                0.8594346134538153,
                0.9090909090909091
            ],
            "95th": [
                0.8543266076115485,
                0.9139579349904398
            ],
            "99th": [
                0.841299698832257,
                0.9200025878003697
            ],
            "mean": 0.8848107895193643,
            "median": 0.8852459016393444
        },
        "precision": {
            "90th": [
                0.798533431742387,
                0.8732394366197183
            ],
            "95th": [
                0.7908701034574233,
                0.8795691167317377
            ],
            "99th": [
                0.7749985177865613,
                0.8901535877644368
            ],
            "mean": 0.8359554788189268,
            "median": 0.8364665639532418
        },
        "producer_accuracy": {
            "90th": [
                79.8533431742387,
                87.32394366197182
            ],
            "95th": [
                79.08701034574233,
                87.95691167317376
            ],
            "99th": [
                77.49985177865612,
                89.01535877644368
            ],
            "mean": 83.5955478818927,
            "median": 83.64665639532419
        },
        "recall": {
            "90th": [
                0.9146113942482709,
                0.9633721969087823
            ],
            "95th": [
                0.9094253859348199,
                0.9662552742616033
            ],
            "99th": [
                0.89795757673148,
                0.9725495557598038
            ],
            "mean": 0.9401819359020067,
            "median": 0.9409448818897638
        },
        "support": {
            "90th": [
                230.0,
                269.0
            ],
            "95th": [
                226.0,
                273.0
            ],
            "99th": [
                217.995,
                281.0
            ],
            "mean": 249.4675,
            "median": 250.0
        },
        "user_accuracy": {
            "90th": [
                91.4611394248271,
                96.33721969087823
            ],
            "95th": [
                90.942538593482,
                96.62552742616032
            ],
            "99th": [
                89.795757673148,
                97.25495557598039
            ],
            "mean": 94.01819359020067,
            "median": 94.09448818897637
        }
    },
    "Other": {
        "f1-score": {
            "90th": [
                0.888872379065544,
                0.9280715015666833
            ],
            "95th": [
                0.88433230076769,
                0.93118709804629
            ],
            "99th": [
                0.8767969523809526,
                0.9354397020132095
            ],
            "mean": 0.9088990520832902,
            "median": 0.9096005909023048
        },
        "precision": {
            "90th": [
                0.9331011909617425,
                0.9716088328075709
            ],
            "95th": [
                0.928125,
                0.9743610223642172
            ],
            "99th": [
                0.9189955584343481,
                0.9787234042553191
            ],
            "mean": 0.9532446422168689,
            "median": 0.9538461538461539
        },
        "producer_accuracy": {
            "90th": [
                93.31011909617425,
                97.16088328075709
            ],
            "95th": [
                92.8125,
                97.43610223642172
            ],
            "99th": [
                91.89955584343481,
                97.87234042553192
            ],
            "mean": 95.32446422168688,
            "median": 95.38461538461539
        },
        "recall": {
            "90th": [
                0.8383561643835616,
                0.8980197285759994
            ],
            "95th": [
                0.8309346316351804,
                0.9033172714716222
            ],
            "99th": [
                0.8166186568555976,
                0.915204926157201
            ],
            "mean": 0.868725285771437,
            "median": 0.8691860465116279
        },
        "support": {
            "90th": [
                331.0,
                370.0
            ],
            "95th": [
                327.0,
                374.0
            ],
            "99th": [
                319.0,
                382.0049999999999
            ],
            "mean": 350.5325,
            "median": 350.0
        },
        "user_accuracy": {
            "90th": [
                83.83561643835617,
                89.80197285759995
            ],
            "95th": [
                83.09346316351804,
                90.33172714716223
            ],
            "99th": [
                81.66186568555976,
                91.52049261572009
            ],
            "mean": 86.87252857714371,
            "median": 86.9186046511628
        }
    },
    "accuracy": {
        "90th": [
            0.8766666666666667,
            0.9183333333333333
        ],
        "95th": [
            0.8716666666666667,
            0.9233333333333333
        ],
        "99th": [
            0.865,
            0.9283333333333333
        ],
        "mean": 0.8984058333333332,
        "median": 0.8983333333333333
    },
    "cohen_kappa": {
        "90th": [
            0.7510685120302131,
            0.8357723193922929
        ],
        "95th": [
            0.7424912797060045,
            0.8443983776505655
        ],
        "99th": [
            0.7287558711768383,
            0.8540906984718166
        ],
        "mean": 0.7943244721894196,
        "median": 0.7956517367309099
    },
    "macro avg": {
        "f1-score": {
            "90th": [
                0.8749597946465906,
                0.9178072809050332
            ],
            "95th": [
                0.8705771406633455,
                0.9220923965007539
            ],
            "99th": [
                0.8636736911753239,
                0.9269361468783436
            ],
            "mean": 0.8968549208013273,
            "median": 0.8974718117515232
        },
        "precision": {
            "90th": [
                0.8732666866287302,
                0.9154920612551098
            ],
            "95th": [
                0.868954535203733,
                0.9200502393524069
            ],
            "99th": [
                0.8607364569695034,
                0.9257338620743912
            ],
            "mean": 0.8946000605178979,
            "median": 0.8949827168491896
        },
        "recall": {
            "90th": [
                0.88441783659084,
                0.9240414650053205
            ],
            "95th": [
                0.8803491961102824,
                0.9276640660533817
            ],
            "99th": [
                0.8727408678291861,
                0.9322441510139186
            ],
            "mean": 0.9044536108367217,
            "median": 0.9049280526141043
        }
    },
    "weighted avg": {
        "f1-score": {
            "90th": [
                0.8776535113035114,
                0.9190248526163437
            ],
            "95th": [
                0.8729652835764078,
                0.9236596684444117
            ],
            "99th": [
                0.8655428626833291,
                0.9285317270353852
            ],
            "mean": 0.8990414890385571,
            "median": 0.8993787498479633
        },
        "precision": {
            "90th": [
                0.8855154246794873,
                0.9233514540415314
            ],
            "95th": [
                0.882099519568409,
                0.9270512835175765
            ],
            "99th": [
                0.8748973953206886,
                0.9318571055796055
            ],
            "mean": 0.904801390722251,