{
    "Mangrove": {
        "f1-score": {
            "90th": [
                0.9238306540846956,
                0.9608372119423316
            ],
            "95th": [
                0.9198106901422661,
                0.9643705463182898
            ],
            "99th": [
                0.9130429667519181,
                0.9695576873035889
            ],
            "mean": 0.9432998570509749,
            "median": 0.9439252336448597
        },
        "precision": {
            "90th": [
                0.9112149532710281,
                0.9642936507936508
            ],
            "95th": [
                0.9030541383219954,
                0.9681889844389844
            ],
            "99th": [
                0.8937192928358515,
                0.9776800464128382
            ],
            "mean": 0.9391053229493472,
            "median": 0.9397566536385631
        },
        "producer_accuracy": {
            "90th": [
                91.1214953271028,
                96.42936507936508
            ],
            "95th": [
                90.30541383219955,
                96.81889844389843
            ],
            "99th": [
                89.37192928358516,
                97.76800464128382
            ],
            "mean": 93.91053229493473,
            "median": 93.97566536385631
        },
        "recall": {
            "90th": [
                0.9219366078453411,
                0.9716981132075472
            ],
            "95th": [
                0.9154929577464789,
                0.9757310867220111
            ],
            "99th": [
                0.9043052369404208,
                0.9845402313301483
            ],
            "mean": 0.947794785042523,
            "median": 0.9483568075117371
        },
        "support": {
            "90th": [
                195.0,
                230.0
            ],
            "95th": [
                192.0,
                233.0
            ],
            "99th": [
                187.0,
                241.00499999999988
            ],
            "mean": 212.81,
            "median": 213.0
        },
        "user_accuracy": {
            "90th": [
                92.19366078453412,
                97.16981132075472
            ],
            "95th": [
                91.54929577464789,
                97.57310867220112
            ],
            "99th": [
                90.43052369404208,
                98.45402313301484
            ],
            "mean": 94.7794785042523,
            "median": 94.83568075117371
        }
    },
    "Other": {
        "f1-score": {
            "90th": [
                0.9308726777381676,
                0.9642105263157894
            ],
            "95th": [
                0.927038626609442,
                0.9675928425725943
            ],
            "99th": [
                0.919914687710058,
                0.973630831643002
            ],
            "mean": 0.9486711990938659,
            "median": 0.9491525423728814
        },
        "precision": {
            "90th": [
                0.9291666666666667,
                0.9747951900425442
            ],
            "95th": [
                0.9244444444444444,
                0.9785453383252671
            ],
            "99th": [
                0.9135775630703167,
                0.9857175324675325
            ],
            "mean": 0.9527681434013809,
            "median": 0.9537037037037037
        },
        "producer_accuracy": {
            "90th": [
                92.91666666666667,
                97.47951900425441
            ],
            "95th": [
                92.44444444444444,
                97.85453383252671
            ],
            "99th": [
                91.35775630703166,
                98.57175324675325
            ],
            "mean": 95.27681434013809,
            "median": 95.37037037037037
        },
        "recall": {
            "90th": [
                0.92,
                0.9678779116465864
            ],
            "95th": [
                0.9122807017543859,
                0.9720027888446214
            ],
            "99th": [
                0.902542372881356,
                0.9795938775510203
            ],
            "mean": 0.9448217477763976,
            "median": 0.9454899186416696
        },
        "support": {
            "90th": [
                220.0,
                255.0
            ],
            "95th": [
                217.0,
                258.0
            ],
            "99th": [
                208.995,
                263.0
            ],
            "mean": 237.19,
            "median": 237.0
        },
        "user_accuracy": {
            "90th": [
                92.0,
                96.78779116465864
            ],
            "95th": [
                91.22807017543859,
                97.20027888446215
            ],
            "99th": [
                90.2542372881356,
                97.95938775510203
            ],
            "mean": 94.48217477763977,
            "median": 94.54899186416696
        }
    },
    "accuracy": {
        "90th": [
            0.9288888888888889,
            0.9622222222222222
        ],
        "95th": [
            0.9244444444444444,
            0.9644444444444444
        ],
        "99th": [
            0.9177777777777778,
            0.9711111111111111
        ],
        "mean": 0.94623,
        "median": 0.9466666666666667
    },
    "cohen_kappa": {
        "90th": [
            0.8565389830163662,
            0.9243467114013434
        ],
        "95th": [
            0.8487688000216554,
            0.9288891346710907
        ],
        "99th": [
            0.8351971070735961,
            0.942078060951702
        ],
        "mean": 0.8919872625419526,
        "median": 0.8931317349166578
    },
    "macro avg": {
        "f1-score": {
            "90th": [
                0.9282639885222381,
                0.9621688287153483
            ],
            "95th": [
                0.9243712432774439,
                0.964438262827003
            ],
            "99th": [
                0.9175981457270689,
                0.9710354456827961
            ],
            "mean": 0.9459855280724204,
            "median": 0.946561108362197
        },
        "precision": {
            "90th": [
                0.9279548513628306,
                0.9622226787470151
            ],
            "95th": [
                0.9244023503670243,
                0.9656308791613223
            ],
            "99th": [
                0.9176895499592196,
                0.9714957208432391
            ],
            "mean": 0.9459367331753641,
            "median": 0.9465427132172567
        },
        "recall": {
            "90th": [
                0.9282392343984205,
                0.9622939584708428
            ],
            "95th": [
                0.9248542950845583,
                0.9653721172953947
            ],
            "99th": [
                0.9181058028765194,
                0.9716937935332172
            ],
            "mean": 0.9463082664094603,
            "median": 0.9467391304347825
        }
    },
    "weighted avg": {
        "f1-score": {
            "90th": [
                0.9288434344667297,
                0.9622299542329981
            ],
            "95th": [
                0.9244637235469604,
                0.9644845400859273
            ],
            "99th": [
                0.9177741234380221,
                0.971129716713595
            ],
            "mean": 0.9462416925014931,
            "median": 0.946669827909865
        },
        "precision": {
            "90th": [
                0.9289234522111111,
                0.9624194879113829
            ],
            "95th": [
                0.9251173023682655,
                0.9653346608002655
            ],
            "99th": [
                0.9181052754869508,
                0.9714025149033974
            ],
            "mean": 0.9465245558239311,