{
    "Mangrove": {
        "f1-score": {
            "90th": [
                0.8913043478260869,
                0.9289959916014506
            ],
            "95th": [
                0.8863961969439728,
                0.9318550583132577
            ],
            "99th": [
                0.8782126397808715,
                0.9387109647130092
            ],
            "mean": 0.9109746001705513,
            "median": 0.9114899173074134
        },
        "precision": {
            "90th": [
                0.9413793103448276,
                0.9777812939521799
            ],
            "95th": [
                0.9379040077569489,
                0.9804576124201532
            ],
            "99th": [
                0.9293150063215224,
                0.9862549968440985
            ],
            "mean": 0.9603283606215453,
            "median": 0.9609120521172638
        },
        "producer_accuracy": {
            "90th": [
                94.13793103448276,
                97.778129395218
            ],
            "95th": [
                93.79040077569489,
                98.04576124201532
            ],
            "99th": [
                92.93150063215224,
                98.62549968440985
            ],
            "mean": 96.03283606215452,
            "median": 96.09120521172639
        },
        "recall": {
            "90th": [
                0.8362450875312611,
                0.8950627403359643
            ],
            "95th": [
                0.8297213622291022,
                0.9009944163020953
            ],
            "99th": [
                0.8179120485761255,
                0.9141108832177733
            ],
            "mean": 0.8666625308207244,
            "median": 0.8668639053254438
        },
        "support": {
            "90th": [
                311.0,
                352.0
            ],
            "95th": [
                307.0,
                357.0
            ],
            "99th": [
                301.0,
                363.0
            ],
            "mean": 331.404,
            "median": 331.0
        },
        "user_accuracy": {
            "90th": [
                83.62450875312612,
                89.50627403359644
            ],
            "95th": [
                82.97213622291022,
                90.09944163020953
            ],
            "99th": [
                81.79120485761256,
                91.41108832177733
            ],
            "mean": 86.66625308207244,
            "median": 86.68639053254438
        }
    },
    "Other": {
        "f1-score": {
            "90th": [
                0.8791208791208791,
                0.9222614840989399
            ],
            "95th": [
                0.874311534379054,
                0.9262435677530017
            ],
            "99th": [
                0.8634811656990291,
                0.9321444163332548
            ],
            "mean": 0.9014001707535038,
            "median": 0.9018900399441432
        },
        "precision": {
            "90th": [
                0.819442121887774,
                0.88562558356676
            ],
            "95th": [
                0.8115905431122823,
                0.89240676466585
            ],
            "99th": [
                0.7968712075242719,
                0.9062540064102563
            ],
            "mean": 0.853112886543513,
            "median": 0.8535714285714285
        },
        "producer_accuracy": {
            "90th": [
                81.9442121887774,
                88.56255835667599
            ],
            "95th": [
                81.15905431122823,
                89.240676466585
            ],
            "99th": [
                79.68712075242719,
                90.62540064102564
            ],
            "mean": 85.3112886543513,
            "median": 85.35714285714285
        },
        "recall": {
            "90th": [
                0.9341044896640827,
                0.9751161533516451
            ],
            "95th": [
                0.9300692106247662,
                0.978341298080669
            ],
            "99th": [
                0.9199992366412214,
                0.9848484848484849
            ],
            "mean": 0.9558138049442186,
            "median": 0.9563636363636364
        },
        "support": {
            "90th": [
                248.0,
                289.0
            ],
            "95th": [
                243.0,
                293.0
            ],
            "99th": [
                237.0,
                299.0
            ],
            "mean": 268.596,
            "median": 269.0
        },
        "user_accuracy": {
            "90th": [
                93.41044896640828,
                97.5116153351645
            ],
            "95th": [
                93.00692106247662,
                97.8341298080669
            ],
            "99th": [
                91.99992366412214,
                98.48484848484848
            ],
            "mean": 95.58138049442188,
            "median": 95.63636363636364
        }
    },
    "accuracy": {
        "90th": [
            0.8866666666666667,
            0.925
        ],
        "95th": [
            0.8816666666666667,
            0.9283333333333333
        ],
        "99th": [
            0.8749916666666667,
            0.935
        ],
        "mean": 0.9065791666666666,
        "median": 0.9066666666666666
    },
    "cohen_kappa": {
        "90th": [
            0.7736691799388753,
            0.8504042374127297
        ],
        "95th": [
            0.7641397133448381,
            0.8567597726421787
        ],
        "99th": [
            0.750553946648681,
            0.8694581346540297
        ],
        "mean": 0.812963048108357,
        "median": 0.8134939356338634
    },
    "macro avg": {
        "f1-score": {
            "90th": [
                0.8863806608992917,
                0.924998208288772
            ],
            "95th": [
                0.8815715949748548,
                0.9282760736768634
            ],
            "99th": [
                0.8749823244275784,
                0.934632766240635
            ],
            "mean": 0.9061873854620276,
            "median": 0.9064629637878046
        },
        "precision": {
            "90th": [
                0.8870611627689767,
                0.9257224573921837
            ],
            "95th": [
                0.8833325310107026,
                0.9288369596648364
            ],
            "99th": [
                0.874551548622753,
                0.9348993488291744
            ],
            "mean": 0.906720623582529,
            "median": 0.907025035747013
        },
        "recall": {
            "90th": [
                0.8922230568163491,
                0.9289543893606393
            ],
            "95th": [
                0.888541920713449,
                0.9318361617761377
            ],
            "99th": [
                0.8820890069814077,
                0.9378067235053027
            ],
            "mean": 0.9112381678824716,
            "median": 0.9115284861355992
        }
    },
    "weighted avg": {
        "f1-score": {
            "90th": [
                0.8869529802649798,
                0.9253190236769053
            ],
            "95th": [
                0.8825380829330715,
                0.9285224220047377
            ],
            "99th": [
                0.8750435972966852,
                0.935134627198773
            ],
            "mean": 0.9068415908964991,
            "median": 0.90699588573064
        },
        "precision": {
            "90th": [
                0.8946266316013312,
                0.929849130568863
            ],
            "95th": [
                0.8913468055555555,
                0.9324057808959848
            ],
            "99th": [
                0.8847892595226454,
                0.938126317004495
            ],
            "mean": 0.9126116365928246,