overall accuracy,0.934
cohen kappa,0.8667205169628434
""
Confidence Interval,90%,95%,98%,99%
Overall Accuracy,0.012876245664012466,0.015388683842356362,0.018293690486066494,0.020256532812897663
""
class,f1-score,precision,recall,support
Mangrove,0.9400000000000001,0.9232142857142858,0.9574074074074074,540
Other,0.9266666666666666,0.9477272727272728,0.9065217391304348,460
""
macro avg,0.9333333333333333,0.9354707792207793,0.931964573268921,1000
weighted (pixel) avg,0.9338666666666666,0.9344902597402597,0.934,1000
""
Confidence Interval,90%,95%,98%,99%
Mangrove,0.018451909117294222,0.022052281627985778,0.02621521234347289,0.029028003367450667
Other,0.01740190441403358,0.020797397958235254,0.024723437368718442,0.027376166700126
""
Point Count Confusion Matrix
,Mangrove,Other,User Acc
Mangrove,517,23,95.74074074074073
Other,43,417,90.65217391304347
Producer,92.32142857142858,94.77272727272728
""
