{
    "Mangrove": {
        "f1-score": 0.9037199124726476,
        "precision": 0.9786729857819905,
        "recall": 0.8394308943089431,
        "support": 492
    },
    "Other": {
        "f1-score": 0.9189686924493555,
        "precision": 0.8633217993079585,
        "recall": 0.9822834645669292,
        "support": 508
    },
    "accuracy": 0.912,
    "accuracy_conf_interval": [
        0.014692056956056217,
        0.017558799776750112,
        0.02087347116317743,
        0.023113113991844538
    ],
    "cls_confidence_intervals": {
        "Mangrove": [
            0.01153377439393274,
            0.013784266958602544,
            0.016386398986502005,
            0.01814459630265029
        ],
        "Other": [
            0.02343235341331001,
            0.028004519932980258,
            0.03329108747134898,
            0.03686309256484136
        ]
    },
    "cohen_kappa": 0.8235596047735146,
    "confusion_matrix": [
        [
            413,
            79
        ],
        [
            9,
            499
        ]
    ],
    "macro avg": {
        "f1-score": 0.9113443024610015,
        "precision": 0.9209973925449745,
        "recall": 0.9108571794379361,
        "support": 1000
    },
    "producer_accuracy": [
        97.86729857819904,
        86.33217993079585
    ],
    "user_accuracy": [
        83.94308943089432,
        98.22834645669292
    ],
    "weighted avg": {
        "f1-score": 0.9114662927008153,
        "precision": 0.9200745830531823,
        "recall": 0.912,
        "support": 1000
    }
}