{
    "Mangrove": {
        "f1-score": 0.9474727452923686,
        "precision": 0.9835390946502057,
        "recall": 0.9139579349904398,
        "support": 523
    },
    "Other": {
        "f1-score": 0.9465186680121089,
        "precision": 0.9124513618677043,
        "recall": 0.9832285115303984,
        "support": 477
    },
    "accuracy": 0.947,
    "accuracy_conf_interval": [
        0.011618679511889468,
        0.013885738928843512,
        0.016507026379696626,
        0.01827816654919197
    ],
    "cls_confidence_intervals": {
        "Mangrove": [
            0.00946560518676079,
            0.01131255254027509,
            0.013448085417776002,
            0.014891013037709048
        ],
        "Other": [
            0.020445222809335487,
            0.024434534577010704,
            0.029047176308385176,
            0.032163826126881435
        ]
    },
    "cohen_kappa": 0.8941363523781369,
    "confusion_matrix": [
        [
            478,
            45
        ],
        [
            8,
            469
        ]
    ],
    "macro avg": {
        "f1-score": 0.9469957066522388,
        "precision": 0.947995228258955,
        "recall": 0.9485932232604191,
        "support": 1000
    },
    "producer_accuracy": [
        98.35390946502058,
        91.24513618677042
    ],
    "user_accuracy": [
        91.39579349904398,
        98.32285115303984
    ],
    "weighted avg": {
        "f1-score": 0.9470176504296847,
        "precision": 0.9496302461129524,
        "recall": 0.947,
        "support": 1000
    }
}