{
    "Mangrove": {
        "f1-score": 0.9538461538461539,
        "precision": 0.9653979238754326,
        "recall": 0.9425675675675675,
        "support": 296
    },
    "Other": {
        "f1-score": 0.9560975609756098,
        "precision": 0.9453376205787781,
        "recall": 0.9671052631578947,
        "support": 304
    },
    "accuracy": 0.955,
    "accuracy_conf_interval": [
        0.013879574921444824,
        0.01658778466221455,
        0.019719152174979538,
        0.021834941034955885
    ],
    "cls_confidence_intervals": {
        "Mangrove": [
            0.01763190290237376,
            0.02107227420039791,
            0.025050203513738333,
            0.0277379935903197
        ],
        "Other": [
            0.021139825126515712,
            0.02526466905364073,
            0.030034019844379034,
            0.033256554162445454
        ]
    },
    "cohen_kappa": 0.9099559784783672,
    "confusion_matrix": [
        [
            279,
            17
        ],
        [
            10,
            294
        ]
    ],
    "macro avg": {
        "f1-score": 0.9549718574108819,
        "precision": 0.9553677722271053,
        "recall": 0.9548364153627311,
        "support": 600
    },
    "producer_accuracy": [
        96.53979238754326,
        94.53376205787781
    ],
    "user_accuracy": [
        94.25675675675676,
        96.71052631578947
    ],
    "weighted avg": {
        "f1-score": 0.9549868667917449,
        "precision": 0.9552340368717944,
        "recall": 0.955,
        "support": 600
    }
}