{
    "Mangrove": {
        "f1-score": {
            "90th": [
                0.907752076872068,
                0.936887273818712
            ],
            "95th": [
                0.9045603041391267,
                0.9393064963168269
            ],
            "99th": [
                0.9004179756938945,
                0.9445560926171358
            ],
            "mean": 0.9227266162647069,
            "median": 0.9229219077089259
        },
        "precision": {
            "90th": [
                0.9027221242074905,
                0.9425566794558772
            ],
            "95th": [
                0.8980033033168922,
                0.9465819644079397
            ],
            "99th": [
                0.8900391390677901,
                0.9523832912339788
            ],
            "mean": 0.9228755992796962,
            "median": 0.9233086307723332
        },
        "producer_accuracy": {
            "90th": [
                90.27221242074906,
                94.25566794558772
            ],
            "95th": [
                89.80033033168921,
                94.65819644079397
            ],
            "99th": [
                89.003913906779,
                95.23832912339788
            ],
            "mean": 92.28755992796962,
            "median": 92.33086307723332
        },
        "recall": {
            "90th": [
                0.9020368147258904,
                0.9422410570935873
            ],
            "95th": [
                0.897914402173913,
                0.9458346861471861
            ],
            "99th": [
                0.8906837156093563,
                0.9515460457310676
            ],
            "mean": 0.9227312627778695,
            "median": 0.9228437058833534
        },
        "support": {
            "90th": [
                464.95,
                515.05
            ],
            "95th": [
                459.0,
                520.0
            ],
            "99th": [
                449.0,
                532.0
            ],
            "mean": 490.0605,
            "median": 490.0
        },
        "user_accuracy": {
            "90th": [
                90.20368147258904,
                94.22410570935874
            ],
            "95th": [
                89.79144021739131,
                94.58346861471861
            ],
            "99th": [
                89.06837156093563,
                95.15460457310675
            ],
            "mean": 92.27312627778694,
            "median": 92.28437058833535
        }
    },
    "Other": {
        "f1-score": {
            "90th": [
                0.9109400131598187,
                0.9396910974814424
            ],
            "95th": [
                0.908,
                0.942198855961632
            ],
            "99th": [
                0.9023155019922063,
                0.9472733413008836
            ],
            "mean": 0.9257373968077345,
            "median": 0.9259259259259259
        },
        "precision": {
            "90th": [
                0.9053254437869822,
                0.9447812128005283
            ],
            "95th": [
                0.9011374198256328,
                0.9478814597564598
            ],
            "99th": [
                0.893999111969112,
                0.9539096483224898
            ],
            "mean": 0.9257412818519736,
            "median": 0.9260700389105059
        },
        "producer_accuracy": {
            "90th": [
                90.53254437869822,
                94.47812128005283
            ],
            "95th": [
                90.11374198256328,
                94.78814597564596
            ],
            "99th": [
                89.3999111969112,
                95.39096483224898
            ],
            "mean": 92.57412818519734,
            "median": 92.60700389105058
        },
        "recall": {
            "90th": [
                0.9058059143827931,
                0.9449955699372087
            ],
            "95th": [
                0.9016393442622951,
                0.9485737753006748
            ],
            "99th": [
                0.8942486085343229,
                0.9556456075160642
            ],
            "mean": 0.925876439805769,
            "median": 0.9259259259259259
        },
        "support": {
            "90th": [
                484.95,
                535.05
            ],
            "95th": [
                480.0,
                541.0
            ],
            "99th": [
                468.0,
                551.0
            ],
            "mean": 509.9395,
            "median": 510.0
        },
        "user_accuracy": {
            "90th": [
                90.58059143827931,
                94.49955699372087
            ],
            "95th": [
                90.1639344262295,
                94.85737753006747
            ],
            "99th": [
                89.42486085343229,
                95.56456075160641
            ],
            "mean": 92.58764398057689,
            "median": 92.5925925925926
        }
    },
    "accuracy": {
        "90th": [
            0.91,
            0.938
        ],
        "95th": [
            0.907,
            0.94
        ],
        "99th": [
            0.902995,
            0.9450049999999999
        ],
        "mean": 0.924331,
        "median": 0.924
    },
    "cohen_kappa": {
        "90th": [
            0.819444792706601,
            0.8759770804423014
        ],
        "95th": [
            0.8139343188072796,
            0.8799786121735217
        ],
        "99th": [
            0.8054463513698159,
            0.8899459076902718
        ],
        "mean": 0.8484763086069397,
        "median": 0.848003343920962
    },
    "macro avg": {
        "f1-score": {
            "90th": [
                0.9097168721109399,
                0.9379878456177411
            ],
            "95th": [
                0.906966228726508,
                0.9399882376945882
            ],
            "99th": [
                0.9027230766651066,
                0.944970251750729
            ],
            "mean": 0.9242320065362206,
            "median": 0.9239987839805437
        },
        "precision": {
            "90th": [
                0.9095723740686996,
                0.9380398741898265
            ],
            "95th": [
                0.9070199906607784,
                0.940206326878396
            ],
            "99th": [
                0.9026845678166097,
                0.9452038974703847
            ],
            "mean": 0.9243084405658347,
            "median": 0.92432272554818
        },
        "recall": {
            "90th": [
                0.9097250260579328,
                0.9380610246510187
            ],
            "95th": [
                0.90709391507797,
                0.9402708749037366
            ],
            "99th": [
                0.902519547325696,
                0.94555299994626
            ],
            "mean": 0.9243038512918192,
            "median": 0.9244039260062901
        }
    },
    "weighted avg": {
        "f1-score": {
            "90th": [
                0.9099743196230152,
                0.9380059925673219
            ],
            "95th": [
                0.9070142520510652,
                0.9400274371772125
            ],
            "99th": [
                0.9029409383721921,
                0.9450540495987746
            ],
            "mean": 0.9243308026591174,
            "median": 0.9240272433029248
        },
        "precision": {
            "90th": [
                0.9100050843333182,
                0.9381199385510159
            ],
            "95th": [
                0.9071343650919421,
                0.9403258061013152
            ],
            "99th": [
                0.9030091101297121,
                0.9453317753914647
            ],
            "mean": 0.9244785316866617,
            "median": 0.9244868373337121
        },