{
    "Mangrove": {
        "f1-score": 0.949579831932773,
        "precision": 0.9549295774647887,
        "recall": 0.9442896935933147,
        "support": 359
    },
    "Other": {
        "f1-score": 0.9541984732824427,
        "precision": 0.9493670886075949,
        "recall": 0.959079283887468,
        "support": 391
    },
    "accuracy": 0.952,
    "accuracy_conf_interval": [
        0.012801247939165934,
        0.015299052415100751,
        0.018187138840400383,
        0.02013854858722446
    ],
    "cls_confidence_intervals": {
        "Mangrove": [
            0.018057646997178167,
            0.021581090313700736,
            0.025655071648429957,
            0.028407761739463216
        ],
        "Other": [
            0.018091677451700646,
            0.02162176085691053,
            0.025703419794184456,
            0.028461297454504677
        ]
    },
    "cohen_kappa": 0.9037810484302056,
    "confusion_matrix": [
        [
            339,
            20
        ],
        [
            16,
            375
        ]
    ],
    "macro avg": {
        "f1-score": 0.9518891526076079,
        "precision": 0.9521483330361917,
        "recall": 0.9516844887403914,
        "support": 750
    },
    "producer_accuracy": [
        95.49295774647887,
        94.9367088607595
    ],
    "user_accuracy": [
        94.42896935933148,
        95.9079283887468
    ],
    "weighted avg": {
        "f1-score": 0.9519876836230675,
        "precision": 0.9520296666072383,
        "recall": 0.952,
        "support": 750
    }
}