overall accuracy,0.915
cohen kappa,0.8283791362871564
""
Confidence Interval,90%,95%,98%,99%
Overall Accuracy,0.01867188796024654,0.022315183172001964,0.026527743260594174,0.0293740676447781
""
class,f1-score,precision,recall,support
Mangrove,0.9057301293900184,0.9210526315789473,0.8909090909090909,275
Other,0.9226100151745068,0.9101796407185628,0.9353846153846154,325
""
macro avg,0.9141700722822625,0.9156161361487551,0.9131468531468532,600
weighted (pixel) avg,0.9148734008566163,0.9151630948629058,0.915,600
""
Confidence Interval,90%,95%,98%,99%
Mangrove,0.027115279326251865,0.032406065536252235,0.038523537091565155,0.04265696381812794
Other,0.025657927107271015,0.03066435190868975,0.036453030585330164,0.04036429996143855
""
Point Count Confusion Matrix
,Mangrove,Other,User Acc
Mangrove,245,30,89.0909090909091
Other,21,304,93.53846153846153
Producer,92.10526315789474,91.01796407185628
""
