overall accuracy,0.897
cohen kappa,0.7942534797129936
""
Confidence Interval,90%,95%,98%,99%
Overall Accuracy,0.01576371890132528,0.018839566491827775,0.022396015268346284,0.02479902119842636
""
class,f1-score,precision,recall,support
Mangrove,0.9006750241080038,0.947261663286004,0.8584558823529411,544
Other,0.893042575285566,0.8481262327416174,0.9429824561403509,456
""
macro avg,0.896858799696785,0.8976939480138106,0.9007191692466461,1000
weighted (pixel) avg,0.8971946274449721,0.9020559069577637,0.897,1000
""
Confidence Interval,90%,95%,98%,99%
Mangrove,0.016508916974031968,0.019730169066526013,0.02345474179847225,0.025971344995733222
Other,0.02614035609473331,0.031240913381510544,0.03713843274434672,0.04112324312464143
""
Point Count Confusion Matrix
,Mangrove,Other,User Acc
Mangrove,467,77,85.84558823529412
Other,26,430,94.2982456140351
Producer,94.7261663286004,84.81262327416174
""
