{
    "Mangrove": {
        "f1-score": {
            "90th": [
                0.9475804457419993,
                0.9685688971069765
            ],
            "95th": [
                0.9454536594010279,
                0.9704163080053212
            ],
            "99th": [
                0.9400627760252366,
                0.9751441122799874
            ],
            "mean": 0.9585547456897892,
            "median": 0.9587480349132661
        },
        "precision": {
            "90th": [
                0.959264627370336,
                0.9836751319672472
            ],
            "95th": [
                0.9569672131147541,
                0.9857448267599757
            ],
            "99th": [
                0.9519031984304037,
                0.989838010578901
            ],
            "mean": 0.9720077076595973,
            "median": 0.9723538532090057
        },
        "producer_accuracy": {
            "90th": [
                95.9264627370336,
                98.36751319672472
            ],
            "95th": [
                95.69672131147541,
                98.57448267599756
            ],
            "99th": [
                95.19031984304037,
                98.98380105789009
            ],
            "mean": 97.20077076595975,
            "median": 97.23538532090058
        },
        "recall": {
            "90th": [
                0.928436911487759,
                0.9613862258564783
            ],
            "95th": [
                0.9254865364613429,
                0.9637104469342527
            ],
            "99th": [
                0.9166643389199255,
                0.9692005109958148
            ],
            "mean": 0.9455469687149307,
            "median": 0.945893652977597
        },
        "support": {
            "90th": [
                487.95,
                538.05
            ],
            "95th": [
                483.0,
                543.0
            ],
            "99th": [
                473.995,
                553.0049999999999
            ],
            "mean": 512.8745,
            "median": 513.0
        },
        "user_accuracy": {
            "90th": [
                92.8436911487759,
                96.13862258564782
            ],
            "95th": [
                92.54865364613428,
                96.37104469342526
            ],
            "99th": [
                91.66643389199254,
                96.92005109958149
            ],
            "mean": 94.55469687149306,
            "median": 94.5893652977597
        }
    },
    "Other": {
        "f1-score": {
            "90th": [
                0.9466396196298994,
                0.967935871743487
            ],
            "95th": [
                0.944442987058412,
                0.9704254683722708
            ],
            "99th": [
                0.9394516615292657,
                0.9742023554720652
            ],
            "mean": 0.9575669288157268,
            "median": 0.9578895819372133
        },
        "precision": {
            "90th": [
                0.926675597258591,
                0.9603999530387821
            ],
            "95th": [
                0.9232284382284381,
                0.9634164893880176
            ],
            "99th": [
                0.9151474707231679,
                0.9683797584800928
            ],
            "mean": 0.9442698412722634,
            "median": 0.9448899244737266
        },
        "producer_accuracy": {
            "90th": [
                92.6675597258591,
                96.03999530387821
            ],
            "95th": [
                92.32284382284382,
                96.34164893880177
            ],
            "99th": [
                91.5147470723168,
                96.83797584800928
            ],
            "mean": 94.42698412722635,
            "median": 94.48899244737265
        },
        "recall": {
            "90th": [
                0.9582504970178927,
                0.9833333333333333
            ],
            "95th": [
                0.9558224476854787,
                0.9855371900826446
            ],
            "99th": [
                0.9511198812670625,
                0.9894523521893657
            ],
            "mean": 0.9713301624306023,
            "median": 0.9716024340770791
        },
        "support": {
            "90th": [
                461.95,
                512.05
            ],
            "95th": [
                457.0,
                517.0
            ],
            "99th": [
                446.995,
                526.0049999999999
            ],
            "mean": 487.1255,
            "median": 487.0
        },
        "user_accuracy": {
            "90th": [
                95.82504970178927,
                98.33333333333333
            ],
            "95th": [
                95.58224476854787,
                98.55371900826447
            ],
            "99th": [
                95.11198812670625,
                98.94523521893656
            ],
            "mean": 97.13301624306024,
            "median": 97.16024340770791
        }
    },
    "accuracy": {
        "90th": [
            0.947,
            0.968
        ],
        "95th": [
            0.9459749999999999,
            0.97
        ],
        "99th": [
            0.94,
            0.975
        ],
        "mean": 0.9581055,
        "median": 0.958
    },
    "cohen_kappa": {
        "90th": [
            0.894055896108891,
            0.9360082805261172
        ],
        "95th": [
            0.891201949140577,
            0.940003857751736
        ],
        "99th": [
            0.8800344948762927,
            0.9499524808182123
        ],
        "mean": 0.9161424579410378,
        "median": 0.9160156210914541
    },
    "macro avg": {
        "f1-score": {
            "90th": [
                0.946999946999947,
                0.9679995071921917
            ],
            "95th": [
                0.9455826867677493,
                0.9699942178730395
            ],
            "99th": [
                0.9399997503986559,
                0.9749760059703185
            ],
            "mean": 0.958060837252758,
            "median": 0.9579984879455661
        },
        "precision": {
            "90th": [
                0.9475625522853449,
                0.9683485520922636
            ],
            "95th": [
                0.9454725922131147,
                0.9703778103364105
            ],
            "99th": [
                0.9403966020926807,
                0.9748972391781987
            ],
            "mean": 0.9581387744659303,
            "median": 0.9583132172155571
        },
        "recall": {
            "90th": [
                0.9479621103303759,
                0.9685094044825755
            ],
            "95th": [
                0.9459005410221047,
                0.9701883544555798
            ],
            "99th": [
                0.9405120130609788,
                0.9748697984671555
            ],
            "mean": 0.9584385655727665,
            "median": 0.9586829657757501
        }
    },
    "weighted avg": {
        "f1-score": {
            "90th": [
                0.9470518611958362,
                0.9680092705624296
            ],
            "95th": [
                0.9458773236836041,
                0.9700017074674245
            ],
            "99th": [
                0.939999987999952,
                0.9749948437745617
            ],
            "mean": 0.9581125161063698,
            "median": 0.9580226920927959
        },
        "precision": {
            "90th": [
                0.9480726252631042,
                0.9686390537552748
            ],
            "95th": [
                0.9462568679559425,
                0.9704765334978238
            ],
            "99th": [
                0.9408408724537234,
                0.9750225753989095
            ],
            "mean": 0.9585739964381346,