{
    "Mangrove": {
        "f1-score": {
            "90th": [
                0.9156965761511217,
                0.9495934959349593
            ],
            "95th": [
                0.9123376623376623,
                0.9523809523809523
            ],
            "99th": [
                0.9062492277594728,
                0.9563869700663686
            ],
            "mean": 0.9330978477234941,
            "median": 0.9333333333333333
        },
        "precision": {
            "90th": [
                0.9400564033396128,
                0.9770529304618022
            ],
            "95th": [
                0.9349259167725839,
                0.979933110367893
            ],
            "99th": [
                0.9250752313566452,
                0.9837149160691427
            ],
            "mean": 0.9595807153009068,
            "median": 0.96
        },
        "producer_accuracy": {
            "90th": [
                94.00564033396128,
                97.70529304618022
            ],
            "95th": [
                93.49259167725839,
                97.9933110367893
            ],
            "99th": [
                92.50752313566451,
                98.37149160691428
            ],
            "mean": 95.95807153009068,
            "median": 96.0
        },
        "recall": {
            "90th": [
                0.8821656050955414,
                0.9333434038267875
            ],
            "95th": [
                0.8783740471240471,
                0.9377052016563616
            ],
            "99th": [
                0.8699925076452599,
                0.9477149565327748
            ],
            "mean": 0.9082196182206892,
            "median": 0.908663251047974
        },
        "support": {
            "90th": [
                294.0,
                334.0
            ],
            "95th": [
                290.0,
                338.0
            ],
            "99th": [
                285.0,
                345.0049999999999
            ],
            "mean": 314.2835,
            "median": 314.0
        },
        "user_accuracy": {
            "90th": [
                88.21656050955414,
                93.33434038267875
            ],
            "95th": [
                87.83740471240472,
                93.77052016563617
            ],
            "99th": [
                86.999250764526,
                94.77149565327748
            ],
            "mean": 90.8219618220689,
            "median": 90.8663251047974
        }
    },
    "Other": {
        "f1-score": {
            "90th": [
                0.9125841139992084,
                0.9479000350140057
            ],
            "95th": [
                0.9084855748893087,
                0.9508731071728328
            ],
            "99th": [
                0.9031041104224496,
                0.9555202624707212
            ],
            "mean": 0.9303911606733934,
            "median": 0.9307958477508649
        },
        "precision": {
            "90th": [
                0.8774112029812507,
                0.9311587913854066
            ],
            "95th": [
                0.8721292156538059,
                0.9361022364217252
            ],
            "99th": [
                0.8603169482846903,
                0.9450190586772691
            ],
            "mean": 0.9046167718848656,
            "median": 0.9050847457627119
        },
        "producer_accuracy": {
            "90th": [
                87.74112029812508,
                93.11587913854065
            ],
            "95th": [
                87.2129215653806,
                93.61022364217251
            ],
            "99th": [
                86.03169482846903,
                94.5019058677269
            ],
            "mean": 90.46167718848656,
            "median": 90.5084745762712
        },
        "recall": {
            "90th": [
                0.9363924511321978,
                0.9766705426356589
            ],
            "95th": [
                0.9319709604271816,
                0.9792405440878177
            ],
            "99th": [
                0.9235868244064501,
                0.9832786957625528
            ],
            "mean": 0.9578998126709609,
            "median": 0.9585556278464542
        },
        "support": {
            "90th": [
                266.0,
                306.0
            ],
            "95th": [
                262.0,
                310.0
            ],
            "99th": [
                254.995,
                315.0
            ],
            "mean": 285.7165,
            "median": 286.0
        },
        "user_accuracy": {
            "90th": [
                93.63924511321979,
                97.6670542635659
            ],
            "95th": [
                93.19709604271816,
                97.92405440878176
            ],
            "99th": [
                92.35868244064501,
                98.32786957625528
            ],
            "mean": 95.7899812670961,
            "median": 95.85556278464541
        }
    },
    "accuracy": {
        "90th": [
            0.915,
            0.9483333333333334
        ],
        "95th": [
            0.9116666666666666,
            0.9516666666666667
        ],
        "99th": [
            0.9066666666666666,
            0.955
        ],
        "mean": 0.9318733333333333,
        "median": 0.9316666666666666
    },
    "cohen_kappa": {
        "90th": [
            0.8300483417412445,
            0.8966920345091034
        ],
        "95th": [
            0.8231892310029345,
            0.9031984563478638
        ],
        "99th": [
            0.812438602441932,
            0.9100181063298669
        ],
        "mean": 0.8636154394246562,
        "median": 0.8633849434658019
    },
    "macro avg": {
        "f1-score": {
            "90th": [
                0.9149594166460282,
                0.9483162489519771
            ],
            "95th": [
                0.911487428709804,
                0.9515826086956521
            ],
            "99th": [
                0.9060652282768225,
                0.9549988749718743
            ],
            "mean": 0.9317445041984438,
            "median": 0.9316512882065131
        },
        "precision": {
            "90th": [
                0.9151970230609489,
                0.9485650711648049
            ],
            "95th": [
                0.9117090292600436,
                0.9516666666666667
            ],
            "99th": [
                0.9056713707518639,
                0.9558579662783449
            ],
            "mean": 0.9320987435928862,
            "median": 0.932207770479513
        },
        "recall": {
            "90th": [
                0.916245381933584,
                0.9494787795738883
            ],
            "95th": [
                0.912944635853405,
                0.9519415659581087
            ],
            "99th": [
                0.9073592392073432,
                0.9553487878645849
            ],
            "mean": 0.9330597154458251,
            "median": 0.9332467590373532
        }
    },
    "weighted avg": {
        "f1-score": {
            "90th": [
                0.9150224283615617,
                0.9483768475124453
            ],
            "95th": [
                0.9116333497374653,
                0.9516582266114747
            ],
            "99th": [
                0.9065979139732815,
                0.9550148191547415
            ],
            "mean": 0.9319125367411861,
            "median": 0.9317404941841996
        },
        "precision": {
            "90th": [
                0.91710774611669,
                0.949601045998232
            ],
            "95th": [
                0.9137508019505592,
                0.9523212321232124
            ],
            "99th": [
                0.9086549762322146,
                0.955856153878416
            ],
            "mean": 0.933612885913529,