overall accuracy,0.898
cohen kappa,0.79611091566188
""
Confidence Interval,90%,95%,98%,99%
Overall Accuracy,0.015695751068362417,0.018758336642677034,0.022299451212978313,0.024692096192911607
""
class,f1-score,precision,recall,support
Mangrove,0.9009708737864077,0.8689138576779026,0.9354838709677419,496
Other,0.8948453608247423,0.9313304721030042,0.8611111111111112,504
""
macro avg,0.897908117305575,0.9001221648904534,0.8982974910394266,1000
weighted (pixel) avg,0.8978836152537284,0.9003718313481538,0.898,1000
""
Confidence Interval,90%,95%,98%,99%
Mangrove,0.023951900164403492,0.028625441659896857,0.03402922401406106,0.037680428307415255
Other,0.01921254186821625,0.022961330525429178,0.027295867410331624,0.030224608548779223
""
Point Count Confusion Matrix
,Mangrove,Other,User Acc
Mangrove,464,32,93.54838709677419
Other,70,434,86.11111111111111
Producer,86.89138576779027,93.13304721030042
""
