overall accuracy,0.924
cohen kappa,0.8479391756702681
""
Confidence Interval,90%,95%,98%,99%
Overall Accuracy,0.013743160859132804,0.016424753221890426,0.019525344391328924,0.021620338424733317
""
class,f1-score,precision,recall,support
Mangrove,0.9224489795918366,0.9224489795918367,0.9224489795918367,490
Other,0.9254901960784314,0.9254901960784314,0.9254901960784314,510
""
macro avg,0.9239695878351339,0.923969587835134,0.923969587835134,1000
weighted (pixel) avg,0.924,0.924,0.924,1000
""
Confidence Interval,90%,95%,98%,99%
Mangrove,0.01981576046075488,0.023682250306755834,0.028152879191194437,0.031173574383382682
Other,0.01907003023139614,0.02279101173996124,0.02709339660923964,0.030000413412806123
""
Point Count Confusion Matrix
,Mangrove,Other,User Acc
Mangrove,452,38,92.24489795918367
Other,38,472,92.54901960784314
Producer,92.24489795918367,92.54901960784314
""
