{
    "Mangrove": {
        "f1-score": 0.9639175257731958,
        "precision": 1.0,
        "recall": 0.9303482587064676,
        "support": 201
    },
    "Other": {
        "f1-score": 0.9660194174757283,
        "precision": 0.9342723004694836,
        "recall": 1.0,
        "support": 199
    },
    "accuracy": 0.965,
    "accuracy_conf_interval": [
        0.015069940278581072,
        0.018010416430499332,
        0.021410341981154817,
        0.023707588974840956
    ],
    "cls_confidence_intervals": {
        "Mangrove": [
            0.0,
            0.0,
            0.0,
            0.0
        ],
        "Other": [
            0.027846139785513434,
            0.0332795329143941,
            0.03956189371966238,
            0.0438067321016004
        ]
    },
    "cohen_kappa": 0.9300227426086521,
    "confusion_matrix": [
        [
            187,
            14
        ],
        [
            0,
            199
        ]
    ],
    "macro avg": {
        "f1-score": 0.964968471624462,
        "precision": 0.9671361502347418,
        "recall": 0.9651741293532339,
        "support": 400
    },
    "producer_accuracy": [
        100.0,
        93.42723004694837
    ],
    "user_accuracy": [
        93.03482587064677,
        100.0
    ],
    "weighted avg": {
        "f1-score": 0.9649632168952057,
        "precision": 0.967300469483568,
        "recall": 0.965,
        "support": 400
    }
}