{
    "Mangrove": {
        "f1-score": {
            "90th": [
                0.9805309734513276,
                0.9950738916256158
            ],
            "95th": [
                0.9785699527744982,
                0.9966216216216216
            ],
            "99th": [
                0.9764305783055783,
                0.9983687051552408
            ],
            "mean": 0.9883186853588193,
            "median": 0.9884678747940692
        },
        "precision": {
            "90th": [
                0.9744367985582043,
                0.9966996699669967
            ],
            "95th": [
                0.9717846158395931,
                0.996835692608713
            ],
            "99th": [
                0.9677377846299811,
                1.0
            ],
            "mean": 0.9868243594143553,
            "median": 0.9869706840390879
        },
        "producer_accuracy": {
            "90th": [
                97.44367985582043,
                99.66996699669967
            ],
            "95th": [
                97.1784615839593,
                99.6835692608713
            ],
            "99th": [
                96.77377846299811,
                100.0
            ],
            "mean": 98.68243594143551,
            "median": 98.69706840390879
        },
        "recall": {
            "90th": [
                0.9792387543252595,
                0.9969932053796581
            ],
            "95th": [
                0.9764309764309764,
                1.0
            ],
            "99th": [
                0.9726957782037496,
                1.0
            ],
            "mean": 0.9898581062197318,
            "median": 0.9900662251655629
        },
        "support": {
            "90th": [
                279.0,
                317.0
            ],
            "95th": [
                276.0,
                322.0
            ],
            "99th": [
                268.0,
                331.0
            ],
            "mean": 298.8725,
            "median": 299.0
        },
        "user_accuracy": {
            "90th": [
                97.92387543252595,
                99.6993205379658
            ],
            "95th": [
                97.64309764309765,
                100.0
            ],
            "99th": [
                97.26957782037496,
                100.0
            ],
            "mean": 98.98581062197319,
            "median": 99.00662251655629
        }
    },
    "Other": {
        "f1-score": {
            "90th": [
                0.980461522439699,
                0.9950900163666122
            ],
            "95th": [
                0.9787910867377042,
                0.9966216216216216
            ],
            "99th": [
                0.9765080628536088,
                0.9983361340827752
            ],
            "mean": 0.9883719701368486,
            "median": 0.9885433715220949
        },
        "precision": {
            "90th": [
                0.9792387543252595,
                0.9969548490127759
            ],
            "95th": [
                0.9768211920529801,
                1.0
            ],
            "99th": [
                0.9725056972327727,
                1.0
            ],
            "mean": 0.9899058861518021,
            "median": 0.9901315789473685
        },
        "producer_accuracy": {
            "90th": [
                97.92387543252595,
                99.69548490127758
            ],
            "95th": [
                97.68211920529801,
                100.0
            ],
            "99th": [
                97.25056972327727,
                100.0
            ],
            "mean": 98.99058861518023,
            "median": 99.01315789473685
        },
        "recall": {
            "90th": [
                0.9741058294456353,
                0.9967105263157895
            ],
            "95th": [
                0.9718298821140007,
                0.9968849770708771
            ],
            "99th": [
                0.9663293975793976,
                1.0
            ],
            "mean": 0.9868829966723551,
            "median": 0.9870550161812298
        },
        "support": {
            "90th": [
                283.0,
                321.0
            ],
            "95th": [
                278.0,
                324.0
            ],
            "99th": [
                269.0,
                332.0
            ],
            "mean": 301.1275,
            "median": 301.0
        },
        "user_accuracy": {
            "90th": [
                97.41058294456352,
                99.67105263157895
            ],
            "95th": [
                97.18298821140006,
                99.6884977070877
            ],
            "99th": [
                96.63293975793977,
                100.0
            ],
            "mean": 98.68829966723553,
            "median": 98.70550161812298
        }
    },
    "accuracy": {
        "90th": [
            0.98,
            0.995
        ],
        "95th": [
            0.9783333333333334,
            0.9966666666666667
        ],
        "99th": [
            0.9766666666666667,
            0.9983333333333333
        ],
        "mean": 0.9883641666666666,
        "median": 0.9883333333333333
    },
    "cohen_kappa": {
        "90th": [
            0.9599964441283669,
            0.9899969323888441
        ],
        "95th": [
            0.9566666666666667,
            0.9933259919244503
        ],
        "99th": [
            0.9532860874004556,
            0.9966651103848463
        ],
        "mean": 0.9766912752717255,
        "median": 0.9766614803289619
    },
    "macro avg": {
        "f1-score": {
            "90th": [
                0.97999799979998,
                0.994998346672772
            ],
            "95th": [
                0.9783318285992084,
                0.996662958843159
            ],
            "99th": [
                0.9766407119021134,
                0.9983325505584566
            ],
            "mean": 0.988345327747834,
            "median": 0.9883307077425754
        },
        "precision": {
            "90th": [
                0.9803099970173379,
                0.995033266272049
            ],
            "95th": [
                0.9785197925861031,
                0.9966572139743342
            ],
            "99th": [
                0.9765985848685593,
                0.9983553169074647
            ],
            "mean": 0.9883651227830786,
            "median": 0.9883728689153572
        },
        "recall": {
            "90th": [
                0.9803099970173379,
                0.995031345871682
            ],
            "95th": [
                0.9786532563128799,
                0.996662976471186
            ],
            "99th": [
                0.9766885200576302,
                0.9983713619442447
            ],
            "mean": 0.9883705514460435,
            "median": 0.9883728689153572
        }
    },
    "weighted avg": {
        "f1-score": {
            "90th": [
                0.9800048841574878,
                0.9950001528291454
            ],
            "95th": [
                0.9783384470903336,
                0.9966666666666667
            ],
            "99th": [
                0.9766666640740452,
                0.9983333935931576
            ],
            "mean": 0.9883642162637292,
            "median": 0.9883338194782044
        },
        "precision": {
            "90th": [
                0.9802377164835681,
                0.9950065909999932
            ],
            "95th": [
                0.9784818961744792,
                0.9966666666666667
            ],
            "99th": [
                0.9767576077693602,
                0.9983390023643132
            ],
            "mean": 0.9884091477725022,
            "median": 0.9883812106578298
        },
        "recall": {
            "90th": [
                0.98,
                0.995
            ],