{
    "Mangrove": {
        "f1-score": 0.9533011272141707,
        "precision": 0.9932885906040269,
        "recall": 0.9164086687306502,
        "support": 323
    },
    "Other": {
        "f1-score": 0.9499136442141624,
        "precision": 0.9105960264900662,
        "recall": 0.9927797833935018,
        "support": 277
    },
    "accuracy": 0.9516666666666667,
    "accuracy_conf_interval": [
        0.0143593250125072,
        0.01716114452714275,
        0.02040074834094011,
        0.02258966983674913
    ],
    "cls_confidence_intervals": {
        "Mangrove": [
            0.007756759125567736,
            0.00927027310128827,
            0.011020273635715139,
            0.012202706429246805
        ],
        "Other": [
            0.02692660891237378,
            0.03218058138308086,
            0.03825548705233592,
            0.04236015304507582
        ]
    },
    "cohen_kappa": 0.9033827155009662,
    "confusion_matrix": [
        [
            296,
            27
        ],
        [
            2,
            275
        ]
    ],
    "macro avg": {
        "f1-score": 0.9516073857141665,
        "precision": 0.9519423085470465,
        "recall": 0.954594226062076,
        "support": 600
    },
    "producer_accuracy": [
        99.32885906040269,
        91.05960264900662
    ],
    "user_accuracy": [
        91.64086687306502,
        99.27797833935018
    ],
    "weighted avg": {
        "f1-score": 0.9517372392291668,
        "precision": 0.9551121901714149,
        "recall": 0.9516666666666667,
        "support": 600
    }
}