{
    "Mangrove": {
        "f1-score": 0.9432624113475178,
        "precision": 0.926829268292683,
        "recall": 0.9602888086642599,
        "support": 277
    },
    "Other": {
        "f1-score": 0.949685534591195,
        "precision": 0.9648562300319489,
        "recall": 0.934984520123839,
        "support": 323
    },
    "accuracy": 0.9466666666666667,
    "accuracy_conf_interval": [
        0.01504409715666777,
        0.0179795307482127,
        0.02137362583843653,
        0.023666933331831005
    ],
    "cls_confidence_intervals": {
        "Mangrove": [
            0.02520992006505397,
            0.030128928858235232,
            0.035816532775351066,
            0.03965950839502393
        ],
        "Other": [
            0.0170697498117645,
            0.020400432701864896,
            0.024251534793543472,
            0.0268536308014344
        ]
    },
    "cohen_kappa": 0.8929777817415636,
    "confusion_matrix": [
        [
            266,
            11
        ],
        [
            21,
            302
        ]
    ],
    "macro avg": {
        "f1-score": 0.9464739729693563,
        "precision": 0.9458427491623159,
        "recall": 0.9476366643940495,
        "support": 600
    },
    "producer_accuracy": [
        92.6829268292683,
        96.48562300319489
    ],
    "user_accuracy": [
        96.028880866426,
        93.49845201238391
    ],
    "weighted avg": {
        "f1-score": 0.9467201926936972,
        "precision": 0.9473004493623213,
        "recall": 0.9466666666666667,
        "support": 600
    }
}