overall accuracy,0.926
cohen kappa,0.8519603253671983
""
Confidence Interval,90%,95%,98%,99%
Overall Accuracy,0.013575792809261633,0.016224727991556588,0.019287559296085128,0.02135703990725306
""
class,f1-score,precision,recall,support
Mangrove,0.9206008583690987,0.9907621247113164,0.8597194388777555,499
Other,0.9307116104868913,0.8765432098765432,0.9920159680638723,501
""
macro avg,0.925656234427995,0.9336526672939298,0.9258677034708138,1000
weighted (pixel) avg,0.9256663451801128,0.933538448379095,0.926,1000
""
Confidence Interval,90%,95%,98%,99%
Mangrove,0.007539987836622035,0.009011204975475116,0.01071229979227399,0.011861688182002958
Other,0.022656690605921143,0.02707750828512527,0.032189078726705046,0.03564284253858327
""
Point Count Confusion Matrix
,Mangrove,Other,User Acc
Mangrove,429,70,85.97194388777555
Other,4,497,99.20159680638723
Producer,99.07621247113164,87.65432098765432
""
