{
    "Mangrove": {
        "f1-score": {
            "90th": [
                0.9405772495755519,
                0.9694041867954911
            ],
            "95th": [
                0.938178600160901,
                0.9714285714285714
            ],
            "99th": [
                0.9326697527044087,
                0.9757580149319279
            ],
            "mean": 0.9556178242360429,
            "median": 0.9559543230016314
        },
        "precision": {
            "90th": [
                0.9656357388316151,
                0.993103448275862
            ],
            "95th": [
                0.9624508872547295,
                0.9935897435897436
            ],
            "99th": [
                0.9548379789122038,
                0.996742671009772
            ],
            "mean": 0.9798726508484104,
            "median": 0.9801324503311258
        },
        "producer_accuracy": {
            "90th": [
                96.56357388316151,
                99.3103448275862
            ],
            "95th": [
                96.24508872547295,
                99.35897435897436
            ],
            "99th": [
                95.48379789122038,
                99.6742671009772
            ],
            "mean": 97.98726508484106,
            "median": 98.01324503311258
        },
        "recall": {
            "90th": [
                0.9082554291023109,
                0.9545528096498971
            ],
            "95th": [
                0.9025120017863124,
                0.9584697604851347
            ],
            "99th": [
                0.8938815393252691,
                0.9655177354016402
            ],
            "mean": 0.9326627523111581,
            "median": 0.9333333333333333
        },
        "support": {
            "90th": [
                292.0,
                332.0
            ],
            "95th": [
                288.0,
                335.0
            ],
            "99th": [
                282.995,
                343.0
            ],
            "mean": 311.7975,
            "median": 312.0
        },
        "user_accuracy": {
            "90th": [
                90.82554291023109,
                95.4552809649897
            ],
            "95th": [
                90.25120017863124,
                95.84697604851345
            ],
            "99th": [
                89.38815393252692,
                96.551773540164
            ],
            "mean": 93.2662752311158,
            "median": 93.33333333333333
        }
    },
    "Other": {
        "f1-score": {
            "90th": [
                0.9392836617405583,
                0.9679538379618253
            ],
            "95th": [
                0.9367441860465118,
                0.9704929397391823
            ],
            "99th": [
                0.9306208145659064,
                0.973913944582113
            ],
            "mean": 0.9543468243349764,
            "median": 0.9547388510496735
        },
        "precision": {
            "90th": [
                0.9060402684563759,
                0.952561076699901
            ],
            "95th": [
                0.899299257360673,
                0.9567906361511013
            ],
            "99th": [
                0.8888888888888888,
                0.963333942414175
            ],
            "mean": 0.9307983136597371,
            "median": 0.9316770186335404
        },
        "producer_accuracy": {
            "90th": [
                90.60402684563759,
                95.2561076699901
            ],
            "95th": [
                89.9299257360673,
                95.67906361511012
            ],
            "99th": [
                88.88888888888889,
                96.33339424141751
            ],
            "mean": 93.0798313659737,
            "median": 93.16770186335404
        },
        "recall": {
            "90th": [
                0.9649122807017544,
                0.9928571428571429
            ],
            "95th": [
                0.9608505973563803,
                0.9933780298559657
            ],
            "99th": [
                0.9528983677353243,
                0.9966781183932346
            ],
            "mean": 0.9792661196756866,
            "median": 0.9795221843003413
        },
        "support": {
            "90th": [
                268.0,
                308.0
            ],
            "95th": [
                265.0,
                312.0
            ],
            "99th": [
                257.0,
                317.0049999999999
            ],
            "mean": 288.2025,
            "median": 288.0
        },
        "user_accuracy": {
            "90th": [
                96.49122807017544,
                99.28571428571429
            ],
            "95th": [
                96.08505973563803,
                99.33780298559657
            ],
            "99th": [
                95.28983677353243,
                99.66781183932348
            ],
            "mean": 97.92661196756865,
            "median": 97.95221843003414
        }
    },
    "accuracy": {
        "90th": [
            0.94,
            0.9683333333333334
        ],
        "95th": [
            0.9383333333333334,
            0.9716666666666667
        ],
        "99th": [
            0.9316666666666666,
            0.975
        ],
        "mean": 0.9550599999999999,
        "median": 0.955
    },
    "cohen_kappa": {
        "90th": [
            0.8802233833836794,
            0.9366428725395182
        ],
        "95th": [
            0.8766570041435705,
            0.9430210569151409
        ],
        "99th": [
            0.8633647995463412,
            0.9499366531607369
        ],
        "mean": 0.9100316664224727,
        "median": 0.9100299900033322
    },
    "macro avg": {
        "f1-score": {
            "90th": [
                0.9399971665240661,
                0.9683018640681077
            ],
            "95th": [
                0.9382569087131737,
                0.9715063901110412
            ],
            "99th": [
                0.9316500608566634,
                0.9749565858176266
            ],
            "mean": 0.9549823242855097,
            "median": 0.9549898727213624
        },
        "precision": {
            "90th": [
                0.9413420244610875,
                0.9684895546519382
            ],
            "95th": [
                0.9387237673832771,
                0.9708891866494325
            ],
            "99th": [
                0.9325895240743683,
                0.9745571561958116
            ],
            "mean": 0.9553354822540737,
            "median": 0.955690091299386
        },
        "recall": {
            "90th": [
                0.9419064829146437,
                0.9692465689350515
            ],
            "95th": [
                0.939321468298109,
                0.9715608699375903
            ],
            "99th": [
                0.9336344471902289,
                0.9755844859601811
            ],
            "mean": 0.9559644359934223,
            "median": 0.9562380302290916
        }
    },
    "weighted avg": {
        "f1-score": {
            "90th": [
                0.9400807429115524,
                0.9683558578546817
            ],
            "95th": [
                0.9383269945404243,
                0.9716348011050865
            ],
            "99th": [
                0.9316501068025308,
                0.9750019000543778
            ],
            "mean": 0.9550759653932905,
            "median": 0.955046063408754
        },
        "precision": {
            "90th": [
                0.9427534303661738,
                0.9692635707389463
            ],
            "95th": [
                0.9402358351682397,
                0.971809231614694
            ],
            "99th": [
                0.9343497989261066,
                0.9754656599178133
            ],
            "mean": 0.9564216804030743,