{
    "Mangrove": {
        "f1-score": 0.9206008583690987,
        "precision": 0.9907621247113164,
        "recall": 0.8597194388777555,
        "support": 499
    },
    "Other": {
        "f1-score": 0.9307116104868913,
        "precision": 0.8765432098765432,
        "recall": 0.9920159680638723,
        "support": 501
    },
    "accuracy": 0.926,
    "accuracy_conf_interval": [
        0.013575792809261633,
        0.016224727991556588,
        0.019287559296085128,
        0.02135703990725306
    ],
    "cls_confidence_intervals": {
        "Mangrove": [
            0.007539987836622035,
            0.009011204975475116,
            0.01071229979227399,
            0.011861688182002958
        ],
        "Other": [
            0.022656690605921143,
            0.02707750828512527,
            0.032189078726705046,
            0.03564284253858327
        ]
    },
    "cohen_kappa": 0.8519603253671983,
    "confusion_matrix": [
        [
            429,
            70
        ],
        [
            4,
            497
        ]
    ],
    "macro avg": {
        "f1-score": 0.925656234427995,
        "precision": 0.9336526672939298,
        "recall": 0.9258677034708138,
        "support": 1000
    },
    "producer_accuracy": [
        99.07621247113164,
        87.65432098765432
    ],
    "user_accuracy": [
        85.97194388777555,
        99.20159680638723
    ],
    "weighted avg": {
        "f1-score": 0.9256663451801128,
        "precision": 0.933538448379095,
        "recall": 0.926,
        "support": 1000
    }
}