{
    "Mangrove": {
        "f1-score": 0.8845120859444943,
        "precision": 0.9899799599198397,
        "recall": 0.7993527508090615,
        "support": 618
    },
    "Other": {
        "f1-score": 0.8539071347678369,
        "precision": 0.7524950099800399,
        "recall": 0.9869109947643979,
        "support": 382
    },
    "accuracy": 0.871,
    "accuracy_conf_interval": [
        0.01738392264133731,
        0.020775907546964106,
        0.024697890094095083,
        0.027347878301616016
    ],
    "cls_confidence_intervals": {
        "Mangrove": [
            0.007312089629949477,
            0.00873883882603718,
            0.010388517584013587,
            0.011503165393457105
        ],
        "Other": [
            0.03162050320266485,
            0.037790357486111655,
            0.04492425150134702,
            0.04974445016028983
        ]
    },
    "cohen_kappa": 0.7421217185488449,
    "confusion_matrix": [
        [
            494,
            124
        ],
        [
            5,
            377
        ]
    ],
    "macro avg": {
        "f1-score": 0.8692096103561655,
        "precision": 0.8712374849499398,
        "recall": 0.8931318727867297,
        "support": 1000
    },
    "producer_accuracy": [
        98.99799599198397,
        75.249500998004
    ],
    "user_accuracy": [
        79.93527508090615,
        98.69109947643979
    ],
    "weighted avg": {
        "f1-score": 0.8728209945950112,
        "precision": 0.8992607090428362,
        "recall": 0.871,
        "support": 1000
    }
}