overall accuracy,0.958
cohen kappa,0.9160043677728757
""
Confidence Interval,90%,95%,98%,99%
Overall Accuracy,0.010402823924300558,0.012432643226603108,0.01477962179489043,0.016365418124814294
""
class,f1-score,precision,recall,support
Mangrove,0.9584980237154149,0.9719438877755511,0.9454191033138402,513
Other,0.9574898785425101,0.9441117764471058,0.971252566735113,487
""
macro avg,0.9579939511289626,0.9580278321113285,0.9583358350244766,1000
weighted (pixel) avg,0.9580070570162103,0.9583896495585982,0.958,1000
""
Confidence Interval,90%,95%,98%,99%
Mangrove,0.012123497207192984,0.014489057637864787,0.01722423688582906,0.019072330972291406
Other,0.016830493299945265,0.02011449199261751,0.023911615481019798,0.026477239459669993
""
Point Count Confusion Matrix
,Mangrove,Other,User Acc
Mangrove,485,28,94.54191033138402
Other,14,473,97.1252566735113
Producer,97.1943887775551,94.41117764471058
""
