{
    "Mangrove": {
        "f1-score": 0.9345417925478349,
        "precision": 0.9206349206349206,
        "recall": 0.9488752556237219,
        "support": 489
    },
    "Other": {
        "f1-score": 0.9354518371400198,
        "precision": 0.9495967741935484,
        "recall": 0.9217221135029354,
        "support": 511
    },
    "accuracy": 0.935,
    "accuracy_conf_interval": [
        0.012785164840548589,
        0.015279831150899535,
        0.018164289072242816,
        0.02011324712720449
    ],
    "cls_confidence_intervals": {
        "Mangrove": [
            0.019746359038700947,
            0.023599307143813326,
            0.028054278390349515,
            0.031064394097468563
        ],
        "Other": [
            0.016110231872645403,
            0.01925369175023475,
            0.02288831723369743,
            0.02534414526306411
        ]
    },
    "cohen_kappa": 0.8700228759738287,
    "confusion_matrix": [
        [
            464,
            25
        ],
        [
            40,
            471
        ]
    ],
    "macro avg": {
        "f1-score": 0.9349968148439274,
        "precision": 0.9351158474142345,
        "recall": 0.9352986845633287,
        "support": 1000
    },
    "producer_accuracy": [
        92.06349206349206,
        94.95967741935483
    ],
    "user_accuracy": [
        94.88752556237219,
        92.17221135029354
    ],
    "weighted avg": {
        "f1-score": 0.9350068253344413,
        "precision": 0.9354344278033794,
        "recall": 0.935,
        "support": 1000
    }
}