{
    "Mangrove": {
        "f1-score": 0.9444444444444444,
        "precision": 0.9679715302491103,
        "recall": 0.9220338983050848,
        "support": 295
    },
    "Other": {
        "f1-score": 0.9487179487179488,
        "precision": 0.9278996865203761,
        "recall": 0.9704918032786886,
        "support": 305
    },
    "accuracy": 0.9466666666666667,
    "accuracy_conf_interval": [
        0.01504409715666777,
        0.0179795307482127,
        0.02137362583843653,
        0.023666933331831005
    ],
    "cls_confidence_intervals": {
        "Mangrove": [
            0.017226223392811577,
            0.020587437713360177,
            0.0244738417714945,
            0.027099790459423092
        ],
        "Other": [
            0.02375021781906348,
            0.028384406661807575,
            0.03374268751123043,
            0.03736314754462426
        ]
    },
    "cohen_kappa": 0.8932206217674212,
    "confusion_matrix": [
        [
            272,
            23
        ],
        [
            9,
            296
        ]
    ],
    "macro avg": {
        "f1-score": 0.9465811965811965,
        "precision": 0.9479356083847432,
        "recall": 0.9462628507918867,
        "support": 600
    },
    "producer_accuracy": [
        96.79715302491103,
        92.78996865203762
    ],
    "user_accuracy": [
        92.20338983050847,
        97.04918032786885
    ],
    "weighted avg": {
        "f1-score": 0.9466168091168091,
        "precision": 0.9476016763536703,
        "recall": 0.9466666666666667,
        "support": 600
    }
}