{
    "Mangrove": {
        "f1-score": {
            "90th": [
                0.9688888888888889,
                0.9958847736625513
            ],
            "95th": [
                0.9658111533586818,
                0.9961685823754789
            ],
            "99th": [
                0.959639797294834,
                1.0
            ],
            "mean": 0.9834907931801854,
            "median": 0.9839999999999999
        },
        "precision": {
            "90th": [
                0.9396551724137931,
                0.9918032786885246
            ],
            "95th": [
                0.9338827783179388,
                0.9923664122137404
            ],
            "99th": [
                0.9224110991379311,
                1.0
            ],
            "mean": 0.9676431313507978,
            "median": 0.968503937007874
        },
        "producer_accuracy": {
            "90th": [
                93.96551724137932,
                99.18032786885246
            ],
            "95th": [
                93.38827783179387,
                99.23664122137404
            ],
            "99th": [
                92.2411099137931,
                100.0
            ],
            "mean": 96.76431313507977,
            "median": 96.8503937007874
        },
        "recall": {
            "90th": [
                1.0,
                1.0
            ],
            "95th": [
                1.0,
                1.0
            ],
            "99th": [
                1.0,
                1.0
            ],
            "mean": 1.0,
            "median": 1.0
        },
        "support": {
            "90th": [
                108.0,
                134.04999999999995
            ],
            "95th": [
                105.0,
                137.0
            ],
            "99th": [
                99.0,
                141.00499999999988
            ],
            "mean": 120.9725,
            "median": 121.0
        },
        "user_accuracy": {
            "90th": [
                100.0,
                100.0
            ],
            "95th": [
                100.0,
                100.0
            ],
            "99th": [
                100.0,
                100.0
            ],
            "mean": 100.0,
            "median": 100.0
        }
    },
    "Other": {
        "f1-score": {
            "90th": [
                0.9699134199134198,
                0.9961089494163424
            ],
            "95th": [
                0.9663865546218486,
                0.996282527881041
            ],
            "99th": [
                0.9603174603174602,
                1.0
            ],
            "mean": 0.9840194261654294,
            "median": 0.9844961240310077
        },
        "precision": {
            "90th": [
                1.0,
                1.0
            ],
            "95th": [
                1.0,
                1.0
            ],
            "99th": [
                1.0,
                1.0
            ],
            "mean": 1.0,
            "median": 1.0
        },
        "producer_accuracy": {
            "90th": [
                100.0,
                100.0
            ],
            "95th": [
                100.0,
                100.0
            ],
            "99th": [
                100.0,
                100.0
            ],
            "mean": 100.0,
            "median": 100.0
        },
        "recall": {
            "90th": [
                0.9415843709746672,
                0.9922480620155039
            ],
            "95th": [
                0.9349593495934959,
                0.9925925925925926
            ],
            "99th": [
                0.9236641221374046,
                1.0
            ],
            "mean": 0.9686585185158424,
            "median": 0.9694656488549618
        },
        "support": {
            "90th": [
                115.95,
                142.0
            ],
            "95th": [
                113.0,
                145.0
            ],
            "99th": [
                108.995,
                151.0
            ],
            "mean": 129.0275,
            "median": 129.0
        },
        "user_accuracy": {
            "90th": [
                94.15843709746672,
                99.2248062015504
            ],
            "95th": [
                93.4959349593496,
                99.25925925925925
            ],
            "99th": [
                92.36641221374046,
                100.0
            ],
            "mean": 96.86585185158424,
            "median": 96.94656488549617
        }
    },
    "accuracy": {
        "90th": [
            0.968,
            0.996
        ],
        "95th": [
            0.968,
            0.996
        ],
        "99th": [
            0.96,
            1.0
        ],
        "mean": 0.9838279999999999,
        "median": 0.984
    },
    "cohen_kappa": {
        "90th": [
            0.9360613810741688,
            0.991984610452068
        ],
        "95th": [
            0.9349981320164755,
            0.9919989758689112
        ],
        "99th": [
            0.9200818361997315,
            1.0
        ],
        "mean": 0.9675252641392826,
        "median": 0.9679754051111253
    },
    "macro avg": {
        "f1-score": {
            "90th": [
                0.9679979518689197,
                0.9959922409785344
            ],
            "95th": [
                0.9674652288700575,
                0.995999423917044
            ],
            "99th": [
                0.9599769467213115,
                1.0
            ],
            "mean": 0.9837551096728074,
            "median": 0.9839835992055865
        },
        "precision": {
            "90th": [
                0.9698275862068966,
                0.9959016393442623
            ],
            "95th": [
                0.9669413891589693,
                0.9961832061068703
            ],
            "99th": [
                0.9612055495689655,
                1.0
            ],
            "mean": 0.9838215656753989,
            "median": 0.984251968503937
        },
        "recall": {
            "90th": [
                0.9707921854873337,
                0.9961240310077519
            ],
            "95th": [
                0.967479674796748,
                0.9962962962962962
            ],
            "99th": [
                0.9618320610687023,
                1.0
            ],
            "mean": 0.9843292592579214,
            "median": 0.9847328244274809
        }
    },
    "weighted avg": {
        "f1-score": {
            "90th": [
                0.9681414567115827,
                0.9960004483515076
            ],
            "95th": [
                0.967933778407371,
                0.9960012230644202
            ],
            "99th": [
                0.9600128008192523,
                1.0
            ],
            "mean": 0.983833353211844,
            "median": 0.9840082003972068
        },
        "precision": {
            "90th": [
                0.9702847029077116,
                0.996032786885246
            ],
            "95th": [
                0.9698679409756866,
                0.9960344827586207
            ],
            "99th": [
                0.9631007751937984,
                1.0
            ],
            "mean": 0.9844731822815983,
            "median": 0.9845203252032521
        },
        "recall": {
            "90th": [
                0.968,
                0.996
            ],
            "95th": [
                0.968,
                0.996
            ],
            "99th": [
                0.96,
                1.0
            ],
            "mean": 0.9838279999999999,
            "median": 0.984
        }
    }
}