{
    "Mangrove": {
        "f1-score": {
            "90th": [
                0.9068077424596857,
                0.9437122759118652
            ],
            "95th": [
                0.902877183967112,
                0.9470088300220751
            ],
            "99th": [
                0.8961747583018075,
                0.9543195336124152
            ],
            "mean": 0.925823285647031,
            "median": 0.9261992619926199
        },
        "precision": {
            "90th": [
                0.9181464297426306,
                0.9644128113879004
            ],
            "95th": [
                0.9133146853146853,
                0.9685314685314685
            ],
            "99th": [
                0.9035708128078818,
                0.9772731560891939
            ],
            "mean": 0.9422726854457694,
            "median": 0.9429657794676806
        },
        "producer_accuracy": {
            "90th": [
                91.81464297426305,
                96.44128113879003
            ],
            "95th": [
                91.33146853146853,
                96.85314685314685
            ],
            "99th": [
                90.35708128078818,
                97.72731560891938
            ],
            "mean": 94.22726854457694,
            "median": 94.29657794676805
        },
        "recall": {
            "90th": [
                0.8831615120274914,
                0.9368049305419683
            ],
            "95th": [
                0.8776205936920223,
                0.9419795221843004
            ],
            "99th": [
                0.8650393583752483,
                0.9486315118488151
            ],
            "mean": 0.9101632109694568,
            "median": 0.9103448275862069
        },
        "support": {
            "90th": [
                270.0,
                309.0
            ],
            "95th": [
                266.0,
                313.0
            ],
            "99th": [
                258.995,
                318.0
            ],
            "mean": 289.0525,
            "median": 289.0
        },
        "user_accuracy": {
            "90th": [
                88.31615120274914,
                93.68049305419683
            ],
            "95th": [
                87.76205936920222,
                94.19795221843003
            ],
            "99th": [
                86.50393583752482,
                94.86315118488152
            ],
            "mean": 91.01632109694569,
            "median": 91.0344827586207
        }
    },
    "Other": {
        "f1-score": {
            "90th": [
                0.9158516883531161,
                0.9493116724027298
            ],
            "95th": [
                0.9122203098106711,
                0.9519798830346022
            ],
            "99th": [
                0.9064956124662873,
                0.9597633556727893
            ],
            "mean": 0.9332995296830165,
            "median": 0.9335443037974683
        },
        "precision": {
            "90th": [
                0.8941158145501191,
                0.9428661844484629
            ],
            "95th": [
                0.8888805220883533,
                0.9470446102049108
            ],
            "99th": [
                0.8801255520504732,
                0.9548208217485326
            ],
            "mean": 0.9190602952165841,
            "median": 0.9195046439628483
        },
        "producer_accuracy": {
            "90th": [
                89.41158145501193,
                94.28661844484628
            ],
            "95th": [
                88.88805220883533,
                94.7044610204911
            ],
            "99th": [
                88.01255520504732,
                95.48208217485326
            ],
            "mean": 91.90602952165841,
            "median": 91.95046439628483
        },
        "recall": {
            "90th": [
                0.9262820512820513,
                0.9677471216678768
            ],
            "95th": [
                0.9220299258474577,
                0.9716088328075709
            ],
            "99th": [
                0.9138406814661848,
                0.9800674287462843
            ],
            "mean": 0.9481814525643485,
            "median": 0.9487951807228916
        },
        "support": {
            "90th": [
                291.0,
                330.0
            ],
            "95th": [
                287.0,
                334.0
            ],
            "99th": [
                282.0,
                341.0049999999999
            ],
            "mean": 310.9475,
            "median": 311.0
        },
        "user_accuracy": {
            "90th": [
                92.62820512820514,
                96.77471216678768
            ],
            "95th": [
                92.20299258474576,
                97.16088328075709
            ],
            "99th": [
                91.38406814661849,
                98.00674287462843
            ],
            "mean": 94.81814525643486,
            "median": 94.87951807228916
        }
    },
    "accuracy": {
        "90th": [
            0.9116666666666666,
            0.9466666666666667
        ],
        "95th": [
            0.9083333333333333,
            0.9483749999999997
        ],
        "99th": [
            0.9033333333333333,
            0.9566749999999998
        ],
        "mean": 0.9298633333333334,
        "median": 0.93
    },
    "cohen_kappa": {
        "90th": [
            0.8234429948468395,
            0.8929808820030308
        ],
        "95th": [
            0.8165367010460477,
            0.896738913961639
        ],
        "99th": [
            0.8059870930588564,
            0.9130907311449167
        ],
        "mean": 0.8591784153432815,
        "median": 0.8596139373501213
    },
    "macro avg": {
        "f1-score": {
            "90th": [
                0.9116644582781236,
                0.946476000831853
            ],
            "95th": [
                0.908195674616802,
                0.948357611406707
            ],
            "99th": [
                0.9029438198311919,
                0.9565333094400048
            ],
            "mean": 0.9295614076650238,
            "median": 0.9297744981105995
        },
        "precision": {
            "90th": [
                0.9132306121431518,
                0.9468673353487737
            ],
            "95th": [
                0.9100871155454137,
                0.9499994583273148
            ],
            "99th": [
                0.9043446562259557,
                0.9572682297451305
            ],
            "mean": 0.9306664903311767,
            "median": 0.9306360588620036
        },
        "recall": {
            "90th": [
                0.9117610125765349,
                0.9461188734483122
            ],
            "95th": [
                0.9078551844395429,
                0.9485757529558394
            ],
            "99th": [
                0.902345982386644,
                0.9559369007170252
            ],
            "mean": 0.9291723317669027,
            "median": 0.9292385696495286
        }
    },
    "weighted avg": {
        "f1-score": {
            "90th": [
                0.9116702736988332,
                0.9466382328275637
            ],
            "95th": [
                0.9082799609096349,
                0.9483953272800253
            ],
            "99th": [
                0.903197165671539,
                0.956649685072912
            ],
            "mean": 0.9298010308933169,
            "median": 0.9299437747739379
        },
        "precision": {
            "90th": [
                0.9132894138231173,
                0.9467692249516052
            ],
            "95th": [
                0.9098266410602044,
                0.9499890572390574
            ],
            "99th": [
                0.9037997233700816,
                0.957125285443718
            ],