{
    "Mangrove": {
        "f1-score": 0.9111111111111111,
        "precision": 0.959866220735786,
        "recall": 0.8670694864048338,
        "support": 331
    },
    "Other": {
        "f1-score": 0.9017543859649122,
        "precision": 0.8538205980066446,
        "recall": 0.9553903345724907,
        "support": 269
    },
    "accuracy": 0.9066666666666666,
    "accuracy_conf_interval": [
        0.019476478501382507,
        0.023276766989457142,
        0.027670850553793442,
        0.030639825935101752
    ],
    "cls_confidence_intervals": {
        "Mangrove": [
            0.01861523987781128,
            0.022247481805189092,
            0.02644726153371969,
            0.029284950539483604
        ],
        "Other": [
            0.033395427289222936,
            0.039911608223705465,
            0.04744594242920089,
            0.05253670878426536
        ]
    },
    "cohen_kappa": 0.8133976074907532,
    "confusion_matrix": [
        [
            287,
            44
        ],
        [
            12,
            257
        ]
    ],
    "macro avg": {
        "f1-score": 0.9064327485380117,
        "precision": 0.9068434093712152,
        "recall": 0.9112299104886623,
        "support": 600
    },
    "producer_accuracy": [
        95.9866220735786,
        85.38205980066445
    ],
    "user_accuracy": [
        86.70694864048339,
        95.53903345724906
    ],
    "weighted avg": {
        "f1-score": 0.9069161793372319,
        "precision": 0.9123224332122208,
        "recall": 0.9066666666666666,
        "support": 600
    }
}