{
    "Mangrove": {
        "f1-score": 0.9488536155202821,
        "precision": 0.9372822299651568,
        "recall": 0.9607142857142857,
        "support": 280
    },
    "Other": {
        "f1-score": 0.9541864139020536,
        "precision": 0.9648562300319489,
        "recall": 0.94375,
        "support": 320
    },
    "accuracy": 0.9516666666666667,
    "accuracy_conf_interval": [
        0.0143593250125072,
        0.01716114452714275,
        0.02040074834094011,
        0.02258966983674913
    ],
    "cls_confidence_intervals": {
        "Mangrove": [
            0.02347109739049744,
            0.028050823710594502,
            0.03334613226820673,
            0.03692404345578256
        ],
        "Other": [
            0.0170697498117645,
            0.020400432701864896,
            0.024251534793543472,
            0.0268536308014344
        ]
    },
    "cohen_kappa": 0.9030532649877424,
    "confusion_matrix": [
        [
            269,
            11
        ],
        [
            18,
            302
        ]
    ],
    "macro avg": {
        "f1-score": 0.9515200147111679,
        "precision": 0.9510692299985528,
        "recall": 0.9522321428571429,
        "support": 600
    },
    "producer_accuracy": [
        93.72822299651567,
        96.48562300319489
    ],
    "user_accuracy": [
        96.07142857142857,
        94.375
    ],
    "weighted avg": {
        "f1-score": 0.9516977746572269,
        "precision": 0.9519883633341125,
        "recall": 0.9516666666666667,
        "support": 600
    }
}