overall accuracy,0.947
cohen kappa,0.8941363523781369
""
Confidence Interval,90%,95%,98%,99%
Overall Accuracy,0.011618679511889468,0.013885738928843512,0.016507026379696626,0.01827816654919197
""
class,f1-score,precision,recall,support
Mangrove,0.9474727452923686,0.9835390946502057,0.9139579349904398,523
Other,0.9465186680121089,0.9124513618677043,0.9832285115303984,477
""
macro avg,0.9469957066522388,0.947995228258955,0.9485932232604191,1000
weighted (pixel) avg,0.9470176504296847,0.9496302461129524,0.947,1000
""
Confidence Interval,90%,95%,98%,99%
Mangrove,0.00946560518676079,0.01131255254027509,0.013448085417776002,0.014891013037709048
Other,0.020445222809335487,0.024434534577010704,0.029047176308385176,0.032163826126881435
""
Point Count Confusion Matrix
,Mangrove,Other,User Acc
Mangrove,478,45,91.39579349904398
Other,8,469,98.32285115303984
Producer,98.35390946502058,91.24513618677042
""
