{
    "Mangrove": {
        "f1-score": 0.9365079365079364,
        "precision": 0.9546925566343042,
        "recall": 0.9190031152647975,
        "support": 321
    },
    "Other": {
        "f1-score": 0.9298245614035087,
        "precision": 0.9106529209621993,
        "recall": 0.9498207885304659,
        "support": 279
    },
    "accuracy": 0.9333333333333333,
    "accuracy_conf_interval": [
        0.01670094253272795,
        0.01995966302691877,
        0.023727558598326905,
        0.02627343398441348
    ],
    "cls_confidence_intervals": {
        "Mangrove": [
            0.01940354824261536,
            0.02318960643629641,
            0.027567236222740123,
            0.03052509418655344
        ],
        "Other": [
            0.027422937605206473,
            0.0327737546989053,
            0.03896063696349456,
            0.04314096281794677
        ]
    },
    "cohen_kappa": 0.8663860774292681,
    "confusion_matrix": [
        [
            295,
            26
        ],
        [
            14,
            265
        ]
    ],
    "macro avg": {
        "f1-score": 0.9331662489557225,
        "precision": 0.9326727387982517,
        "recall": 0.9344119518976317,
        "support": 600
    },
    "producer_accuracy": [
        95.46925566343042,
        91.06529209621993
    ],
    "user_accuracy": [
        91.90031152647975,
        94.98207885304659
    ],
    "weighted avg": {
        "f1-score": 0.9334001670843773,
        "precision": 0.9342141260467755,
        "recall": 0.9333333333333333,
        "support": 600
    }
}