{
    "Mangrove": {
        "f1-score": {
            "90th": [
                0.925520678052728,
                0.9524772497472194
            ],
            "95th": [
                0.9224372932262677,
                0.9544095998229766
            ],
            "99th": [
                0.9179996328293736,
                0.9591838716068951
            ],
            "mean": 0.9395434321545713,
            "median": 0.9398340248962656
        },
        "precision": {
            "90th": [
                0.9404749682213748,
                0.9715451601999608
            ],
            "95th": [
                0.936757642467604,
                0.9737373737373738
            ],
            "99th": [
                0.9305235748013359,
                0.9781323315518147
            ],
            "mean": 0.9563046043199352,
            "median": 0.9566115702479339
        },
        "producer_accuracy": {
            "90th": [
                94.04749682213749,
                97.15451601999608
            ],
            "95th": [
                93.67576424676041,
                97.37373737373738
            ],
            "99th": [
                93.0523574801336,
                97.81323315518146
            ],
            "mean": 95.63046043199353,
            "median": 95.66115702479338
        },
        "recall": {
            "90th": [
                0.9015748031496063,
                0.9432794372809853
            ],
            "95th": [
                0.8972327783937504,
                0.9464364961961115
            ],
            "99th": [
                0.8921547398486954,
                0.9525696377201395
            ],
            "mean": 0.9234764955093926,
            "median": 0.9236947791164659
        },
        "support": {
            "90th": [
                471.0,
                522.0
            ],
            "95th": [
                464.0,
                527.0
            ],
            "99th": [
                456.0,
                536.0049999999999
            ],
            "mean": 496.9255,
            "median": 497.0
        },
        "user_accuracy": {
            "90th": [
                90.15748031496062,
                94.32794372809853
            ],
            "95th": [
                89.72327783937503,
                94.64364961961115
            ],
            "99th": [
                89.21547398486955,
                95.25696377201395
            ],
            "mean": 92.34764955093924,
            "median": 92.3694779116466
        }
    },
    "Other": {
        "f1-score": {
            "90th": [
                0.9292227772227772,
                0.9545476504172157
            ],
            "95th": [
                0.9266823268897002,
                0.9568554133062621
            ],
            "99th": [
                0.9206338553318419,
                0.9608407074135491
            ],
            "mean": 0.9422941468693113,
            "median": 0.942528735632184
        },
        "precision": {
            "90th": [
                0.9068417069659271,
                0.9452093564228483
            ],
            "95th": [
                0.9034718573180112,
                0.9494192516091494
            ],
            "99th": [
                0.8947363189285341,
                0.9550110022841698
            ],
            "mean": 0.9268861225266751,
            "median": 0.9271141549055961
        },
        "producer_accuracy": {
            "90th": [
                90.68417069659272,
                94.52093564228483
            ],
            "95th": [
                90.34718573180112,
                94.94192516091493
            ],
            "99th": [
                89.4736318928534,
                95.50110022841699
            ],
            "mean": 92.68861225266751,
            "median": 92.71141549055962
        },
        "recall": {
            "90th": [
                0.943579766536965,
                0.9724595001831441
            ],
            "95th": [
                0.9405614923452107,
                0.9746613296996536
            ],
            "99th": [
                0.935221355452421,
                0.9786451137991404
            ],
            "mean": 0.9583377432918696,
            "median": 0.9587101592816899
        },
        "support": {
            "90th": [
                478.0,
                529.0
            ],
            "95th": [
                473.0,
                536.0
            ],
            "99th": [
                463.995,
                544.0
            ],
            "mean": 503.0745,
            "median": 503.0
        },
        "user_accuracy": {
            "90th": [
                94.3579766536965,
                97.2459500183144
            ],
            "95th": [
                94.05614923452106,
                97.46613296996536
            ],
            "99th": [
                93.5221355452421,
                97.86451137991405
            ],
            "mean": 95.83377432918697,
            "median": 95.87101592816899
        }
    },
    "accuracy": {
        "90th": [
            0.928,
            0.953
        ],
        "95th": [
            0.925,
            0.955
        ],
        "99th": [
            0.920995,
            0.96
        ],
        "mean": 0.9410074999999999,
        "median": 0.941
    },
    "cohen_kappa": {
        "90th": [
            0.8559166910174882,
            0.9059935699370354
        ],
        "95th": [
            0.8499807375257621,
            0.9099931954176211
        ],
        "99th": [
            0.8415746342723307,
            0.9197808811530104
        ],
        "mean": 0.8818806638821008,
        "median": 0.8820226516206924
    },
    "macro avg": {
        "f1-score": {
            "90th": [
                0.9279337128916273,
                0.9529943123117897
            ],
            "95th": [
                0.9249725999418558,
                0.954992447730201
            ],
            "99th": [
                0.9207735509749652,
                0.9598744066046534
            ],
            "mean": 0.9409187895119413,
            "median": 0.9409928601360764
        },
        "precision": {
            "90th": [
                0.9289981884014071,
                0.9535900318232018
            ],
            "95th": [
                0.9260197390001425,
                0.9559178743961352
            ],
            "99th": [
                0.9210277956428193,
                0.9601294175287831
            ],
            "mean": 0.9415953634233051,
            "median": 0.9419450109815829
        },
        "recall": {
            "90th": [
                0.9277307730773078,
                0.9530002394469317
            ],
            "95th": [
                0.9249738248339806,
                0.9551427393857076
            ],
            "99th": [
                0.9204559513698608,
                0.9593892860810497
            ],
            "mean": 0.9409071194006311,
            "median": 0.941264395118124
        }
    },
    "weighted avg": {
        "f1-score": {
            "90th": [
                0.9279429583518739,
                0.952997414687177
            ],
            "95th": [
                0.924980242257705,
                0.9550053947732845
            ],
            "99th": [
                0.9209383102967622,
                0.959955195599204
            ],
            "mean": 0.9409839707003138,
            "median": 0.941011157527385
        },
        "precision": {
            "90th": [
                0.9291711373699986,
                0.9534304319495492
            ],
            "95th": [
                0.9261370190527626,
                0.9556065003432686
            ],
            "99th": [
                0.9213690222483943,
                0.9600600487542538
            ],
            "mean": 0.9416240870471382,
            "median": 0.9420388728874902
        },